solid OpenSCAD_Model
  facet normal 0 0 -1
    outer loop
      vertex 249.96331160493776 -1.5833751641058662 0
      vertex 250.31774567361833 2.0152543263816605 0
      vertex 250.31774567361833 -2.0152543263816605 0
    endloop
  endfacet
  facet normal 0 0 -1
    outer loop
      vertex 249.69994333234283 -1.0906477822405058 0
      vertex 249.96331160493776 1.5833751641058662 0
      vertex 249.96331160493776 -1.5833751641058662 0
    endloop
  endfacet
  facet normal 0 0 -1
    outer loop
      vertex 249.53776195085078 -0.5560074177459655 0
      vertex 249.69994333234283 1.0906477822405058 0
      vertex 249.69994333234283 -1.0906477822405058 0
    endloop
  endfacet
  facet normal -0.773010453362753 -0.6343932841636261 0
    outer loop
      vertex 249.96331160493776 -1.5833751641058662 0
      vertex 250.31774567361833 -2.0152543263816605 0
      vertex 249.96331160493776 -1.5833751641058662 1.21
    endloop
  endfacet
  facet normal -0.8819212643483416 -0.4713967368260229 0
    outer loop
      vertex 249.69994333234283 -1.0906477822405058 0
      vertex 249.96331160493776 -1.5833751641058662 0
      vertex 249.69994333234283 -1.0906477822405058 1.21
    endloop
  endfacet
  facet normal -0.956940335732205 -0.29028467725447493 0
    outer loop
      vertex 249.53776195085078 -0.5560074177459655 0
      vertex 249.69994333234283 -1.0906477822405058 0
      vertex 249.53776195085078 -0.5560074177459655 1.21
    endloop
  endfacet
  facet normal -0.9951847266722001 -0.09801714032952842 0
    outer loop
      vertex 249.53776195085078 -0.5560074177459655 0
      vertex 249.483 0 1.21
      vertex 249.483 0 0
    endloop
  endfacet
  facet normal -0.773010453362753 -0.6343932841636261 0
    outer loop
      vertex 250.31774567361833 -2.0152543263816605 0
      vertex 250.31774567361833 -2.0152543263816605 1.21
      vertex 249.96331160493776 -1.5833751641058662 1.21
    endloop
  endfacet
  facet normal -0.8819212643483416 -0.4713967368260229 0
    outer loop
      vertex 249.96331160493776 -1.5833751641058662 0
      vertex 249.96331160493776 -1.5833751641058662 1.21
      vertex 249.69994333234283 -1.0906477822405058 1.21
    endloop
  endfacet
  facet normal -0.956940335732205 -0.29028467725447493 0
    outer loop
      vertex 249.69994333234283 -1.0906477822405058 0
      vertex 249.69994333234283 -1.0906477822405058 1.21
      vertex 249.53776195085078 -0.5560074177459655 1.21
    endloop
  endfacet
  facet normal -0.9951847266722001 -0.09801714032952842 0
    outer loop
      vertex 249.53776195085078 -0.5560074177459655 0
      vertex 249.53776195085078 -0.5560074177459655 1.21
      vertex 249.483 0 1.21
    endloop
  endfacet
  facet normal 0 0 -1
    outer loop
      vertex 250.74962483589414 -2.369688395062254 0
      vertex 251.30519506891375 -1.5382187827597087 0
      vertex 251.2423522177595 -2.633056667657167 0
    endloop
  endfacet
  facet normal 0 0 -1
    outer loop
      vertex 251.77699258225402 -2.795238049149207 0
      vertex 252.333 -1.85 0
      vertex 252.333 -2.85 0
    endloop
  endfacet
  facet normal 0 0 -1
    outer loop
      vertex 251.2423522177595 -2.633056667657167 0
      vertex 251.97208290427017 -1.8144527687459764 0
      vertex 251.77699258225402 -2.795238049149207 0
    endloop
  endfacet
  facet normal 0 0 -1
    outer loop
      vertex 252.333 -2.85 0
      vertex 252.69391709572983 -1.8144527687459764 0
      vertex 252.88900741774597 -2.795238049149207 0
    endloop
  endfacet
  facet normal 0 0 -1
    outer loop
      vertex 252.88900741774597 -2.795238049149207 0
      vertex 253.04096434987542 -1.7091771351458807 0
      vertex 253.4236477822405 -2.633056667657167 0
    endloop
  endfacet
  facet normal -0.29028467725447205 -0.9569403357322059 0
    outer loop
      vertex 251.2423522177595 -2.633056667657167 0
      vertex 251.77699258225402 -2.795238049149207 0
      vertex 251.77699258225402 -2.795238049149207 1.21
    endloop
  endfacet
  facet normal -0.09801714032955922 -0.9951847266721969 0
    outer loop
      vertex 251.77699258225402 -2.795238049149207 0
      vertex 252.333 -2.85 0
      vertex 252.333 -2.85 1.21
    endloop
  endfacet
  facet normal -0.4713967368259943 -0.8819212643483567 0
    outer loop
      vertex 250.74962483589414 -2.369688395062254 0
      vertex 251.2423522177595 -2.633056667657167 0
      vertex 251.2423522177595 -2.633056667657167 1.21
    endloop
  endfacet
  facet normal -0.6343932841636355 -0.7730104533627451 0
    outer loop
      vertex 250.74962483589414 -2.369688395062254 0
      vertex 250.74962483589414 -2.369688395062254 1.21
      vertex 250.31774567361833 -2.0152543263816605 0
    endloop
  endfacet
  facet normal 0.09801714032955922 -0.9951847266721969 0
    outer loop
      vertex 252.333 -2.85 0
      vertex 252.88900741774597 -2.795238049149207 0
      vertex 252.88900741774597 -2.795238049149207 1.21
    endloop
  endfacet
  facet normal 0.29028467725447205 -0.9569403357322059 0
    outer loop
      vertex 252.88900741774597 -2.795238049149207 0
      vertex 253.4236477822405 -2.633056667657167 0
      vertex 253.4236477822405 -2.633056667657167 1.21
    endloop
  endfacet
  facet normal 0.4713967368259943 -0.8819212643483567 0
    outer loop
      vertex 253.4236477822405 -2.633056667657167 0
      vertex 253.91637516410586 -2.369688395062254 0
      vertex 253.91637516410586 -2.369688395062254 1.21
    endloop
  endfacet
  facet normal 0 0 -1
    outer loop
      vertex 251.2423522177595 -2.633056667657167 0
      vertex 251.30519506891375 -1.5382187827597087 0
      vertex 251.62503565012457 -1.7091771351458807 0
    endloop
  endfacet
  facet normal 0 0 -1
    outer loop
      vertex 250.74962483589414 -2.369688395062254 0
      vertex 250.31774567361833 -2.0152543263816605 0
      vertex 250.79478121724028 -1.027804931086264 0
    endloop
  endfacet
  facet normal 0 0 -1
    outer loop
      vertex 250.74962483589414 -2.369688395062254 0
      vertex 251.0248524548049 -1.308147545195113 0
      vertex 251.30519506891375 -1.5382187827597087 0
    endloop
  endfacet
  facet normal 0 0 -1
    outer loop
      vertex 251.2423522177595 -2.633056667657167 0
      vertex 251.62503565012457 -1.7091771351458807 0
      vertex 251.97208290427017 -1.8144527687459764 0
    endloop
  endfacet
  facet normal 0 0 -1
    outer loop
      vertex 251.77699258225402 -2.795238049149207 0
      vertex 251.97208290427017 -1.8144527687459764 0
      vertex 252.333 -1.85 0
    endloop
  endfacet
  facet normal 0 0 -1
    outer loop
      vertex 252.333 -2.85 0
      vertex 252.333 -1.85 0
      vertex 252.69391709572983 -1.8144527687459764 0
    endloop
  endfacet
  facet normal 0 0 -1
    outer loop
      vertex 250.74962483589414 -2.369688395062254 0
      vertex 250.79478121724028 -1.027804931086264 0
      vertex 251.0248524548049 -1.308147545195113 0
    endloop
  endfacet
  facet normal 0 0 -1
    outer loop
      vertex 250.31774567361833 -2.0152543263816605 0
      vertex 250.6238228648541 -0.7079643498754161 0
      vertex 250.79478121724028 -1.027804931086264 0
    endloop
  endfacet
  facet normal 0 0 -1
    outer loop
      vertex 252.88900741774597 -2.795238049149207 0
      vertex 252.69391709572983 -1.8144527687459764 0
      vertex 253.04096434987542 -1.7091771351458807 0
    endloop
  endfacet
  facet normal 0 0 -1
    outer loop
      vertex 253.4236477822405 -2.633056667657167 0
      vertex 253.6411475451951 -1.308147545195113 0
      vertex 253.91637516410586 -2.369688395062254 0
    endloop
  endfacet
  facet normal 0 0 -1
    outer loop
      vertex 253.4236477822405 -2.633056667657167 0
      vertex 253.04096434987542 -1.7091771351458807 0
      vertex 253.36080493108625 -1.5382187827597087 0
    endloop
  endfacet
  facet normal 0 0 -1
    outer loop
      vertex 253.4236477822405 -2.633056667657167 0
      vertex 253.36080493108625 -1.5382187827597087 0
      vertex 253.6411475451951 -1.308147545195113 0
    endloop
  endfacet
  facet normal 0 0 -1
    outer loop
      vertex 253.91637516410586 -2.369688395062254 0
      vertex 253.6411475451951 -1.308147545195113 0
      vertex 253.8712187827597 -1.027804931086264 0
    endloop
  endfacet
  facet normal 0 0 -1
    outer loop
      vertex 253.91637516410586 -2.369688395062254 0
      vertex 254.14745276874598 -0.36091709572983727 0
      vertex 254.34825432638166 -2.0152543263816605 0
    endloop
  endfacet
  facet normal 0 0 -1
    outer loop
      vertex 253.91637516410586 -2.369688395062254 0
      vertex 253.8712187827597 -1.027804931086264 0
      vertex 254.0421771351459 -0.7079643498754161 0
    endloop
  endfacet
  facet normal 0 0 -1
    outer loop
      vertex 253.91637516410586 -2.369688395062254 0
      vertex 254.0421771351459 -0.7079643498754161 0
      vertex 254.14745276874598 -0.36091709572983727 0
    endloop
  endfacet
  facet normal 0 0 -1
    outer loop
      vertex 250.31774567361833 -2.0152543263816605 0
      vertex 250.51854723125402 -0.36091709572983727 0
      vertex 250.6238228648541 -0.7079643498754161 0
    endloop
  endfacet
  facet normal 0 0 -1
    outer loop
      vertex 250.31774567361833 -2.0152543263816605 0
      vertex 250.483 0 0
      vertex 250.51854723125402 -0.36091709572983727 0
    endloop
  endfacet
  facet normal 0 0 -1
    outer loop
      vertex 254.34825432638166 -2.0152543263816605 0
      vertex 254.14745276874598 -0.36091709572983727 0
      vertex 254.183 0 0
    endloop
  endfacet
  facet normal 0 0 -1
    outer loop
      vertex 254.34825432638166 -2.0152543263816605 0
      vertex 254.70268839506224 1.5833751641058662 0
      vertex 254.70268839506224 -1.5833751641058662 0
    endloop
  endfacet
  facet normal 0 0 -1
    outer loop
      vertex 254.70268839506224 -1.5833751641058662 0
      vertex 254.96605666765717 1.0906477822405058 0
      vertex 254.96605666765717 -1.0906477822405058 0
    endloop
  endfacet
  facet normal 0 0 -1
    outer loop
      vertex 254.96605666765717 -1.0906477822405058 0
      vertex 255.12823804914922 0.5560074177459655 0
      vertex 255.12823804914922 -0.5560074177459655 0
    endloop
  endfacet
  facet normal 0.6343932841636355 -0.7730104533627451 0
    outer loop
      vertex 253.91637516410586 -2.369688395062254 0
      vertex 254.34825432638166 -2.0152543263816605 0
      vertex 254.34825432638166 -2.0152543263816605 1.21
    endloop
  endfacet
  facet normal 0.773010453362753 -0.6343932841636261 0
    outer loop
      vertex 254.34825432638166 -2.0152543263816605 0
      vertex 254.70268839506224 -1.5833751641058662 0
      vertex 254.34825432638166 -2.0152543263816605 1.21
    endloop
  endfacet
  facet normal 0.8819212643483416 -0.4713967368260229 0
    outer loop
      vertex 254.70268839506224 -1.5833751641058662 0
      vertex 254.96605666765717 -1.0906477822405058 0
      vertex 254.70268839506224 -1.5833751641058662 1.21
    endloop
  endfacet
  facet normal 0.956940335732205 -0.29028467725447493 0
    outer loop
      vertex 254.96605666765717 -1.0906477822405058 0
      vertex 255.12823804914922 -0.5560074177459655 0
      vertex 254.96605666765717 -1.0906477822405058 1.21
    endloop
  endfacet
  facet normal 0.9951847266722001 -0.09801714032952842 0
    outer loop
      vertex 255.12823804914922 -0.5560074177459655 0
      vertex 255.183 0 0
      vertex 255.12823804914922 -0.5560074177459655 1.21
    endloop
  endfacet
  facet normal -0.09801714032955922 -0.9951847266721969 0
    outer loop
      vertex 251.77699258225402 -2.795238049149207 0
      vertex 252.333 -2.85 1.21
      vertex 251.77699258225402 -2.795238049149207 1.21
    endloop
  endfacet
  facet normal 0.09801714032955922 -0.9951847266721969 0
    outer loop
      vertex 252.333 -2.85 0
      vertex 252.88900741774597 -2.795238049149207 1.21
      vertex 252.333 -2.85 1.21
    endloop
  endfacet
  facet normal -0.4713967368259943 -0.8819212643483567 0
    outer loop
      vertex 250.74962483589414 -2.369688395062254 0
      vertex 251.2423522177595 -2.633056667657167 1.21
      vertex 250.74962483589414 -2.369688395062254 1.21
    endloop
  endfacet
  facet normal -0.29028467725447205 -0.9569403357322059 0
    outer loop
      vertex 251.2423522177595 -2.633056667657167 0
      vertex 251.77699258225402 -2.795238049149207 1.21
      vertex 251.2423522177595 -2.633056667657167 1.21
    endloop
  endfacet
  facet normal 0.29028467725447205 -0.9569403357322059 0
    outer loop
      vertex 252.88900741774597 -2.795238049149207 0
      vertex 253.4236477822405 -2.633056667657167 1.21
      vertex 252.88900741774597 -2.795238049149207 1.21
    endloop
  endfacet
  facet normal 0.4713967368259943 -0.8819212643483567 0
    outer loop
      vertex 253.4236477822405 -2.633056667657167 0
      vertex 253.91637516410586 -2.369688395062254 1.21
      vertex 253.4236477822405 -2.633056667657167 1.21
    endloop
  endfacet
  facet normal 0.6343932841636355 -0.7730104533627451 0
    outer loop
      vertex 253.91637516410586 -2.369688395062254 0
      vertex 254.34825432638166 -2.0152543263816605 1.21
      vertex 253.91637516410586 -2.369688395062254 1.21
    endloop
  endfacet
  facet normal -0.6343932841636355 -0.7730104533627451 0
    outer loop
      vertex 250.31774567361833 -2.0152543263816605 0
      vertex 250.74962483589414 -2.369688395062254 1.21
      vertex 250.31774567361833 -2.0152543263816605 1.21
    endloop
  endfacet
  facet normal 0.773010453362753 -0.6343932841636261 0
    outer loop
      vertex 254.70268839506224 -1.5833751641058662 0
      vertex 254.70268839506224 -1.5833751641058662 1.21
      vertex 254.34825432638166 -2.0152543263816605 1.21
    endloop
  endfacet
  facet normal 0.8819212643483416 -0.4713967368260229 0
    outer loop
      vertex 254.96605666765717 -1.0906477822405058 0
      vertex 254.96605666765717 -1.0906477822405058 1.21
      vertex 254.70268839506224 -1.5833751641058662 1.21
    endloop
  endfacet
  facet normal 0.956940335732205 -0.29028467725447493 0
    outer loop
      vertex 255.12823804914922 -0.5560074177459655 0
      vertex 255.12823804914922 -0.5560074177459655 1.21
      vertex 254.96605666765717 -1.0906477822405058 1.21
    endloop
  endfacet
  facet normal 0.9951847266722001 -0.09801714032952842 0
    outer loop
      vertex 255.183 0 0
      vertex 255.183 0 1.21
      vertex 255.12823804914922 -0.5560074177459655 1.21
    endloop
  endfacet
  facet normal 0 0 -1
    outer loop
      vertex 249.53776195085078 -0.5560074177459655 0
      vertex 249.483 0 0
      vertex 249.53776195085078 0.5560074177459655 0
    endloop
  endfacet
  facet normal 0 0 -1
    outer loop
      vertex 250.31774567361833 -2.0152543263816605 0
      vertex 250.31774567361833 2.0152543263816605 0
      vertex 250.483 0 0
    endloop
  endfacet
  facet normal 0 0 -1
    outer loop
      vertex 249.53776195085078 -0.5560074177459655 0
      vertex 249.53776195085078 0.5560074177459655 0
      vertex 249.69994333234283 1.0906477822405058 0
    endloop
  endfacet
  facet normal 0 0 -1
    outer loop
      vertex 249.69994333234283 -1.0906477822405058 0
      vertex 249.69994333234283 1.0906477822405058 0
      vertex 249.96331160493776 1.5833751641058662 0
    endloop
  endfacet
  facet normal 0 0 -1
    outer loop
      vertex 249.96331160493776 -1.5833751641058662 0
      vertex 249.96331160493776 1.5833751641058662 0
      vertex 250.31774567361833 2.0152543263816605 0
    endloop
  endfacet
  facet normal -0.9951847266722001 0.09801714032952842 0
    outer loop
      vertex 249.483 0 0
      vertex 249.53776195085078 0.5560074177459655 1.21
      vertex 249.53776195085078 0.5560074177459655 0
    endloop
  endfacet
  facet normal -0.956940335732205 0.29028467725447493 0
    outer loop
      vertex 249.53776195085078 0.5560074177459655 0
      vertex 249.69994333234283 1.0906477822405058 1.21
      vertex 249.69994333234283 1.0906477822405058 0
    endloop
  endfacet
  facet normal -0.8819212643483416 0.4713967368260229 0
    outer loop
      vertex 249.69994333234283 1.0906477822405058 0
      vertex 249.96331160493776 1.5833751641058662 1.21
      vertex 249.96331160493776 1.5833751641058662 0
    endloop
  endfacet
  facet normal -0.773010453362753 0.6343932841636261 0
    outer loop
      vertex 249.96331160493776 1.5833751641058662 0
      vertex 250.31774567361833 2.0152543263816605 1.21
      vertex 250.31774567361833 2.0152543263816605 0
    endloop
  endfacet
  facet normal -0.9951847266722001 0.09801714032952842 0
    outer loop
      vertex 249.483 0 0
      vertex 249.483 0 1.21
      vertex 249.53776195085078 0.5560074177459655 1.21
    endloop
  endfacet
  facet normal -0.956940335732205 0.29028467725447493 0
    outer loop
      vertex 249.53776195085078 0.5560074177459655 0
      vertex 249.53776195085078 0.5560074177459655 1.21
      vertex 249.69994333234283 1.0906477822405058 1.21
    endloop
  endfacet
  facet normal -0.8819212643483416 0.4713967368260229 0
    outer loop
      vertex 249.69994333234283 1.0906477822405058 0
      vertex 249.69994333234283 1.0906477822405058 1.21
      vertex 249.96331160493776 1.5833751641058662 1.21
    endloop
  endfacet
  facet normal -0.773010453362753 0.6343932841636261 0
    outer loop
      vertex 249.96331160493776 1.5833751641058662 0
      vertex 249.96331160493776 1.5833751641058662 1.21
      vertex 250.31774567361833 2.0152543263816605 1.21
    endloop
  endfacet
  facet normal 0 0 -1
    outer loop
      vertex 250.483 0 0
      vertex 250.31774567361833 2.0152543263816605 0
      vertex 250.51854723125402 0.36091709572983727 0
    endloop
  endfacet
  facet normal 0 0 -1
    outer loop
      vertex 254.34825432638166 -2.0152543263816605 0
      vertex 254.183 0 0
      vertex 254.34825432638166 2.0152543263816605 0
    endloop
  endfacet
  facet normal 0 0 -1
    outer loop
      vertex 254.70268839506224 -1.5833751641058662 0
      vertex 254.70268839506224 1.5833751641058662 0
      vertex 254.96605666765717 1.0906477822405058 0
    endloop
  endfacet
  facet normal 0 0 -1
    outer loop
      vertex 254.34825432638166 -2.0152543263816605 0
      vertex 254.34825432638166 2.0152543263816605 0
      vertex 254.70268839506224 1.5833751641058662 0
    endloop
  endfacet
  facet normal 0 0 -1
    outer loop
      vertex 254.183 0 0
      vertex 254.14745276874598 0.36091709572983727 0
      vertex 254.34825432638166 2.0152543263816605 0
    endloop
  endfacet
  facet normal 0 0 -1
    outer loop
      vertex 254.0421771351459 0.7079643498754161 0
      vertex 254.34825432638166 2.0152543263816605 0
      vertex 254.14745276874598 0.36091709572983727 0
    endloop
  endfacet
  facet normal 0 0 -1
    outer loop
      vertex 250.51854723125402 0.36091709572983727 0
      vertex 250.74962483589414 2.369688395062254 0
      vertex 250.6238228648541 0.7079643498754161 0
    endloop
  endfacet
  facet normal 0 0 -1
    outer loop
      vertex 250.6238228648541 0.7079643498754161 0
      vertex 250.74962483589414 2.369688395062254 0
      vertex 250.79478121724028 1.027804931086264 0
    endloop
  endfacet
  facet normal 0 0 -1
    outer loop
      vertex 250.51854723125402 0.36091709572983727 0
      vertex 250.31774567361833 2.0152543263816605 0
      vertex 250.74962483589414 2.369688395062254 0
    endloop
  endfacet
  facet normal 0 0 -1
    outer loop
      vertex 250.79478121724028 1.027804931086264 0
      vertex 250.74962483589414 2.369688395062254 0
      vertex 251.0248524548049 1.308147545195113 0
    endloop
  endfacet
  facet normal 0 0 -1
    outer loop
      vertex 251.0248524548049 1.308147545195113 0
      vertex 251.2423522177595 2.633056667657167 0
      vertex 251.30519506891375 1.5382187827597087 0
    endloop
  endfacet
  facet normal 0 0 -1
    outer loop
      vertex 251.30519506891375 1.5382187827597087 0
      vertex 251.2423522177595 2.633056667657167 0
      vertex 251.62503565012457 1.7091771351458807 0
    endloop
  endfacet
  facet normal 0 0 -1
    outer loop
      vertex 251.0248524548049 1.308147545195113 0
      vertex 250.74962483589414 2.369688395062254 0
      vertex 251.2423522177595 2.633056667657167 0
    endloop
  endfacet
  facet normal 0 0 -1
    outer loop
      vertex 251.62503565012457 1.7091771351458807 0
      vertex 251.77699258225402 2.795238049149207 0
      vertex 251.97208290427017 1.8144527687459764 0
    endloop
  endfacet
  facet normal 0 0 -1
    outer loop
      vertex 251.97208290427017 1.8144527687459764 0
      vertex 252.333 2.85 0
      vertex 252.333 1.85 0
    endloop
  endfacet
  facet normal 0 0 -1
    outer loop
      vertex 253.8712187827597 1.027804931086264 0
      vertex 254.34825432638166 2.0152543263816605 0
      vertex 254.0421771351459 0.7079643498754161 0
    endloop
  endfacet
  facet normal 0 0 -1
    outer loop
      vertex 253.8712187827597 1.027804931086264 0
      vertex 253.6411475451951 1.308147545195113 0
      vertex 253.91637516410586 2.369688395062254 0
    endloop
  endfacet
  facet normal 0 0 -1
    outer loop
      vertex 253.36080493108625 1.5382187827597087 0
      vertex 253.91637516410586 2.369688395062254 0
      vertex 253.6411475451951 1.308147545195113 0
    endloop
  endfacet
  facet normal 0 0 -1
    outer loop
      vertex 252.333 1.85 0
      vertex 252.88900741774597 2.795238049149207 0
      vertex 252.69391709572983 1.8144527687459764 0
    endloop
  endfacet
  facet normal 0 0 -1
    outer loop
      vertex 252.69391709572983 1.8144527687459764 0
      vertex 253.4236477822405 2.633056667657167 0
      vertex 253.04096434987542 1.7091771351458807 0
    endloop
  endfacet
  facet normal 0 0 -1
    outer loop
      vertex 253.04096434987542 1.7091771351458807 0
      vertex 253.4236477822405 2.633056667657167 0
      vertex 253.36080493108625 1.5382187827597087 0
    endloop
  endfacet
  facet normal 0 0 -1
    outer loop
      vertex 253.8712187827597 1.027804931086264 0
      vertex 253.91637516410586 2.369688395062254 0
      vertex 254.34825432638166 2.0152543263816605 0
    endloop
  endfacet
  facet normal 0 0 -1
    outer loop
      vertex 255.12823804914922 -0.5560074177459655 0
      vertex 255.12823804914922 0.5560074177459655 0
      vertex 255.183 0 0
    endloop
  endfacet
  facet normal 0 0 -1
    outer loop
      vertex 254.96605666765717 -1.0906477822405058 0
      vertex 254.96605666765717 1.0906477822405058 0
      vertex 255.12823804914922 0.5560074177459655 0
    endloop
  endfacet
  facet normal -0.6343932841636355 0.7730104533627451 0
    outer loop
      vertex 250.31774567361833 2.0152543263816605 0
      vertex 250.31774567361833 2.0152543263816605 1.21
      vertex 250.74962483589414 2.369688395062254 0
    endloop
  endfacet
  facet normal 0.773010453362753 0.6343932841636261 0
    outer loop
      vertex 254.34825432638166 2.0152543263816605 0
      vertex 254.70268839506224 1.5833751641058662 1.21
      vertex 254.70268839506224 1.5833751641058662 0
    endloop
  endfacet
  facet normal 0.9951847266722001 0.09801714032952842 0
    outer loop
      vertex 255.183 0 0
      vertex 255.12823804914922 0.5560074177459655 0
      vertex 255.183 0 1.21
    endloop
  endfacet
  facet normal 0.956940335732205 0.29028467725447493 0
    outer loop
      vertex 255.12823804914922 0.5560074177459655 0
      vertex 254.96605666765717 1.0906477822405058 0
      vertex 255.12823804914922 0.5560074177459655 1.21
    endloop
  endfacet
  facet normal 0.8819212643483416 0.4713967368260229 0
    outer loop
      vertex 254.70268839506224 1.5833751641058662 0
      vertex 254.96605666765717 1.0906477822405058 1.21
      vertex 254.96605666765717 1.0906477822405058 0
    endloop
  endfacet
  facet normal 0 0 -1
    outer loop
      vertex 251.62503565012457 1.7091771351458807 0
      vertex 251.2423522177595 2.633056667657167 0
      vertex 251.77699258225402 2.795238049149207 0
    endloop
  endfacet
  facet normal 0 0 -1
    outer loop
      vertex 251.97208290427017 1.8144527687459764 0
      vertex 251.77699258225402 2.795238049149207 0
      vertex 252.333 2.85 0
    endloop
  endfacet
  facet normal 0 0 -1
    outer loop
      vertex 252.333 1.85 0
      vertex 252.333 2.85 0
      vertex 252.88900741774597 2.795238049149207 0
    endloop
  endfacet
  facet normal 0 0 -1
    outer loop
      vertex 252.69391709572983 1.8144527687459764 0
      vertex 252.88900741774597 2.795238049149207 0
      vertex 253.4236477822405 2.633056667657167 0
    endloop
  endfacet
  facet normal 0 0 -1
    outer loop
      vertex 253.36080493108625 1.5382187827597087 0
      vertex 253.4236477822405 2.633056667657167 0
      vertex 253.91637516410586 2.369688395062254 0
    endloop
  endfacet
  facet normal -0.4713967368259943 0.8819212643483567 0
    outer loop
      vertex 250.74962483589414 2.369688395062254 0
      vertex 250.74962483589414 2.369688395062254 1.21
      vertex 251.2423522177595 2.633056667657167 0
    endloop
  endfacet
  facet normal -0.29028467725447205 0.9569403357322059 0
    outer loop
      vertex 251.2423522177595 2.633056667657167 0
      vertex 251.2423522177595 2.633056667657167 1.21
      vertex 251.77699258225402 2.795238049149207 0
    endloop
  endfacet
  facet normal -0.09801714032955922 0.9951847266721969 0
    outer loop
      vertex 251.77699258225402 2.795238049149207 0
      vertex 251.77699258225402 2.795238049149207 1.21
      vertex 252.333 2.85 0
    endloop
  endfacet
  facet normal 0.09801714032955922 0.9951847266721969 0
    outer loop
      vertex 252.333 2.85 0
      vertex 252.333 2.85 1.21
      vertex 252.88900741774597 2.795238049149207 0
    endloop
  endfacet
  facet normal 0.4713967368259943 0.8819212643483567 0
    outer loop
      vertex 253.4236477822405 2.633056667657167 0
      vertex 253.4236477822405 2.633056667657167 1.21
      vertex 253.91637516410586 2.369688395062254 0
    endloop
  endfacet
  facet normal 0.6343932841636355 0.7730104533627451 0
    outer loop
      vertex 253.91637516410586 2.369688395062254 0
      vertex 253.91637516410586 2.369688395062254 1.21
      vertex 254.34825432638166 2.0152543263816605 0
    endloop
  endfacet
  facet normal 0.29028467725447205 0.9569403357322059 0
    outer loop
      vertex 252.88900741774597 2.795238049149207 0
      vertex 252.88900741774597 2.795238049149207 1.21
      vertex 253.4236477822405 2.633056667657167 0
    endloop
  endfacet
  facet normal 0.8819212643483416 0.4713967368260229 0
    outer loop
      vertex 254.70268839506224 1.5833751641058662 0
      vertex 254.70268839506224 1.5833751641058662 1.21
      vertex 254.96605666765717 1.0906477822405058 1.21
    endloop
  endfacet
  facet normal 0.773010453362753 0.6343932841636261 0
    outer loop
      vertex 254.34825432638166 2.0152543263816605 0
      vertex 254.34825432638166 2.0152543263816605 1.21
      vertex 254.70268839506224 1.5833751641058662 1.21
    endloop
  endfacet
  facet normal 0.6343932841636355 0.7730104533627451 0
    outer loop
      vertex 254.34825432638166 2.0152543263816605 0
      vertex 253.91637516410586 2.369688395062254 1.21
      vertex 254.34825432638166 2.0152543263816605 1.21
    endloop
  endfacet
  facet normal 0.9951847266722001 0.09801714032952842 0
    outer loop
      vertex 255.12823804914922 0.5560074177459655 0
      vertex 255.12823804914922 0.5560074177459655 1.21
      vertex 255.183 0 1.21
    endloop
  endfacet
  facet normal 0.956940335732205 0.29028467725447493 0
    outer loop
      vertex 254.96605666765717 1.0906477822405058 0
      vertex 254.96605666765717 1.0906477822405058 1.21
      vertex 255.12823804914922 0.5560074177459655 1.21
    endloop
  endfacet
  facet normal -0.6343932841636355 0.7730104533627451 0
    outer loop
      vertex 250.74962483589414 2.369688395062254 0
      vertex 250.31774567361833 2.0152543263816605 1.21
      vertex 250.74962483589414 2.369688395062254 1.21
    endloop
  endfacet
  facet normal -0.4713967368259943 0.8819212643483567 0
    outer loop
      vertex 251.2423522177595 2.633056667657167 0
      vertex 250.74962483589414 2.369688395062254 1.21
      vertex 251.2423522177595 2.633056667657167 1.21
    endloop
  endfacet
  facet normal -0.29028467725447205 0.9569403357322059 0
    outer loop
      vertex 251.77699258225402 2.795238049149207 0
      vertex 251.2423522177595 2.633056667657167 1.21
      vertex 251.77699258225402 2.795238049149207 1.21
    endloop
  endfacet
  facet normal -0.09801714032955922 0.9951847266721969 0
    outer loop
      vertex 252.333 2.85 0
      vertex 251.77699258225402 2.795238049149207 1.21
      vertex 252.333 2.85 1.21
    endloop
  endfacet
  facet normal 0.4713967368259943 0.8819212643483567 0
    outer loop
      vertex 253.91637516410586 2.369688395062254 0
      vertex 253.4236477822405 2.633056667657167 1.21
      vertex 253.91637516410586 2.369688395062254 1.21
    endloop
  endfacet
  facet normal 0.29028467725447205 0.9569403357322059 0
    outer loop
      vertex 253.4236477822405 2.633056667657167 0
      vertex 252.88900741774597 2.795238049149207 1.21
      vertex 253.4236477822405 2.633056667657167 1.21
    endloop
  endfacet
  facet normal 0.09801714032955922 0.9951847266721969 0
    outer loop
      vertex 252.88900741774597 2.795238049149207 0
      vertex 252.333 2.85 1.21
      vertex 252.88900741774597 2.795238049149207 1.21
    endloop
  endfacet
  facet normal 0 0 -1
    outer loop
      vertex 178.7193522177595 -2.633056667657167 0
      vertex 178.22662483589414 -2.369688395062254 0
      vertex 178.78219506891375 -1.5382187827597087 0
    endloop
  endfacet
  facet normal -0.4713967368259943 -0.8819212643483567 0
    outer loop
      vertex 178.7193522177595 -2.633056667657167 0
      vertex 178.7193522177595 -2.633056667657167 1.21
      vertex 178.22662483589414 -2.369688395062254 0
    endloop
  endfacet
  facet normal -0.6343932841636355 -0.7730104533627451 0
    outer loop
      vertex 177.79474567361834 -2.0152543263816605 0
      vertex 178.22662483589414 -2.369688395062254 0
      vertex 178.22662483589414 -2.369688395062254 1.21
    endloop
  endfacet
  facet normal 0 0 -1
    outer loop
      vertex 177.79474567361834 -2.0152543263816605 0
      vertex 178.2717812172403 -1.027804931086264 0
      vertex 178.22662483589414 -2.369688395062254 0
    endloop
  endfacet
  facet normal 0 0 -1
    outer loop
      vertex 178.22662483589414 -2.369688395062254 0
      vertex 178.5018524548049 -1.308147545195113 0
      vertex 178.78219506891375 -1.5382187827597087 0
    endloop
  endfacet
  facet normal 0 0 -1
    outer loop
      vertex 178.22662483589414 -2.369688395062254 0
      vertex 178.2717812172403 -1.027804931086264 0
      vertex 178.5018524548049 -1.308147545195113 0
    endloop
  endfacet
  facet normal 0 0 -1
    outer loop
      vertex 177.79474567361834 -2.0152543263816605 0
      vertex 178.1008228648541 -0.7079643498754161 0
      vertex 178.2717812172403 -1.027804931086264 0
    endloop
  endfacet
  facet normal 0 0 -1
    outer loop
      vertex 177.79474567361834 -2.0152543263816605 0
      vertex 177.99554723125402 -0.36091709572983727 0
      vertex 178.1008228648541 -0.7079643498754161 0
    endloop
  endfacet
  facet normal 0 0 -1
    outer loop
      vertex 177.79474567361834 -2.0152543263816605 0
      vertex 177.96 0 0
      vertex 177.99554723125402 -0.36091709572983727 0
    endloop
  endfacet
  facet normal 0 0 -1
    outer loop
      vertex 177.44031160493776 -1.5833751641058662 0
      vertex 177.79474567361834 2.0152543263816605 0
      vertex 177.79474567361834 -2.0152543263816605 0
    endloop
  endfacet
  facet normal 0 0 -1
    outer loop
      vertex 177.44031160493776 -1.5833751641058662 0
      vertex 177.17694333234283 -1.0906477822405058 0
      vertex 177.44031160493776 1.5833751641058662 0
    endloop
  endfacet
  facet normal 0 0 -1
    outer loop
      vertex 177.17694333234283 -1.0906477822405058 0
      vertex 177.01476195085078 -0.5560074177459655 0
      vertex 177.17694333234283 1.0906477822405058 0
    endloop
  endfacet
  facet normal -0.773010453362753 -0.6343932841636261 0
    outer loop
      vertex 177.44031160493776 -1.5833751641058662 0
      vertex 177.79474567361834 -2.0152543263816605 0
      vertex 177.44031160493776 -1.5833751641058662 1.21
    endloop
  endfacet
  facet normal -0.8819212643483416 -0.4713967368260229 0
    outer loop
      vertex 177.44031160493776 -1.5833751641058662 0
      vertex 177.17694333234283 -1.0906477822405058 1.21
      vertex 177.17694333234283 -1.0906477822405058 0
    endloop
  endfacet
  facet normal -0.956940335732205 -0.29028467725447493 0
    outer loop
      vertex 177.17694333234283 -1.0906477822405058 0
      vertex 177.01476195085078 -0.5560074177459655 1.21
      vertex 177.01476195085078 -0.5560074177459655 0
    endloop
  endfacet
  facet normal -0.9951847266722001 -0.09801714032952842 0
    outer loop
      vertex 177.01476195085078 -0.5560074177459655 0
      vertex 176.96 0 1.21
      vertex 176.96 0 0
    endloop
  endfacet
  facet normal -0.4713967368259943 -0.8819212643483567 0
    outer loop
      vertex 178.22662483589414 -2.369688395062254 0
      vertex 178.7193522177595 -2.633056667657167 1.21
      vertex 178.22662483589414 -2.369688395062254 1.21
    endloop
  endfacet
  facet normal -0.773010453362753 -0.6343932841636261 0
    outer loop
      vertex 177.79474567361834 -2.0152543263816605 0
      vertex 177.79474567361834 -2.0152543263816605 1.21
      vertex 177.44031160493776 -1.5833751641058662 1.21
    endloop
  endfacet
  facet normal -0.6343932841636355 -0.7730104533627451 0
    outer loop
      vertex 177.79474567361834 -2.0152543263816605 0
      vertex 178.22662483589414 -2.369688395062254 1.21
      vertex 177.79474567361834 -2.0152543263816605 1.21
    endloop
  endfacet
  facet normal -0.8819212643483416 -0.4713967368260229 0
    outer loop
      vertex 177.44031160493776 -1.5833751641058662 0
      vertex 177.44031160493776 -1.5833751641058662 1.21
      vertex 177.17694333234283 -1.0906477822405058 1.21
    endloop
  endfacet
  facet normal -0.956940335732205 -0.29028467725447493 0
    outer loop
      vertex 177.17694333234283 -1.0906477822405058 0
      vertex 177.17694333234283 -1.0906477822405058 1.21
      vertex 177.01476195085078 -0.5560074177459655 1.21
    endloop
  endfacet
  facet normal -0.9951847266722001 -0.09801714032952842 0
    outer loop
      vertex 177.01476195085078 -0.5560074177459655 0
      vertex 177.01476195085078 -0.5560074177459655 1.21
      vertex 176.96 0 1.21
    endloop
  endfacet
  facet normal 0 0 -1
    outer loop
      vertex 179.25399258225403 -2.795238049149207 0
      vertex 179.81 -1.85 0
      vertex 179.81 -2.85 0
    endloop
  endfacet
  facet normal 0 0 -1
    outer loop
      vertex 178.7193522177595 -2.633056667657167 0
      vertex 179.44908290427017 -1.8144527687459764 0
      vertex 179.25399258225403 -2.795238049149207 0
    endloop
  endfacet
  facet normal 0 0 -1
    outer loop
      vertex 179.81 -2.85 0
      vertex 180.17091709572983 -1.8144527687459764 0
      vertex 180.36600741774598 -2.795238049149207 0
    endloop
  endfacet
  facet normal 0 0 -1
    outer loop
      vertex 180.36600741774598 -2.795238049149207 0
      vertex 180.51796434987543 -1.7091771351458807 0
      vertex 180.9006477822405 -2.633056667657167 0
    endloop
  endfacet
  facet normal -0.29028467725447205 -0.9569403357322059 0
    outer loop
      vertex 178.7193522177595 -2.633056667657167 0
      vertex 179.25399258225403 -2.795238049149207 0
      vertex 179.25399258225403 -2.795238049149207 1.21
    endloop
  endfacet
  facet normal -0.09801714032955922 -0.9951847266721969 0
    outer loop
      vertex 179.25399258225403 -2.795238049149207 0
      vertex 179.81 -2.85 0
      vertex 179.81 -2.85 1.21
    endloop
  endfacet
  facet normal 0.09801714032955922 -0.9951847266721969 0
    outer loop
      vertex 179.81 -2.85 0
      vertex 180.36600741774598 -2.795238049149207 0
      vertex 180.36600741774598 -2.795238049149207 1.21
    endloop
  endfacet
  facet normal 0.29028467725447205 -0.9569403357322059 0
    outer loop
      vertex 180.36600741774598 -2.795238049149207 0
      vertex 180.9006477822405 -2.633056667657167 0
      vertex 180.9006477822405 -2.633056667657167 1.21
    endloop
  endfacet
  facet normal 0.4713967368259943 -0.8819212643483567 0
    outer loop
      vertex 180.9006477822405 -2.633056667657167 0
      vertex 181.39337516410586 -2.369688395062254 0
      vertex 181.39337516410586 -2.369688395062254 1.21
    endloop
  endfacet
  facet normal 0 0 -1
    outer loop
      vertex 178.7193522177595 -2.633056667657167 0
      vertex 179.10203565012458 -1.7091771351458807 0
      vertex 179.44908290427017 -1.8144527687459764 0
    endloop
  endfacet
  facet normal 0 0 -1
    outer loop
      vertex 178.7193522177595 -2.633056667657167 0
      vertex 178.78219506891375 -1.5382187827597087 0
      vertex 179.10203565012458 -1.7091771351458807 0
    endloop
  endfacet
  facet normal 0 0 -1
    outer loop
      vertex 179.25399258225403 -2.795238049149207 0
      vertex 179.44908290427017 -1.8144527687459764 0
      vertex 179.81 -1.85 0
    endloop
  endfacet
  facet normal 0 0 -1
    outer loop
      vertex 179.81 -2.85 0
      vertex 179.81 -1.85 0
      vertex 180.17091709572983 -1.8144527687459764 0
    endloop
  endfacet
  facet normal 0 0 -1
    outer loop
      vertex 180.36600741774598 -2.795238049149207 0
      vertex 180.17091709572983 -1.8144527687459764 0
      vertex 180.51796434987543 -1.7091771351458807 0
    endloop
  endfacet
  facet normal 0 0 -1
    outer loop
      vertex 180.9006477822405 -2.633056667657167 0
      vertex 180.51796434987543 -1.7091771351458807 0
      vertex 180.83780493108625 -1.5382187827597087 0
    endloop
  endfacet
  facet normal 0 0 -1
    outer loop
      vertex 180.9006477822405 -2.633056667657167 0
      vertex 180.83780493108625 -1.5382187827597087 0
      vertex 181.11814754519511 -1.308147545195113 0
    endloop
  endfacet
  facet normal 0 0 -1
    outer loop
      vertex 180.9006477822405 -2.633056667657167 0
      vertex 181.11814754519511 -1.308147545195113 0
      vertex 181.39337516410586 -2.369688395062254 0
    endloop
  endfacet
  facet normal 0 0 -1
    outer loop
      vertex 181.39337516410586 -2.369688395062254 0
      vertex 181.11814754519511 -1.308147545195113 0
      vertex 181.34821878275972 -1.027804931086264 0
    endloop
  endfacet
  facet normal 0 0 -1
    outer loop
      vertex 181.39337516410586 -2.369688395062254 0
      vertex 181.62445276874598 -0.36091709572983727 0
      vertex 181.82525432638167 -2.0152543263816605 0
    endloop
  endfacet
  facet normal 0 0 -1
    outer loop
      vertex 181.39337516410586 -2.369688395062254 0
      vertex 181.34821878275972 -1.027804931086264 0
      vertex 181.5191771351459 -0.7079643498754161 0
    endloop
  endfacet
  facet normal 0 0 -1
    outer loop
      vertex 181.39337516410586 -2.369688395062254 0
      vertex 181.5191771351459 -0.7079643498754161 0
      vertex 181.62445276874598 -0.36091709572983727 0
    endloop
  endfacet
  facet normal 0 0 -1
    outer loop
      vertex 181.82525432638167 -2.0152543263816605 0
      vertex 181.62445276874598 -0.36091709572983727 0
      vertex 181.66 0 0
    endloop
  endfacet
  facet normal 0 0 -1
    outer loop
      vertex 181.82525432638167 -2.0152543263816605 0
      vertex 182.17968839506224 1.5833751641058662 0
      vertex 182.17968839506224 -1.5833751641058662 0
    endloop
  endfacet
  facet normal 0 0 -1
    outer loop
      vertex 182.17968839506224 -1.5833751641058662 0
      vertex 182.44305666765717 1.0906477822405058 0
      vertex 182.44305666765717 -1.0906477822405058 0
    endloop
  endfacet
  facet normal 0 0 -1
    outer loop
      vertex 182.44305666765717 -1.0906477822405058 0
      vertex 182.60523804914922 0.5560074177459655 0
      vertex 182.60523804914922 -0.5560074177459655 0
    endloop
  endfacet
  facet normal 0.6343932841636355 -0.7730104533627451 0
    outer loop
      vertex 181.39337516410586 -2.369688395062254 0
      vertex 181.82525432638167 -2.0152543263816605 0
      vertex 181.82525432638167 -2.0152543263816605 1.21
    endloop
  endfacet
  facet normal 0.773010453362753 -0.6343932841636261 0
    outer loop
      vertex 181.82525432638167 -2.0152543263816605 0
      vertex 182.17968839506224 -1.5833751641058662 0
      vertex 181.82525432638167 -2.0152543263816605 1.21
    endloop
  endfacet
  facet normal 0.8819212643483416 -0.4713967368260229 0
    outer loop
      vertex 182.17968839506224 -1.5833751641058662 0
      vertex 182.44305666765717 -1.0906477822405058 0
      vertex 182.17968839506224 -1.5833751641058662 1.21
    endloop
  endfacet
  facet normal 0.956940335732205 -0.29028467725447493 0
    outer loop
      vertex 182.44305666765717 -1.0906477822405058 0
      vertex 182.60523804914922 -0.5560074177459655 0
      vertex 182.44305666765717 -1.0906477822405058 1.21
    endloop
  endfacet
  facet normal 0.9951847266722001 -0.09801714032952842 0
    outer loop
      vertex 182.60523804914922 -0.5560074177459655 0
      vertex 182.66 0 0
      vertex 182.60523804914922 -0.5560074177459655 1.21
    endloop
  endfacet
  facet normal -0.09801714032955922 -0.9951847266721969 0
    outer loop
      vertex 179.25399258225403 -2.795238049149207 0
      vertex 179.81 -2.85 1.21
      vertex 179.25399258225403 -2.795238049149207 1.21
    endloop
  endfacet
  facet normal 0.09801714032955922 -0.9951847266721969 0
    outer loop
      vertex 179.81 -2.85 0
      vertex 180.36600741774598 -2.795238049149207 1.21
      vertex 179.81 -2.85 1.21
    endloop
  endfacet
  facet normal 0.29028467725447205 -0.9569403357322059 0
    outer loop
      vertex 180.36600741774598 -2.795238049149207 0
      vertex 180.9006477822405 -2.633056667657167 1.21
      vertex 180.36600741774598 -2.795238049149207 1.21
    endloop
  endfacet
  facet normal -0.29028467725447205 -0.9569403357322059 0
    outer loop
      vertex 178.7193522177595 -2.633056667657167 0
      vertex 179.25399258225403 -2.795238049149207 1.21
      vertex 178.7193522177595 -2.633056667657167 1.21
    endloop
  endfacet
  facet normal 0.4713967368259943 -0.8819212643483567 0
    outer loop
      vertex 180.9006477822405 -2.633056667657167 0
      vertex 181.39337516410586 -2.369688395062254 1.21
      vertex 180.9006477822405 -2.633056667657167 1.21
    endloop
  endfacet
  facet normal 0.6343932841636355 -0.7730104533627451 0
    outer loop
      vertex 181.39337516410586 -2.369688395062254 0
      vertex 181.82525432638167 -2.0152543263816605 1.21
      vertex 181.39337516410586 -2.369688395062254 1.21
    endloop
  endfacet
  facet normal 0.773010453362753 -0.6343932841636261 0
    outer loop
      vertex 182.17968839506224 -1.5833751641058662 0
      vertex 182.17968839506224 -1.5833751641058662 1.21
      vertex 181.82525432638167 -2.0152543263816605 1.21
    endloop
  endfacet
  facet normal 0.8819212643483416 -0.4713967368260229 0
    outer loop
      vertex 182.44305666765717 -1.0906477822405058 0
      vertex 182.44305666765717 -1.0906477822405058 1.21
      vertex 182.17968839506224 -1.5833751641058662 1.21
    endloop
  endfacet
  facet normal 0.956940335732205 -0.29028467725447493 0
    outer loop
      vertex 182.60523804914922 -0.5560074177459655 0
      vertex 182.60523804914922 -0.5560074177459655 1.21
      vertex 182.44305666765717 -1.0906477822405058 1.21
    endloop
  endfacet
  facet normal 0.9951847266722001 -0.09801714032952842 0
    outer loop
      vertex 182.66 0 0
      vertex 182.66 0 1.21
      vertex 182.60523804914922 -0.5560074177459655 1.21
    endloop
  endfacet
  facet normal 0 0 -1
    outer loop
      vertex 177.01476195085078 -0.5560074177459655 0
      vertex 176.96 0 0
      vertex 177.01476195085078 0.5560074177459655 0
    endloop
  endfacet
  facet normal 0 0 -1
    outer loop
      vertex 177.01476195085078 -0.5560074177459655 0
      vertex 177.01476195085078 0.5560074177459655 0
      vertex 177.17694333234283 1.0906477822405058 0
    endloop
  endfacet
  facet normal 0 0 -1
    outer loop
      vertex 177.17694333234283 -1.0906477822405058 0
      vertex 177.17694333234283 1.0906477822405058 0
      vertex 177.44031160493776 1.5833751641058662 0
    endloop
  endfacet
  facet normal 0 0 -1
    outer loop
      vertex 177.79474567361834 -2.0152543263816605 0
      vertex 177.79474567361834 2.0152543263816605 0
      vertex 177.96 0 0
    endloop
  endfacet
  facet normal 0 0 -1
    outer loop
      vertex 177.44031160493776 -1.5833751641058662 0
      vertex 177.44031160493776 1.5833751641058662 0
      vertex 177.79474567361834 2.0152543263816605 0
    endloop
  endfacet
  facet normal 0 0 -1
    outer loop
      vertex 177.96 0 0
      vertex 177.79474567361834 2.0152543263816605 0
      vertex 177.99554723125402 0.36091709572983727 0
    endloop
  endfacet
  facet normal 0 0 -1
    outer loop
      vertex 177.99554723125402 0.36091709572983727 0
      vertex 178.22662483589414 2.369688395062254 0
      vertex 178.1008228648541 0.7079643498754161 0
    endloop
  endfacet
  facet normal 0 0 -1
    outer loop
      vertex 178.1008228648541 0.7079643498754161 0
      vertex 178.22662483589414 2.369688395062254 0
      vertex 178.2717812172403 1.027804931086264 0
    endloop
  endfacet
  facet normal 0 0 -1
    outer loop
      vertex 177.99554723125402 0.36091709572983727 0
      vertex 177.79474567361834 2.0152543263816605 0
      vertex 178.22662483589414 2.369688395062254 0
    endloop
  endfacet
  facet normal 0 0 -1
    outer loop
      vertex 178.2717812172403 1.027804931086264 0
      vertex 178.22662483589414 2.369688395062254 0
      vertex 178.5018524548049 1.308147545195113 0
    endloop
  endfacet
  facet normal 0 0 -1
    outer loop
      vertex 178.5018524548049 1.308147545195113 0
      vertex 178.7193522177595 2.633056667657167 0
      vertex 178.78219506891375 1.5382187827597087 0
    endloop
  endfacet
  facet normal 0 0 -1
    outer loop
      vertex 178.5018524548049 1.308147545195113 0
      vertex 178.22662483589414 2.369688395062254 0
      vertex 178.7193522177595 2.633056667657167 0
    endloop
  endfacet
  facet normal -0.9951847266722001 0.09801714032952842 0
    outer loop
      vertex 176.96 0 0
      vertex 177.01476195085078 0.5560074177459655 1.21
      vertex 177.01476195085078 0.5560074177459655 0
    endloop
  endfacet
  facet normal -0.956940335732205 0.29028467725447493 0
    outer loop
      vertex 177.01476195085078 0.5560074177459655 0
      vertex 177.17694333234283 1.0906477822405058 1.21
      vertex 177.17694333234283 1.0906477822405058 0
    endloop
  endfacet
  facet normal -0.8819212643483416 0.4713967368260229 0
    outer loop
      vertex 177.17694333234283 1.0906477822405058 0
      vertex 177.44031160493776 1.5833751641058662 1.21
      vertex 177.44031160493776 1.5833751641058662 0
    endloop
  endfacet
  facet normal -0.773010453362753 0.6343932841636261 0
    outer loop
      vertex 177.44031160493776 1.5833751641058662 0
      vertex 177.79474567361834 2.0152543263816605 1.21
      vertex 177.79474567361834 2.0152543263816605 0
    endloop
  endfacet
  facet normal -0.6343932841636355 0.7730104533627451 0
    outer loop
      vertex 177.79474567361834 2.0152543263816605 0
      vertex 177.79474567361834 2.0152543263816605 1.21
      vertex 178.22662483589414 2.369688395062254 0
    endloop
  endfacet
  facet normal -0.4713967368259943 0.8819212643483567 0
    outer loop
      vertex 178.22662483589414 2.369688395062254 0
      vertex 178.22662483589414 2.369688395062254 1.21
      vertex 178.7193522177595 2.633056667657167 0
    endloop
  endfacet
  facet normal -0.9951847266722001 0.09801714032952842 0
    outer loop
      vertex 176.96 0 0
      vertex 176.96 0 1.21
      vertex 177.01476195085078 0.5560074177459655 1.21
    endloop
  endfacet
  facet normal -0.956940335732205 0.29028467725447493 0
    outer loop
      vertex 177.01476195085078 0.5560074177459655 0
      vertex 177.01476195085078 0.5560074177459655 1.21
      vertex 177.17694333234283 1.0906477822405058 1.21
    endloop
  endfacet
  facet normal -0.8819212643483416 0.4713967368260229 0
    outer loop
      vertex 177.17694333234283 1.0906477822405058 0
      vertex 177.17694333234283 1.0906477822405058 1.21
      vertex 177.44031160493776 1.5833751641058662 1.21
    endloop
  endfacet
  facet normal -0.773010453362753 0.6343932841636261 0
    outer loop
      vertex 177.44031160493776 1.5833751641058662 0
      vertex 177.44031160493776 1.5833751641058662 1.21
      vertex 177.79474567361834 2.0152543263816605 1.21
    endloop
  endfacet
  facet normal -0.6343932841636355 0.7730104533627451 0
    outer loop
      vertex 178.22662483589414 2.369688395062254 0
      vertex 177.79474567361834 2.0152543263816605 1.21
      vertex 178.22662483589414 2.369688395062254 1.21
    endloop
  endfacet
  facet normal -0.4713967368259943 0.8819212643483567 0
    outer loop
      vertex 178.7193522177595 2.633056667657167 0
      vertex 178.22662483589414 2.369688395062254 1.21
      vertex 178.7193522177595 2.633056667657167 1.21
    endloop
  endfacet
  facet normal 0 0 -1
    outer loop
      vertex 181.82525432638167 -2.0152543263816605 0
      vertex 181.66 0 0
      vertex 181.82525432638167 2.0152543263816605 0
    endloop
  endfacet
  facet normal 0 0 -1
    outer loop
      vertex 181.82525432638167 -2.0152543263816605 0
      vertex 181.82525432638167 2.0152543263816605 0
      vertex 182.17968839506224 1.5833751641058662 0
    endloop
  endfacet
  facet normal 0 0 -1
    outer loop
      vertex 182.60523804914922 -0.5560074177459655 0
      vertex 182.60523804914922 0.5560074177459655 0
      vertex 182.66 0 0
    endloop
  endfacet
  facet normal 0 0 -1
    outer loop
      vertex 182.44305666765717 -1.0906477822405058 0
      vertex 182.44305666765717 1.0906477822405058 0
      vertex 182.60523804914922 0.5560074177459655 0
    endloop
  endfacet
  facet normal 0 0 -1
    outer loop
      vertex 182.17968839506224 -1.5833751641058662 0
      vertex 182.17968839506224 1.5833751641058662 0
      vertex 182.44305666765717 1.0906477822405058 0
    endloop
  endfacet
  facet normal 0 0 -1
    outer loop
      vertex 181.66 0 0
      vertex 181.62445276874598 0.36091709572983727 0
      vertex 181.82525432638167 2.0152543263816605 0
    endloop
  endfacet
  facet normal 0 0 -1
    outer loop
      vertex 181.62445276874598 0.36091709572983727 0
      vertex 181.5191771351459 0.7079643498754161 0
      vertex 181.82525432638167 2.0152543263816605 0
    endloop
  endfacet
  facet normal 0 0 -1
    outer loop
      vertex 178.7193522177595 2.633056667657167 0
      vertex 179.10203565012458 1.7091771351458807 0
      vertex 178.78219506891375 1.5382187827597087 0
    endloop
  endfacet
  facet normal 0 0 -1
    outer loop
      vertex 179.10203565012458 1.7091771351458807 0
      vertex 179.25399258225403 2.795238049149207 0
      vertex 179.44908290427017 1.8144527687459764 0
    endloop
  endfacet
  facet normal 0 0 -1
    outer loop
      vertex 179.44908290427017 1.8144527687459764 0
      vertex 179.81 2.85 0
      vertex 179.81 1.85 0
    endloop
  endfacet
  facet normal 0 0 -1
    outer loop
      vertex 179.81 1.85 0
      vertex 180.36600741774598 2.795238049149207 0
      vertex 180.17091709572983 1.8144527687459764 0
    endloop
  endfacet
  facet normal 0 0 -1
    outer loop
      vertex 180.17091709572983 1.8144527687459764 0
      vertex 180.9006477822405 2.633056667657167 0
      vertex 180.51796434987543 1.7091771351458807 0
    endloop
  endfacet
  facet normal 0 0 -1
    outer loop
      vertex 180.83780493108625 1.5382187827597087 0
      vertex 180.51796434987543 1.7091771351458807 0
      vertex 180.9006477822405 2.633056667657167 0
    endloop
  endfacet
  facet normal 0 0 -1
    outer loop
      vertex 181.34821878275972 1.027804931086264 0
      vertex 181.82525432638167 2.0152543263816605 0
      vertex 181.5191771351459 0.7079643498754161 0
    endloop
  endfacet
  facet normal 0 0 -1
    outer loop
      vertex 181.34821878275972 1.027804931086264 0
      vertex 181.11814754519511 1.308147545195113 0
      vertex 181.39337516410586 2.369688395062254 0
    endloop
  endfacet
  facet normal 0 0 -1
    outer loop
      vertex 180.83780493108625 1.5382187827597087 0
      vertex 181.39337516410586 2.369688395062254 0
      vertex 181.11814754519511 1.308147545195113 0
    endloop
  endfacet
  facet normal 0 0 -1
    outer loop
      vertex 181.34821878275972 1.027804931086264 0
      vertex 181.39337516410586 2.369688395062254 0
      vertex 181.82525432638167 2.0152543263816605 0
    endloop
  endfacet
  facet normal 0.9951847266722001 0.09801714032952842 0
    outer loop
      vertex 182.66 0 0
      vertex 182.60523804914922 0.5560074177459655 0
      vertex 182.66 0 1.21
    endloop
  endfacet
  facet normal 0.956940335732205 0.29028467725447493 0
    outer loop
      vertex 182.44305666765717 1.0906477822405058 0
      vertex 182.60523804914922 0.5560074177459655 1.21
      vertex 182.60523804914922 0.5560074177459655 0
    endloop
  endfacet
  facet normal 0.8819212643483416 0.4713967368260229 0
    outer loop
      vertex 182.44305666765717 1.0906477822405058 0
      vertex 182.17968839506224 1.5833751641058662 0
      vertex 182.44305666765717 1.0906477822405058 1.21
    endloop
  endfacet
  facet normal 0.773010453362753 0.6343932841636261 0
    outer loop
      vertex 181.82525432638167 2.0152543263816605 0
      vertex 182.17968839506224 1.5833751641058662 1.21
      vertex 182.17968839506224 1.5833751641058662 0
    endloop
  endfacet
  facet normal 0 0 -1
    outer loop
      vertex 178.7193522177595 2.633056667657167 0
      vertex 179.25399258225403 2.795238049149207 0
      vertex 179.10203565012458 1.7091771351458807 0
    endloop
  endfacet
  facet normal 0 0 -1
    outer loop
      vertex 179.44908290427017 1.8144527687459764 0
      vertex 179.25399258225403 2.795238049149207 0
      vertex 179.81 2.85 0
    endloop
  endfacet
  facet normal 0 0 -1
    outer loop
      vertex 180.17091709572983 1.8144527687459764 0
      vertex 180.36600741774598 2.795238049149207 0
      vertex 180.9006477822405 2.633056667657167 0
    endloop
  endfacet
  facet normal 0 0 -1
    outer loop
      vertex 180.83780493108625 1.5382187827597087 0
      vertex 180.9006477822405 2.633056667657167 0
      vertex 181.39337516410586 2.369688395062254 0
    endloop
  endfacet
  facet normal 0 0 -1
    outer loop
      vertex 179.81 1.85 0
      vertex 179.81 2.85 0
      vertex 180.36600741774598 2.795238049149207 0
    endloop
  endfacet
  facet normal -0.29028467725447205 0.9569403357322059 0
    outer loop
      vertex 178.7193522177595 2.633056667657167 0
      vertex 178.7193522177595 2.633056667657167 1.21
      vertex 179.25399258225403 2.795238049149207 0
    endloop
  endfacet
  facet normal 0.4713967368259943 0.8819212643483567 0
    outer loop
      vertex 181.39337516410586 2.369688395062254 0
      vertex 180.9006477822405 2.633056667657167 0
      vertex 180.9006477822405 2.633056667657167 1.21
    endloop
  endfacet
  facet normal -0.09801714032955922 0.9951847266721969 0
    outer loop
      vertex 179.25399258225403 2.795238049149207 0
      vertex 179.25399258225403 2.795238049149207 1.21
      vertex 179.81 2.85 0
    endloop
  endfacet
  facet normal 0.09801714032955922 0.9951847266721969 0
    outer loop
      vertex 179.81 2.85 0
      vertex 179.81 2.85 1.21
      vertex 180.36600741774598 2.795238049149207 0
    endloop
  endfacet
  facet normal 0.29028467725447205 0.9569403357322059 0
    outer loop
      vertex 180.9006477822405 2.633056667657167 0
      vertex 180.36600741774598 2.795238049149207 0
      vertex 180.36600741774598 2.795238049149207 1.21
    endloop
  endfacet
  facet normal 0.6343932841636355 0.7730104533627451 0
    outer loop
      vertex 181.82525432638167 2.0152543263816605 0
      vertex 181.39337516410586 2.369688395062254 0
      vertex 181.39337516410586 2.369688395062254 1.21
    endloop
  endfacet
  facet normal 0.9951847266722001 0.09801714032952842 0
    outer loop
      vertex 182.60523804914922 0.5560074177459655 0
      vertex 182.60523804914922 0.5560074177459655 1.21
      vertex 182.66 0 1.21
    endloop
  endfacet
  facet normal 0.956940335732205 0.29028467725447493 0
    outer loop
      vertex 182.44305666765717 1.0906477822405058 0
      vertex 182.44305666765717 1.0906477822405058 1.21
      vertex 182.60523804914922 0.5560074177459655 1.21
    endloop
  endfacet
  facet normal 0.8819212643483416 0.4713967368260229 0
    outer loop
      vertex 182.17968839506224 1.5833751641058662 0
      vertex 182.17968839506224 1.5833751641058662 1.21
      vertex 182.44305666765717 1.0906477822405058 1.21
    endloop
  endfacet
  facet normal 0.773010453362753 0.6343932841636261 0
    outer loop
      vertex 181.82525432638167 2.0152543263816605 0
      vertex 181.82525432638167 2.0152543263816605 1.21
      vertex 182.17968839506224 1.5833751641058662 1.21
    endloop
  endfacet
  facet normal 0.6343932841636355 0.7730104533627451 0
    outer loop
      vertex 181.82525432638167 2.0152543263816605 0
      vertex 181.39337516410586 2.369688395062254 1.21
      vertex 181.82525432638167 2.0152543263816605 1.21
    endloop
  endfacet
  facet normal 0.29028467725447205 0.9569403357322059 0
    outer loop
      vertex 180.9006477822405 2.633056667657167 0
      vertex 180.36600741774598 2.795238049149207 1.21
      vertex 180.9006477822405 2.633056667657167 1.21
    endloop
  endfacet
  facet normal -0.29028467725447205 0.9569403357322059 0
    outer loop
      vertex 179.25399258225403 2.795238049149207 0
      vertex 178.7193522177595 2.633056667657167 1.21
      vertex 179.25399258225403 2.795238049149207 1.21
    endloop
  endfacet
  facet normal -0.09801714032955922 0.9951847266721969 0
    outer loop
      vertex 179.81 2.85 0
      vertex 179.25399258225403 2.795238049149207 1.21
      vertex 179.81 2.85 1.21
    endloop
  endfacet
  facet normal 0.09801714032955922 0.9951847266721969 0
    outer loop
      vertex 180.36600741774598 2.795238049149207 0
      vertex 179.81 2.85 1.21
      vertex 180.36600741774598 2.795238049149207 1.21
    endloop
  endfacet
  facet normal 0.4713967368259943 0.8819212643483567 0
    outer loop
      vertex 181.39337516410586 2.369688395062254 0
      vertex 180.9006477822405 2.633056667657167 1.21
      vertex 181.39337516410586 2.369688395062254 1.21
    endloop
  endfacet
  facet normal 0 0 -1
    outer loop
      vertex 33.67135221775949 -2.633056667657167 0
      vertex 33.178624835894134 -2.369688395062254 0
      vertex 33.734195068913735 -1.5382187827597087 0
    endloop
  endfacet
  facet normal 0 0 -1
    outer loop
      vertex 34.205992582254034 -2.795238049149207 0
      vertex 34.762 -1.85 0
      vertex 34.762 -2.85 0
    endloop
  endfacet
  facet normal 0 0 -1
    outer loop
      vertex 34.205992582254034 -2.795238049149207 0
      vertex 33.67135221775949 -2.633056667657167 0
      vertex 34.40108290427016 -1.8144527687459764 0
    endloop
  endfacet
  facet normal 0 0 -1
    outer loop
      vertex 34.762 -2.85 0
      vertex 35.12291709572984 -1.8144527687459764 0
      vertex 35.31800741774597 -2.795238049149207 0
    endloop
  endfacet
  facet normal 0 0 -1
    outer loop
      vertex 35.31800741774597 -2.795238049149207 0
      vertex 35.46996434987542 -1.7091771351458807 0
      vertex 35.85264778224051 -2.633056667657167 0
    endloop
  endfacet
  facet normal -0.47139673682599964 -0.881921264348354 0
    outer loop
      vertex 33.67135221775949 -2.633056667657167 0
      vertex 33.67135221775949 -2.633056667657167 1.21
      vertex 33.178624835894134 -2.369688395062254 0
    endloop
  endfacet
  facet normal -0.6343932841636479 -0.7730104533627349 0
    outer loop
      vertex 33.178624835894134 -2.369688395062254 0
      vertex 33.178624835894134 -2.369688395062254 1.21
      vertex 32.74674567361834 -2.0152543263816605 0
    endloop
  endfacet
  facet normal -0.29028467725446144 -0.9569403357322092 0
    outer loop
      vertex 34.205992582254034 -2.795238049149207 0
      vertex 34.205992582254034 -2.795238049149207 1.21
      vertex 33.67135221775949 -2.633056667657167 0
    endloop
  endfacet
  facet normal -0.09801714032956048 -0.9951847266721969 0
    outer loop
      vertex 34.205992582254034 -2.795238049149207 0
      vertex 34.762 -2.85 0
      vertex 34.762 -2.85 1.21
    endloop
  endfacet
  facet normal 0.09801714032956048 -0.9951847266721969 0
    outer loop
      vertex 34.762 -2.85 0
      vertex 35.31800741774597 -2.795238049149207 0
      vertex 35.31800741774597 -2.795238049149207 1.21
    endloop
  endfacet
  facet normal 0.29028467725446144 -0.9569403357322092 0
    outer loop
      vertex 35.31800741774597 -2.795238049149207 0
      vertex 35.85264778224051 -2.633056667657167 0
      vertex 35.85264778224051 -2.633056667657167 1.21
    endloop
  endfacet
  facet normal 0 0 -1
    outer loop
      vertex 33.178624835894134 -2.369688395062254 0
      vertex 32.74674567361834 -2.0152543263816605 0
      vertex 33.223781217240294 -1.027804931086264 0
    endloop
  endfacet
  facet normal 0 0 -1
    outer loop
      vertex 33.178624835894134 -2.369688395062254 0
      vertex 33.45385245480489 -1.308147545195113 0
      vertex 33.734195068913735 -1.5382187827597087 0
    endloop
  endfacet
  facet normal 0 0 -1
    outer loop
      vertex 33.178624835894134 -2.369688395062254 0
      vertex 33.223781217240294 -1.027804931086264 0
      vertex 33.45385245480489 -1.308147545195113 0
    endloop
  endfacet
  facet normal 0 0 -1
    outer loop
      vertex 32.74674567361834 -2.0152543263816605 0
      vertex 33.05282286485412 -0.7079643498754161 0
      vertex 33.223781217240294 -1.027804931086264 0
    endloop
  endfacet
  facet normal 0 0 -1
    outer loop
      vertex 33.67135221775949 -2.633056667657167 0
      vertex 34.05403565012458 -1.7091771351458807 0
      vertex 34.40108290427016 -1.8144527687459764 0
    endloop
  endfacet
  facet normal 0 0 -1
    outer loop
      vertex 33.67135221775949 -2.633056667657167 0
      vertex 33.734195068913735 -1.5382187827597087 0
      vertex 34.05403565012458 -1.7091771351458807 0
    endloop
  endfacet
  facet normal 0 0 -1
    outer loop
      vertex 34.205992582254034 -2.795238049149207 0
      vertex 34.40108290427016 -1.8144527687459764 0
      vertex 34.762 -1.85 0
    endloop
  endfacet
  facet normal 0 0 -1
    outer loop
      vertex 34.762 -2.85 0
      vertex 34.762 -1.85 0
      vertex 35.12291709572984 -1.8144527687459764 0
    endloop
  endfacet
  facet normal 0 0 -1
    outer loop
      vertex 35.31800741774597 -2.795238049149207 0
      vertex 35.12291709572984 -1.8144527687459764 0
      vertex 35.46996434987542 -1.7091771351458807 0
    endloop
  endfacet
  facet normal 0 0 -1
    outer loop
      vertex 35.46996434987542 -1.7091771351458807 0
      vertex 35.789804931086266 -1.5382187827597087 0
      vertex 35.85264778224051 -2.633056667657167 0
    endloop
  endfacet
  facet normal 0 0 -1
    outer loop
      vertex 32.74674567361834 -2.0152543263816605 0
      vertex 32.94754723125402 -0.36091709572983727 0
      vertex 33.05282286485412 -0.7079643498754161 0
    endloop
  endfacet
  facet normal 0 0 -1
    outer loop
      vertex 32.74674567361834 -2.0152543263816605 0
      vertex 32.912 0 0
      vertex 32.94754723125402 -0.36091709572983727 0
    endloop
  endfacet
  facet normal 0 0 -1
    outer loop
      vertex 32.392311604937746 -1.5833751641058662 0
      vertex 32.128943332342836 -1.0906477822405058 0
      vertex 32.392311604937746 1.5833751641058662 0
    endloop
  endfacet
  facet normal 0 0 -1
    outer loop
      vertex 31.966761950850795 -0.5560074177459655 0
      vertex 32.128943332342836 1.0906477822405058 0
      vertex 32.128943332342836 -1.0906477822405058 0
    endloop
  endfacet
  facet normal 0 0 -1
    outer loop
      vertex 32.392311604937746 -1.5833751641058662 0
      vertex 32.74674567361834 2.0152543263816605 0
      vertex 32.74674567361834 -2.0152543263816605 0
    endloop
  endfacet
  facet normal -0.7730104533627341 -0.6343932841636488 0
    outer loop
      vertex 32.392311604937746 -1.5833751641058662 0
      vertex 32.74674567361834 -2.0152543263816605 0
      vertex 32.392311604937746 -1.5833751641058662 1.21
    endloop
  endfacet
  facet normal -0.8819212643483574 -0.47139673682599315 0
    outer loop
      vertex 32.392311604937746 -1.5833751641058662 0
      vertex 32.128943332342836 -1.0906477822405058 1.21
      vertex 32.128943332342836 -1.0906477822405058 0
    endloop
  endfacet
  facet normal -0.9569403357322086 -0.2902846772544633 0
    outer loop
      vertex 31.966761950850795 -0.5560074177459655 0
      vertex 32.128943332342836 -1.0906477822405058 0
      vertex 31.966761950850795 -0.5560074177459655 1.21
    endloop
  endfacet
  facet normal -0.9951847266721964 -0.09801714032956622 0
    outer loop
      vertex 31.966761950850795 -0.5560074177459655 0
      vertex 31.912 0 1.21
      vertex 31.912 0 0
    endloop
  endfacet
  facet normal -0.47139673682599964 -0.881921264348354 0
    outer loop
      vertex 33.178624835894134 -2.369688395062254 0
      vertex 33.67135221775949 -2.633056667657167 1.21
      vertex 33.178624835894134 -2.369688395062254 1.21
    endloop
  endfacet
  facet normal -0.09801714032956048 -0.9951847266721969 0
    outer loop
      vertex 34.205992582254034 -2.795238049149207 0
      vertex 34.762 -2.85 1.21
      vertex 34.205992582254034 -2.795238049149207 1.21
    endloop
  endfacet
  facet normal 0.09801714032956048 -0.9951847266721969 0
    outer loop
      vertex 34.762 -2.85 0
      vertex 35.31800741774597 -2.795238049149207 1.21
      vertex 34.762 -2.85 1.21
    endloop
  endfacet
  facet normal 0.29028467725446144 -0.9569403357322092 0
    outer loop
      vertex 35.31800741774597 -2.795238049149207 0
      vertex 35.85264778224051 -2.633056667657167 1.21
      vertex 35.31800741774597 -2.795238049149207 1.21
    endloop
  endfacet
  facet normal -0.29028467725446144 -0.9569403357322092 0
    outer loop
      vertex 33.67135221775949 -2.633056667657167 0
      vertex 34.205992582254034 -2.795238049149207 1.21
      vertex 33.67135221775949 -2.633056667657167 1.21
    endloop
  endfacet
  facet normal -0.6343932841636479 -0.7730104533627349 0
    outer loop
      vertex 32.74674567361834 -2.0152543263816605 0
      vertex 33.178624835894134 -2.369688395062254 1.21
      vertex 32.74674567361834 -2.0152543263816605 1.21
    endloop
  endfacet
  facet normal -0.7730104533627341 -0.6343932841636488 0
    outer loop
      vertex 32.74674567361834 -2.0152543263816605 0
      vertex 32.74674567361834 -2.0152543263816605 1.21
      vertex 32.392311604937746 -1.5833751641058662 1.21
    endloop
  endfacet
  facet normal -0.8819212643483574 -0.47139673682599315 0
    outer loop
      vertex 32.392311604937746 -1.5833751641058662 0
      vertex 32.392311604937746 -1.5833751641058662 1.21
      vertex 32.128943332342836 -1.0906477822405058 1.21
    endloop
  endfacet
  facet normal -0.9569403357322086 -0.2902846772544633 0
    outer loop
      vertex 32.128943332342836 -1.0906477822405058 0
      vertex 32.128943332342836 -1.0906477822405058 1.21
      vertex 31.966761950850795 -0.5560074177459655 1.21
    endloop
  endfacet
  facet normal -0.9951847266721964 -0.09801714032956622 0
    outer loop
      vertex 31.966761950850795 -0.5560074177459655 0
      vertex 31.966761950850795 -0.5560074177459655 1.21
      vertex 31.912 0 1.21
    endloop
  endfacet
  facet normal 0.47139673682599964 -0.881921264348354 0
    outer loop
      vertex 35.85264778224051 -2.633056667657167 0
      vertex 36.34537516410587 -2.369688395062254 0
      vertex 36.34537516410587 -2.369688395062254 1.21
    endloop
  endfacet
  facet normal 0 0 -1
    outer loop
      vertex 35.85264778224051 -2.633056667657167 0
      vertex 36.07014754519511 -1.308147545195113 0
      vertex 36.34537516410587 -2.369688395062254 0
    endloop
  endfacet
  facet normal 0 0 -1
    outer loop
      vertex 35.789804931086266 -1.5382187827597087 0
      vertex 36.07014754519511 -1.308147545195113 0
      vertex 35.85264778224051 -2.633056667657167 0
    endloop
  endfacet
  facet normal 0 0 -1
    outer loop
      vertex 36.34537516410587 -2.369688395062254 0
      vertex 36.07014754519511 -1.308147545195113 0
      vertex 36.30021878275971 -1.027804931086264 0
    endloop
  endfacet
  facet normal 0 0 -1
    outer loop
      vertex 36.34537516410587 -2.369688395062254 0
      vertex 36.57645276874598 -0.36091709572983727 0
      vertex 36.77725432638166 -2.0152543263816605 0
    endloop
  endfacet
  facet normal 0 0 -1
    outer loop
      vertex 36.34537516410587 -2.369688395062254 0
      vertex 36.30021878275971 -1.027804931086264 0
      vertex 36.47117713514588 -0.7079643498754161 0
    endloop
  endfacet
  facet normal 0 0 -1
    outer loop
      vertex 36.34537516410587 -2.369688395062254 0
      vertex 36.47117713514588 -0.7079643498754161 0
      vertex 36.57645276874598 -0.36091709572983727 0
    endloop
  endfacet
  facet normal 0 0 -1
    outer loop
      vertex 36.77725432638166 -2.0152543263816605 0
      vertex 36.57645276874598 -0.36091709572983727 0
      vertex 36.612 0 0
    endloop
  endfacet
  facet normal 0 0 -1
    outer loop
      vertex 36.77725432638166 -2.0152543263816605 0
      vertex 37.131688395062255 1.5833751641058662 0
      vertex 37.131688395062255 -1.5833751641058662 0
    endloop
  endfacet
  facet normal 0 0 -1
    outer loop
      vertex 37.131688395062255 -1.5833751641058662 0
      vertex 37.395056667657165 1.0906477822405058 0
      vertex 37.395056667657165 -1.0906477822405058 0
    endloop
  endfacet
  facet normal 0 0 -1
    outer loop
      vertex 37.395056667657165 -1.0906477822405058 0
      vertex 37.557238049149205 0.5560074177459655 0
      vertex 37.557238049149205 -0.5560074177459655 0
    endloop
  endfacet
  facet normal 0.6343932841636479 -0.7730104533627349 0
    outer loop
      vertex 36.34537516410587 -2.369688395062254 0
      vertex 36.77725432638166 -2.0152543263816605 0
      vertex 36.77725432638166 -2.0152543263816605 1.21
    endloop
  endfacet
  facet normal 0.7730104533627341 -0.6343932841636488 0
    outer loop
      vertex 36.77725432638166 -2.0152543263816605 0
      vertex 37.131688395062255 -1.5833751641058662 0
      vertex 36.77725432638166 -2.0152543263816605 1.21
    endloop
  endfacet
  facet normal 0.8819212643483574 -0.47139673682599315 0
    outer loop
      vertex 37.131688395062255 -1.5833751641058662 0
      vertex 37.395056667657165 -1.0906477822405058 0
      vertex 37.131688395062255 -1.5833751641058662 1.21
    endloop
  endfacet
  facet normal 0.9569403357322086 -0.2902846772544633 0
    outer loop
      vertex 37.395056667657165 -1.0906477822405058 0
      vertex 37.557238049149205 -0.5560074177459655 0
      vertex 37.395056667657165 -1.0906477822405058 1.21
    endloop
  endfacet
  facet normal 0.9951847266721964 -0.09801714032956622 0
    outer loop
      vertex 37.557238049149205 -0.5560074177459655 0
      vertex 37.612 0 0
      vertex 37.557238049149205 -0.5560074177459655 1.21
    endloop
  endfacet
  facet normal 0.47139673682599964 -0.881921264348354 0
    outer loop
      vertex 35.85264778224051 -2.633056667657167 0
      vertex 36.34537516410587 -2.369688395062254 1.21
      vertex 35.85264778224051 -2.633056667657167 1.21
    endloop
  endfacet
  facet normal 0.6343932841636479 -0.7730104533627349 0
    outer loop
      vertex 36.34537516410587 -2.369688395062254 0
      vertex 36.77725432638166 -2.0152543263816605 1.21
      vertex 36.34537516410587 -2.369688395062254 1.21
    endloop
  endfacet
  facet normal 0.7730104533627341 -0.6343932841636488 0
    outer loop
      vertex 37.131688395062255 -1.5833751641058662 0
      vertex 37.131688395062255 -1.5833751641058662 1.21
      vertex 36.77725432638166 -2.0152543263816605 1.21
    endloop
  endfacet
  facet normal 0.8819212643483574 -0.47139673682599315 0
    outer loop
      vertex 37.395056667657165 -1.0906477822405058 0
      vertex 37.395056667657165 -1.0906477822405058 1.21
      vertex 37.131688395062255 -1.5833751641058662 1.21
    endloop
  endfacet
  facet normal 0.9569403357322086 -0.2902846772544633 0
    outer loop
      vertex 37.557238049149205 -0.5560074177459655 0
      vertex 37.557238049149205 -0.5560074177459655 1.21
      vertex 37.395056667657165 -1.0906477822405058 1.21
    endloop
  endfacet
  facet normal 0.9951847266721964 -0.09801714032956622 0
    outer loop
      vertex 37.612 0 0
      vertex 37.612 0 1.21
      vertex 37.557238049149205 -0.5560074177459655 1.21
    endloop
  endfacet
  facet normal 0 0 -1
    outer loop
      vertex 31.966761950850795 -0.5560074177459655 0
      vertex 31.912 0 0
      vertex 31.966761950850795 0.5560074177459655 0
    endloop
  endfacet
  facet normal 0 0 -1
    outer loop
      vertex 31.966761950850795 -0.5560074177459655 0
      vertex 31.966761950850795 0.5560074177459655 0
      vertex 32.128943332342836 1.0906477822405058 0
    endloop
  endfacet
  facet normal 0 0 -1
    outer loop
      vertex 32.128943332342836 -1.0906477822405058 0
      vertex 32.128943332342836 1.0906477822405058 0
      vertex 32.392311604937746 1.5833751641058662 0
    endloop
  endfacet
  facet normal 0 0 -1
    outer loop
      vertex 32.74674567361834 -2.0152543263816605 0
      vertex 32.74674567361834 2.0152543263816605 0
      vertex 32.912 0 0
    endloop
  endfacet
  facet normal 0 0 -1
    outer loop
      vertex 32.392311604937746 -1.5833751641058662 0
      vertex 32.392311604937746 1.5833751641058662 0
      vertex 32.74674567361834 2.0152543263816605 0
    endloop
  endfacet
  facet normal 0 0 -1
    outer loop
      vertex 32.912 0 0
      vertex 32.74674567361834 2.0152543263816605 0
      vertex 32.94754723125402 0.36091709572983727 0
    endloop
  endfacet
  facet normal 0 0 -1
    outer loop
      vertex 32.94754723125402 0.36091709572983727 0
      vertex 33.178624835894134 2.369688395062254 0
      vertex 33.05282286485412 0.7079643498754161 0
    endloop
  endfacet
  facet normal 0 0 -1
    outer loop
      vertex 32.94754723125402 0.36091709572983727 0
      vertex 32.74674567361834 2.0152543263816605 0
      vertex 33.178624835894134 2.369688395062254 0
    endloop
  endfacet
  facet normal 0 0 -1
    outer loop
      vertex 33.05282286485412 0.7079643498754161 0
      vertex 33.178624835894134 2.369688395062254 0
      vertex 33.223781217240294 1.027804931086264 0
    endloop
  endfacet
  facet normal 0 0 -1
    outer loop
      vertex 33.223781217240294 1.027804931086264 0
      vertex 33.178624835894134 2.369688395062254 0
      vertex 33.45385245480489 1.308147545195113 0
    endloop
  endfacet
  facet normal 0 0 -1
    outer loop
      vertex 33.45385245480489 1.308147545195113 0
      vertex 33.178624835894134 2.369688395062254 0
      vertex 33.67135221775949 2.633056667657167 0
    endloop
  endfacet
  facet normal 0 0 -1
    outer loop
      vertex 33.45385245480489 1.308147545195113 0
      vertex 33.67135221775949 2.633056667657167 0
      vertex 33.734195068913735 1.5382187827597087 0
    endloop
  endfacet
  facet normal 0 0 -1
    outer loop
      vertex 33.734195068913735 1.5382187827597087 0
      vertex 33.67135221775949 2.633056667657167 0
      vertex 34.05403565012458 1.7091771351458807 0
    endloop
  endfacet
  facet normal 0 0 -1
    outer loop
      vertex 34.05403565012458 1.7091771351458807 0
      vertex 34.205992582254034 2.795238049149207 0
      vertex 34.40108290427016 1.8144527687459764 0
    endloop
  endfacet
  facet normal 0 0 -1
    outer loop
      vertex 34.40108290427016 1.8144527687459764 0
      vertex 34.762 2.85 0
      vertex 34.762 1.85 0
    endloop
  endfacet
  facet normal 0 0 -1
    outer loop
      vertex 34.762 1.85 0
      vertex 35.31800741774597 2.795238049149207 0
      vertex 35.12291709572984 1.8144527687459764 0
    endloop
  endfacet
  facet normal 0 0 -1
    outer loop
      vertex 35.46996434987542 1.7091771351458807 0
      vertex 35.85264778224051 2.633056667657167 0
      vertex 35.789804931086266 1.5382187827597087 0
    endloop
  endfacet
  facet normal 0 0 -1
    outer loop
      vertex 35.46996434987542 1.7091771351458807 0
      vertex 35.12291709572984 1.8144527687459764 0
      vertex 35.85264778224051 2.633056667657167 0
    endloop
  endfacet
  facet normal -0.9951847266721964 0.09801714032956622 0
    outer loop
      vertex 31.912 0 0
      vertex 31.966761950850795 0.5560074177459655 1.21
      vertex 31.966761950850795 0.5560074177459655 0
    endloop
  endfacet
  facet normal -0.9569403357322086 0.2902846772544633 0
    outer loop
      vertex 31.966761950850795 0.5560074177459655 0
      vertex 32.128943332342836 1.0906477822405058 1.21
      vertex 32.128943332342836 1.0906477822405058 0
    endloop
  endfacet
  facet normal -0.8819212643483574 0.47139673682599315 0
    outer loop
      vertex 32.128943332342836 1.0906477822405058 0
      vertex 32.392311604937746 1.5833751641058662 1.21
      vertex 32.392311604937746 1.5833751641058662 0
    endloop
  endfacet
  facet normal -0.7730104533627341 0.6343932841636488 0
    outer loop
      vertex 32.392311604937746 1.5833751641058662 0
      vertex 32.74674567361834 2.0152543263816605 1.21
      vertex 32.74674567361834 2.0152543263816605 0
    endloop
  endfacet
  facet normal -0.6343932841636479 0.7730104533627349 0
    outer loop
      vertex 32.74674567361834 2.0152543263816605 0
      vertex 32.74674567361834 2.0152543263816605 1.21
      vertex 33.178624835894134 2.369688395062254 0
    endloop
  endfacet
  facet normal 0 0 -1
    outer loop
      vertex 34.05403565012458 1.7091771351458807 0
      vertex 33.67135221775949 2.633056667657167 0
      vertex 34.205992582254034 2.795238049149207 0
    endloop
  endfacet
  facet normal 0 0 -1
    outer loop
      vertex 34.40108290427016 1.8144527687459764 0
      vertex 34.205992582254034 2.795238049149207 0
      vertex 34.762 2.85 0
    endloop
  endfacet
  facet normal 0 0 -1
    outer loop
      vertex 35.12291709572984 1.8144527687459764 0
      vertex 35.31800741774597 2.795238049149207 0
      vertex 35.85264778224051 2.633056667657167 0
    endloop
  endfacet
  facet normal 0 0 -1
    outer loop
      vertex 34.762 1.85 0
      vertex 34.762 2.85 0
      vertex 35.31800741774597 2.795238049149207 0
    endloop
  endfacet
  facet normal -0.47139673682599964 0.881921264348354 0
    outer loop
      vertex 33.178624835894134 2.369688395062254 0
      vertex 33.178624835894134 2.369688395062254 1.21
      vertex 33.67135221775949 2.633056667657167 0
    endloop
  endfacet
  facet normal -0.29028467725446144 0.9569403357322092 0
    outer loop
      vertex 33.67135221775949 2.633056667657167 0
      vertex 33.67135221775949 2.633056667657167 1.21
      vertex 34.205992582254034 2.795238049149207 0
    endloop
  endfacet
  facet normal -0.09801714032956048 0.9951847266721969 0
    outer loop
      vertex 34.205992582254034 2.795238049149207 0
      vertex 34.205992582254034 2.795238049149207 1.21
      vertex 34.762 2.85 0
    endloop
  endfacet
  facet normal 0.09801714032956048 0.9951847266721969 0
    outer loop
      vertex 34.762 2.85 0
      vertex 34.762 2.85 1.21
      vertex 35.31800741774597 2.795238049149207 0
    endloop
  endfacet
  facet normal 0.29028467725446144 0.9569403357322092 0
    outer loop
      vertex 35.31800741774597 2.795238049149207 0
      vertex 35.31800741774597 2.795238049149207 1.21
      vertex 35.85264778224051 2.633056667657167 0
    endloop
  endfacet
  facet normal -0.9951847266721964 0.09801714032956622 0
    outer loop
      vertex 31.912 0 0
      vertex 31.912 0 1.21
      vertex 31.966761950850795 0.5560074177459655 1.21
    endloop
  endfacet
  facet normal -0.9569403357322086 0.2902846772544633 0
    outer loop
      vertex 31.966761950850795 0.5560074177459655 0
      vertex 31.966761950850795 0.5560074177459655 1.21
      vertex 32.128943332342836 1.0906477822405058 1.21
    endloop
  endfacet
  facet normal -0.8819212643483574 0.47139673682599315 0
    outer loop
      vertex 32.128943332342836 1.0906477822405058 0
      vertex 32.128943332342836 1.0906477822405058 1.21
      vertex 32.392311604937746 1.5833751641058662 1.21
    endloop
  endfacet
  facet normal -0.7730104533627341 0.6343932841636488 0
    outer loop
      vertex 32.392311604937746 1.5833751641058662 0
      vertex 32.392311604937746 1.5833751641058662 1.21
      vertex 32.74674567361834 2.0152543263816605 1.21
    endloop
  endfacet
  facet normal -0.6343932841636479 0.7730104533627349 0
    outer loop
      vertex 33.178624835894134 2.369688395062254 0
      vertex 32.74674567361834 2.0152543263816605 1.21
      vertex 33.178624835894134 2.369688395062254 1.21
    endloop
  endfacet
  facet normal -0.47139673682599964 0.881921264348354 0
    outer loop
      vertex 33.67135221775949 2.633056667657167 0
      vertex 33.178624835894134 2.369688395062254 1.21
      vertex 33.67135221775949 2.633056667657167 1.21
    endloop
  endfacet
  facet normal 0.29028467725446144 0.9569403357322092 0
    outer loop
      vertex 35.85264778224051 2.633056667657167 0
      vertex 35.31800741774597 2.795238049149207 1.21
      vertex 35.85264778224051 2.633056667657167 1.21
    endloop
  endfacet
  facet normal -0.29028467725446144 0.9569403357322092 0
    outer loop
      vertex 34.205992582254034 2.795238049149207 0
      vertex 33.67135221775949 2.633056667657167 1.21
      vertex 34.205992582254034 2.795238049149207 1.21
    endloop
  endfacet
  facet normal -0.09801714032956048 0.9951847266721969 0
    outer loop
      vertex 34.762 2.85 0
      vertex 34.205992582254034 2.795238049149207 1.21
      vertex 34.762 2.85 1.21
    endloop
  endfacet
  facet normal 0.09801714032956048 0.9951847266721969 0
    outer loop
      vertex 35.31800741774597 2.795238049149207 0
      vertex 34.762 2.85 1.21
      vertex 35.31800741774597 2.795238049149207 1.21
    endloop
  endfacet
  facet normal 0 0 -1
    outer loop
      vertex 36.77725432638166 -2.0152543263816605 0
      vertex 36.612 0 0
      vertex 36.77725432638166 2.0152543263816605 0
    endloop
  endfacet
  facet normal 0 0 -1
    outer loop
      vertex 36.77725432638166 -2.0152543263816605 0
      vertex 36.77725432638166 2.0152543263816605 0
      vertex 37.131688395062255 1.5833751641058662 0
    endloop
  endfacet
  facet normal 0 0 -1
    outer loop
      vertex 37.395056667657165 -1.0906477822405058 0
      vertex 37.395056667657165 1.0906477822405058 0
      vertex 37.557238049149205 0.5560074177459655 0
    endloop
  endfacet
  facet normal 0 0 -1
    outer loop
      vertex 37.557238049149205 -0.5560074177459655 0
      vertex 37.557238049149205 0.5560074177459655 0
      vertex 37.612 0 0
    endloop
  endfacet
  facet normal 0 0 -1
    outer loop
      vertex 37.131688395062255 -1.5833751641058662 0
      vertex 37.131688395062255 1.5833751641058662 0
      vertex 37.395056667657165 1.0906477822405058 0
    endloop
  endfacet
  facet normal 0 0 -1
    outer loop
      vertex 36.612 0 0
      vertex 36.57645276874598 0.36091709572983727 0
      vertex 36.77725432638166 2.0152543263816605 0
    endloop
  endfacet
  facet normal 0 0 -1
    outer loop
      vertex 36.57645276874598 0.36091709572983727 0
      vertex 36.47117713514588 0.7079643498754161 0
      vertex 36.77725432638166 2.0152543263816605 0
    endloop
  endfacet
  facet normal 0 0 -1
    outer loop
      vertex 36.47117713514588 0.7079643498754161 0
      vertex 36.30021878275971 1.027804931086264 0
      vertex 36.77725432638166 2.0152543263816605 0
    endloop
  endfacet
  facet normal 0 0 -1
    outer loop
      vertex 36.07014754519511 1.308147545195113 0
      vertex 36.34537516410587 2.369688395062254 0
      vertex 36.30021878275971 1.027804931086264 0
    endloop
  endfacet
  facet normal 0 0 -1
    outer loop
      vertex 35.789804931086266 1.5382187827597087 0
      vertex 36.34537516410587 2.369688395062254 0
      vertex 36.07014754519511 1.308147545195113 0
    endloop
  endfacet
  facet normal 0 0 -1
    outer loop
      vertex 36.30021878275971 1.027804931086264 0
      vertex 36.34537516410587 2.369688395062254 0
      vertex 36.77725432638166 2.0152543263816605 0
    endloop
  endfacet
  facet normal 0.9951847266721964 0.09801714032956622 0
    outer loop
      vertex 37.612 0 0
      vertex 37.557238049149205 0.5560074177459655 0
      vertex 37.612 0 1.21
    endloop
  endfacet
  facet normal 0.9569403357322086 0.2902846772544633 0
    outer loop
      vertex 37.557238049149205 0.5560074177459655 0
      vertex 37.395056667657165 1.0906477822405058 0
      vertex 37.557238049149205 0.5560074177459655 1.21
    endloop
  endfacet
  facet normal 0.8819212643483574 0.47139673682599315 0
    outer loop
      vertex 37.395056667657165 1.0906477822405058 0
      vertex 37.131688395062255 1.5833751641058662 0
      vertex 37.395056667657165 1.0906477822405058 1.21
    endloop
  endfacet
  facet normal 0.7730104533627341 0.6343932841636488 0
    outer loop
      vertex 36.77725432638166 2.0152543263816605 0
      vertex 37.131688395062255 1.5833751641058662 1.21
      vertex 37.131688395062255 1.5833751641058662 0
    endloop
  endfacet
  facet normal 0 0 -1
    outer loop
      vertex 35.789804931086266 1.5382187827597087 0
      vertex 35.85264778224051 2.633056667657167 0
      vertex 36.34537516410587 2.369688395062254 0
    endloop
  endfacet
  facet normal 0.6343932841636479 0.7730104533627349 0
    outer loop
      vertex 36.34537516410587 2.369688395062254 0
      vertex 36.34537516410587 2.369688395062254 1.21
      vertex 36.77725432638166 2.0152543263816605 0
    endloop
  endfacet
  facet normal 0.47139673682599964 0.881921264348354 0
    outer loop
      vertex 36.34537516410587 2.369688395062254 0
      vertex 35.85264778224051 2.633056667657167 0
      vertex 35.85264778224051 2.633056667657167 1.21
    endloop
  endfacet
  facet normal 0.9951847266721964 0.09801714032956622 0
    outer loop
      vertex 37.557238049149205 0.5560074177459655 0
      vertex 37.557238049149205 0.5560074177459655 1.21
      vertex 37.612 0 1.21
    endloop
  endfacet
  facet normal 0.9569403357322086 0.2902846772544633 0
    outer loop
      vertex 37.395056667657165 1.0906477822405058 0
      vertex 37.395056667657165 1.0906477822405058 1.21
      vertex 37.557238049149205 0.5560074177459655 1.21
    endloop
  endfacet
  facet normal 0.8819212643483574 0.47139673682599315 0
    outer loop
      vertex 37.131688395062255 1.5833751641058662 0
      vertex 37.131688395062255 1.5833751641058662 1.21
      vertex 37.395056667657165 1.0906477822405058 1.21
    endloop
  endfacet
  facet normal 0.7730104533627341 0.6343932841636488 0
    outer loop
      vertex 36.77725432638166 2.0152543263816605 0
      vertex 36.77725432638166 2.0152543263816605 1.21
      vertex 37.131688395062255 1.5833751641058662 1.21
    endloop
  endfacet
  facet normal 0.6343932841636479 0.7730104533627349 0
    outer loop
      vertex 36.77725432638166 2.0152543263816605 0
      vertex 36.34537516410587 2.369688395062254 1.21
      vertex 36.77725432638166 2.0152543263816605 1.21
    endloop
  endfacet
  facet normal 0.47139673682599964 0.881921264348354 0
    outer loop
      vertex 36.34537516410587 2.369688395062254 0
      vertex 35.85264778224051 2.633056667657167 1.21
      vertex 36.34537516410587 2.369688395062254 1.21
    endloop
  endfacet
  facet normal 0 0 -1
    outer loop
      vertex 105.70262483589414 -2.369688395062254 0
      vertex 106.25819506891374 -1.5382187827597087 0
      vertex 106.19535221775949 -2.633056667657167 0
    endloop
  endfacet
  facet normal 0 0 -1
    outer loop
      vertex 106.72999258225404 -2.795238049149207 0
      vertex 107.286 -1.85 0
      vertex 107.286 -2.85 0
    endloop
  endfacet
  facet normal 0 0 -1
    outer loop
      vertex 106.19535221775949 -2.633056667657167 0
      vertex 106.92508290427017 -1.8144527687459764 0
      vertex 106.72999258225404 -2.795238049149207 0
    endloop
  endfacet
  facet normal -0.29028467725445795 -0.9569403357322103 0
    outer loop
      vertex 106.19535221775949 -2.633056667657167 0
      vertex 106.72999258225404 -2.795238049149207 0
      vertex 106.72999258225404 -2.795238049149207 1.21
    endloop
  endfacet
  facet normal -0.09801714032956171 -0.9951847266721968 0
    outer loop
      vertex 106.72999258225404 -2.795238049149207 0
      vertex 107.286 -2.85 0
      vertex 107.286 -2.85 1.21
    endloop
  endfacet
  facet normal -0.4713967368260049 -0.881921264348351 0
    outer loop
      vertex 105.70262483589414 -2.369688395062254 0
      vertex 106.19535221775949 -2.633056667657167 0
      vertex 106.19535221775949 -2.633056667657167 1.21
    endloop
  endfacet
  facet normal -0.6343932841636355 -0.7730104533627451 0
    outer loop
      vertex 105.27074567361834 -2.0152543263816605 0
      vertex 105.70262483589414 -2.369688395062254 0
      vertex 105.70262483589414 -2.369688395062254 1.21
    endloop
  endfacet
  facet normal 0 0 -1
    outer loop
      vertex 105.27074567361834 -2.0152543263816605 0
      vertex 105.74778121724029 -1.027804931086264 0
      vertex 105.70262483589414 -2.369688395062254 0
    endloop
  endfacet
  facet normal 0 0 -1
    outer loop
      vertex 105.70262483589414 -2.369688395062254 0
      vertex 105.97785245480489 -1.308147545195113 0
      vertex 106.25819506891374 -1.5382187827597087 0
    endloop
  endfacet
  facet normal 0 0 -1
    outer loop
      vertex 106.19535221775949 -2.633056667657167 0
      vertex 106.57803565012459 -1.7091771351458807 0
      vertex 106.92508290427017 -1.8144527687459764 0
    endloop
  endfacet
  facet normal 0 0 -1
    outer loop
      vertex 106.19535221775949 -2.633056667657167 0
      vertex 106.25819506891374 -1.5382187827597087 0
      vertex 106.57803565012459 -1.7091771351458807 0
    endloop
  endfacet
  facet normal 0 0 -1
    outer loop
      vertex 106.72999258225404 -2.795238049149207 0
      vertex 106.92508290427017 -1.8144527687459764 0
      vertex 107.286 -1.85 0
    endloop
  endfacet
  facet normal 0 0 -1
    outer loop
      vertex 105.70262483589414 -2.369688395062254 0
      vertex 105.74778121724029 -1.027804931086264 0
      vertex 105.97785245480489 -1.308147545195113 0
    endloop
  endfacet
  facet normal 0 0 -1
    outer loop
      vertex 105.27074567361834 -2.0152543263816605 0
      vertex 105.57682286485412 -0.7079643498754161 0
      vertex 105.74778121724029 -1.027804931086264 0
    endloop
  endfacet
  facet normal 0 0 -1
    outer loop
      vertex 104.65294333234283 -1.0906477822405058 0
      vertex 104.91631160493775 1.5833751641058662 0
      vertex 104.91631160493775 -1.5833751641058662 0
    endloop
  endfacet
  facet normal 0 0 -1
    outer loop
      vertex 104.65294333234283 -1.0906477822405058 0
      vertex 104.4907619508508 -0.5560074177459655 0
      vertex 104.65294333234283 1.0906477822405058 0
    endloop
  endfacet
  facet normal 0 0 -1
    outer loop
      vertex 105.27074567361834 -2.0152543263816605 0
      vertex 105.47154723125402 -0.36091709572983727 0
      vertex 105.57682286485412 -0.7079643498754161 0
    endloop
  endfacet
  facet normal 0 0 -1
    outer loop
      vertex 105.27074567361834 -2.0152543263816605 0
      vertex 105.436 0 0
      vertex 105.47154723125402 -0.36091709572983727 0
    endloop
  endfacet
  facet normal 0 0 -1
    outer loop
      vertex 104.91631160493775 -1.5833751641058662 0
      vertex 105.27074567361834 2.0152543263816605 0
      vertex 105.27074567361834 -2.0152543263816605 0
    endloop
  endfacet
  facet normal -0.7730104533627405 -0.6343932841636413 0
    outer loop
      vertex 104.91631160493775 -1.5833751641058662 0
      vertex 105.27074567361834 -2.0152543263816605 0
      vertex 104.91631160493775 -1.5833751641058662 1.21
    endloop
  endfacet
  facet normal -0.881921264348352 -0.471396736826003 0
    outer loop
      vertex 104.65294333234283 -1.0906477822405058 0
      vertex 104.91631160493775 -1.5833751641058662 0
      vertex 104.65294333234283 -1.0906477822405058 1.21
    endloop
  endfacet
  facet normal -0.9569403357322122 -0.2902846772544516 0
    outer loop
      vertex 104.65294333234283 -1.0906477822405058 0
      vertex 104.4907619508508 -0.5560074177459655 1.21
      vertex 104.4907619508508 -0.5560074177459655 0
    endloop
  endfacet
  facet normal -0.9951847266721975 -0.09801714032955361 0
    outer loop
      vertex 104.4907619508508 -0.5560074177459655 0
      vertex 104.436 0 1.21
      vertex 104.436 0 0
    endloop
  endfacet
  facet normal -0.09801714032956171 -0.9951847266721968 0
    outer loop
      vertex 106.72999258225404 -2.795238049149207 0
      vertex 107.286 -2.85 1.21
      vertex 106.72999258225404 -2.795238049149207 1.21
    endloop
  endfacet
  facet normal -0.4713967368260049 -0.881921264348351 0
    outer loop
      vertex 105.70262483589414 -2.369688395062254 0
      vertex 106.19535221775949 -2.633056667657167 1.21
      vertex 105.70262483589414 -2.369688395062254 1.21
    endloop
  endfacet
  facet normal -0.29028467725445795 -0.9569403357322103 0
    outer loop
      vertex 106.19535221775949 -2.633056667657167 0
      vertex 106.72999258225404 -2.795238049149207 1.21
      vertex 106.19535221775949 -2.633056667657167 1.21
    endloop
  endfacet
  facet normal -0.881921264348352 -0.471396736826003 0
    outer loop
      vertex 104.91631160493775 -1.5833751641058662 0
      vertex 104.91631160493775 -1.5833751641058662 1.21
      vertex 104.65294333234283 -1.0906477822405058 1.21
    endloop
  endfacet
  facet normal -0.6343932841636355 -0.7730104533627451 0
    outer loop
      vertex 105.27074567361834 -2.0152543263816605 0
      vertex 105.70262483589414 -2.369688395062254 1.21
      vertex 105.27074567361834 -2.0152543263816605 1.21
    endloop
  endfacet
  facet normal -0.7730104533627405 -0.6343932841636413 0
    outer loop
      vertex 105.27074567361834 -2.0152543263816605 0
      vertex 105.27074567361834 -2.0152543263816605 1.21
      vertex 104.91631160493775 -1.5833751641058662 1.21
    endloop
  endfacet
  facet normal -0.9569403357322122 -0.2902846772544516 0
    outer loop
      vertex 104.65294333234283 -1.0906477822405058 0
      vertex 104.65294333234283 -1.0906477822405058 1.21
      vertex 104.4907619508508 -0.5560074177459655 1.21
    endloop
  endfacet
  facet normal -0.9951847266721975 -0.09801714032955361 0
    outer loop
      vertex 104.4907619508508 -0.5560074177459655 0
      vertex 104.4907619508508 -0.5560074177459655 1.21
      vertex 104.436 0 1.21
    endloop
  endfacet
  facet normal 0 0 -1
    outer loop
      vertex 107.286 -2.85 0
      vertex 107.64691709572983 -1.8144527687459764 0
      vertex 107.84200741774596 -2.795238049149207 0
    endloop
  endfacet
  facet normal 0 0 -1
    outer loop
      vertex 107.84200741774596 -2.795238049149207 0
      vertex 107.99396434987541 -1.7091771351458807 0
      vertex 108.37664778224051 -2.633056667657167 0
    endloop
  endfacet
  facet normal 0.09801714032956171 -0.9951847266721968 0
    outer loop
      vertex 107.286 -2.85 0
      vertex 107.84200741774596 -2.795238049149207 0
      vertex 107.84200741774596 -2.795238049149207 1.21
    endloop
  endfacet
  facet normal 0.29028467725445795 -0.9569403357322103 0
    outer loop
      vertex 107.84200741774596 -2.795238049149207 0
      vertex 108.37664778224051 -2.633056667657167 0
      vertex 108.37664778224051 -2.633056667657167 1.21
    endloop
  endfacet
  facet normal 0.4713967368260049 -0.881921264348351 0
    outer loop
      vertex 108.37664778224051 -2.633056667657167 0
      vertex 108.86937516410586 -2.369688395062254 0
      vertex 108.86937516410586 -2.369688395062254 1.21
    endloop
  endfacet
  facet normal 0 0 -1
    outer loop
      vertex 107.286 -2.85 0
      vertex 107.286 -1.85 0
      vertex 107.64691709572983 -1.8144527687459764 0
    endloop
  endfacet
  facet normal 0 0 -1
    outer loop
      vertex 107.84200741774596 -2.795238049149207 0
      vertex 107.64691709572983 -1.8144527687459764 0
      vertex 107.99396434987541 -1.7091771351458807 0
    endloop
  endfacet
  facet normal 0 0 -1
    outer loop
      vertex 108.37664778224051 -2.633056667657167 0
      vertex 107.99396434987541 -1.7091771351458807 0
      vertex 108.31380493108627 -1.5382187827597087 0
    endloop
  endfacet
  facet normal 0 0 -1
    outer loop
      vertex 108.37664778224051 -2.633056667657167 0
      vertex 108.31380493108627 -1.5382187827597087 0
      vertex 108.59414754519511 -1.308147545195113 0
    endloop
  endfacet
  facet normal 0 0 -1
    outer loop
      vertex 108.37664778224051 -2.633056667657167 0
      vertex 108.59414754519511 -1.308147545195113 0
      vertex 108.86937516410586 -2.369688395062254 0
    endloop
  endfacet
  facet normal 0 0 -1
    outer loop
      vertex 108.86937516410586 -2.369688395062254 0
      vertex 108.59414754519511 -1.308147545195113 0
      vertex 108.82421878275971 -1.027804931086264 0
    endloop
  endfacet
  facet normal 0 0 -1
    outer loop
      vertex 108.86937516410586 -2.369688395062254 0
      vertex 108.82421878275971 -1.027804931086264 0
      vertex 108.99517713514588 -0.7079643498754161 0
    endloop
  endfacet
  facet normal 0 0 -1
    outer loop
      vertex 108.86937516410586 -2.369688395062254 0
      vertex 109.10045276874598 -0.36091709572983727 0
      vertex 109.30125432638167 -2.0152543263816605 0
    endloop
  endfacet
  facet normal 0 0 -1
    outer loop
      vertex 108.86937516410586 -2.369688395062254 0
      vertex 108.99517713514588 -0.7079643498754161 0
      vertex 109.10045276874598 -0.36091709572983727 0
    endloop
  endfacet
  facet normal 0 0 -1
    outer loop
      vertex 109.30125432638167 -2.0152543263816605 0
      vertex 109.10045276874598 -0.36091709572983727 0
      vertex 109.136 0 0
    endloop
  endfacet
  facet normal 0 0 -1
    outer loop
      vertex 109.30125432638167 -2.0152543263816605 0
      vertex 109.65568839506226 1.5833751641058662 0
      vertex 109.65568839506226 -1.5833751641058662 0
    endloop
  endfacet
  facet normal 0 0 -1
    outer loop
      vertex 109.65568839506226 -1.5833751641058662 0
      vertex 109.91905666765717 1.0906477822405058 0
      vertex 109.91905666765717 -1.0906477822405058 0
    endloop
  endfacet
  facet normal 0 0 -1
    outer loop
      vertex 109.91905666765717 -1.0906477822405058 0
      vertex 110.0812380491492 0.5560074177459655 0
      vertex 110.0812380491492 -0.5560074177459655 0
    endloop
  endfacet
  facet normal 0.6343932841636355 -0.7730104533627451 0
    outer loop
      vertex 108.86937516410586 -2.369688395062254 0
      vertex 109.30125432638167 -2.0152543263816605 0
      vertex 109.30125432638167 -2.0152543263816605 1.21
    endloop
  endfacet
  facet normal 0.7730104533627405 -0.6343932841636413 0
    outer loop
      vertex 109.30125432638167 -2.0152543263816605 0
      vertex 109.65568839506226 -1.5833751641058662 0
      vertex 109.30125432638167 -2.0152543263816605 1.21
    endloop
  endfacet
  facet normal 0.881921264348352 -0.471396736826003 0
    outer loop
      vertex 109.65568839506226 -1.5833751641058662 0
      vertex 109.91905666765717 -1.0906477822405058 0
      vertex 109.65568839506226 -1.5833751641058662 1.21
    endloop
  endfacet
  facet normal 0.9569403357322122 -0.2902846772544516 0
    outer loop
      vertex 109.91905666765717 -1.0906477822405058 0
      vertex 110.0812380491492 -0.5560074177459655 0
      vertex 109.91905666765717 -1.0906477822405058 1.21
    endloop
  endfacet
  facet normal 0.9951847266721975 -0.09801714032955361 0
    outer loop
      vertex 110.0812380491492 -0.5560074177459655 0
      vertex 110.136 0 0
      vertex 110.0812380491492 -0.5560074177459655 1.21
    endloop
  endfacet
  facet normal 0.09801714032956171 -0.9951847266721968 0
    outer loop
      vertex 107.286 -2.85 0
      vertex 107.84200741774596 -2.795238049149207 1.21
      vertex 107.286 -2.85 1.21
    endloop
  endfacet
  facet normal 0.29028467725445795 -0.9569403357322103 0
    outer loop
      vertex 107.84200741774596 -2.795238049149207 0
      vertex 108.37664778224051 -2.633056667657167 1.21
      vertex 107.84200741774596 -2.795238049149207 1.21
    endloop
  endfacet
  facet normal 0.4713967368260049 -0.881921264348351 0
    outer loop
      vertex 108.37664778224051 -2.633056667657167 0
      vertex 108.86937516410586 -2.369688395062254 1.21
      vertex 108.37664778224051 -2.633056667657167 1.21
    endloop
  endfacet
  facet normal 0.6343932841636355 -0.7730104533627451 0
    outer loop
      vertex 108.86937516410586 -2.369688395062254 0
      vertex 109.30125432638167 -2.0152543263816605 1.21
      vertex 108.86937516410586 -2.369688395062254 1.21
    endloop
  endfacet
  facet normal 0.7730104533627405 -0.6343932841636413 0
    outer loop
      vertex 109.65568839506226 -1.5833751641058662 0
      vertex 109.65568839506226 -1.5833751641058662 1.21
      vertex 109.30125432638167 -2.0152543263816605 1.21
    endloop
  endfacet
  facet normal 0.881921264348352 -0.471396736826003 0
    outer loop
      vertex 109.91905666765717 -1.0906477822405058 0
      vertex 109.91905666765717 -1.0906477822405058 1.21
      vertex 109.65568839506226 -1.5833751641058662 1.21
    endloop
  endfacet
  facet normal 0.9569403357322122 -0.2902846772544516 0
    outer loop
      vertex 110.0812380491492 -0.5560074177459655 0
      vertex 110.0812380491492 -0.5560074177459655 1.21
      vertex 109.91905666765717 -1.0906477822405058 1.21
    endloop
  endfacet
  facet normal 0.9951847266721975 -0.09801714032955361 0
    outer loop
      vertex 110.136 0 0
      vertex 110.136 0 1.21
      vertex 110.0812380491492 -0.5560074177459655 1.21
    endloop
  endfacet
  facet normal 0 0 -1
    outer loop
      vertex 104.4907619508508 -0.5560074177459655 0
      vertex 104.436 0 0
      vertex 104.4907619508508 0.5560074177459655 0
    endloop
  endfacet
  facet normal 0 0 -1
    outer loop
      vertex 104.4907619508508 -0.5560074177459655 0
      vertex 104.4907619508508 0.5560074177459655 0
      vertex 104.65294333234283 1.0906477822405058 0
    endloop
  endfacet
  facet normal 0 0 -1
    outer loop
      vertex 104.65294333234283 -1.0906477822405058 0
      vertex 104.65294333234283 1.0906477822405058 0
      vertex 104.91631160493775 1.5833751641058662 0
    endloop
  endfacet
  facet normal 0 0 -1
    outer loop
      vertex 104.91631160493775 -1.5833751641058662 0
      vertex 104.91631160493775 1.5833751641058662 0
      vertex 105.27074567361834 2.0152543263816605 0
    endloop
  endfacet
  facet normal 0 0 -1
    outer loop
      vertex 105.27074567361834 -2.0152543263816605 0
      vertex 105.27074567361834 2.0152543263816605 0
      vertex 105.436 0 0
    endloop
  endfacet
  facet normal 0 0 -1
    outer loop
      vertex 105.436 0 0
      vertex 105.27074567361834 2.0152543263816605 0
      vertex 105.47154723125402 0.36091709572983727 0
    endloop
  endfacet
  facet normal 0 0 -1
    outer loop
      vertex 105.47154723125402 0.36091709572983727 0
      vertex 105.70262483589414 2.369688395062254 0
      vertex 105.57682286485412 0.7079643498754161 0
    endloop
  endfacet
  facet normal 0 0 -1
    outer loop
      vertex 105.47154723125402 0.36091709572983727 0
      vertex 105.27074567361834 2.0152543263816605 0
      vertex 105.70262483589414 2.369688395062254 0
    endloop
  endfacet
  facet normal 0 0 -1
    outer loop
      vertex 105.57682286485412 0.7079643498754161 0
      vertex 105.70262483589414 2.369688395062254 0
      vertex 105.74778121724029 1.027804931086264 0
    endloop
  endfacet
  facet normal 0 0 -1
    outer loop
      vertex 105.74778121724029 1.027804931086264 0
      vertex 105.70262483589414 2.369688395062254 0
      vertex 105.97785245480489 1.308147545195113 0
    endloop
  endfacet
  facet normal 0 0 -1
    outer loop
      vertex 105.97785245480489 1.308147545195113 0
      vertex 106.19535221775949 2.633056667657167 0
      vertex 106.25819506891374 1.5382187827597087 0
    endloop
  endfacet
  facet normal 0 0 -1
    outer loop
      vertex 105.97785245480489 1.308147545195113 0
      vertex 105.70262483589414 2.369688395062254 0
      vertex 106.19535221775949 2.633056667657167 0
    endloop
  endfacet
  facet normal 0 0 -1
    outer loop
      vertex 106.25819506891374 1.5382187827597087 0
      vertex 106.19535221775949 2.633056667657167 0
      vertex 106.57803565012459 1.7091771351458807 0
    endloop
  endfacet
  facet normal 0 0 -1
    outer loop
      vertex 106.57803565012459 1.7091771351458807 0
      vertex 106.72999258225404 2.795238049149207 0
      vertex 106.92508290427017 1.8144527687459764 0
    endloop
  endfacet
  facet normal 0 0 -1
    outer loop
      vertex 106.92508290427017 1.8144527687459764 0
      vertex 107.286 2.85 0
      vertex 107.286 1.85 0
    endloop
  endfacet
  facet normal -0.9951847266721975 0.09801714032955361 0
    outer loop
      vertex 104.436 0 0
      vertex 104.4907619508508 0.5560074177459655 1.21
      vertex 104.4907619508508 0.5560074177459655 0
    endloop
  endfacet
  facet normal -0.9569403357322122 0.2902846772544516 0
    outer loop
      vertex 104.4907619508508 0.5560074177459655 0
      vertex 104.65294333234283 1.0906477822405058 1.21
      vertex 104.65294333234283 1.0906477822405058 0
    endloop
  endfacet
  facet normal -0.881921264348352 0.471396736826003 0
    outer loop
      vertex 104.65294333234283 1.0906477822405058 0
      vertex 104.91631160493775 1.5833751641058662 1.21
      vertex 104.91631160493775 1.5833751641058662 0
    endloop
  endfacet
  facet normal -0.7730104533627405 0.6343932841636413 0
    outer loop
      vertex 104.91631160493775 1.5833751641058662 0
      vertex 105.27074567361834 2.0152543263816605 1.21
      vertex 105.27074567361834 2.0152543263816605 0
    endloop
  endfacet
  facet normal -0.6343932841636355 0.7730104533627451 0
    outer loop
      vertex 105.27074567361834 2.0152543263816605 0
      vertex 105.27074567361834 2.0152543263816605 1.21
      vertex 105.70262483589414 2.369688395062254 0
    endloop
  endfacet
  facet normal 0 0 -1
    outer loop
      vertex 106.57803565012459 1.7091771351458807 0
      vertex 106.19535221775949 2.633056667657167 0
      vertex 106.72999258225404 2.795238049149207 0
    endloop
  endfacet
  facet normal 0 0 -1
    outer loop
      vertex 106.92508290427017 1.8144527687459764 0
      vertex 106.72999258225404 2.795238049149207 0
      vertex 107.286 2.85 0
    endloop
  endfacet
  facet normal -0.4713967368260049 0.881921264348351 0
    outer loop
      vertex 105.70262483589414 2.369688395062254 0
      vertex 105.70262483589414 2.369688395062254 1.21
      vertex 106.19535221775949 2.633056667657167 0
    endloop
  endfacet
  facet normal -0.29028467725445795 0.9569403357322103 0
    outer loop
      vertex 106.19535221775949 2.633056667657167 0
      vertex 106.19535221775949 2.633056667657167 1.21
      vertex 106.72999258225404 2.795238049149207 0
    endloop
  endfacet
  facet normal -0.09801714032956171 0.9951847266721968 0
    outer loop
      vertex 106.72999258225404 2.795238049149207 0
      vertex 106.72999258225404 2.795238049149207 1.21
      vertex 107.286 2.85 0
    endloop
  endfacet
  facet normal -0.9951847266721975 0.09801714032955361 0
    outer loop
      vertex 104.436 0 0
      vertex 104.436 0 1.21
      vertex 104.4907619508508 0.5560074177459655 1.21
    endloop
  endfacet
  facet normal -0.9569403357322122 0.2902846772544516 0
    outer loop
      vertex 104.4907619508508 0.5560074177459655 0
      vertex 104.4907619508508 0.5560074177459655 1.21
      vertex 104.65294333234283 1.0906477822405058 1.21
    endloop
  endfacet
  facet normal -0.881921264348352 0.471396736826003 0
    outer loop
      vertex 104.65294333234283 1.0906477822405058 0
      vertex 104.65294333234283 1.0906477822405058 1.21
      vertex 104.91631160493775 1.5833751641058662 1.21
    endloop
  endfacet
  facet normal -0.7730104533627405 0.6343932841636413 0
    outer loop
      vertex 104.91631160493775 1.5833751641058662 0
      vertex 104.91631160493775 1.5833751641058662 1.21
      vertex 105.27074567361834 2.0152543263816605 1.21
    endloop
  endfacet
  facet normal -0.6343932841636355 0.7730104533627451 0
    outer loop
      vertex 105.70262483589414 2.369688395062254 0
      vertex 105.27074567361834 2.0152543263816605 1.21
      vertex 105.70262483589414 2.369688395062254 1.21
    endloop
  endfacet
  facet normal -0.4713967368260049 0.881921264348351 0
    outer loop
      vertex 106.19535221775949 2.633056667657167 0
      vertex 105.70262483589414 2.369688395062254 1.21
      vertex 106.19535221775949 2.633056667657167 1.21
    endloop
  endfacet
  facet normal -0.29028467725445795 0.9569403357322103 0
    outer loop
      vertex 106.72999258225404 2.795238049149207 0
      vertex 106.19535221775949 2.633056667657167 1.21
      vertex 106.72999258225404 2.795238049149207 1.21
    endloop
  endfacet
  facet normal -0.09801714032956171 0.9951847266721968 0
    outer loop
      vertex 107.286 2.85 0
      vertex 106.72999258225404 2.795238049149207 1.21
      vertex 107.286 2.85 1.21
    endloop
  endfacet
  facet normal 0 0 -1
    outer loop
      vertex 109.30125432638167 -2.0152543263816605 0
      vertex 109.136 0 0
      vertex 109.30125432638167 2.0152543263816605 0
    endloop
  endfacet
  facet normal 0 0 -1
    outer loop
      vertex 109.30125432638167 -2.0152543263816605 0
      vertex 109.30125432638167 2.0152543263816605 0
      vertex 109.65568839506226 1.5833751641058662 0
    endloop
  endfacet
  facet normal 0 0 -1
    outer loop
      vertex 109.10045276874598 0.36091709572983727 0
      vertex 109.30125432638167 2.0152543263816605 0
      vertex 109.136 0 0
    endloop
  endfacet
  facet normal 0 0 -1
    outer loop
      vertex 109.10045276874598 0.36091709572983727 0
      vertex 108.99517713514588 0.7079643498754161 0
      vertex 109.30125432638167 2.0152543263816605 0
    endloop
  endfacet
  facet normal 0 0 -1
    outer loop
      vertex 110.0812380491492 -0.5560074177459655 0
      vertex 110.0812380491492 0.5560074177459655 0
      vertex 110.136 0 0
    endloop
  endfacet
  facet normal 0 0 -1
    outer loop
      vertex 109.91905666765717 -1.0906477822405058 0
      vertex 109.91905666765717 1.0906477822405058 0
      vertex 110.0812380491492 0.5560074177459655 0
    endloop
  endfacet
  facet normal 0 0 -1
    outer loop
      vertex 109.65568839506226 -1.5833751641058662 0
      vertex 109.65568839506226 1.5833751641058662 0
      vertex 109.91905666765717 1.0906477822405058 0
    endloop
  endfacet
  facet normal 0 0 -1
    outer loop
      vertex 108.82421878275971 1.027804931086264 0
      vertex 109.30125432638167 2.0152543263816605 0
      vertex 108.99517713514588 0.7079643498754161 0
    endloop
  endfacet
  facet normal 0 0 -1
    outer loop
      vertex 108.82421878275971 1.027804931086264 0
      vertex 108.59414754519511 1.308147545195113 0
      vertex 108.86937516410586 2.369688395062254 0
    endloop
  endfacet
  facet normal 0 0 -1
    outer loop
      vertex 107.286 1.85 0
      vertex 107.84200741774596 2.795238049149207 0
      vertex 107.64691709572983 1.8144527687459764 0
    endloop
  endfacet
  facet normal 0 0 -1
    outer loop
      vertex 107.99396434987541 1.7091771351458807 0
      vertex 108.37664778224051 2.633056667657167 0
      vertex 108.31380493108627 1.5382187827597087 0
    endloop
  endfacet
  facet normal 0 0 -1
    outer loop
      vertex 107.64691709572983 1.8144527687459764 0
      vertex 108.37664778224051 2.633056667657167 0
      vertex 107.99396434987541 1.7091771351458807 0
    endloop
  endfacet
  facet normal 0 0 -1
    outer loop
      vertex 108.31380493108627 1.5382187827597087 0
      vertex 108.86937516410586 2.369688395062254 0
      vertex 108.59414754519511 1.308147545195113 0
    endloop
  endfacet
  facet normal 0 0 -1
    outer loop
      vertex 108.82421878275971 1.027804931086264 0
      vertex 108.86937516410586 2.369688395062254 0
      vertex 109.30125432638167 2.0152543263816605 0
    endloop
  endfacet
  facet normal 0.9951847266721975 0.09801714032955361 0
    outer loop
      vertex 110.136 0 0
      vertex 110.0812380491492 0.5560074177459655 0
      vertex 110.136 0 1.21
    endloop
  endfacet
  facet normal 0.9569403357322122 0.2902846772544516 0
    outer loop
      vertex 109.91905666765717 1.0906477822405058 0
      vertex 110.0812380491492 0.5560074177459655 1.21
      vertex 110.0812380491492 0.5560074177459655 0
    endloop
  endfacet
  facet normal 0.7730104533627405 0.6343932841636413 0
    outer loop
      vertex 109.30125432638167 2.0152543263816605 0
      vertex 109.65568839506226 1.5833751641058662 1.21
      vertex 109.65568839506226 1.5833751641058662 0
    endloop
  endfacet
  facet normal 0.881921264348352 0.471396736826003 0
    outer loop
      vertex 109.65568839506226 1.5833751641058662 0
      vertex 109.91905666765717 1.0906477822405058 1.21
      vertex 109.91905666765717 1.0906477822405058 0
    endloop
  endfacet
  facet normal 0 0 -1
    outer loop
      vertex 107.64691709572983 1.8144527687459764 0
      vertex 107.84200741774596 2.795238049149207 0
      vertex 108.37664778224051 2.633056667657167 0
    endloop
  endfacet
  facet normal 0 0 -1
    outer loop
      vertex 107.286 1.85 0
      vertex 107.286 2.85 0
      vertex 107.84200741774596 2.795238049149207 0
    endloop
  endfacet
  facet normal 0 0 -1
    outer loop
      vertex 108.31380493108627 1.5382187827597087 0
      vertex 108.37664778224051 2.633056667657167 0
      vertex 108.86937516410586 2.369688395062254 0
    endloop
  endfacet
  facet normal 0.6343932841636355 0.7730104533627451 0
    outer loop
      vertex 109.30125432638167 2.0152543263816605 0
      vertex 108.86937516410586 2.369688395062254 0
      vertex 108.86937516410586 2.369688395062254 1.21
    endloop
  endfacet
  facet normal 0.4713967368260049 0.881921264348351 0
    outer loop
      vertex 108.37664778224051 2.633056667657167 0
      vertex 108.37664778224051 2.633056667657167 1.21
      vertex 108.86937516410586 2.369688395062254 0
    endloop
  endfacet
  facet normal 0.09801714032956171 0.9951847266721968 0
    outer loop
      vertex 107.286 2.85 0
      vertex 107.286 2.85 1.21
      vertex 107.84200741774596 2.795238049149207 0
    endloop
  endfacet
  facet normal 0.29028467725445795 0.9569403357322103 0
    outer loop
      vertex 107.84200741774596 2.795238049149207 0
      vertex 107.84200741774596 2.795238049149207 1.21
      vertex 108.37664778224051 2.633056667657167 0
    endloop
  endfacet
  facet normal 0.9951847266721975 0.09801714032955361 0
    outer loop
      vertex 110.0812380491492 0.5560074177459655 0
      vertex 110.0812380491492 0.5560074177459655 1.21
      vertex 110.136 0 1.21
    endloop
  endfacet
  facet normal 0.9569403357322122 0.2902846772544516 0
    outer loop
      vertex 109.91905666765717 1.0906477822405058 0
      vertex 109.91905666765717 1.0906477822405058 1.21
      vertex 110.0812380491492 0.5560074177459655 1.21
    endloop
  endfacet
  facet normal 0.7730104533627405 0.6343932841636413 0
    outer loop
      vertex 109.30125432638167 2.0152543263816605 0
      vertex 109.30125432638167 2.0152543263816605 1.21
      vertex 109.65568839506226 1.5833751641058662 1.21
    endloop
  endfacet
  facet normal 0.6343932841636355 0.7730104533627451 0
    outer loop
      vertex 109.30125432638167 2.0152543263816605 0
      vertex 108.86937516410586 2.369688395062254 1.21
      vertex 109.30125432638167 2.0152543263816605 1.21
    endloop
  endfacet
  facet normal 0.881921264348352 0.471396736826003 0
    outer loop
      vertex 109.65568839506226 1.5833751641058662 0
      vertex 109.65568839506226 1.5833751641058662 1.21
      vertex 109.91905666765717 1.0906477822405058 1.21
    endloop
  endfacet
  facet normal 0.29028467725445795 0.9569403357322103 0
    outer loop
      vertex 108.37664778224051 2.633056667657167 0
      vertex 107.84200741774596 2.795238049149207 1.21
      vertex 108.37664778224051 2.633056667657167 1.21
    endloop
  endfacet
  facet normal 0.4713967368260049 0.881921264348351 0
    outer loop
      vertex 108.86937516410586 2.369688395062254 0
      vertex 108.37664778224051 2.633056667657167 1.21
      vertex 108.86937516410586 2.369688395062254 1.21
    endloop
  endfacet
  facet normal 0.09801714032956171 0.9951847266721968 0
    outer loop
      vertex 107.84200741774596 2.795238049149207 0
      vertex 107.286 2.85 1.21
      vertex 107.84200741774596 2.795238049149207 1.21
    endloop
  endfacet
  facet normal 0.47139673682602296 0.8819212643483415 0
    outer loop
      vertex 251.30519506891375 -1.5382187827597087 0
      vertex 251.62503565012457 -1.7091771351458807 1.21
      vertex 251.62503565012457 -1.7091771351458807 0
    endloop
  endfacet
  facet normal 0.29028467725445095 0.9569403357322124 0
    outer loop
      vertex 251.62503565012457 -1.7091771351458807 0
      vertex 251.97208290427017 -1.8144527687459764 1.21
      vertex 251.97208290427017 -1.8144527687459764 0
    endloop
  endfacet
  facet normal 0.09801714032956217 0.9951847266721967 0
    outer loop
      vertex 251.97208290427017 -1.8144527687459764 0
      vertex 252.333 -1.85 1.21
      vertex 252.333 -1.85 0
    endloop
  endfacet
  facet normal -0.09801714032956217 0.9951847266721967 0
    outer loop
      vertex 252.333 -1.85 0
      vertex 252.69391709572983 -1.8144527687459764 1.21
      vertex 252.69391709572983 -1.8144527687459764 0
    endloop
  endfacet
  facet normal 0.6343932841636293 0.7730104533627503 0
    outer loop
      vertex 251.0248524548049 -1.308147545195113 0
      vertex 251.30519506891375 -1.5382187827597087 1.21
      vertex 251.30519506891375 -1.5382187827597087 0
    endloop
  endfacet
  facet normal 0.7730104533627294 0.6343932841636547 0
    outer loop
      vertex 251.0248524548049 -1.308147545195113 0
      vertex 250.79478121724028 -1.027804931086264 0
      vertex 250.79478121724028 -1.027804931086264 1.21
    endloop
  endfacet
  facet normal -0.29028467725445095 0.9569403357322124 0
    outer loop
      vertex 252.69391709572983 -1.8144527687459764 0
      vertex 253.04096434987542 -1.7091771351458807 1.21
      vertex 253.04096434987542 -1.7091771351458807 0
    endloop
  endfacet
  facet normal -0.47139673682602296 0.8819212643483415 0
    outer loop
      vertex 253.04096434987542 -1.7091771351458807 0
      vertex 253.36080493108625 -1.5382187827597087 1.21
      vertex 253.36080493108625 -1.5382187827597087 0
    endloop
  endfacet
  facet normal -0.6343932841636293 0.7730104533627503 0
    outer loop
      vertex 253.36080493108625 -1.5382187827597087 0
      vertex 253.6411475451951 -1.308147545195113 1.21
      vertex 253.6411475451951 -1.308147545195113 0
    endloop
  endfacet
  facet normal -0.7730104533627294 0.6343932841636547 0
    outer loop
      vertex 253.6411475451951 -1.308147545195113 0
      vertex 253.6411475451951 -1.308147545195113 1.21
      vertex 253.8712187827597 -1.027804931086264 0
    endloop
  endfacet
  facet normal 0.8819212643483461 0.4713967368260143 0
    outer loop
      vertex 250.6238228648541 -0.7079643498754161 0
      vertex 250.6238228648541 -0.7079643498754161 1.21
      vertex 250.79478121724028 -1.027804931086264 0
    endloop
  endfacet
  facet normal 0.9569403357322158 0.2902846772544397 0
    outer loop
      vertex 250.6238228648541 -0.7079643498754161 0
      vertex 250.51854723125402 -0.36091709572983727 0
      vertex 250.51854723125402 -0.36091709572983727 1.21
    endloop
  endfacet
  facet normal 0.9951847266721994 0.09801714032953524 0
    outer loop
      vertex 250.51854723125402 -0.36091709572983727 0
      vertex 250.483 0 0
      vertex 250.483 0 1.21
    endloop
  endfacet
  facet normal -0.8819212643483461 0.4713967368260143 0
    outer loop
      vertex 253.8712187827597 -1.027804931086264 0
      vertex 253.8712187827597 -1.027804931086264 1.21
      vertex 254.0421771351459 -0.7079643498754161 0
    endloop
  endfacet
  facet normal -0.9569403357322158 0.2902846772544397 0
    outer loop
      vertex 254.0421771351459 -0.7079643498754161 0
      vertex 254.0421771351459 -0.7079643498754161 1.21
      vertex 254.14745276874598 -0.36091709572983727 0
    endloop
  endfacet
  facet normal -0.9951847266721994 0.09801714032953524 0
    outer loop
      vertex 254.14745276874598 -0.36091709572983727 0
      vertex 254.14745276874598 -0.36091709572983727 1.21
      vertex 254.183 0 0
    endloop
  endfacet
  facet normal 0.29028467725445095 0.9569403357322124 0
    outer loop
      vertex 251.62503565012457 -1.7091771351458807 0
      vertex 251.62503565012457 -1.7091771351458807 1.21
      vertex 251.97208290427017 -1.8144527687459764 1.21
    endloop
  endfacet
  facet normal 0.09801714032956217 0.9951847266721967 0
    outer loop
      vertex 251.97208290427017 -1.8144527687459764 0
      vertex 251.97208290427017 -1.8144527687459764 1.21
      vertex 252.333 -1.85 1.21
    endloop
  endfacet
  facet normal -0.09801714032956217 0.9951847266721967 0
    outer loop
      vertex 252.333 -1.85 0
      vertex 252.333 -1.85 1.21
      vertex 252.69391709572983 -1.8144527687459764 1.21
    endloop
  endfacet
  facet normal 0.47139673682602296 0.8819212643483415 0
    outer loop
      vertex 251.30519506891375 -1.5382187827597087 0
      vertex 251.30519506891375 -1.5382187827597087 1.21
      vertex 251.62503565012457 -1.7091771351458807 1.21
    endloop
  endfacet
  facet normal 0.6343932841636293 0.7730104533627503 0
    outer loop
      vertex 251.0248524548049 -1.308147545195113 0
      vertex 251.0248524548049 -1.308147545195113 1.21
      vertex 251.30519506891375 -1.5382187827597087 1.21
    endloop
  endfacet
  facet normal 0.7730104533627294 0.6343932841636547 0
    outer loop
      vertex 251.0248524548049 -1.308147545195113 0
      vertex 250.79478121724028 -1.027804931086264 1.21
      vertex 251.0248524548049 -1.308147545195113 1.21
    endloop
  endfacet
  facet normal -0.29028467725445095 0.9569403357322124 0
    outer loop
      vertex 252.69391709572983 -1.8144527687459764 0
      vertex 252.69391709572983 -1.8144527687459764 1.21
      vertex 253.04096434987542 -1.7091771351458807 1.21
    endloop
  endfacet
  facet normal -0.47139673682602296 0.8819212643483415 0
    outer loop
      vertex 253.04096434987542 -1.7091771351458807 0
      vertex 253.04096434987542 -1.7091771351458807 1.21
      vertex 253.36080493108625 -1.5382187827597087 1.21
    endloop
  endfacet
  facet normal -0.6343932841636293 0.7730104533627503 0
    outer loop
      vertex 253.36080493108625 -1.5382187827597087 0
      vertex 253.36080493108625 -1.5382187827597087 1.21
      vertex 253.6411475451951 -1.308147545195113 1.21
    endloop
  endfacet
  facet normal -0.7730104533627294 0.6343932841636547 0
    outer loop
      vertex 253.8712187827597 -1.027804931086264 0
      vertex 253.6411475451951 -1.308147545195113 1.21
      vertex 253.8712187827597 -1.027804931086264 1.21
    endloop
  endfacet
  facet normal 0.8819212643483461 0.4713967368260143 0
    outer loop
      vertex 250.79478121724028 -1.027804931086264 0
      vertex 250.6238228648541 -0.7079643498754161 1.21
      vertex 250.79478121724028 -1.027804931086264 1.21
    endloop
  endfacet
  facet normal 0.9569403357322158 0.2902846772544397 0
    outer loop
      vertex 250.6238228648541 -0.7079643498754161 0
      vertex 250.51854723125402 -0.36091709572983727 1.21
      vertex 250.6238228648541 -0.7079643498754161 1.21
    endloop
  endfacet
  facet normal 0.9951847266721994 0.09801714032953524 0
    outer loop
      vertex 250.51854723125402 -0.36091709572983727 0
      vertex 250.483 0 1.21
      vertex 250.51854723125402 -0.36091709572983727 1.21
    endloop
  endfacet
  facet normal -0.8819212643483461 0.4713967368260143 0
    outer loop
      vertex 254.0421771351459 -0.7079643498754161 0
      vertex 253.8712187827597 -1.027804931086264 1.21
      vertex 254.0421771351459 -0.7079643498754161 1.21
    endloop
  endfacet
  facet normal -0.9569403357322158 0.2902846772544397 0
    outer loop
      vertex 254.14745276874598 -0.36091709572983727 0
      vertex 254.0421771351459 -0.7079643498754161 1.21
      vertex 254.14745276874598 -0.36091709572983727 1.21
    endloop
  endfacet
  facet normal -0.9951847266721994 0.09801714032953524 0
    outer loop
      vertex 254.183 0 0
      vertex 254.14745276874598 -0.36091709572983727 1.21
      vertex 254.183 0 1.21
    endloop
  endfacet
  facet normal 0.9951847266721994 -0.09801714032953524 0
    outer loop
      vertex 250.483 0 0
      vertex 250.51854723125402 0.36091709572983727 0
      vertex 250.51854723125402 0.36091709572983727 1.21
    endloop
  endfacet
  facet normal 0.9569403357322158 -0.2902846772544397 0
    outer loop
      vertex 250.51854723125402 0.36091709572983727 0
      vertex 250.6238228648541 0.7079643498754161 0
      vertex 250.6238228648541 0.7079643498754161 1.21
    endloop
  endfacet
  facet normal 0.8819212643483461 -0.4713967368260143 0
    outer loop
      vertex 250.6238228648541 0.7079643498754161 0
      vertex 250.79478121724028 1.027804931086264 0
      vertex 250.79478121724028 1.027804931086264 1.21
    endloop
  endfacet
  facet normal -0.9951847266721994 -0.09801714032953524 0
    outer loop
      vertex 254.183 0 0
      vertex 254.183 0 1.21
      vertex 254.14745276874598 0.36091709572983727 0
    endloop
  endfacet
  facet normal -0.9569403357322158 -0.2902846772544397 0
    outer loop
      vertex 254.0421771351459 0.7079643498754161 0
      vertex 254.14745276874598 0.36091709572983727 0
      vertex 254.14745276874598 0.36091709572983727 1.21
    endloop
  endfacet
  facet normal -0.8819212643483461 -0.4713967368260143 0
    outer loop
      vertex 253.8712187827597 1.027804931086264 0
      vertex 254.0421771351459 0.7079643498754161 0
      vertex 254.0421771351459 0.7079643498754161 1.21
    endloop
  endfacet
  facet normal 0.7730104533627294 -0.6343932841636547 0
    outer loop
      vertex 250.79478121724028 1.027804931086264 0
      vertex 251.0248524548049 1.308147545195113 0
      vertex 251.0248524548049 1.308147545195113 1.21
    endloop
  endfacet
  facet normal 0.6343932841636293 -0.7730104533627503 0
    outer loop
      vertex 251.0248524548049 1.308147545195113 0
      vertex 251.30519506891375 1.5382187827597087 0
      vertex 251.0248524548049 1.308147545195113 1.21
    endloop
  endfacet
  facet normal 0.47139673682602296 -0.8819212643483415 0
    outer loop
      vertex 251.30519506891375 1.5382187827597087 0
      vertex 251.62503565012457 1.7091771351458807 0
      vertex 251.30519506891375 1.5382187827597087 1.21
    endloop
  endfacet
  facet normal 0.29028467725445095 -0.9569403357322124 0
    outer loop
      vertex 251.62503565012457 1.7091771351458807 0
      vertex 251.97208290427017 1.8144527687459764 0
      vertex 251.62503565012457 1.7091771351458807 1.21
    endloop
  endfacet
  facet normal 0.09801714032956217 -0.9951847266721967 0
    outer loop
      vertex 251.97208290427017 1.8144527687459764 0
      vertex 252.333 1.85 0
      vertex 251.97208290427017 1.8144527687459764 1.21
    endloop
  endfacet
  facet normal -0.09801714032956217 -0.9951847266721967 0
    outer loop
      vertex 252.333 1.85 0
      vertex 252.69391709572983 1.8144527687459764 0
      vertex 252.333 1.85 1.21
    endloop
  endfacet
  facet normal -0.6343932841636293 -0.7730104533627503 0
    outer loop
      vertex 253.36080493108625 1.5382187827597087 0
      vertex 253.6411475451951 1.308147545195113 0
      vertex 253.36080493108625 1.5382187827597087 1.21
    endloop
  endfacet
  facet normal -0.7730104533627294 -0.6343932841636547 0
    outer loop
      vertex 253.8712187827597 1.027804931086264 0
      vertex 253.8712187827597 1.027804931086264 1.21
      vertex 253.6411475451951 1.308147545195113 0
    endloop
  endfacet
  facet normal -0.47139673682602296 -0.8819212643483415 0
    outer loop
      vertex 253.04096434987542 1.7091771351458807 0
      vertex 253.36080493108625 1.5382187827597087 0
      vertex 253.04096434987542 1.7091771351458807 1.21
    endloop
  endfacet
  facet normal -0.29028467725445095 -0.9569403357322124 0
    outer loop
      vertex 252.69391709572983 1.8144527687459764 0
      vertex 253.04096434987542 1.7091771351458807 0
      vertex 252.69391709572983 1.8144527687459764 1.21
    endloop
  endfacet
  facet normal 0.9951847266721994 -0.09801714032953524 0
    outer loop
      vertex 250.483 0 0
      vertex 250.51854723125402 0.36091709572983727 1.21
      vertex 250.483 0 1.21
    endloop
  endfacet
  facet normal 0.9569403357322158 -0.2902846772544397 0
    outer loop
      vertex 250.51854723125402 0.36091709572983727 0
      vertex 250.6238228648541 0.7079643498754161 1.21
      vertex 250.51854723125402 0.36091709572983727 1.21
    endloop
  endfacet
  facet normal 0.8819212643483461 -0.4713967368260143 0
    outer loop
      vertex 250.6238228648541 0.7079643498754161 0
      vertex 250.79478121724028 1.027804931086264 1.21
      vertex 250.6238228648541 0.7079643498754161 1.21
    endloop
  endfacet
  facet normal -0.9951847266721994 -0.09801714032953524 0
    outer loop
      vertex 254.14745276874598 0.36091709572983727 0
      vertex 254.183 0 1.21
      vertex 254.14745276874598 0.36091709572983727 1.21
    endloop
  endfacet
  facet normal -0.9569403357322158 -0.2902846772544397 0
    outer loop
      vertex 254.0421771351459 0.7079643498754161 0
      vertex 254.14745276874598 0.36091709572983727 1.21
      vertex 254.0421771351459 0.7079643498754161 1.21
    endloop
  endfacet
  facet normal -0.8819212643483461 -0.4713967368260143 0
    outer loop
      vertex 253.8712187827597 1.027804931086264 0
      vertex 254.0421771351459 0.7079643498754161 1.21
      vertex 253.8712187827597 1.027804931086264 1.21
    endloop
  endfacet
  facet normal 0.7730104533627294 -0.6343932841636547 0
    outer loop
      vertex 250.79478121724028 1.027804931086264 0
      vertex 251.0248524548049 1.308147545195113 1.21
      vertex 250.79478121724028 1.027804931086264 1.21
    endloop
  endfacet
  facet normal 0.6343932841636293 -0.7730104533627503 0
    outer loop
      vertex 251.30519506891375 1.5382187827597087 0
      vertex 251.30519506891375 1.5382187827597087 1.21
      vertex 251.0248524548049 1.308147545195113 1.21
    endloop
  endfacet
  facet normal 0.47139673682602296 -0.8819212643483415 0
    outer loop
      vertex 251.62503565012457 1.7091771351458807 0
      vertex 251.62503565012457 1.7091771351458807 1.21
      vertex 251.30519506891375 1.5382187827597087 1.21
    endloop
  endfacet
  facet normal 0.29028467725445095 -0.9569403357322124 0
    outer loop
      vertex 251.97208290427017 1.8144527687459764 0
      vertex 251.97208290427017 1.8144527687459764 1.21
      vertex 251.62503565012457 1.7091771351458807 1.21
    endloop
  endfacet
  facet normal 0.09801714032956217 -0.9951847266721967 0
    outer loop
      vertex 252.333 1.85 0
      vertex 252.333 1.85 1.21
      vertex 251.97208290427017 1.8144527687459764 1.21
    endloop
  endfacet
  facet normal -0.09801714032956217 -0.9951847266721967 0
    outer loop
      vertex 252.69391709572983 1.8144527687459764 0
      vertex 252.69391709572983 1.8144527687459764 1.21
      vertex 252.333 1.85 1.21
    endloop
  endfacet
  facet normal -0.7730104533627294 -0.6343932841636547 0
    outer loop
      vertex 253.6411475451951 1.308147545195113 0
      vertex 253.8712187827597 1.027804931086264 1.21
      vertex 253.6411475451951 1.308147545195113 1.21
    endloop
  endfacet
  facet normal -0.6343932841636293 -0.7730104533627503 0
    outer loop
      vertex 253.6411475451951 1.308147545195113 0
      vertex 253.6411475451951 1.308147545195113 1.21
      vertex 253.36080493108625 1.5382187827597087 1.21
    endloop
  endfacet
  facet normal -0.47139673682602296 -0.8819212643483415 0
    outer loop
      vertex 253.36080493108625 1.5382187827597087 0
      vertex 253.36080493108625 1.5382187827597087 1.21
      vertex 253.04096434987542 1.7091771351458807 1.21
    endloop
  endfacet
  facet normal -0.29028467725445095 -0.9569403357322124 0
    outer loop
      vertex 253.04096434987542 1.7091771351458807 0
      vertex 253.04096434987542 1.7091771351458807 1.21
      vertex 252.69391709572983 1.8144527687459764 1.21
    endloop
  endfacet
  facet normal 0.6343932841636293 0.7730104533627503 0
    outer loop
      vertex 178.5018524548049 -1.308147545195113 0
      vertex 178.78219506891375 -1.5382187827597087 1.21
      vertex 178.78219506891375 -1.5382187827597087 0
    endloop
  endfacet
  facet normal 0.7730104533627294 0.6343932841636547 0
    outer loop
      vertex 178.2717812172403 -1.027804931086264 0
      vertex 178.2717812172403 -1.027804931086264 1.21
      vertex 178.5018524548049 -1.308147545195113 0
    endloop
  endfacet
  facet normal 0.8819212643483461 0.4713967368260143 0
    outer loop
      vertex 178.2717812172403 -1.027804931086264 0
      vertex 178.1008228648541 -0.7079643498754161 0
      vertex 178.1008228648541 -0.7079643498754161 1.21
    endloop
  endfacet
  facet normal 0.9569403357322158 0.2902846772544397 0
    outer loop
      vertex 178.1008228648541 -0.7079643498754161 0
      vertex 177.99554723125402 -0.36091709572983727 0
      vertex 177.99554723125402 -0.36091709572983727 1.21
    endloop
  endfacet
  facet normal 0.9951847266721994 0.09801714032953524 0
    outer loop
      vertex 177.99554723125402 -0.36091709572983727 0
      vertex 177.96 0 0
      vertex 177.96 0 1.21
    endloop
  endfacet
  facet normal 0.6343932841636293 0.7730104533627503 0
    outer loop
      vertex 178.5018524548049 -1.308147545195113 0
      vertex 178.5018524548049 -1.308147545195113 1.21
      vertex 178.78219506891375 -1.5382187827597087 1.21
    endloop
  endfacet
  facet normal 0.7730104533627294 0.6343932841636547 0
    outer loop
      vertex 178.5018524548049 -1.308147545195113 0
      vertex 178.2717812172403 -1.027804931086264 1.21
      vertex 178.5018524548049 -1.308147545195113 1.21
    endloop
  endfacet
  facet normal 0.8819212643483461 0.4713967368260143 0
    outer loop
      vertex 178.2717812172403 -1.027804931086264 0
      vertex 178.1008228648541 -0.7079643498754161 1.21
      vertex 178.2717812172403 -1.027804931086264 1.21
    endloop
  endfacet
  facet normal 0.9569403357322158 0.2902846772544397 0
    outer loop
      vertex 178.1008228648541 -0.7079643498754161 0
      vertex 177.99554723125402 -0.36091709572983727 1.21
      vertex 178.1008228648541 -0.7079643498754161 1.21
    endloop
  endfacet
  facet normal 0.9951847266721994 0.09801714032953524 0
    outer loop
      vertex 177.99554723125402 -0.36091709572983727 0
      vertex 177.96 0 1.21
      vertex 177.99554723125402 -0.36091709572983727 1.21
    endloop
  endfacet
  facet normal 0.29028467725445095 0.9569403357322124 0
    outer loop
      vertex 179.44908290427017 -1.8144527687459764 0
      vertex 179.10203565012458 -1.7091771351458807 0
      vertex 179.44908290427017 -1.8144527687459764 1.21
    endloop
  endfacet
  facet normal 0.47139673682602296 0.8819212643483415 0
    outer loop
      vertex 178.78219506891375 -1.5382187827597087 0
      vertex 179.10203565012458 -1.7091771351458807 1.21
      vertex 179.10203565012458 -1.7091771351458807 0
    endloop
  endfacet
  facet normal 0.09801714032956217 0.9951847266721967 0
    outer loop
      vertex 179.44908290427017 -1.8144527687459764 0
      vertex 179.81 -1.85 1.21
      vertex 179.81 -1.85 0
    endloop
  endfacet
  facet normal -0.09801714032956217 0.9951847266721967 0
    outer loop
      vertex 179.81 -1.85 0
      vertex 180.17091709572983 -1.8144527687459764 1.21
      vertex 180.17091709572983 -1.8144527687459764 0
    endloop
  endfacet
  facet normal -0.29028467725445095 0.9569403357322124 0
    outer loop
      vertex 180.17091709572983 -1.8144527687459764 0
      vertex 180.51796434987543 -1.7091771351458807 1.21
      vertex 180.51796434987543 -1.7091771351458807 0
    endloop
  endfacet
  facet normal -0.47139673682602296 0.8819212643483415 0
    outer loop
      vertex 180.51796434987543 -1.7091771351458807 0
      vertex 180.83780493108625 -1.5382187827597087 1.21
      vertex 180.83780493108625 -1.5382187827597087 0
    endloop
  endfacet
  facet normal -0.6343932841636293 0.7730104533627503 0
    outer loop
      vertex 180.83780493108625 -1.5382187827597087 0
      vertex 181.11814754519511 -1.308147545195113 1.21
      vertex 181.11814754519511 -1.308147545195113 0
    endloop
  endfacet
  facet normal -0.7730104533627294 0.6343932841636547 0
    outer loop
      vertex 181.11814754519511 -1.308147545195113 0
      vertex 181.11814754519511 -1.308147545195113 1.21
      vertex 181.34821878275972 -1.027804931086264 0
    endloop
  endfacet
  facet normal -0.8819212643483461 0.4713967368260143 0
    outer loop
      vertex 181.34821878275972 -1.027804931086264 0
      vertex 181.34821878275972 -1.027804931086264 1.21
      vertex 181.5191771351459 -0.7079643498754161 0
    endloop
  endfacet
  facet normal -0.9569403357322158 0.2902846772544397 0
    outer loop
      vertex 181.5191771351459 -0.7079643498754161 0
      vertex 181.5191771351459 -0.7079643498754161 1.21
      vertex 181.62445276874598 -0.36091709572983727 0
    endloop
  endfacet
  facet normal -0.9951847266721994 0.09801714032953524 0
    outer loop
      vertex 181.62445276874598 -0.36091709572983727 0
      vertex 181.62445276874598 -0.36091709572983727 1.21
      vertex 181.66 0 0
    endloop
  endfacet
  facet normal 0.29028467725445095 0.9569403357322124 0
    outer loop
      vertex 179.10203565012458 -1.7091771351458807 0
      vertex 179.10203565012458 -1.7091771351458807 1.21
      vertex 179.44908290427017 -1.8144527687459764 1.21
    endloop
  endfacet
  facet normal 0.09801714032956217 0.9951847266721967 0
    outer loop
      vertex 179.44908290427017 -1.8144527687459764 0
      vertex 179.44908290427017 -1.8144527687459764 1.21
      vertex 179.81 -1.85 1.21
    endloop
  endfacet
  facet normal -0.09801714032956217 0.9951847266721967 0
    outer loop
      vertex 179.81 -1.85 0
      vertex 179.81 -1.85 1.21
      vertex 180.17091709572983 -1.8144527687459764 1.21
    endloop
  endfacet
  facet normal -0.29028467725445095 0.9569403357322124 0
    outer loop
      vertex 180.17091709572983 -1.8144527687459764 0
      vertex 180.17091709572983 -1.8144527687459764 1.21
      vertex 180.51796434987543 -1.7091771351458807 1.21
    endloop
  endfacet
  facet normal -0.47139673682602296 0.8819212643483415 0
    outer loop
      vertex 180.51796434987543 -1.7091771351458807 0
      vertex 180.51796434987543 -1.7091771351458807 1.21
      vertex 180.83780493108625 -1.5382187827597087 1.21
    endloop
  endfacet
  facet normal 0.47139673682602296 0.8819212643483415 0
    outer loop
      vertex 178.78219506891375 -1.5382187827597087 0
      vertex 178.78219506891375 -1.5382187827597087 1.21
      vertex 179.10203565012458 -1.7091771351458807 1.21
    endloop
  endfacet
  facet normal -0.6343932841636293 0.7730104533627503 0
    outer loop
      vertex 180.83780493108625 -1.5382187827597087 0
      vertex 180.83780493108625 -1.5382187827597087 1.21
      vertex 181.11814754519511 -1.308147545195113 1.21
    endloop
  endfacet
  facet normal -0.7730104533627294 0.6343932841636547 0
    outer loop
      vertex 181.34821878275972 -1.027804931086264 0
      vertex 181.11814754519511 -1.308147545195113 1.21
      vertex 181.34821878275972 -1.027804931086264 1.21
    endloop
  endfacet
  facet normal -0.8819212643483461 0.4713967368260143 0
    outer loop
      vertex 181.5191771351459 -0.7079643498754161 0
      vertex 181.34821878275972 -1.027804931086264 1.21
      vertex 181.5191771351459 -0.7079643498754161 1.21
    endloop
  endfacet
  facet normal -0.9569403357322158 0.2902846772544397 0
    outer loop
      vertex 181.62445276874598 -0.36091709572983727 0
      vertex 181.5191771351459 -0.7079643498754161 1.21
      vertex 181.62445276874598 -0.36091709572983727 1.21
    endloop
  endfacet
  facet normal -0.9951847266721994 0.09801714032953524 0
    outer loop
      vertex 181.66 0 0
      vertex 181.62445276874598 -0.36091709572983727 1.21
      vertex 181.66 0 1.21
    endloop
  endfacet
  facet normal 0.9951847266721994 -0.09801714032953524 0
    outer loop
      vertex 177.96 0 0
      vertex 177.99554723125402 0.36091709572983727 0
      vertex 177.99554723125402 0.36091709572983727 1.21
    endloop
  endfacet
  facet normal 0.9569403357322158 -0.2902846772544397 0
    outer loop
      vertex 177.99554723125402 0.36091709572983727 0
      vertex 178.1008228648541 0.7079643498754161 0
      vertex 178.1008228648541 0.7079643498754161 1.21
    endloop
  endfacet
  facet normal 0.8819212643483461 -0.4713967368260143 0
    outer loop
      vertex 178.1008228648541 0.7079643498754161 0
      vertex 178.2717812172403 1.027804931086264 0
      vertex 178.2717812172403 1.027804931086264 1.21
    endloop
  endfacet
  facet normal 0.7730104533627294 -0.6343932841636547 0
    outer loop
      vertex 178.2717812172403 1.027804931086264 0
      vertex 178.5018524548049 1.308147545195113 0
      vertex 178.5018524548049 1.308147545195113 1.21
    endloop
  endfacet
  facet normal 0.6343932841636293 -0.7730104533627503 0
    outer loop
      vertex 178.5018524548049 1.308147545195113 0
      vertex 178.78219506891375 1.5382187827597087 0
      vertex 178.5018524548049 1.308147545195113 1.21
    endloop
  endfacet
  facet normal 0.9951847266721994 -0.09801714032953524 0
    outer loop
      vertex 177.96 0 0
      vertex 177.99554723125402 0.36091709572983727 1.21
      vertex 177.96 0 1.21
    endloop
  endfacet
  facet normal 0.9569403357322158 -0.2902846772544397 0
    outer loop
      vertex 177.99554723125402 0.36091709572983727 0
      vertex 178.1008228648541 0.7079643498754161 1.21
      vertex 177.99554723125402 0.36091709572983727 1.21
    endloop
  endfacet
  facet normal 0.8819212643483461 -0.4713967368260143 0
    outer loop
      vertex 178.1008228648541 0.7079643498754161 0
      vertex 178.2717812172403 1.027804931086264 1.21
      vertex 178.1008228648541 0.7079643498754161 1.21
    endloop
  endfacet
  facet normal 0.7730104533627294 -0.6343932841636547 0
    outer loop
      vertex 178.2717812172403 1.027804931086264 0
      vertex 178.5018524548049 1.308147545195113 1.21
      vertex 178.2717812172403 1.027804931086264 1.21
    endloop
  endfacet
  facet normal 0.6343932841636293 -0.7730104533627503 0
    outer loop
      vertex 178.78219506891375 1.5382187827597087 0
      vertex 178.78219506891375 1.5382187827597087 1.21
      vertex 178.5018524548049 1.308147545195113 1.21
    endloop
  endfacet
  facet normal -0.9951847266721994 -0.09801714032953524 0
    outer loop
      vertex 181.66 0 0
      vertex 181.66 0 1.21
      vertex 181.62445276874598 0.36091709572983727 0
    endloop
  endfacet
  facet normal -0.9569403357322158 -0.2902846772544397 0
    outer loop
      vertex 181.62445276874598 0.36091709572983727 0
      vertex 181.62445276874598 0.36091709572983727 1.21
      vertex 181.5191771351459 0.7079643498754161 0
    endloop
  endfacet
  facet normal -0.8819212643483461 -0.4713967368260143 0
    outer loop
      vertex 181.34821878275972 1.027804931086264 0
      vertex 181.5191771351459 0.7079643498754161 0
      vertex 181.5191771351459 0.7079643498754161 1.21
    endloop
  endfacet
  facet normal 0.47139673682602296 -0.8819212643483415 0
    outer loop
      vertex 178.78219506891375 1.5382187827597087 0
      vertex 179.10203565012458 1.7091771351458807 0
      vertex 178.78219506891375 1.5382187827597087 1.21
    endloop
  endfacet
  facet normal -0.6343932841636293 -0.7730104533627503 0
    outer loop
      vertex 180.83780493108625 1.5382187827597087 0
      vertex 181.11814754519511 1.308147545195113 0
      vertex 180.83780493108625 1.5382187827597087 1.21
    endloop
  endfacet
  facet normal 0.29028467725445095 -0.9569403357322124 0
    outer loop
      vertex 179.10203565012458 1.7091771351458807 0
      vertex 179.44908290427017 1.8144527687459764 0
      vertex 179.10203565012458 1.7091771351458807 1.21
    endloop
  endfacet
  facet normal 0.09801714032956217 -0.9951847266721967 0
    outer loop
      vertex 179.44908290427017 1.8144527687459764 0
      vertex 179.81 1.85 0
      vertex 179.44908290427017 1.8144527687459764 1.21
    endloop
  endfacet
  facet normal -0.09801714032956217 -0.9951847266721967 0
    outer loop
      vertex 179.81 1.85 0
      vertex 180.17091709572983 1.8144527687459764 0
      vertex 179.81 1.85 1.21
    endloop
  endfacet
  facet normal -0.29028467725445095 -0.9569403357322124 0
    outer loop
      vertex 180.17091709572983 1.8144527687459764 0
      vertex 180.51796434987543 1.7091771351458807 0
      vertex 180.17091709572983 1.8144527687459764 1.21
    endloop
  endfacet
  facet normal -0.47139673682602296 -0.8819212643483415 0
    outer loop
      vertex 180.83780493108625 1.5382187827597087 0
      vertex 180.51796434987543 1.7091771351458807 1.21
      vertex 180.51796434987543 1.7091771351458807 0
    endloop
  endfacet
  facet normal -0.7730104533627294 -0.6343932841636547 0
    outer loop
      vertex 181.34821878275972 1.027804931086264 0
      vertex 181.34821878275972 1.027804931086264 1.21
      vertex 181.11814754519511 1.308147545195113 0
    endloop
  endfacet
  facet normal -0.9951847266721994 -0.09801714032953524 0
    outer loop
      vertex 181.62445276874598 0.36091709572983727 0
      vertex 181.66 0 1.21
      vertex 181.62445276874598 0.36091709572983727 1.21
    endloop
  endfacet
  facet normal -0.9569403357322158 -0.2902846772544397 0
    outer loop
      vertex 181.5191771351459 0.7079643498754161 0
      vertex 181.62445276874598 0.36091709572983727 1.21
      vertex 181.5191771351459 0.7079643498754161 1.21
    endloop
  endfacet
  facet normal -0.8819212643483461 -0.4713967368260143 0
    outer loop
      vertex 181.34821878275972 1.027804931086264 0
      vertex 181.5191771351459 0.7079643498754161 1.21
      vertex 181.34821878275972 1.027804931086264 1.21
    endloop
  endfacet
  facet normal -0.6343932841636293 -0.7730104533627503 0
    outer loop
      vertex 181.11814754519511 1.308147545195113 0
      vertex 181.11814754519511 1.308147545195113 1.21
      vertex 180.83780493108625 1.5382187827597087 1.21
    endloop
  endfacet
  facet normal -0.47139673682602296 -0.8819212643483415 0
    outer loop
      vertex 180.83780493108625 1.5382187827597087 0
      vertex 180.83780493108625 1.5382187827597087 1.21
      vertex 180.51796434987543 1.7091771351458807 1.21
    endloop
  endfacet
  facet normal 0.47139673682602296 -0.8819212643483415 0
    outer loop
      vertex 179.10203565012458 1.7091771351458807 0
      vertex 179.10203565012458 1.7091771351458807 1.21
      vertex 178.78219506891375 1.5382187827597087 1.21
    endloop
  endfacet
  facet normal 0.29028467725445095 -0.9569403357322124 0
    outer loop
      vertex 179.44908290427017 1.8144527687459764 0
      vertex 179.44908290427017 1.8144527687459764 1.21
      vertex 179.10203565012458 1.7091771351458807 1.21
    endloop
  endfacet
  facet normal 0.09801714032956217 -0.9951847266721967 0
    outer loop
      vertex 179.81 1.85 0
      vertex 179.81 1.85 1.21
      vertex 179.44908290427017 1.8144527687459764 1.21
    endloop
  endfacet
  facet normal -0.29028467725445095 -0.9569403357322124 0
    outer loop
      vertex 180.51796434987543 1.7091771351458807 0
      vertex 180.51796434987543 1.7091771351458807 1.21
      vertex 180.17091709572983 1.8144527687459764 1.21
    endloop
  endfacet
  facet normal -0.09801714032956217 -0.9951847266721967 0
    outer loop
      vertex 180.17091709572983 1.8144527687459764 0
      vertex 180.17091709572983 1.8144527687459764 1.21
      vertex 179.81 1.85 1.21
    endloop
  endfacet
  facet normal -0.7730104533627294 -0.6343932841636547 0
    outer loop
      vertex 181.11814754519511 1.308147545195113 0
      vertex 181.34821878275972 1.027804931086264 1.21
      vertex 181.11814754519511 1.308147545195113 1.21
    endloop
  endfacet
  facet normal 0.7730104533627391 0.6343932841636429 0
    outer loop
      vertex 33.45385245480489 -1.308147545195113 0
      vertex 33.223781217240294 -1.027804931086264 0
      vertex 33.223781217240294 -1.027804931086264 1.21
    endloop
  endfacet
  facet normal 0.4713967368259986 0.8819212643483546 0
    outer loop
      vertex 34.05403565012458 -1.7091771351458807 0
      vertex 33.734195068913735 -1.5382187827597087 0
      vertex 34.05403565012458 -1.7091771351458807 1.21
    endloop
  endfacet
  facet normal 0.2902846772544619 0.956940335732209 0
    outer loop
      vertex 34.05403565012458 -1.7091771351458807 0
      vertex 34.40108290427016 -1.8144527687459764 1.21
      vertex 34.40108290427016 -1.8144527687459764 0
    endloop
  endfacet
  facet normal 0.09801714032956026 0.9951847266721969 0
    outer loop
      vertex 34.40108290427016 -1.8144527687459764 0
      vertex 34.762 -1.85 1.21
      vertex 34.762 -1.85 0
    endloop
  endfacet
  facet normal -0.09801714032956026 0.9951847266721969 0
    outer loop
      vertex 34.762 -1.85 0
      vertex 35.12291709572984 -1.8144527687459764 1.21
      vertex 35.12291709572984 -1.8144527687459764 0
    endloop
  endfacet
  facet normal -0.2902846772544619 0.956940335732209 0
    outer loop
      vertex 35.12291709572984 -1.8144527687459764 0
      vertex 35.46996434987542 -1.7091771351458807 1.21
      vertex 35.46996434987542 -1.7091771351458807 0
    endloop
  endfacet
  facet normal 0.6343932841636485 0.7730104533627346 0
    outer loop
      vertex 33.45385245480489 -1.308147545195113 0
      vertex 33.734195068913735 -1.5382187827597087 1.21
      vertex 33.734195068913735 -1.5382187827597087 0
    endloop
  endfacet
  facet normal -0.4713967368259986 0.8819212643483546 0
    outer loop
      vertex 35.46996434987542 -1.7091771351458807 0
      vertex 35.789804931086266 -1.5382187827597087 1.21
      vertex 35.789804931086266 -1.5382187827597087 0
    endloop
  endfacet
  facet normal 0.8819212643483543 0.47139673682599914 0
    outer loop
      vertex 33.05282286485412 -0.7079643498754161 0
      vertex 33.05282286485412 -0.7079643498754161 1.21
      vertex 33.223781217240294 -1.027804931086264 0
    endloop
  endfacet
  facet normal 0.9569403357322049 0.29028467725447554 0
    outer loop
      vertex 33.05282286485412 -0.7079643498754161 0
      vertex 32.94754723125402 -0.36091709572983727 0
      vertex 32.94754723125402 -0.36091709572983727 1.21
    endloop
  endfacet
  facet normal 0.9951847266721974 0.09801714032955462 0
    outer loop
      vertex 32.94754723125402 -0.36091709572983727 0
      vertex 32.912 0 0
      vertex 32.912 0 1.21
    endloop
  endfacet
  facet normal 0.7730104533627391 0.6343932841636429 0
    outer loop
      vertex 33.45385245480489 -1.308147545195113 0
      vertex 33.223781217240294 -1.027804931086264 1.21
      vertex 33.45385245480489 -1.308147545195113 1.21
    endloop
  endfacet
  facet normal 0.09801714032956026 0.9951847266721969 0
    outer loop
      vertex 34.40108290427016 -1.8144527687459764 0
      vertex 34.40108290427016 -1.8144527687459764 1.21
      vertex 34.762 -1.85 1.21
    endloop
  endfacet
  facet normal 0.2902846772544619 0.956940335732209 0
    outer loop
      vertex 34.05403565012458 -1.7091771351458807 0
      vertex 34.05403565012458 -1.7091771351458807 1.21
      vertex 34.40108290427016 -1.8144527687459764 1.21
    endloop
  endfacet
  facet normal -0.09801714032956026 0.9951847266721969 0
    outer loop
      vertex 34.762 -1.85 0
      vertex 34.762 -1.85 1.21
      vertex 35.12291709572984 -1.8144527687459764 1.21
    endloop
  endfacet
  facet normal -0.2902846772544619 0.956940335732209 0
    outer loop
      vertex 35.12291709572984 -1.8144527687459764 0
      vertex 35.12291709572984 -1.8144527687459764 1.21
      vertex 35.46996434987542 -1.7091771351458807 1.21
    endloop
  endfacet
  facet normal -0.4713967368259986 0.8819212643483546 0
    outer loop
      vertex 35.46996434987542 -1.7091771351458807 0
      vertex 35.46996434987542 -1.7091771351458807 1.21
      vertex 35.789804931086266 -1.5382187827597087 1.21
    endloop
  endfacet
  facet normal 0.4713967368259986 0.8819212643483546 0
    outer loop
      vertex 33.734195068913735 -1.5382187827597087 0
      vertex 33.734195068913735 -1.5382187827597087 1.21
      vertex 34.05403565012458 -1.7091771351458807 1.21
    endloop
  endfacet
  facet normal 0.6343932841636485 0.7730104533627346 0
    outer loop
      vertex 33.45385245480489 -1.308147545195113 0
      vertex 33.45385245480489 -1.308147545195113 1.21
      vertex 33.734195068913735 -1.5382187827597087 1.21
    endloop
  endfacet
  facet normal 0.8819212643483543 0.47139673682599914 0
    outer loop
      vertex 33.223781217240294 -1.027804931086264 0
      vertex 33.05282286485412 -0.7079643498754161 1.21
      vertex 33.223781217240294 -1.027804931086264 1.21
    endloop
  endfacet
  facet normal 0.9569403357322049 0.29028467725447554 0
    outer loop
      vertex 33.05282286485412 -0.7079643498754161 0
      vertex 32.94754723125402 -0.36091709572983727 1.21
      vertex 33.05282286485412 -0.7079643498754161 1.21
    endloop
  endfacet
  facet normal 0.9951847266721974 0.09801714032955462 0
    outer loop
      vertex 32.94754723125402 -0.36091709572983727 0
      vertex 32.912 0 1.21
      vertex 32.94754723125402 -0.36091709572983727 1.21
    endloop
  endfacet
  facet normal -0.6343932841636485 0.7730104533627346 0
    outer loop
      vertex 35.789804931086266 -1.5382187827597087 0
      vertex 36.07014754519511 -1.308147545195113 1.21
      vertex 36.07014754519511 -1.308147545195113 0
    endloop
  endfacet
  facet normal -0.7730104533627391 0.6343932841636429 0
    outer loop
      vertex 36.07014754519511 -1.308147545195113 0
      vertex 36.07014754519511 -1.308147545195113 1.21
      vertex 36.30021878275971 -1.027804931086264 0
    endloop
  endfacet
  facet normal -0.8819212643483543 0.47139673682599914 0
    outer loop
      vertex 36.30021878275971 -1.027804931086264 0
      vertex 36.30021878275971 -1.027804931086264 1.21
      vertex 36.47117713514588 -0.7079643498754161 0
    endloop
  endfacet
  facet normal -0.9569403357322049 0.29028467725447554 0
    outer loop
      vertex 36.47117713514588 -0.7079643498754161 0
      vertex 36.47117713514588 -0.7079643498754161 1.21
      vertex 36.57645276874598 -0.36091709572983727 0
    endloop
  endfacet
  facet normal -0.9951847266721974 0.09801714032955462 0
    outer loop
      vertex 36.57645276874598 -0.36091709572983727 0
      vertex 36.57645276874598 -0.36091709572983727 1.21
      vertex 36.612 0 0
    endloop
  endfacet
  facet normal -0.6343932841636485 0.7730104533627346 0
    outer loop
      vertex 35.789804931086266 -1.5382187827597087 0
      vertex 35.789804931086266 -1.5382187827597087 1.21
      vertex 36.07014754519511 -1.308147545195113 1.21
    endloop
  endfacet
  facet normal -0.7730104533627391 0.6343932841636429 0
    outer loop
      vertex 36.30021878275971 -1.027804931086264 0
      vertex 36.07014754519511 -1.308147545195113 1.21
      vertex 36.30021878275971 -1.027804931086264 1.21
    endloop
  endfacet
  facet normal -0.8819212643483543 0.47139673682599914 0
    outer loop
      vertex 36.47117713514588 -0.7079643498754161 0
      vertex 36.30021878275971 -1.027804931086264 1.21
      vertex 36.47117713514588 -0.7079643498754161 1.21
    endloop
  endfacet
  facet normal -0.9569403357322049 0.29028467725447554 0
    outer loop
      vertex 36.57645276874598 -0.36091709572983727 0
      vertex 36.47117713514588 -0.7079643498754161 1.21
      vertex 36.57645276874598 -0.36091709572983727 1.21
    endloop
  endfacet
  facet normal -0.9951847266721974 0.09801714032955462 0
    outer loop
      vertex 36.612 0 0
      vertex 36.57645276874598 -0.36091709572983727 1.21
      vertex 36.612 0 1.21
    endloop
  endfacet
  facet normal 0.9951847266721974 -0.09801714032955462 0
    outer loop
      vertex 32.912 0 0
      vertex 32.94754723125402 0.36091709572983727 0
      vertex 32.94754723125402 0.36091709572983727 1.21
    endloop
  endfacet
  facet normal 0.9569403357322049 -0.29028467725447554 0
    outer loop
      vertex 32.94754723125402 0.36091709572983727 0
      vertex 33.05282286485412 0.7079643498754161 0
      vertex 33.05282286485412 0.7079643498754161 1.21
    endloop
  endfacet
  facet normal 0.8819212643483543 -0.47139673682599914 0
    outer loop
      vertex 33.05282286485412 0.7079643498754161 0
      vertex 33.223781217240294 1.027804931086264 0
      vertex 33.223781217240294 1.027804931086264 1.21
    endloop
  endfacet
  facet normal 0.7730104533627391 -0.6343932841636429 0
    outer loop
      vertex 33.223781217240294 1.027804931086264 0
      vertex 33.45385245480489 1.308147545195113 0
      vertex 33.45385245480489 1.308147545195113 1.21
    endloop
  endfacet
  facet normal 0.6343932841636485 -0.7730104533627346 0
    outer loop
      vertex 33.45385245480489 1.308147545195113 0
      vertex 33.734195068913735 1.5382187827597087 0
      vertex 33.45385245480489 1.308147545195113 1.21
    endloop
  endfacet
  facet normal 0.4713967368259986 -0.8819212643483546 0
    outer loop
      vertex 33.734195068913735 1.5382187827597087 0
      vertex 34.05403565012458 1.7091771351458807 0
      vertex 33.734195068913735 1.5382187827597087 1.21
    endloop
  endfacet
  facet normal 0.2902846772544619 -0.956940335732209 0
    outer loop
      vertex 34.05403565012458 1.7091771351458807 0
      vertex 34.40108290427016 1.8144527687459764 0
      vertex 34.05403565012458 1.7091771351458807 1.21
    endloop
  endfacet
  facet normal 0.09801714032956026 -0.9951847266721969 0
    outer loop
      vertex 34.40108290427016 1.8144527687459764 0
      vertex 34.762 1.85 0
      vertex 34.40108290427016 1.8144527687459764 1.21
    endloop
  endfacet
  facet normal -0.09801714032956026 -0.9951847266721969 0
    outer loop
      vertex 34.762 1.85 0
      vertex 35.12291709572984 1.8144527687459764 0
      vertex 34.762 1.85 1.21
    endloop
  endfacet
  facet normal -0.4713967368259986 -0.8819212643483546 0
    outer loop
      vertex 35.46996434987542 1.7091771351458807 0
      vertex 35.789804931086266 1.5382187827597087 0
      vertex 35.46996434987542 1.7091771351458807 1.21
    endloop
  endfacet
  facet normal -0.2902846772544619 -0.956940335732209 0
    outer loop
      vertex 35.46996434987542 1.7091771351458807 0
      vertex 35.12291709572984 1.8144527687459764 1.21
      vertex 35.12291709572984 1.8144527687459764 0
    endloop
  endfacet
  facet normal 0.9951847266721974 -0.09801714032955462 0
    outer loop
      vertex 32.912 0 0
      vertex 32.94754723125402 0.36091709572983727 1.21
      vertex 32.912 0 1.21
    endloop
  endfacet
  facet normal 0.9569403357322049 -0.29028467725447554 0
    outer loop
      vertex 32.94754723125402 0.36091709572983727 0
      vertex 33.05282286485412 0.7079643498754161 1.21
      vertex 32.94754723125402 0.36091709572983727 1.21
    endloop
  endfacet
  facet normal 0.8819212643483543 -0.47139673682599914 0
    outer loop
      vertex 33.05282286485412 0.7079643498754161 0
      vertex 33.223781217240294 1.027804931086264 1.21
      vertex 33.05282286485412 0.7079643498754161 1.21
    endloop
  endfacet
  facet normal 0.7730104533627391 -0.6343932841636429 0
    outer loop
      vertex 33.223781217240294 1.027804931086264 0
      vertex 33.45385245480489 1.308147545195113 1.21
      vertex 33.223781217240294 1.027804931086264 1.21
    endloop
  endfacet
  facet normal 0.6343932841636485 -0.7730104533627346 0
    outer loop
      vertex 33.734195068913735 1.5382187827597087 0
      vertex 33.734195068913735 1.5382187827597087 1.21
      vertex 33.45385245480489 1.308147545195113 1.21
    endloop
  endfacet
  facet normal -0.4713967368259986 -0.8819212643483546 0
    outer loop
      vertex 35.789804931086266 1.5382187827597087 0
      vertex 35.789804931086266 1.5382187827597087 1.21
      vertex 35.46996434987542 1.7091771351458807 1.21
    endloop
  endfacet
  facet normal 0.4713967368259986 -0.8819212643483546 0
    outer loop
      vertex 34.05403565012458 1.7091771351458807 0
      vertex 34.05403565012458 1.7091771351458807 1.21
      vertex 33.734195068913735 1.5382187827597087 1.21
    endloop
  endfacet
  facet normal 0.2902846772544619 -0.956940335732209 0
    outer loop
      vertex 34.40108290427016 1.8144527687459764 0
      vertex 34.40108290427016 1.8144527687459764 1.21
      vertex 34.05403565012458 1.7091771351458807 1.21
    endloop
  endfacet
  facet normal 0.09801714032956026 -0.9951847266721969 0
    outer loop
      vertex 34.762 1.85 0
      vertex 34.762 1.85 1.21
      vertex 34.40108290427016 1.8144527687459764 1.21
    endloop
  endfacet
  facet normal -0.09801714032956026 -0.9951847266721969 0
    outer loop
      vertex 35.12291709572984 1.8144527687459764 0
      vertex 35.12291709572984 1.8144527687459764 1.21
      vertex 34.762 1.85 1.21
    endloop
  endfacet
  facet normal -0.2902846772544619 -0.956940335732209 0
    outer loop
      vertex 35.46996434987542 1.7091771351458807 0
      vertex 35.46996434987542 1.7091771351458807 1.21
      vertex 35.12291709572984 1.8144527687459764 1.21
    endloop
  endfacet
  facet normal -0.9951847266721974 -0.09801714032955462 0
    outer loop
      vertex 36.612 0 0
      vertex 36.612 0 1.21
      vertex 36.57645276874598 0.36091709572983727 0
    endloop
  endfacet
  facet normal -0.9569403357322049 -0.29028467725447554 0
    outer loop
      vertex 36.57645276874598 0.36091709572983727 0
      vertex 36.57645276874598 0.36091709572983727 1.21
      vertex 36.47117713514588 0.7079643498754161 0
    endloop
  endfacet
  facet normal -0.8819212643483543 -0.47139673682599914 0
    outer loop
      vertex 36.47117713514588 0.7079643498754161 0
      vertex 36.47117713514588 0.7079643498754161 1.21
      vertex 36.30021878275971 1.027804931086264 0
    endloop
  endfacet
  facet normal -0.7730104533627391 -0.6343932841636429 0
    outer loop
      vertex 36.07014754519511 1.308147545195113 0
      vertex 36.30021878275971 1.027804931086264 0
      vertex 36.30021878275971 1.027804931086264 1.21
    endloop
  endfacet
  facet normal -0.6343932841636485 -0.7730104533627346 0
    outer loop
      vertex 35.789804931086266 1.5382187827597087 0
      vertex 36.07014754519511 1.308147545195113 0
      vertex 35.789804931086266 1.5382187827597087 1.21
    endloop
  endfacet
  facet normal -0.9951847266721974 -0.09801714032955462 0
    outer loop
      vertex 36.57645276874598 0.36091709572983727 0
      vertex 36.612 0 1.21
      vertex 36.57645276874598 0.36091709572983727 1.21
    endloop
  endfacet
  facet normal -0.9569403357322049 -0.29028467725447554 0
    outer loop
      vertex 36.47117713514588 0.7079643498754161 0
      vertex 36.57645276874598 0.36091709572983727 1.21
      vertex 36.47117713514588 0.7079643498754161 1.21
    endloop
  endfacet
  facet normal -0.8819212643483543 -0.47139673682599914 0
    outer loop
      vertex 36.30021878275971 1.027804931086264 0
      vertex 36.47117713514588 0.7079643498754161 1.21
      vertex 36.30021878275971 1.027804931086264 1.21
    endloop
  endfacet
  facet normal -0.7730104533627391 -0.6343932841636429 0
    outer loop
      vertex 36.07014754519511 1.308147545195113 0
      vertex 36.30021878275971 1.027804931086264 1.21
      vertex 36.07014754519511 1.308147545195113 1.21
    endloop
  endfacet
  facet normal -0.6343932841636485 -0.7730104533627346 0
    outer loop
      vertex 36.07014754519511 1.308147545195113 0
      vertex 36.07014754519511 1.308147545195113 1.21
      vertex 35.789804931086266 1.5382187827597087 1.21
    endloop
  endfacet
  facet normal 0.4713967368259904 0.8819212643483589 0
    outer loop
      vertex 106.25819506891374 -1.5382187827597087 0
      vertex 106.57803565012459 -1.7091771351458807 1.21
      vertex 106.57803565012459 -1.7091771351458807 0
    endloop
  endfacet
  facet normal 0.2902846772544619 0.956940335732209 0
    outer loop
      vertex 106.57803565012459 -1.7091771351458807 0
      vertex 106.92508290427017 -1.8144527687459764 1.21
      vertex 106.92508290427017 -1.8144527687459764 0
    endloop
  endfacet
  facet normal 0.09801714032956217 0.9951847266721967 0
    outer loop
      vertex 106.92508290427017 -1.8144527687459764 0
      vertex 107.286 -1.85 1.21
      vertex 107.286 -1.85 0
    endloop
  endfacet
  facet normal 0.6343932841636485 0.7730104533627346 0
    outer loop
      vertex 105.97785245480489 -1.308147545195113 0
      vertex 106.25819506891374 -1.5382187827597087 1.21
      vertex 106.25819506891374 -1.5382187827597087 0
    endloop
  endfacet
  facet normal 0.7730104533627294 0.6343932841636547 0
    outer loop
      vertex 105.97785245480489 -1.308147545195113 0
      vertex 105.74778121724029 -1.027804931086264 0
      vertex 105.74778121724029 -1.027804931086264 1.21
    endloop
  endfacet
  facet normal 0.8819212643483625 0.4713967368259839 0
    outer loop
      vertex 105.57682286485412 -0.7079643498754161 0
      vertex 105.57682286485412 -0.7079643498754161 1.21
      vertex 105.74778121724029 -1.027804931086264 0
    endloop
  endfacet
  facet normal 0.9569403357322049 0.29028467725447554 0
    outer loop
      vertex 105.47154723125402 -0.36091709572983727 0
      vertex 105.47154723125402 -0.36091709572983727 1.21
      vertex 105.57682286485412 -0.7079643498754161 0
    endloop
  endfacet
  facet normal 0.9951847266721994 0.09801714032953524 0
    outer loop
      vertex 105.47154723125402 -0.36091709572983727 0
      vertex 105.436 0 0
      vertex 105.436 0 1.21
    endloop
  endfacet
  facet normal 0.2902846772544619 0.956940335732209 0
    outer loop
      vertex 106.57803565012459 -1.7091771351458807 0
      vertex 106.57803565012459 -1.7091771351458807 1.21
      vertex 106.92508290427017 -1.8144527687459764 1.21
    endloop
  endfacet
  facet normal 0.09801714032956217 0.9951847266721967 0
    outer loop
      vertex 106.92508290427017 -1.8144527687459764 0
      vertex 106.92508290427017 -1.8144527687459764 1.21
      vertex 107.286 -1.85 1.21
    endloop
  endfacet
  facet normal 0.6343932841636485 0.7730104533627346 0
    outer loop
      vertex 105.97785245480489 -1.308147545195113 0
      vertex 105.97785245480489 -1.308147545195113 1.21
      vertex 106.25819506891374 -1.5382187827597087 1.21
    endloop
  endfacet
  facet normal 0.7730104533627294 0.6343932841636547 0
    outer loop
      vertex 105.97785245480489 -1.308147545195113 0
      vertex 105.74778121724029 -1.027804931086264 1.21
      vertex 105.97785245480489 -1.308147545195113 1.21
    endloop
  endfacet
  facet normal 0.4713967368259904 0.8819212643483589 0
    outer loop
      vertex 106.25819506891374 -1.5382187827597087 0
      vertex 106.25819506891374 -1.5382187827597087 1.21
      vertex 106.57803565012459 -1.7091771351458807 1.21
    endloop
  endfacet
  facet normal 0.8819212643483625 0.4713967368259839 0
    outer loop
      vertex 105.74778121724029 -1.027804931086264 0
      vertex 105.57682286485412 -0.7079643498754161 1.21
      vertex 105.74778121724029 -1.027804931086264 1.21
    endloop
  endfacet
  facet normal 0.9569403357322049 0.29028467725447554 0
    outer loop
      vertex 105.57682286485412 -0.7079643498754161 0
      vertex 105.47154723125402 -0.36091709572983727 1.21
      vertex 105.57682286485412 -0.7079643498754161 1.21
    endloop
  endfacet
  facet normal 0.9951847266721994 0.09801714032953524 0
    outer loop
      vertex 105.47154723125402 -0.36091709572983727 0
      vertex 105.436 0 1.21
      vertex 105.47154723125402 -0.36091709572983727 1.21
    endloop
  endfacet
  facet normal -0.09801714032956217 0.9951847266721967 0
    outer loop
      vertex 107.286 -1.85 0
      vertex 107.64691709572983 -1.8144527687459764 1.21
      vertex 107.64691709572983 -1.8144527687459764 0
    endloop
  endfacet
  facet normal -0.2902846772544619 0.956940335732209 0
    outer loop
      vertex 107.64691709572983 -1.8144527687459764 0
      vertex 107.99396434987541 -1.7091771351458807 1.21
      vertex 107.99396434987541 -1.7091771351458807 0
    endloop
  endfacet
  facet normal -0.4713967368259904 0.8819212643483589 0
    outer loop
      vertex 107.99396434987541 -1.7091771351458807 0
      vertex 108.31380493108627 -1.5382187827597087 1.21
      vertex 108.31380493108627 -1.5382187827597087 0
    endloop
  endfacet
  facet normal -0.6343932841636485 0.7730104533627346 0
    outer loop
      vertex 108.31380493108627 -1.5382187827597087 0
      vertex 108.59414754519511 -1.308147545195113 1.21
      vertex 108.59414754519511 -1.308147545195113 0
    endloop
  endfacet
  facet normal -0.7730104533627294 0.6343932841636547 0
    outer loop
      vertex 108.59414754519511 -1.308147545195113 0
      vertex 108.59414754519511 -1.308147545195113 1.21
      vertex 108.82421878275971 -1.027804931086264 0
    endloop
  endfacet
  facet normal -0.8819212643483625 0.4713967368259839 0
    outer loop
      vertex 108.82421878275971 -1.027804931086264 0
      vertex 108.82421878275971 -1.027804931086264 1.21
      vertex 108.99517713514588 -0.7079643498754161 0
    endloop
  endfacet
  facet normal -0.9569403357322049 0.29028467725447554 0
    outer loop
      vertex 108.99517713514588 -0.7079643498754161 0
      vertex 108.99517713514588 -0.7079643498754161 1.21
      vertex 109.10045276874598 -0.36091709572983727 0
    endloop
  endfacet
  facet normal -0.9951847266721994 0.09801714032953524 0
    outer loop
      vertex 109.10045276874598 -0.36091709572983727 0
      vertex 109.10045276874598 -0.36091709572983727 1.21
      vertex 109.136 0 0
    endloop
  endfacet
  facet normal -0.09801714032956217 0.9951847266721967 0
    outer loop
      vertex 107.286 -1.85 0
      vertex 107.286 -1.85 1.21
      vertex 107.64691709572983 -1.8144527687459764 1.21
    endloop
  endfacet
  facet normal -0.2902846772544619 0.956940335732209 0
    outer loop
      vertex 107.64691709572983 -1.8144527687459764 0
      vertex 107.64691709572983 -1.8144527687459764 1.21
      vertex 107.99396434987541 -1.7091771351458807 1.21
    endloop
  endfacet
  facet normal -0.4713967368259904 0.8819212643483589 0
    outer loop
      vertex 107.99396434987541 -1.7091771351458807 0
      vertex 107.99396434987541 -1.7091771351458807 1.21
      vertex 108.31380493108627 -1.5382187827597087 1.21
    endloop
  endfacet
  facet normal -0.6343932841636485 0.7730104533627346 0
    outer loop
      vertex 108.31380493108627 -1.5382187827597087 0
      vertex 108.31380493108627 -1.5382187827597087 1.21
      vertex 108.59414754519511 -1.308147545195113 1.21
    endloop
  endfacet
  facet normal -0.7730104533627294 0.6343932841636547 0
    outer loop
      vertex 108.82421878275971 -1.027804931086264 0
      vertex 108.59414754519511 -1.308147545195113 1.21
      vertex 108.82421878275971 -1.027804931086264 1.21
    endloop
  endfacet
  facet normal -0.8819212643483625 0.4713967368259839 0
    outer loop
      vertex 108.99517713514588 -0.7079643498754161 0
      vertex 108.82421878275971 -1.027804931086264 1.21
      vertex 108.99517713514588 -0.7079643498754161 1.21
    endloop
  endfacet
  facet normal -0.9569403357322049 0.29028467725447554 0
    outer loop
      vertex 109.10045276874598 -0.36091709572983727 0
      vertex 108.99517713514588 -0.7079643498754161 1.21
      vertex 109.10045276874598 -0.36091709572983727 1.21
    endloop
  endfacet
  facet normal -0.9951847266721994 0.09801714032953524 0
    outer loop
      vertex 109.136 0 0
      vertex 109.10045276874598 -0.36091709572983727 1.21
      vertex 109.136 0 1.21
    endloop
  endfacet
  facet normal 0.9951847266721994 -0.09801714032953524 0
    outer loop
      vertex 105.436 0 0
      vertex 105.47154723125402 0.36091709572983727 0
      vertex 105.47154723125402 0.36091709572983727 1.21
    endloop
  endfacet
  facet normal 0.9569403357322049 -0.29028467725447554 0
    outer loop
      vertex 105.47154723125402 0.36091709572983727 0
      vertex 105.57682286485412 0.7079643498754161 0
      vertex 105.57682286485412 0.7079643498754161 1.21
    endloop
  endfacet
  facet normal 0.8819212643483625 -0.4713967368259839 0
    outer loop
      vertex 105.57682286485412 0.7079643498754161 0
      vertex 105.74778121724029 1.027804931086264 0
      vertex 105.74778121724029 1.027804931086264 1.21
    endloop
  endfacet
  facet normal 0.7730104533627294 -0.6343932841636547 0
    outer loop
      vertex 105.74778121724029 1.027804931086264 0
      vertex 105.97785245480489 1.308147545195113 0
      vertex 105.97785245480489 1.308147545195113 1.21
    endloop
  endfacet
  facet normal 0.6343932841636485 -0.7730104533627346 0
    outer loop
      vertex 105.97785245480489 1.308147545195113 0
      vertex 106.25819506891374 1.5382187827597087 0
      vertex 105.97785245480489 1.308147545195113 1.21
    endloop
  endfacet
  facet normal 0.4713967368259904 -0.8819212643483589 0
    outer loop
      vertex 106.25819506891374 1.5382187827597087 0
      vertex 106.57803565012459 1.7091771351458807 0
      vertex 106.25819506891374 1.5382187827597087 1.21
    endloop
  endfacet
  facet normal 0.2902846772544619 -0.956940335732209 0
    outer loop
      vertex 106.57803565012459 1.7091771351458807 0
      vertex 106.92508290427017 1.8144527687459764 0
      vertex 106.57803565012459 1.7091771351458807 1.21
    endloop
  endfacet
  facet normal 0.09801714032956217 -0.9951847266721967 0
    outer loop
      vertex 106.92508290427017 1.8144527687459764 0
      vertex 107.286 1.85 0
      vertex 106.92508290427017 1.8144527687459764 1.21
    endloop
  endfacet
  facet normal 0.9951847266721994 -0.09801714032953524 0
    outer loop
      vertex 105.436 0 0
      vertex 105.47154723125402 0.36091709572983727 1.21
      vertex 105.436 0 1.21
    endloop
  endfacet
  facet normal 0.9569403357322049 -0.29028467725447554 0
    outer loop
      vertex 105.47154723125402 0.36091709572983727 0
      vertex 105.57682286485412 0.7079643498754161 1.21
      vertex 105.47154723125402 0.36091709572983727 1.21
    endloop
  endfacet
  facet normal 0.8819212643483625 -0.4713967368259839 0
    outer loop
      vertex 105.57682286485412 0.7079643498754161 0
      vertex 105.74778121724029 1.027804931086264 1.21
      vertex 105.57682286485412 0.7079643498754161 1.21
    endloop
  endfacet
  facet normal 0.7730104533627294 -0.6343932841636547 0
    outer loop
      vertex 105.74778121724029 1.027804931086264 0
      vertex 105.97785245480489 1.308147545195113 1.21
      vertex 105.74778121724029 1.027804931086264 1.21
    endloop
  endfacet
  facet normal 0.6343932841636485 -0.7730104533627346 0
    outer loop
      vertex 106.25819506891374 1.5382187827597087 0
      vertex 106.25819506891374 1.5382187827597087 1.21
      vertex 105.97785245480489 1.308147545195113 1.21
    endloop
  endfacet
  facet normal 0.4713967368259904 -0.8819212643483589 0
    outer loop
      vertex 106.57803565012459 1.7091771351458807 0
      vertex 106.57803565012459 1.7091771351458807 1.21
      vertex 106.25819506891374 1.5382187827597087 1.21
    endloop
  endfacet
  facet normal 0.2902846772544619 -0.956940335732209 0
    outer loop
      vertex 106.92508290427017 1.8144527687459764 0
      vertex 106.92508290427017 1.8144527687459764 1.21
      vertex 106.57803565012459 1.7091771351458807 1.21
    endloop
  endfacet
  facet normal 0.09801714032956217 -0.9951847266721967 0
    outer loop
      vertex 107.286 1.85 0
      vertex 107.286 1.85 1.21
      vertex 106.92508290427017 1.8144527687459764 1.21
    endloop
  endfacet
  facet normal -0.9951847266721994 -0.09801714032953524 0
    outer loop
      vertex 109.10045276874598 0.36091709572983727 0
      vertex 109.136 0 0
      vertex 109.136 0 1.21
    endloop
  endfacet
  facet normal -0.9569403357322049 -0.29028467725447554 0
    outer loop
      vertex 109.10045276874598 0.36091709572983727 0
      vertex 109.10045276874598 0.36091709572983727 1.21
      vertex 108.99517713514588 0.7079643498754161 0
    endloop
  endfacet
  facet normal -0.8819212643483625 -0.4713967368259839 0
    outer loop
      vertex 108.82421878275971 1.027804931086264 0
      vertex 108.99517713514588 0.7079643498754161 0
      vertex 108.99517713514588 0.7079643498754161 1.21
    endloop
  endfacet
  facet normal -0.6343932841636485 -0.7730104533627346 0
    outer loop
      vertex 108.31380493108627 1.5382187827597087 0
      vertex 108.59414754519511 1.308147545195113 0
      vertex 108.31380493108627 1.5382187827597087 1.21
    endloop
  endfacet
  facet normal -0.7730104533627294 -0.6343932841636547 0
    outer loop
      vertex 108.82421878275971 1.027804931086264 0
      vertex 108.82421878275971 1.027804931086264 1.21
      vertex 108.59414754519511 1.308147545195113 0
    endloop
  endfacet
  facet normal -0.09801714032956217 -0.9951847266721967 0
    outer loop
      vertex 107.286 1.85 0
      vertex 107.64691709572983 1.8144527687459764 0
      vertex 107.286 1.85 1.21
    endloop
  endfacet
  facet normal -0.2902846772544619 -0.956940335732209 0
    outer loop
      vertex 107.64691709572983 1.8144527687459764 0
      vertex 107.99396434987541 1.7091771351458807 0
      vertex 107.64691709572983 1.8144527687459764 1.21
    endloop
  endfacet
  facet normal -0.4713967368259904 -0.8819212643483589 0
    outer loop
      vertex 107.99396434987541 1.7091771351458807 0
      vertex 108.31380493108627 1.5382187827597087 0
      vertex 107.99396434987541 1.7091771351458807 1.21
    endloop
  endfacet
  facet normal -0.9951847266721994 -0.09801714032953524 0
    outer loop
      vertex 109.10045276874598 0.36091709572983727 0
      vertex 109.136 0 1.21
      vertex 109.10045276874598 0.36091709572983727 1.21
    endloop
  endfacet
  facet normal -0.9569403357322049 -0.29028467725447554 0
    outer loop
      vertex 108.99517713514588 0.7079643498754161 0
      vertex 109.10045276874598 0.36091709572983727 1.21
      vertex 108.99517713514588 0.7079643498754161 1.21
    endloop
  endfacet
  facet normal -0.8819212643483625 -0.4713967368259839 0
    outer loop
      vertex 108.82421878275971 1.027804931086264 0
      vertex 108.99517713514588 0.7079643498754161 1.21
      vertex 108.82421878275971 1.027804931086264 1.21
    endloop
  endfacet
  facet normal -0.4713967368259904 -0.8819212643483589 0
    outer loop
      vertex 108.31380493108627 1.5382187827597087 0
      vertex 108.31380493108627 1.5382187827597087 1.21
      vertex 107.99396434987541 1.7091771351458807 1.21
    endloop
  endfacet
  facet normal -0.7730104533627294 -0.6343932841636547 0
    outer loop
      vertex 108.59414754519511 1.308147545195113 0
      vertex 108.82421878275971 1.027804931086264 1.21
      vertex 108.59414754519511 1.308147545195113 1.21
    endloop
  endfacet
  facet normal -0.6343932841636485 -0.7730104533627346 0
    outer loop
      vertex 108.59414754519511 1.308147545195113 0
      vertex 108.59414754519511 1.308147545195113 1.21
      vertex 108.31380493108627 1.5382187827597087 1.21
    endloop
  endfacet
  facet normal -0.2902846772544619 -0.956940335732209 0
    outer loop
      vertex 107.99396434987541 1.7091771351458807 0
      vertex 107.99396434987541 1.7091771351458807 1.21
      vertex 107.64691709572983 1.8144527687459764 1.21
    endloop
  endfacet
  facet normal -0.09801714032956217 -0.9951847266721967 0
    outer loop
      vertex 107.64691709572983 1.8144527687459764 0
      vertex 107.64691709572983 1.8144527687459764 1.21
      vertex 107.286 1.85 1.21
    endloop
  endfacet
  facet normal 0 0 -1
    outer loop
      vertex 30.061999997019768 -3.7000000029802322 1.21
      vertex 35.31800741774597 -2.795238049149207 1.21
      vertex 39.46200000298023 -3.7000000029802322 1.21
    endloop
  endfacet
  facet normal 0 0 -1
    outer loop
      vertex 30.061999997019768 -3.7000000029802322 1.21
      vertex 33.178624835894134 -2.369688395062254 1.21
      vertex 33.67135221775949 -2.633056667657167 1.21
    endloop
  endfacet
  facet normal 0 0 -1
    outer loop
      vertex 30.061999997019768 -3.7000000029802322 1.21
      vertex 33.67135221775949 -2.633056667657167 1.21
      vertex 34.205992582254034 -2.795238049149207 1.21
    endloop
  endfacet
  facet normal 0 0 -1
    outer loop
      vertex 30.061999997019768 -3.7000000029802322 1.21
      vertex 34.205992582254034 -2.795238049149207 1.21
      vertex 34.762 -2.85 1.21
    endloop
  endfacet
  facet normal 0 0 -1
    outer loop
      vertex 30.061999997019768 -3.7000000029802322 1.21
      vertex 34.762 -2.85 1.21
      vertex 35.31800741774597 -2.795238049149207 1.21
    endloop
  endfacet
  facet normal 0 0 -1
    outer loop
      vertex 30.061999997019768 -3.7000000029802322 1.21
      vertex 32.74674567361834 -2.0152543263816605 1.21
      vertex 33.178624835894134 -2.369688395062254 1.21
    endloop
  endfacet
  facet normal 0 0 -1
    outer loop
      vertex 30.061999997019768 -3.7000000029802322 1.21
      vertex 32.392311604937746 -1.5833751641058662 1.21
      vertex 32.74674567361834 -2.0152543263816605 1.21
    endloop
  endfacet
  facet normal 0 0 -1
    outer loop
      vertex 30.061999997019768 -3.7000000029802322 1.21
      vertex 32.128943332342836 -1.0906477822405058 1.21
      vertex 32.392311604937746 -1.5833751641058662 1.21
    endloop
  endfacet
  facet normal 0 0 -1
    outer loop
      vertex 30.061999997019768 -3.7000000029802322 1.21
      vertex 31.966761950850795 -0.5560074177459655 1.21
      vertex 32.128943332342836 -1.0906477822405058 1.21
    endloop
  endfacet
  facet normal 0 0 -1
    outer loop
      vertex 30.061999997019768 -3.7000000029802322 1.21
      vertex 31.912 0 1.21
      vertex 31.966761950850795 -0.5560074177459655 1.21
    endloop
  endfacet
  facet normal 0 0 -1
    outer loop
      vertex 33.734195068913735 -1.5382187827597087 1.21
      vertex 34.40108290427016 -1.8144527687459764 1.21
      vertex 34.05403565012458 -1.7091771351458807 1.21
    endloop
  endfacet
  facet normal 0 0 -1
    outer loop
      vertex 33.734195068913735 -1.5382187827597087 1.21
      vertex 34.762 -1.85 1.21
      vertex 34.40108290427016 -1.8144527687459764 1.21
    endloop
  endfacet
  facet normal 0 0 -1
    outer loop
      vertex 34.762 -1.85 1.21
      vertex 33.45385245480489 -1.308147545195113 1.21
      vertex 35.12291709572984 -1.8144527687459764 1.21
    endloop
  endfacet
  facet normal 0 0 -1
    outer loop
      vertex 33.734195068913735 -1.5382187827597087 1.21
      vertex 33.45385245480489 -1.308147545195113 1.21
      vertex 34.762 -1.85 1.21
    endloop
  endfacet
  facet normal 0 0 -1
    outer loop
      vertex 33.223781217240294 -1.027804931086264 1.21
      vertex 35.12291709572984 -1.8144527687459764 1.21
      vertex 33.45385245480489 -1.308147545195113 1.21
    endloop
  endfacet
  facet normal 0 0 -1
    outer loop
      vertex 33.223781217240294 -1.027804931086264 1.21
      vertex 35.46996434987542 -1.7091771351458807 1.21
      vertex 35.12291709572984 -1.8144527687459764 1.21
    endloop
  endfacet
  facet normal 0 0 -1
    outer loop
      vertex 33.05282286485412 -0.7079643498754161 1.21
      vertex 35.46996434987542 -1.7091771351458807 1.21
      vertex 33.223781217240294 -1.027804931086264 1.21
    endloop
  endfacet
  facet normal 0 0 -1
    outer loop
      vertex 33.05282286485412 -0.7079643498754161 1.21
      vertex 35.789804931086266 -1.5382187827597087 1.21
      vertex 35.46996434987542 -1.7091771351458807 1.21
    endloop
  endfacet
  facet normal 0 0 -1
    outer loop
      vertex 30.061999997019768 -3.7000000029802322 1.21
      vertex 31.966761950850795 0.5560074177459655 1.21
      vertex 31.912 0 1.21
    endloop
  endfacet
  facet normal 0 0 -1
    outer loop
      vertex 33.05282286485412 -0.7079643498754161 1.21
      vertex 32.94754723125402 -0.36091709572983727 1.21
      vertex 35.789804931086266 -1.5382187827597087 1.21
    endloop
  endfacet
  facet normal 0 0 -1
    outer loop
      vertex 32.94754723125402 -0.36091709572983727 1.21
      vertex 32.912 0 1.21
      vertex 35.789804931086266 -1.5382187827597087 1.21
    endloop
  endfacet
  facet normal 0 0 -1
    outer loop
      vertex 33.223781217240294 1.027804931086264 1.21
      vertex 36.07014754519511 -1.308147545195113 1.21
      vertex 35.789804931086266 -1.5382187827597087 1.21
    endloop
  endfacet
  facet normal 0 0 -1
    outer loop
      vertex 32.912 0 1.21
      vertex 32.94754723125402 0.36091709572983727 1.21
      vertex 35.789804931086266 -1.5382187827597087 1.21
    endloop
  endfacet
  facet normal 0 0 -1
    outer loop
      vertex 32.94754723125402 0.36091709572983727 1.21
      vertex 33.05282286485412 0.7079643498754161 1.21
      vertex 35.789804931086266 -1.5382187827597087 1.21
    endloop
  endfacet
  facet normal 0 0 -1
    outer loop
      vertex 33.223781217240294 1.027804931086264 1.21
      vertex 36.30021878275971 -1.027804931086264 1.21
      vertex 36.07014754519511 -1.308147545195113 1.21
    endloop
  endfacet
  facet normal 0 0 -1
    outer loop
      vertex 33.734195068913735 1.5382187827597087 1.21
      vertex 36.47117713514588 -0.7079643498754161 1.21
      vertex 36.30021878275971 -1.027804931086264 1.21
    endloop
  endfacet
  facet normal 0 0 -1
    outer loop
      vertex 39.46200000298023 -3.7000000029802322 1.21
      vertex 35.31800741774597 -2.795238049149207 1.21
      vertex 35.85264778224051 -2.633056667657167 1.21
    endloop
  endfacet
  facet normal 0 0 -1
    outer loop
      vertex 39.46200000298023 -3.7000000029802322 1.21
      vertex 35.85264778224051 -2.633056667657167 1.21
      vertex 36.34537516410587 -2.369688395062254 1.21
    endloop
  endfacet
  facet normal 0 0 -1
    outer loop
      vertex 39.46200000298023 -3.7000000029802322 1.21
      vertex 36.34537516410587 -2.369688395062254 1.21
      vertex 36.77725432638166 -2.0152543263816605 1.21
    endloop
  endfacet
  facet normal 0 0 -1
    outer loop
      vertex 39.46200000298023 -3.7000000029802322 1.21
      vertex 36.77725432638166 -2.0152543263816605 1.21
      vertex 37.131688395062255 -1.5833751641058662 1.21
    endloop
  endfacet
  facet normal 0 0 -1
    outer loop
      vertex 39.46200000298023 -3.7000000029802322 1.21
      vertex 37.131688395062255 -1.5833751641058662 1.21
      vertex 37.395056667657165 -1.0906477822405058 1.21
    endloop
  endfacet
  facet normal 0 0 -1
    outer loop
      vertex 39.46200000298023 -3.7000000029802322 1.21
      vertex 37.395056667657165 -1.0906477822405058 1.21
      vertex 37.557238049149205 -0.5560074177459655 1.21
    endloop
  endfacet
  facet normal 0 0 -1
    outer loop
      vertex 39.46200000298023 -3.7000000029802322 1.21
      vertex 37.557238049149205 -0.5560074177459655 1.21
      vertex 39.46200000298023 3.7000000029802322 1.21
    endloop
  endfacet
  facet normal 0 -1 0
    outer loop
      vertex 30.061999997019768 -3.7000000029802322 1.21
      vertex 39.46200000298023 -3.7000000029802322 1.21
      vertex 30.061999997019768 -3.7000000029802322 11.309999999999999
    endloop
  endfacet
  facet normal 1 0 0
    outer loop
      vertex 39.46200000298023 -3.7000000029802322 1.21
      vertex 39.46200000298023 3.7000000029802322 1.21
      vertex 39.46200000298023 -3.7000000029802322 11.309999999999999
    endloop
  endfacet
  facet normal -1 0 0
    outer loop
      vertex 30.061999997019768 -3.7000000029802322 1.21
      vertex 30.061999997019768 -3.7000000029802322 11.309999999999999
      vertex 30.061999997019768 3.7000000029802322 11.309999999999999
    endloop
  endfacet
  facet normal 0 -1 0
    outer loop
      vertex 30.061999997019768 -3.7000000029802322 11.309999999999999
      vertex 39.46200000298023 -3.7000000029802322 1.21
      vertex 39.46200000298023 -3.7000000029802322 11.309999999999999
    endloop
  endfacet
  facet normal 0 0 1
    outer loop
      vertex 30.061999997019768 -3.7000000029802322 11.309999999999999
      vertex 39.46200000298023 -3.7000000029802322 11.309999999999999
      vertex 30.061999997019768 3.7000000029802322 11.309999999999999
    endloop
  endfacet
  facet normal 0 0 -1
    outer loop
      vertex 30.061999997019768 -3.7000000029802322 1.21
      vertex 30.061999997019768 3.7000000029802322 1.21
      vertex 31.966761950850795 0.5560074177459655 1.21
    endloop
  endfacet
  facet normal 0 0 -1
    outer loop
      vertex 33.05282286485412 0.7079643498754161 1.21
      vertex 33.223781217240294 1.027804931086264 1.21
      vertex 35.789804931086266 -1.5382187827597087 1.21
    endloop
  endfacet
  facet normal 0 0 -1
    outer loop
      vertex 33.45385245480489 1.308147545195113 1.21
      vertex 36.30021878275971 -1.027804931086264 1.21
      vertex 33.223781217240294 1.027804931086264 1.21
    endloop
  endfacet
  facet normal 0 0 -1
    outer loop
      vertex 33.734195068913735 1.5382187827597087 1.21
      vertex 36.57645276874598 -0.36091709572983727 1.21
      vertex 36.47117713514588 -0.7079643498754161 1.21
    endloop
  endfacet
  facet normal 0 0 -1
    outer loop
      vertex 33.734195068913735 1.5382187827597087 1.21
      vertex 36.612 0 1.21
      vertex 36.57645276874598 -0.36091709572983727 1.21
    endloop
  endfacet
  facet normal 0 0 -1
    outer loop
      vertex 33.45385245480489 1.308147545195113 1.21
      vertex 33.734195068913735 1.5382187827597087 1.21
      vertex 36.30021878275971 -1.027804931086264 1.21
    endloop
  endfacet
  facet normal 0 0 -1
    outer loop
      vertex 33.734195068913735 1.5382187827597087 1.21
      vertex 36.57645276874598 0.36091709572983727 1.21
      vertex 36.612 0 1.21
    endloop
  endfacet
  facet normal 0 0 -1
    outer loop
      vertex 33.734195068913735 1.5382187827597087 1.21
      vertex 36.47117713514588 0.7079643498754161 1.21
      vertex 36.57645276874598 0.36091709572983727 1.21
    endloop
  endfacet
  facet normal 0 0 -1
    outer loop
      vertex 30.061999997019768 3.7000000029802322 1.21
      vertex 32.128943332342836 1.0906477822405058 1.21
      vertex 31.966761950850795 0.5560074177459655 1.21
    endloop
  endfacet
  facet normal 0 0 -1
    outer loop
      vertex 30.061999997019768 3.7000000029802322 1.21
      vertex 32.392311604937746 1.5833751641058662 1.21
      vertex 32.128943332342836 1.0906477822405058 1.21
    endloop
  endfacet
  facet normal 0 0 -1
    outer loop
      vertex 33.734195068913735 1.5382187827597087 1.21
      vertex 34.05403565012458 1.7091771351458807 1.21
      vertex 36.47117713514588 0.7079643498754161 1.21
    endloop
  endfacet
  facet normal 0 0 -1
    outer loop
      vertex 34.05403565012458 1.7091771351458807 1.21
      vertex 36.30021878275971 1.027804931086264 1.21
      vertex 36.47117713514588 0.7079643498754161 1.21
    endloop
  endfacet
  facet normal 0 0 -1
    outer loop
      vertex 34.05403565012458 1.7091771351458807 1.21
      vertex 34.40108290427016 1.8144527687459764 1.21
      vertex 36.30021878275971 1.027804931086264 1.21
    endloop
  endfacet
  facet normal 0 0 -1
    outer loop
      vertex 34.40108290427016 1.8144527687459764 1.21
      vertex 36.07014754519511 1.308147545195113 1.21
      vertex 36.30021878275971 1.027804931086264 1.21
    endloop
  endfacet
  facet normal 0 0 -1
    outer loop
      vertex 35.789804931086266 1.5382187827597087 1.21
      vertex 36.07014754519511 1.308147545195113 1.21
      vertex 34.762 1.85 1.21
    endloop
  endfacet
  facet normal 0 0 -1
    outer loop
      vertex 34.40108290427016 1.8144527687459764 1.21
      vertex 34.762 1.85 1.21
      vertex 36.07014754519511 1.308147545195113 1.21
    endloop
  endfacet
  facet normal 0 0 -1
    outer loop
      vertex 35.12291709572984 1.8144527687459764 1.21
      vertex 35.46996434987542 1.7091771351458807 1.21
      vertex 35.789804931086266 1.5382187827597087 1.21
    endloop
  endfacet
  facet normal 0 0 -1
    outer loop
      vertex 35.12291709572984 1.8144527687459764 1.21
      vertex 35.789804931086266 1.5382187827597087 1.21
      vertex 34.762 1.85 1.21
    endloop
  endfacet
  facet normal 0 0 -1
    outer loop
      vertex 30.061999997019768 3.7000000029802322 1.21
      vertex 32.74674567361834 2.0152543263816605 1.21
      vertex 32.392311604937746 1.5833751641058662 1.21
    endloop
  endfacet
  facet normal 0 0 -1
    outer loop
      vertex 30.061999997019768 3.7000000029802322 1.21
      vertex 33.178624835894134 2.369688395062254 1.21
      vertex 32.74674567361834 2.0152543263816605 1.21
    endloop
  endfacet
  facet normal 0 0 -1
    outer loop
      vertex 30.061999997019768 3.7000000029802322 1.21
      vertex 33.67135221775949 2.633056667657167 1.21
      vertex 33.178624835894134 2.369688395062254 1.21
    endloop
  endfacet
  facet normal 0 0 -1
    outer loop
      vertex 30.061999997019768 3.7000000029802322 1.21
      vertex 34.205992582254034 2.795238049149207 1.21
      vertex 33.67135221775949 2.633056667657167 1.21
    endloop
  endfacet
  facet normal 0 0 -1
    outer loop
      vertex 30.061999997019768 3.7000000029802322 1.21
      vertex 39.46200000298023 3.7000000029802322 1.21
      vertex 34.205992582254034 2.795238049149207 1.21
    endloop
  endfacet
  facet normal 0 0 -1
    outer loop
      vertex 39.46200000298023 3.7000000029802322 1.21
      vertex 37.557238049149205 -0.5560074177459655 1.21
      vertex 37.612 0 1.21
    endloop
  endfacet
  facet normal 0 0 -1
    outer loop
      vertex 39.46200000298023 3.7000000029802322 1.21
      vertex 37.395056667657165 1.0906477822405058 1.21
      vertex 37.131688395062255 1.5833751641058662 1.21
    endloop
  endfacet
  facet normal 0 0 -1
    outer loop
      vertex 39.46200000298023 3.7000000029802322 1.21
      vertex 37.612 0 1.21
      vertex 37.557238049149205 0.5560074177459655 1.21
    endloop
  endfacet
  facet normal 0 0 -1
    outer loop
      vertex 39.46200000298023 3.7000000029802322 1.21
      vertex 37.557238049149205 0.5560074177459655 1.21
      vertex 37.395056667657165 1.0906477822405058 1.21
    endloop
  endfacet
  facet normal 0 0 -1
    outer loop
      vertex 39.46200000298023 3.7000000029802322 1.21
      vertex 37.131688395062255 1.5833751641058662 1.21
      vertex 36.77725432638166 2.0152543263816605 1.21
    endloop
  endfacet
  facet normal 0 0 -1
    outer loop
      vertex 39.46200000298023 3.7000000029802322 1.21
      vertex 36.77725432638166 2.0152543263816605 1.21
      vertex 36.34537516410587 2.369688395062254 1.21
    endloop
  endfacet
  facet normal 0 0 -1
    outer loop
      vertex 39.46200000298023 3.7000000029802322 1.21
      vertex 34.762 2.85 1.21
      vertex 34.205992582254034 2.795238049149207 1.21
    endloop
  endfacet
  facet normal 0 0 -1
    outer loop
      vertex 39.46200000298023 3.7000000029802322 1.21
      vertex 35.31800741774597 2.795238049149207 1.21
      vertex 34.762 2.85 1.21
    endloop
  endfacet
  facet normal 0 0 -1
    outer loop
      vertex 39.46200000298023 3.7000000029802322 1.21
      vertex 35.85264778224051 2.633056667657167 1.21
      vertex 35.31800741774597 2.795238049149207 1.21
    endloop
  endfacet
  facet normal 0 0 -1
    outer loop
      vertex 39.46200000298023 3.7000000029802322 1.21
      vertex 36.34537516410587 2.369688395062254 1.21
      vertex 35.85264778224051 2.633056667657167 1.21
    endloop
  endfacet
  facet normal -1 0 0
    outer loop
      vertex 30.061999997019768 -3.7000000029802322 1.21
      vertex 30.061999997019768 3.7000000029802322 11.309999999999999
      vertex 30.061999997019768 3.7000000029802322 1.21
    endloop
  endfacet
  facet normal 0 1 0
    outer loop
      vertex 30.061999997019768 3.7000000029802322 1.21
      vertex 39.46200000298023 3.7000000029802322 11.309999999999999
      vertex 39.46200000298023 3.7000000029802322 1.21
    endloop
  endfacet
  facet normal 0 1 0
    outer loop
      vertex 30.061999997019768 3.7000000029802322 1.21
      vertex 30.061999997019768 3.7000000029802322 11.309999999999999
      vertex 39.46200000298023 3.7000000029802322 11.309999999999999
    endloop
  endfacet
  facet normal 1 0 0
    outer loop
      vertex 39.46200000298023 -3.7000000029802322 11.309999999999999
      vertex 39.46200000298023 3.7000000029802322 1.21
      vertex 39.46200000298023 3.7000000029802322 11.309999999999999
    endloop
  endfacet
  facet normal 0 0 1
    outer loop
      vertex 30.061999997019768 3.7000000029802322 11.309999999999999
      vertex 39.46200000298023 -3.7000000029802322 11.309999999999999
      vertex 39.46200000298023 3.7000000029802322 11.309999999999999
    endloop
  endfacet
  facet normal -0.33814235053644726 -0.9410949743642703 0
    outer loop
      vertex 15.631999997317791 -11.189999997615814 11.31
      vertex 20.252000002086163 -12.850000001490116 11.31
      vertex 15.631999997317791 -11.189999997615814 12.81
    endloop
  endfacet
  facet normal -0.4258951698844606 -0.904772515204284 0
    outer loop
      vertex 11.191999999701977 -9.100000001490116 11.31
      vertex 15.631999997317791 -11.189999997615814 11.31
      vertex 11.191999999701977 -9.100000001490116 12.81
    endloop
  endfacet
  facet normal -0.4258951698844606 -0.904772515204284 0
    outer loop
      vertex 11.191999999701977 -9.100000001490116 12.81
      vertex 15.631999997317791 -11.189999997615814 11.31
      vertex 15.631999997317791 -11.189999997615814 12.81
    endloop
  endfacet
  facet normal -0.24253562467903564 -0.9701425002346562 0
    outer loop
      vertex 20.252000002086163 -12.850000001490116 11.31
      vertex 25.012 -14.03999999910593 11.31
      vertex 20.252000002086163 -12.850000001490116 12.81
    endloop
  endfacet
  facet normal -0.1468443139546955 -0.9891596167753589 0
    outer loop
      vertex 25.012 -14.03999999910593 11.31
      vertex 29.862000001490117 -14.759999997913837 11.31
      vertex 25.012 -14.03999999910593 12.81
    endloop
  endfacet
  facet normal 0 0 -1
    outer loop
      vertex 25.012 -14.03999999910593 11.31
      vertex 49.27199999791384 -12.850000001490116 11.31
      vertex 29.862000001490117 -14.759999997913837 11.31
    endloop
  endfacet
  facet normal -0.048920946742113454 -0.9988026536658056 0
    outer loop
      vertex 29.862000001490117 -14.759999997913837 11.31
      vertex 34.762 -15 11.31
      vertex 29.862000001490117 -14.759999997913837 12.81
    endloop
  endfacet
  facet normal -0.24253562467903564 -0.9701425002346562 0
    outer loop
      vertex 20.252000002086163 -12.850000001490116 12.81
      vertex 25.012 -14.03999999910593 11.31
      vertex 25.012 -14.03999999910593 12.81
    endloop
  endfacet
  facet normal -0.1468443139546955 -0.9891596167753589 0
    outer loop
      vertex 25.012 -14.03999999910593 12.81
      vertex 29.862000001490117 -14.759999997913837 11.31
      vertex 29.862000001490117 -14.759999997913837 12.81
    endloop
  endfacet
  facet normal -0.048920946742113454 -0.9988026536658056 0
    outer loop
      vertex 29.862000001490117 -14.759999997913837 12.81
      vertex 34.762 -15 11.31
      vertex 34.762 -15 12.81
    endloop
  endfacet
  facet normal 0 0 1
    outer loop
      vertex 25.012 -14.03999999910593 12.81
      vertex 29.862000001490117 -14.759999997913837 12.81
      vertex 49.27199999791384 -12.850000001490116 12.81
    endloop
  endfacet
  facet normal 0 0 -1
    outer loop
      vertex 20.252000002086163 -12.850000001490116 11.31
      vertex 53.89200000268221 -11.189999997615814 11.31
      vertex 25.012 -14.03999999910593 11.31
    endloop
  endfacet
  facet normal 0 0 -1
    outer loop
      vertex 15.631999997317791 -11.189999997615814 11.31
      vertex 58.332000000298024 -9.100000001490116 11.31
      vertex 20.252000002086163 -12.850000001490116 11.31
    endloop
  endfacet
  facet normal 0 0 -1
    outer loop
      vertex 11.191999999701977 -9.100000001490116 11.31
      vertex 62.54200000119209 -6.570000000298023 11.31
      vertex 15.631999997317791 -11.189999997615814 11.31
    endloop
  endfacet
  facet normal -0.33814235053644726 -0.9410949743642703 0
    outer loop
      vertex 15.631999997317791 -11.189999997615814 12.81
      vertex 20.252000002086163 -12.850000001490116 11.31
      vertex 20.252000002086163 -12.850000001490116 12.81
    endloop
  endfacet
  facet normal 0 0 1
    outer loop
      vertex 20.252000002086163 -12.850000001490116 12.81
      vertex 25.012 -14.03999999910593 12.81
      vertex 53.89200000268221 -11.189999997615814 12.81
    endloop
  endfacet
  facet normal 0 0 1
    outer loop
      vertex 15.631999997317791 -11.189999997615814 12.81
      vertex 20.252000002086163 -12.850000001490116 12.81
      vertex 58.332000000298024 -9.100000001490116 12.81
    endloop
  endfacet
  facet normal 0 0 1
    outer loop
      vertex 11.191999999701977 -9.100000001490116 12.81
      vertex 15.631999997317791 -11.189999997615814 12.81
      vertex 62.54200000119209 -6.570000000298023 12.81
    endloop
  endfacet
  facet normal -0.5150944378399419 -0.8571334319149815 0
    outer loop
      vertex 6.981999998807908 -6.570000000298023 11.31
      vertex 11.191999999701977 -9.100000001490116 11.31
      vertex 6.981999998807908 -6.570000000298023 12.81
    endloop
  endfacet
  facet normal -0.5954225953768355 -0.8034126790851096 0
    outer loop
      vertex 3.0420000011920934 -3.649999998509884 11.31
      vertex 6.981999998807908 -6.570000000298023 11.31
      vertex 3.0420000011920934 -3.649999998509884 12.81
    endloop
  endfacet
  facet normal -0.5954225953768355 -0.8034126790851096 0
    outer loop
      vertex 3.0420000011920934 -3.649999998509884 12.81
      vertex 6.981999998807908 -6.570000000298023 11.31
      vertex 6.981999998807908 -6.570000000298023 12.81
    endloop
  endfacet
  facet normal -0.5150944378399419 -0.8571334319149815 0
    outer loop
      vertex 6.981999998807908 -6.570000000298023 12.81
      vertex 11.191999999701977 -9.100000001490116 11.31
      vertex 11.191999999701977 -9.100000001490116 12.81
    endloop
  endfacet
  facet normal -0.6707210111800005 -0.7417097310684804 0
    outer loop
      vertex 3.0420000011920934 -3.649999998509884 11.31
      vertex 0.012000000000000455 -0.9099999964237213 12.81
      vertex 0.012000000000000455 -0.9099999964237213 11.31
    endloop
  endfacet
  facet normal -0.6707210111800005 -0.7417097310684804 0
    outer loop
      vertex 3.0420000011920934 -3.649999998509884 11.31
      vertex 3.0420000011920934 -3.649999998509884 12.81
      vertex 0.012000000000000455 -0.9099999964237213 12.81
    endloop
  endfacet
  facet normal 0 0 -1
    outer loop
      vertex 6.981999998807908 -6.570000000298023 11.31
      vertex 66.48199999880791 -3.649999998509884 11.31
      vertex 11.191999999701977 -9.100000001490116 11.31
    endloop
  endfacet
  facet normal 0 0 1
    outer loop
      vertex 6.981999998807908 -6.570000000298023 12.81
      vertex 11.191999999701977 -9.100000001490116 12.81
      vertex 66.48199999880791 -3.649999998509884 12.81
    endloop
  endfacet
  facet normal 0 0 -1
    outer loop
      vertex 3.0420000011920934 -3.649999998509884 11.31
      vertex 69.512 -0.9099999964237213 11.31
      vertex 6.981999998807908 -6.570000000298023 11.31
    endloop
  endfacet
  facet normal 0 0 1
    outer loop
      vertex 3.0420000011920934 -3.649999998509884 12.81
      vertex 6.981999998807908 -6.570000000298023 12.81
      vertex 69.512 -0.9099999964237213 12.81
    endloop
  endfacet
  facet normal 0 0 -1
    outer loop
      vertex 29.862000001490117 -14.759999997913837 11.31
      vertex 44.512 -14.03999999910593 11.31
      vertex 34.762 -15 11.31
    endloop
  endfacet
  facet normal 0 0 -1
    outer loop
      vertex 34.762 -15 11.31
      vertex 44.512 -14.03999999910593 11.31
      vertex 39.661999998509884 -14.759999997913837 11.31
    endloop
  endfacet
  facet normal 0 0 -1
    outer loop
      vertex 29.862000001490117 -14.759999997913837 11.31
      vertex 49.27199999791384 -12.850000001490116 11.31
      vertex 44.512 -14.03999999910593 11.31
    endloop
  endfacet
  facet normal 0.048920946742113454 -0.9988026536658056 0
    outer loop
      vertex 34.762 -15 11.31
      vertex 39.661999998509884 -14.759999997913837 11.31
      vertex 34.762 -15 12.81
    endloop
  endfacet
  facet normal 0.1468443139546955 -0.9891596167753589 0
    outer loop
      vertex 39.661999998509884 -14.759999997913837 11.31
      vertex 44.512 -14.03999999910593 11.31
      vertex 39.661999998509884 -14.759999997913837 12.81
    endloop
  endfacet
  facet normal 0.24253562467903564 -0.9701425002346562 0
    outer loop
      vertex 44.512 -14.03999999910593 11.31
      vertex 49.27199999791384 -12.850000001490116 11.31
      vertex 44.512 -14.03999999910593 12.81
    endloop
  endfacet
  facet normal 0.048920946742113454 -0.9988026536658056 0
    outer loop
      vertex 34.762 -15 12.81
      vertex 39.661999998509884 -14.759999997913837 11.31
      vertex 39.661999998509884 -14.759999997913837 12.81
    endloop
  endfacet
  facet normal 0.1468443139546955 -0.9891596167753589 0
    outer loop
      vertex 39.661999998509884 -14.759999997913837 12.81
      vertex 44.512 -14.03999999910593 11.31
      vertex 44.512 -14.03999999910593 12.81
    endloop
  endfacet
  facet normal 0 0 1
    outer loop
      vertex 29.862000001490117 -14.759999997913837 12.81
      vertex 34.762 -15 12.81
      vertex 44.512 -14.03999999910593 12.81
    endloop
  endfacet
  facet normal 0 0 1
    outer loop
      vertex 34.762 -15 12.81
      vertex 39.661999998509884 -14.759999997913837 12.81
      vertex 44.512 -14.03999999910593 12.81
    endloop
  endfacet
  facet normal 0 0 1
    outer loop
      vertex 29.862000001490117 -14.759999997913837 12.81
      vertex 44.512 -14.03999999910593 12.81
      vertex 49.27199999791384 -12.850000001490116 12.81
    endloop
  endfacet
  facet normal 0.24253562467903564 -0.9701425002346562 0
    outer loop
      vertex 44.512 -14.03999999910593 12.81
      vertex 49.27199999791384 -12.850000001490116 11.31
      vertex 49.27199999791384 -12.850000001490116 12.81
    endloop
  endfacet
  facet normal 0 0 -1
    outer loop
      vertex 25.012 -14.03999999910593 11.31
      vertex 53.89200000268221 -11.189999997615814 11.31
      vertex 49.27199999791384 -12.850000001490116 11.31
    endloop
  endfacet
  facet normal 0 0 -1
    outer loop
      vertex 20.252000002086163 -12.850000001490116 11.31
      vertex 58.332000000298024 -9.100000001490116 11.31
      vertex 53.89200000268221 -11.189999997615814 11.31
    endloop
  endfacet
  facet normal 0.33814235053644726 -0.9410949743642703 0
    outer loop
      vertex 49.27199999791384 -12.850000001490116 11.31
      vertex 53.89200000268221 -11.189999997615814 11.31
      vertex 49.27199999791384 -12.850000001490116 12.81
    endloop
  endfacet
  facet normal 0 0 -1
    outer loop
      vertex 15.631999997317791 -11.189999997615814 11.31
      vertex 62.54200000119209 -6.570000000298023 11.31
      vertex 58.332000000298024 -9.100000001490116 11.31
    endloop
  endfacet
  facet normal 0 0 1
    outer loop
      vertex 25.012 -14.03999999910593 12.81
      vertex 49.27199999791384 -12.850000001490116 12.81
      vertex 53.89200000268221 -11.189999997615814 12.81
    endloop
  endfacet
  facet normal 0 0 1
    outer loop
      vertex 20.252000002086163 -12.850000001490116 12.81
      vertex 53.89200000268221 -11.189999997615814 12.81
      vertex 58.332000000298024 -9.100000001490116 12.81
    endloop
  endfacet
  facet normal 0.33814235053644726 -0.9410949743642703 0
    outer loop
      vertex 49.27199999791384 -12.850000001490116 12.81
      vertex 53.89200000268221 -11.189999997615814 11.31
      vertex 53.89200000268221 -11.189999997615814 12.81
    endloop
  endfacet
  facet normal 0 0 1
    outer loop
      vertex 15.631999997317791 -11.189999997615814 12.81
      vertex 58.332000000298024 -9.100000001490116 12.81
      vertex 62.54200000119209 -6.570000000298023 12.81
    endloop
  endfacet
  facet normal 0.4258951698844606 -0.904772515204284 0
    outer loop
      vertex 53.89200000268221 -11.189999997615814 11.31
      vertex 58.332000000298024 -9.100000001490116 11.31
      vertex 53.89200000268221 -11.189999997615814 12.81
    endloop
  endfacet
  facet normal 0.4258951698844606 -0.904772515204284 0
    outer loop
      vertex 53.89200000268221 -11.189999997615814 12.81
      vertex 58.332000000298024 -9.100000001490116 11.31
      vertex 58.332000000298024 -9.100000001490116 12.81
    endloop
  endfacet
  facet normal 0 0 -1
    outer loop
      vertex 11.191999999701977 -9.100000001490116 11.31
      vertex 66.48199999880791 -3.649999998509884 11.31
      vertex 62.54200000119209 -6.570000000298023 11.31
    endloop
  endfacet
  facet normal 0 0 1
    outer loop
      vertex 11.191999999701977 -9.100000001490116 12.81
      vertex 62.54200000119209 -6.570000000298023 12.81
      vertex 66.48199999880791 -3.649999998509884 12.81
    endloop
  endfacet
  facet normal 0 0 -1
    outer loop
      vertex 6.981999998807908 -6.570000000298023 11.31
      vertex 69.512 -0.9099999964237213 11.31
      vertex 66.48199999880791 -3.649999998509884 11.31
    endloop
  endfacet
  facet normal 0 0 1
    outer loop
      vertex 6.981999998807908 -6.570000000298023 12.81
      vertex 66.48199999880791 -3.649999998509884 12.81
      vertex 69.512 -0.9099999964237213 12.81
    endloop
  endfacet
  facet normal 0.5150944378399419 -0.8571334319149815 0
    outer loop
      vertex 58.332000000298024 -9.100000001490116 11.31
      vertex 62.54200000119209 -6.570000000298023 11.31
      vertex 58.332000000298024 -9.100000001490116 12.81
    endloop
  endfacet
  facet normal 0.5954225953768355 -0.8034126790851096 0
    outer loop
      vertex 62.54200000119209 -6.570000000298023 11.31
      vertex 66.48199999880791 -3.649999998509884 11.31
      vertex 62.54200000119209 -6.570000000298023 12.81
    endloop
  endfacet
  facet normal 0.5150944378399419 -0.8571334319149815 0
    outer loop
      vertex 58.332000000298024 -9.100000001490116 12.81
      vertex 62.54200000119209 -6.570000000298023 11.31
      vertex 62.54200000119209 -6.570000000298023 12.81
    endloop
  endfacet
  facet normal 0.5954225953768355 -0.8034126790851096 0
    outer loop
      vertex 62.54200000119209 -6.570000000298023 12.81
      vertex 66.48199999880791 -3.649999998509884 11.31
      vertex 66.48199999880791 -3.649999998509884 12.81
    endloop
  endfacet
  facet normal 0.6707210111800005 -0.7417097310684804 0
    outer loop
      vertex 66.48199999880791 -3.649999998509884 11.31
      vertex 69.512 -0.9099999964237213 11.31
      vertex 66.48199999880791 -3.649999998509884 12.81
    endloop
  endfacet
  facet normal 0.6707210111800005 -0.7417097310684804 0
    outer loop
      vertex 66.48199999880791 -3.649999998509884 12.81
      vertex 69.512 -0.9099999964237213 11.31
      vertex 69.512 -0.9099999964237213 12.81
    endloop
  endfacet
  facet normal 0 0 -1
    outer loop
      vertex 3.0420000011920934 -3.649999998509884 11.31
      vertex 0.012000000000000455 -0.9099999964237213 11.31
      vertex 34.762 33.84000000357628 11.31
    endloop
  endfacet
  facet normal -0.7071067811865476 0.7071067811865476 0
    outer loop
      vertex 0.012000000000000455 -0.9099999964237213 11.31
      vertex 0.012000000000000455 -0.9099999964237213 12.81
      vertex 34.762 33.84000000357628 12.81
    endloop
  endfacet
  facet normal 0 0 1
    outer loop
      vertex 3.0420000011920934 -3.649999998509884 12.81
      vertex 34.762 33.84000000357628 12.81
      vertex 0.012000000000000455 -0.9099999964237213 12.81
    endloop
  endfacet
  facet normal 0 0 -1
    outer loop
      vertex 3.0420000011920934 -3.649999998509884 11.31
      vertex 34.762 33.84000000357628 11.31
      vertex 69.512 -0.9099999964237213 11.31
    endloop
  endfacet
  facet normal 0 0 1
    outer loop
      vertex 3.0420000011920934 -3.649999998509884 12.81
      vertex 69.512 -0.9099999964237213 12.81
      vertex 34.762 33.84000000357628 12.81
    endloop
  endfacet
  facet normal 0.7071067811865476 0.7071067811865476 0
    outer loop
      vertex 69.512 -0.9099999964237213 11.31
      vertex 34.762 33.84000000357628 11.31
      vertex 69.512 -0.9099999964237213 12.81
    endloop
  endfacet
  facet normal -0.7071067811865476 0.7071067811865476 0
    outer loop
      vertex 0.012000000000000455 -0.9099999964237213 11.31
      vertex 34.762 33.84000000357628 12.81
      vertex 34.762 33.84000000357628 11.31
    endloop
  endfacet
  facet normal 0.7071067811865476 0.7071067811865476 0
    outer loop
      vertex 69.512 -0.9099999964237213 12.81
      vertex 34.762 33.84000000357628 11.31
      vertex 34.762 33.84000000357628 12.81
    endloop
  endfacet
  facet normal 0 0 -1
    outer loop
      vertex 102.58599999701977 -3.7000000029802322 1.21
      vertex 105.70262483589414 -2.369688395062254 1.21
      vertex 106.19535221775949 -2.633056667657167 1.21
    endloop
  endfacet
  facet normal 0 0 -1
    outer loop
      vertex 102.58599999701977 -3.7000000029802322 1.21
      vertex 105.27074567361834 -2.0152543263816605 1.21
      vertex 105.70262483589414 -2.369688395062254 1.21
    endloop
  endfacet
  facet normal 0 0 -1
    outer loop
      vertex 102.58599999701977 -3.7000000029802322 1.21
      vertex 104.91631160493775 -1.5833751641058662 1.21
      vertex 105.27074567361834 -2.0152543263816605 1.21
    endloop
  endfacet
  facet normal 0 0 -1
    outer loop
      vertex 102.58599999701977 -3.7000000029802322 1.21
      vertex 106.19535221775949 -2.633056667657167 1.21
      vertex 106.72999258225404 -2.795238049149207 1.21
    endloop
  endfacet
  facet normal 0 0 -1
    outer loop
      vertex 102.58599999701977 -3.7000000029802322 1.21
      vertex 106.72999258225404 -2.795238049149207 1.21
      vertex 107.286 -2.85 1.21
    endloop
  endfacet
  facet normal 0 0 -1
    outer loop
      vertex 102.58599999701977 -3.7000000029802322 1.21
      vertex 107.286 -2.85 1.21
      vertex 107.84200741774596 -2.795238049149207 1.21
    endloop
  endfacet
  facet normal 0 0 -1
    outer loop
      vertex 102.58599999701977 -3.7000000029802322 1.21
      vertex 104.4907619508508 -0.5560074177459655 1.21
      vertex 104.65294333234283 -1.0906477822405058 1.21
    endloop
  endfacet
  facet normal 0 0 -1
    outer loop
      vertex 102.58599999701977 -3.7000000029802322 1.21
      vertex 104.65294333234283 -1.0906477822405058 1.21
      vertex 104.91631160493775 -1.5833751641058662 1.21
    endloop
  endfacet
  facet normal 0 0 -1
    outer loop
      vertex 102.58599999701977 -3.7000000029802322 1.21
      vertex 104.436 0 1.21
      vertex 104.4907619508508 -0.5560074177459655 1.21
    endloop
  endfacet
  facet normal 0 0 -1
    outer loop
      vertex 106.25819506891374 -1.5382187827597087 1.21
      vertex 106.92508290427017 -1.8144527687459764 1.21
      vertex 106.57803565012459 -1.7091771351458807 1.21
    endloop
  endfacet
  facet normal 0 0 -1
    outer loop
      vertex 106.25819506891374 -1.5382187827597087 1.21
      vertex 107.286 -1.85 1.21
      vertex 106.92508290427017 -1.8144527687459764 1.21
    endloop
  endfacet
  facet normal 0 0 -1
    outer loop
      vertex 105.97785245480489 -1.308147545195113 1.21
      vertex 107.64691709572983 -1.8144527687459764 1.21
      vertex 107.286 -1.85 1.21
    endloop
  endfacet
  facet normal 0 0 -1
    outer loop
      vertex 106.25819506891374 -1.5382187827597087 1.21
      vertex 105.97785245480489 -1.308147545195113 1.21
      vertex 107.286 -1.85 1.21
    endloop
  endfacet
  facet normal 0 0 -1
    outer loop
      vertex 105.74778121724029 -1.027804931086264 1.21
      vertex 107.64691709572983 -1.8144527687459764 1.21
      vertex 105.97785245480489 -1.308147545195113 1.21
    endloop
  endfacet
  facet normal 0 0 -1
    outer loop
      vertex 105.74778121724029 -1.027804931086264 1.21
      vertex 107.99396434987541 -1.7091771351458807 1.21
      vertex 107.64691709572983 -1.8144527687459764 1.21
    endloop
  endfacet
  facet normal 0 0 -1
    outer loop
      vertex 105.74778121724029 -1.027804931086264 1.21
      vertex 105.57682286485412 -0.7079643498754161 1.21
      vertex 107.99396434987541 -1.7091771351458807 1.21
    endloop
  endfacet
  facet normal 0 0 -1
    outer loop
      vertex 105.57682286485412 -0.7079643498754161 1.21
      vertex 108.31380493108627 -1.5382187827597087 1.21
      vertex 107.99396434987541 -1.7091771351458807 1.21
    endloop
  endfacet
  facet normal 0 0 -1
    outer loop
      vertex 102.58599999701977 -3.7000000029802322 1.21
      vertex 104.4907619508508 0.5560074177459655 1.21
      vertex 104.436 0 1.21
    endloop
  endfacet
  facet normal 0 0 -1
    outer loop
      vertex 105.57682286485412 -0.7079643498754161 1.21
      vertex 105.47154723125402 -0.36091709572983727 1.21
      vertex 108.31380493108627 -1.5382187827597087 1.21
    endloop
  endfacet
  facet normal 0 0 -1
    outer loop
      vertex 105.436 0 1.21
      vertex 108.31380493108627 -1.5382187827597087 1.21
      vertex 105.47154723125402 -0.36091709572983727 1.21
    endloop
  endfacet
  facet normal 0 0 -1
    outer loop
      vertex 105.436 0 1.21
      vertex 105.47154723125402 0.36091709572983727 1.21
      vertex 108.31380493108627 -1.5382187827597087 1.21
    endloop
  endfacet
  facet normal 0 0 -1
    outer loop
      vertex 108.31380493108627 -1.5382187827597087 1.21
      vertex 105.47154723125402 0.36091709572983727 1.21
      vertex 105.57682286485412 0.7079643498754161 1.21
    endloop
  endfacet
  facet normal 0 0 -1
    outer loop
      vertex 102.58599999701977 -3.7000000029802322 1.21
      vertex 107.84200741774596 -2.795238049149207 1.21
      vertex 111.98600000298023 -3.7000000029802322 1.21
    endloop
  endfacet
  facet normal 0 0 -1
    outer loop
      vertex 111.98600000298023 -3.7000000029802322 1.21
      vertex 107.84200741774596 -2.795238049149207 1.21
      vertex 108.37664778224051 -2.633056667657167 1.21
    endloop
  endfacet
  facet normal 0 0 -1
    outer loop
      vertex 111.98600000298023 -3.7000000029802322 1.21
      vertex 108.37664778224051 -2.633056667657167 1.21
      vertex 108.86937516410586 -2.369688395062254 1.21
    endloop
  endfacet
  facet normal 0 0 -1
    outer loop
      vertex 111.98600000298023 -3.7000000029802322 1.21
      vertex 108.86937516410586 -2.369688395062254 1.21
      vertex 109.30125432638167 -2.0152543263816605 1.21
    endloop
  endfacet
  facet normal 0 0 -1
    outer loop
      vertex 111.98600000298023 -3.7000000029802322 1.21
      vertex 109.30125432638167 -2.0152543263816605 1.21
      vertex 109.65568839506226 -1.5833751641058662 1.21
    endloop
  endfacet
  facet normal 0 0 -1
    outer loop
      vertex 111.98600000298023 -3.7000000029802322 1.21
      vertex 109.65568839506226 -1.5833751641058662 1.21
      vertex 109.91905666765717 -1.0906477822405058 1.21
    endloop
  endfacet
  facet normal 0 0 -1
    outer loop
      vertex 111.98600000298023 -3.7000000029802322 1.21
      vertex 109.91905666765717 -1.0906477822405058 1.21
      vertex 110.0812380491492 -0.5560074177459655 1.21
    endloop
  endfacet
  facet normal 0 0 -1
    outer loop
      vertex 108.31380493108627 -1.5382187827597087 1.21
      vertex 105.74778121724029 1.027804931086264 1.21
      vertex 108.59414754519511 -1.308147545195113 1.21
    endloop
  endfacet
  facet normal 0 0 -1
    outer loop
      vertex 108.59414754519511 -1.308147545195113 1.21
      vertex 105.74778121724029 1.027804931086264 1.21
      vertex 108.82421878275971 -1.027804931086264 1.21
    endloop
  endfacet
  facet normal 0 0 -1
    outer loop
      vertex 108.82421878275971 -1.027804931086264 1.21
      vertex 106.25819506891374 1.5382187827597087 1.21
      vertex 108.99517713514588 -0.7079643498754161 1.21
    endloop
  endfacet
  facet normal 0 0 -1
    outer loop
      vertex 111.98600000298023 -3.7000000029802322 1.21
      vertex 110.0812380491492 -0.5560074177459655 1.21
      vertex 111.98600000298023 3.7000000029802322 1.21
    endloop
  endfacet
  facet normal 0 -1 0
    outer loop
      vertex 102.58599999701977 -3.7000000029802322 1.21
      vertex 111.98600000298023 -3.7000000029802322 1.21
      vertex 102.58599999701977 -3.7000000029802322 11.309999999999999
    endloop
  endfacet
  facet normal 1 0 0
    outer loop
      vertex 111.98600000298023 -3.7000000029802322 1.21
      vertex 111.98600000298023 3.7000000029802322 1.21
      vertex 111.98600000298023 -3.7000000029802322 11.309999999999999
    endloop
  endfacet
  facet normal -1 0 0
    outer loop
      vertex 102.58599999701977 -3.7000000029802322 1.21
      vertex 102.58599999701977 -3.7000000029802322 11.309999999999999
      vertex 102.58599999701977 3.7000000029802322 11.309999999999999
    endloop
  endfacet
  facet normal 0 -1 0
    outer loop
      vertex 102.58599999701977 -3.7000000029802322 11.309999999999999
      vertex 111.98600000298023 -3.7000000029802322 1.21
      vertex 111.98600000298023 -3.7000000029802322 11.309999999999999
    endloop
  endfacet
  facet normal 0 0 1
    outer loop
      vertex 102.58599999701977 -3.7000000029802322 11.309999999999999
      vertex 111.98600000298023 -3.7000000029802322 11.309999999999999
      vertex 102.58599999701977 3.7000000029802322 11.309999999999999
    endloop
  endfacet
  facet normal 0 0 -1
    outer loop
      vertex 102.58599999701977 -3.7000000029802322 1.21
      vertex 102.58599999701977 3.7000000029802322 1.21
      vertex 104.4907619508508 0.5560074177459655 1.21
    endloop
  endfacet
  facet normal 0 0 -1
    outer loop
      vertex 108.31380493108627 -1.5382187827597087 1.21
      vertex 105.57682286485412 0.7079643498754161 1.21
      vertex 105.74778121724029 1.027804931086264 1.21
    endloop
  endfacet
  facet normal 0 0 -1
    outer loop
      vertex 108.82421878275971 -1.027804931086264 1.21
      vertex 105.74778121724029 1.027804931086264 1.21
      vertex 105.97785245480489 1.308147545195113 1.21
    endloop
  endfacet
  facet normal 0 0 -1
    outer loop
      vertex 108.82421878275971 -1.027804931086264 1.21
      vertex 105.97785245480489 1.308147545195113 1.21
      vertex 106.25819506891374 1.5382187827597087 1.21
    endloop
  endfacet
  facet normal 0 0 -1
    outer loop
      vertex 102.58599999701977 3.7000000029802322 1.21
      vertex 104.65294333234283 1.0906477822405058 1.21
      vertex 104.4907619508508 0.5560074177459655 1.21
    endloop
  endfacet
  facet normal 0 0 -1
    outer loop
      vertex 102.58599999701977 3.7000000029802322 1.21
      vertex 104.91631160493775 1.5833751641058662 1.21
      vertex 104.65294333234283 1.0906477822405058 1.21
    endloop
  endfacet
  facet normal 0 0 -1
    outer loop
      vertex 106.25819506891374 1.5382187827597087 1.21
      vertex 106.57803565012459 1.7091771351458807 1.21
      vertex 108.99517713514588 0.7079643498754161 1.21
    endloop
  endfacet
  facet normal 0 0 -1
    outer loop
      vertex 102.58599999701977 3.7000000029802322 1.21
      vertex 105.27074567361834 2.0152543263816605 1.21
      vertex 104.91631160493775 1.5833751641058662 1.21
    endloop
  endfacet
  facet normal 0 0 -1
    outer loop
      vertex 102.58599999701977 3.7000000029802322 1.21
      vertex 105.70262483589414 2.369688395062254 1.21
      vertex 105.27074567361834 2.0152543263816605 1.21
    endloop
  endfacet
  facet normal 0 0 -1
    outer loop
      vertex 102.58599999701977 3.7000000029802322 1.21
      vertex 106.19535221775949 2.633056667657167 1.21
      vertex 105.70262483589414 2.369688395062254 1.21
    endloop
  endfacet
  facet normal 0 0 -1
    outer loop
      vertex 102.58599999701977 3.7000000029802322 1.21
      vertex 106.72999258225404 2.795238049149207 1.21
      vertex 106.19535221775949 2.633056667657167 1.21
    endloop
  endfacet
  facet normal 0 0 -1
    outer loop
      vertex 102.58599999701977 3.7000000029802322 1.21
      vertex 111.98600000298023 3.7000000029802322 1.21
      vertex 106.72999258225404 2.795238049149207 1.21
    endloop
  endfacet
  facet normal 0 0 -1
    outer loop
      vertex 108.99517713514588 -0.7079643498754161 1.21
      vertex 106.25819506891374 1.5382187827597087 1.21
      vertex 109.10045276874598 -0.36091709572983727 1.21
    endloop
  endfacet
  facet normal 0 0 -1
    outer loop
      vertex 109.10045276874598 -0.36091709572983727 1.21
      vertex 106.25819506891374 1.5382187827597087 1.21
      vertex 109.136 0 1.21
    endloop
  endfacet
  facet normal 0 0 -1
    outer loop
      vertex 106.25819506891374 1.5382187827597087 1.21
      vertex 109.10045276874598 0.36091709572983727 1.21
      vertex 109.136 0 1.21
    endloop
  endfacet
  facet normal 0 0 -1
    outer loop
      vertex 106.25819506891374 1.5382187827597087 1.21
      vertex 108.99517713514588 0.7079643498754161 1.21
      vertex 109.10045276874598 0.36091709572983727 1.21
    endloop
  endfacet
  facet normal 0 0 -1
    outer loop
      vertex 111.98600000298023 3.7000000029802322 1.21
      vertex 110.0812380491492 -0.5560074177459655 1.21
      vertex 110.136 0 1.21
    endloop
  endfacet
  facet normal 0 0 -1
    outer loop
      vertex 106.57803565012459 1.7091771351458807 1.21
      vertex 108.82421878275971 1.027804931086264 1.21
      vertex 108.99517713514588 0.7079643498754161 1.21
    endloop
  endfacet
  facet normal 0 0 -1
    outer loop
      vertex 106.57803565012459 1.7091771351458807 1.21
      vertex 106.92508290427017 1.8144527687459764 1.21
      vertex 108.82421878275971 1.027804931086264 1.21
    endloop
  endfacet
  facet normal 0 0 -1
    outer loop
      vertex 108.82421878275971 1.027804931086264 1.21
      vertex 106.92508290427017 1.8144527687459764 1.21
      vertex 108.59414754519511 1.308147545195113 1.21
    endloop
  endfacet
  facet normal 0 0 -1
    outer loop
      vertex 107.286 1.85 1.21
      vertex 108.31380493108627 1.5382187827597087 1.21
      vertex 108.59414754519511 1.308147545195113 1.21
    endloop
  endfacet
  facet normal 0 0 -1
    outer loop
      vertex 107.286 1.85 1.21
      vertex 108.59414754519511 1.308147545195113 1.21
      vertex 106.92508290427017 1.8144527687459764 1.21
    endloop
  endfacet
  facet normal 0 0 -1
    outer loop
      vertex 107.286 1.85 1.21
      vertex 107.64691709572983 1.8144527687459764 1.21
      vertex 108.31380493108627 1.5382187827597087 1.21
    endloop
  endfacet
  facet normal 0 0 -1
    outer loop
      vertex 107.64691709572983 1.8144527687459764 1.21
      vertex 107.99396434987541 1.7091771351458807 1.21
      vertex 108.31380493108627 1.5382187827597087 1.21
    endloop
  endfacet
  facet normal 0 0 -1
    outer loop
      vertex 111.98600000298023 3.7000000029802322 1.21
      vertex 110.136 0 1.21
      vertex 110.0812380491492 0.5560074177459655 1.21
    endloop
  endfacet
  facet normal 0 0 -1
    outer loop
      vertex 111.98600000298023 3.7000000029802322 1.21
      vertex 110.0812380491492 0.5560074177459655 1.21
      vertex 109.91905666765717 1.0906477822405058 1.21
    endloop
  endfacet
  facet normal 0 0 -1
    outer loop
      vertex 111.98600000298023 3.7000000029802322 1.21
      vertex 109.91905666765717 1.0906477822405058 1.21
      vertex 109.65568839506226 1.5833751641058662 1.21
    endloop
  endfacet
  facet normal 0 0 -1
    outer loop
      vertex 111.98600000298023 3.7000000029802322 1.21
      vertex 107.286 2.85 1.21
      vertex 106.72999258225404 2.795238049149207 1.21
    endloop
  endfacet
  facet normal 0 0 -1
    outer loop
      vertex 111.98600000298023 3.7000000029802322 1.21
      vertex 107.84200741774596 2.795238049149207 1.21
      vertex 107.286 2.85 1.21
    endloop
  endfacet
  facet normal 0 0 -1
    outer loop
      vertex 111.98600000298023 3.7000000029802322 1.21
      vertex 108.37664778224051 2.633056667657167 1.21
      vertex 107.84200741774596 2.795238049149207 1.21
    endloop
  endfacet
  facet normal 0 0 -1
    outer loop
      vertex 111.98600000298023 3.7000000029802322 1.21
      vertex 109.65568839506226 1.5833751641058662 1.21
      vertex 109.30125432638167 2.0152543263816605 1.21
    endloop
  endfacet
  facet normal 0 0 -1
    outer loop
      vertex 111.98600000298023 3.7000000029802322 1.21
      vertex 109.30125432638167 2.0152543263816605 1.21
      vertex 108.86937516410586 2.369688395062254 1.21
    endloop
  endfacet
  facet normal 0 0 -1
    outer loop
      vertex 111.98600000298023 3.7000000029802322 1.21
      vertex 108.86937516410586 2.369688395062254 1.21
      vertex 108.37664778224051 2.633056667657167 1.21
    endloop
  endfacet
  facet normal -1 0 0
    outer loop
      vertex 102.58599999701977 -3.7000000029802322 1.21
      vertex 102.58599999701977 3.7000000029802322 11.309999999999999
      vertex 102.58599999701977 3.7000000029802322 1.21
    endloop
  endfacet
  facet normal 0 1 0
    outer loop
      vertex 102.58599999701977 3.7000000029802322 1.21
      vertex 111.98600000298023 3.7000000029802322 11.309999999999999
      vertex 111.98600000298023 3.7000000029802322 1.21
    endloop
  endfacet
  facet normal 0 1 0
    outer loop
      vertex 102.58599999701977 3.7000000029802322 1.21
      vertex 102.58599999701977 3.7000000029802322 11.309999999999999
      vertex 111.98600000298023 3.7000000029802322 11.309999999999999
    endloop
  endfacet
  facet normal 1 0 0
    outer loop
      vertex 111.98600000298023 -3.7000000029802322 11.309999999999999
      vertex 111.98600000298023 3.7000000029802322 1.21
      vertex 111.98600000298023 3.7000000029802322 11.309999999999999
    endloop
  endfacet
  facet normal 0 0 1
    outer loop
      vertex 102.58599999701977 3.7000000029802322 11.309999999999999
      vertex 111.98600000298023 -3.7000000029802322 11.309999999999999
      vertex 111.98600000298023 3.7000000029802322 11.309999999999999
    endloop
  endfacet
  facet normal -0.7071067811865476 -0.7071067811865476 0
    outer loop
      vertex 73.44599999642372 0 12.81
      vertex 108.19599999642372 -34.75 11.31
      vertex 108.19599999642372 -34.75 12.81
    endloop
  endfacet
  facet normal 0 0 -1
    outer loop
      vertex 73.44599999642372 0 11.31
      vertex 113.85600000029802 -27.780000001192093 11.31
      vertex 108.19599999642372 -34.75 11.31
    endloop
  endfacet
  facet normal 0 0 1
    outer loop
      vertex 73.44599999642372 0 12.81
      vertex 108.19599999642372 -34.75 12.81
      vertex 113.85600000029802 -27.780000001192093 12.81
    endloop
  endfacet
  facet normal 0.7417097310684804 -0.6707210111800005 0
    outer loop
      vertex 108.19599999642372 -34.75 11.31
      vertex 110.93599999850989 -31.719999998807907 11.31
      vertex 108.19599999642372 -34.75 12.81
    endloop
  endfacet
  facet normal 0 0 -1
    outer loop
      vertex 108.19599999642372 -34.75 11.31
      vertex 113.85600000029802 -27.780000001192093 11.31
      vertex 110.93599999850989 -31.719999998807907 11.31
    endloop
  endfacet
  facet normal 0.8034126790851096 -0.5954225953768355 0
    outer loop
      vertex 110.93599999850989 -31.719999998807907 11.31
      vertex 113.85600000029802 -27.780000001192093 11.31
      vertex 110.93599999850989 -31.719999998807907 12.81
    endloop
  endfacet
  facet normal 0.7417097310684804 -0.6707210111800005 0
    outer loop
      vertex 108.19599999642372 -34.75 12.81
      vertex 110.93599999850989 -31.719999998807907 11.31
      vertex 110.93599999850989 -31.719999998807907 12.81
    endloop
  endfacet
  facet normal 0 0 1
    outer loop
      vertex 108.19599999642372 -34.75 12.81
      vertex 110.93599999850989 -31.719999998807907 12.81
      vertex 113.85600000029802 -27.780000001192093 12.81
    endloop
  endfacet
  facet normal 0.8571334319149815 -0.5150944378399419 0
    outer loop
      vertex 113.85600000029802 -27.780000001192093 11.31
      vertex 116.38600000149012 -23.570000000298023 11.31
      vertex 113.85600000029802 -27.780000001192093 12.81
    endloop
  endfacet
  facet normal 0.8034126790851096 -0.5954225953768355 0
    outer loop
      vertex 110.93599999850989 -31.719999998807907 12.81
      vertex 113.85600000029802 -27.780000001192093 11.31
      vertex 113.85600000029802 -27.780000001192093 12.81
    endloop
  endfacet
  facet normal 0.904772515204284 -0.4258951698844606 0
    outer loop
      vertex 116.38600000149012 -23.570000000298023 11.31
      vertex 118.47599999761582 -19.13000000268221 11.31
      vertex 116.38600000149012 -23.570000000298023 12.81
    endloop
  endfacet
  facet normal 0.8571334319149815 -0.5150944378399419 0
    outer loop
      vertex 113.85600000029802 -27.780000001192093 12.81
      vertex 116.38600000149012 -23.570000000298023 11.31
      vertex 116.38600000149012 -23.570000000298023 12.81
    endloop
  endfacet
  facet normal 0.9410949743642703 -0.33814235053644726 0
    outer loop
      vertex 118.47599999761582 -19.13000000268221 11.31
      vertex 120.13600000149012 -14.509999997913837 11.31
      vertex 118.47599999761582 -19.13000000268221 12.81
    endloop
  endfacet
  facet normal 0.904772515204284 -0.4258951698844606 0
    outer loop
      vertex 116.38600000149012 -23.570000000298023 12.81
      vertex 118.47599999761582 -19.13000000268221 11.31
      vertex 118.47599999761582 -19.13000000268221 12.81
    endloop
  endfacet
  facet normal -0.7071067811865476 -0.7071067811865476 0
    outer loop
      vertex 73.44599999642372 0 11.31
      vertex 108.19599999642372 -34.75 11.31
      vertex 73.44599999642372 0 12.81
    endloop
  endfacet
  facet normal 0 0 -1
    outer loop
      vertex 73.44599999642372 0 11.31
      vertex 116.38600000149012 -23.570000000298023 11.31
      vertex 113.85600000029802 -27.780000001192093 11.31
    endloop
  endfacet
  facet normal 0 0 1
    outer loop
      vertex 73.44599999642372 0 12.81
      vertex 113.85600000029802 -27.780000001192093 12.81
      vertex 116.38600000149012 -23.570000000298023 12.81
    endloop
  endfacet
  facet normal 0.9410949743642703 -0.33814235053644726 0
    outer loop
      vertex 118.47599999761582 -19.13000000268221 12.81
      vertex 120.13600000149012 -14.509999997913837 11.31
      vertex 120.13600000149012 -14.509999997913837 12.81
    endloop
  endfacet
  facet normal 0.9701425002346562 -0.24253562467903564 0
    outer loop
      vertex 120.13600000149012 -14.509999997913837 11.31
      vertex 121.32599999910593 -9.75 11.31
      vertex 120.13600000149012 -14.509999997913837 12.81
    endloop
  endfacet
  facet normal 0.9701425002346562 -0.24253562467903564 0
    outer loop
      vertex 120.13600000149012 -14.509999997913837 12.81
      vertex 121.32599999910593 -9.75 11.31
      vertex 121.32599999910593 -9.75 12.81
    endloop
  endfacet
  facet normal 0.9891596167753589 -0.1468443139546955 0
    outer loop
      vertex 121.32599999910593 -9.75 11.31
      vertex 122.04599999791384 -4.899999998509884 11.31
      vertex 121.32599999910593 -9.75 12.81
    endloop
  endfacet
  facet normal 0.9891596167753589 -0.1468443139546955 0
    outer loop
      vertex 121.32599999910593 -9.75 12.81
      vertex 122.04599999791384 -4.899999998509884 11.31
      vertex 122.04599999791384 -4.899999998509884 12.81
    endloop
  endfacet
  facet normal 0 0 -1
    outer loop
      vertex 116.38600000149012 -23.570000000298023 11.31
      vertex 108.19599999642372 34.75 11.31
      vertex 118.47599999761582 -19.13000000268221 11.31
    endloop
  endfacet
  facet normal 0.9988026536658056 -0.048920946742113454 0
    outer loop
      vertex 122.04599999791384 -4.899999998509884 11.31
      vertex 122.286 0 11.31
      vertex 122.04599999791384 -4.899999998509884 12.81
    endloop
  endfacet
  facet normal 0 0 -1
    outer loop
      vertex 118.47599999761582 -19.13000000268221 11.31
      vertex 110.93599999850989 31.719999998807907 11.31
      vertex 120.13600000149012 -14.509999997913837 11.31
    endloop
  endfacet
  facet normal 0 0 1
    outer loop
      vertex 116.38600000149012 -23.570000000298023 12.81
      vertex 118.47599999761582 -19.13000000268221 12.81
      vertex 108.19599999642372 34.75 12.81
    endloop
  endfacet
  facet normal 0.9988026536658056 -0.048920946742113454 0
    outer loop
      vertex 122.04599999791384 -4.899999998509884 12.81
      vertex 122.286 0 11.31
      vertex 122.286 0 12.81
    endloop
  endfacet
  facet normal 0 0 1
    outer loop
      vertex 118.47599999761582 -19.13000000268221 12.81
      vertex 120.13600000149012 -14.509999997913837 12.81
      vertex 110.93599999850989 31.719999998807907 12.81
    endloop
  endfacet
  facet normal 0 0 -1
    outer loop
      vertex 73.44599999642372 0 11.31
      vertex 108.19599999642372 34.75 11.31
      vertex 116.38600000149012 -23.570000000298023 11.31
    endloop
  endfacet
  facet normal 0 0 1
    outer loop
      vertex 73.44599999642372 0 12.81
      vertex 116.38600000149012 -23.570000000298023 12.81
      vertex 108.19599999642372 34.75 12.81
    endloop
  endfacet
  facet normal -0.7071067811865476 0.7071067811865476 0
    outer loop
      vertex 73.44599999642372 0 11.31
      vertex 73.44599999642372 0 12.81
      vertex 108.19599999642372 34.75 12.81
    endloop
  endfacet
  facet normal 0 0 -1
    outer loop
      vertex 120.13600000149012 -14.509999997913837 11.31
      vertex 113.85600000029802 27.780000001192093 11.31
      vertex 121.32599999910593 -9.75 11.31
    endloop
  endfacet
  facet normal 0.9988026536658056 0.048920946742113454 0
    outer loop
      vertex 122.286 0 11.31
      vertex 122.04599999791384 4.899999998509884 11.31
      vertex 122.286 0 12.81
    endloop
  endfacet
  facet normal 0 0 -1
    outer loop
      vertex 121.32599999910593 -9.75 11.31
      vertex 116.38600000149012 23.570000000298023 11.31
      vertex 122.04599999791384 -4.899999998509884 11.31
    endloop
  endfacet
  facet normal 0 0 1
    outer loop
      vertex 120.13600000149012 -14.509999997913837 12.81
      vertex 121.32599999910593 -9.75 12.81
      vertex 113.85600000029802 27.780000001192093 12.81
    endloop
  endfacet
  facet normal 0.9988026536658056 0.048920946742113454 0
    outer loop
      vertex 122.286 0 12.81
      vertex 122.04599999791384 4.899999998509884 11.31
      vertex 122.04599999791384 4.899999998509884 12.81
    endloop
  endfacet
  facet normal 0 0 1
    outer loop
      vertex 121.32599999910593 -9.75 12.81
      vertex 122.04599999791384 -4.899999998509884 12.81
      vertex 116.38600000149012 23.570000000298023 12.81
    endloop
  endfacet
  facet normal 0 0 -1
    outer loop
      vertex 122.04599999791384 -4.899999998509884 11.31
      vertex 118.47599999761582 19.13000000268221 11.31
      vertex 122.286 0 11.31
    endloop
  endfacet
  facet normal 0 0 -1
    outer loop
      vertex 122.286 0 11.31
      vertex 120.13600000149012 14.509999997913837 11.31
      vertex 122.04599999791384 4.899999998509884 11.31
    endloop
  endfacet
  facet normal 0.9891596167753589 0.1468443139546955 0
    outer loop
      vertex 122.04599999791384 4.899999998509884 11.31
      vertex 121.32599999910593 9.75 11.31
      vertex 122.04599999791384 4.899999998509884 12.81
    endloop
  endfacet
  facet normal 0 0 1
    outer loop
      vertex 122.04599999791384 -4.899999998509884 12.81
      vertex 122.286 0 12.81
      vertex 118.47599999761582 19.13000000268221 12.81
    endloop
  endfacet
  facet normal 0 0 1
    outer loop
      vertex 122.286 0 12.81
      vertex 122.04599999791384 4.899999998509884 12.81
      vertex 120.13600000149012 14.509999997913837 12.81
    endloop
  endfacet
  facet normal 0.9891596167753589 0.1468443139546955 0
    outer loop
      vertex 122.04599999791384 4.899999998509884 12.81
      vertex 121.32599999910593 9.75 11.31
      vertex 121.32599999910593 9.75 12.81
    endloop
  endfacet
  facet normal 0 0 -1
    outer loop
      vertex 122.04599999791384 4.899999998509884 11.31
      vertex 120.13600000149012 14.509999997913837 11.31
      vertex 121.32599999910593 9.75 11.31
    endloop
  endfacet
  facet normal 0 0 -1
    outer loop
      vertex 122.286 0 11.31
      vertex 118.47599999761582 19.13000000268221 11.31
      vertex 120.13600000149012 14.509999997913837 11.31
    endloop
  endfacet
  facet normal 0 0 -1
    outer loop
      vertex 122.04599999791384 -4.899999998509884 11.31
      vertex 116.38600000149012 23.570000000298023 11.31
      vertex 118.47599999761582 19.13000000268221 11.31
    endloop
  endfacet
  facet normal 0.9701425002346562 0.24253562467903564 0
    outer loop
      vertex 121.32599999910593 9.75 11.31
      vertex 120.13600000149012 14.509999997913837 11.31
      vertex 121.32599999910593 9.75 12.81
    endloop
  endfacet
  facet normal 0 0 1
    outer loop
      vertex 122.04599999791384 4.899999998509884 12.81
      vertex 121.32599999910593 9.75 12.81
      vertex 120.13600000149012 14.509999997913837 12.81
    endloop
  endfacet
  facet normal 0.9701425002346562 0.24253562467903564 0
    outer loop
      vertex 121.32599999910593 9.75 12.81
      vertex 120.13600000149012 14.509999997913837 11.31
      vertex 120.13600000149012 14.509999997913837 12.81
    endloop
  endfacet
  facet normal 0 0 1
    outer loop
      vertex 122.286 0 12.81
      vertex 120.13600000149012 14.509999997913837 12.81
      vertex 118.47599999761582 19.13000000268221 12.81
    endloop
  endfacet
  facet normal 0 0 1
    outer loop
      vertex 122.04599999791384 -4.899999998509884 12.81
      vertex 118.47599999761582 19.13000000268221 12.81
      vertex 116.38600000149012 23.570000000298023 12.81
    endloop
  endfacet
  facet normal 0 0 -1
    outer loop
      vertex 120.13600000149012 -14.509999997913837 11.31
      vertex 110.93599999850989 31.719999998807907 11.31
      vertex 113.85600000029802 27.780000001192093 11.31
    endloop
  endfacet
  facet normal 0 0 -1
    outer loop
      vertex 118.47599999761582 -19.13000000268221 11.31
      vertex 108.19599999642372 34.75 11.31
      vertex 110.93599999850989 31.719999998807907 11.31
    endloop
  endfacet
  facet normal 0 0 -1
    outer loop
      vertex 121.32599999910593 -9.75 11.31
      vertex 113.85600000029802 27.780000001192093 11.31
      vertex 116.38600000149012 23.570000000298023 11.31
    endloop
  endfacet
  facet normal 0.9410949743642703 0.33814235053644726 0
    outer loop
      vertex 120.13600000149012 14.509999997913837 11.31
      vertex 118.47599999761582 19.13000000268221 11.31
      vertex 120.13600000149012 14.509999997913837 12.81
    endloop
  endfacet
  facet normal 0 0 1
    outer loop
      vertex 120.13600000149012 -14.509999997913837 12.81
      vertex 113.85600000029802 27.780000001192093 12.81
      vertex 110.93599999850989 31.719999998807907 12.81
    endloop
  endfacet
  facet normal 0 0 1
    outer loop
      vertex 118.47599999761582 -19.13000000268221 12.81
      vertex 110.93599999850989 31.719999998807907 12.81
      vertex 108.19599999642372 34.75 12.81
    endloop
  endfacet
  facet normal 0 0 1
    outer loop
      vertex 121.32599999910593 -9.75 12.81
      vertex 116.38600000149012 23.570000000298023 12.81
      vertex 113.85600000029802 27.780000001192093 12.81
    endloop
  endfacet
  facet normal -0.7071067811865476 0.7071067811865476 0
    outer loop
      vertex 73.44599999642372 0 11.31
      vertex 108.19599999642372 34.75 12.81
      vertex 108.19599999642372 34.75 11.31
    endloop
  endfacet
  facet normal 0.904772515204284 0.4258951698844606 0
    outer loop
      vertex 118.47599999761582 19.13000000268221 11.31
      vertex 116.38600000149012 23.570000000298023 11.31
      vertex 118.47599999761582 19.13000000268221 12.81
    endloop
  endfacet
  facet normal 0.9410949743642703 0.33814235053644726 0
    outer loop
      vertex 120.13600000149012 14.509999997913837 12.81
      vertex 118.47599999761582 19.13000000268221 11.31
      vertex 118.47599999761582 19.13000000268221 12.81
    endloop
  endfacet
  facet normal 0.8571334319149815 0.5150944378399419 0
    outer loop
      vertex 113.85600000029802 27.780000001192093 11.31
      vertex 116.38600000149012 23.570000000298023 12.81
      vertex 116.38600000149012 23.570000000298023 11.31
    endloop
  endfacet
  facet normal 0.904772515204284 0.4258951698844606 0
    outer loop
      vertex 118.47599999761582 19.13000000268221 12.81
      vertex 116.38600000149012 23.570000000298023 11.31
      vertex 116.38600000149012 23.570000000298023 12.81
    endloop
  endfacet
  facet normal 0.8034126790851096 0.5954225953768355 0
    outer loop
      vertex 110.93599999850989 31.719999998807907 11.31
      vertex 113.85600000029802 27.780000001192093 12.81
      vertex 113.85600000029802 27.780000001192093 11.31
    endloop
  endfacet
  facet normal 0.8571334319149815 0.5150944378399419 0
    outer loop
      vertex 113.85600000029802 27.780000001192093 11.31
      vertex 113.85600000029802 27.780000001192093 12.81
      vertex 116.38600000149012 23.570000000298023 12.81
    endloop
  endfacet
  facet normal 0.7417097310684804 0.6707210111800005 0
    outer loop
      vertex 108.19599999642372 34.75 11.31
      vertex 110.93599999850989 31.719999998807907 12.81
      vertex 110.93599999850989 31.719999998807907 11.31
    endloop
  endfacet
  facet normal 0.8034126790851096 0.5954225953768355 0
    outer loop
      vertex 110.93599999850989 31.719999998807907 11.31
      vertex 110.93599999850989 31.719999998807907 12.81
      vertex 113.85600000029802 27.780000001192093 12.81
    endloop
  endfacet
  facet normal 0.7417097310684804 0.6707210111800005 0
    outer loop
      vertex 108.19599999642372 34.75 11.31
      vertex 108.19599999642372 34.75 12.81
      vertex 110.93599999850989 31.719999998807907 12.81
    endloop
  endfacet
  facet normal 0 0 -1
    outer loop
      vertex 175.10999999701977 -3.7000000029802322 1.21
      vertex 178.7193522177595 -2.633056667657167 1.21
      vertex 179.25399258225403 -2.795238049149207 1.21
    endloop
  endfacet
  facet normal 0 0 -1
    outer loop
      vertex 175.10999999701977 -3.7000000029802322 1.21
      vertex 178.22662483589414 -2.369688395062254 1.21
      vertex 178.7193522177595 -2.633056667657167 1.21
    endloop
  endfacet
  facet normal 0 0 -1
    outer loop
      vertex 175.10999999701977 -3.7000000029802322 1.21
      vertex 179.25399258225403 -2.795238049149207 1.21
      vertex 179.81 -2.85 1.21
    endloop
  endfacet
  facet normal 0 0 -1
    outer loop
      vertex 175.10999999701977 -3.7000000029802322 1.21
      vertex 179.81 -2.85 1.21
      vertex 180.36600741774598 -2.795238049149207 1.21
    endloop
  endfacet
  facet normal 0 0 -1
    outer loop
      vertex 175.10999999701977 -3.7000000029802322 1.21
      vertex 177.79474567361834 -2.0152543263816605 1.21
      vertex 178.22662483589414 -2.369688395062254 1.21
    endloop
  endfacet
  facet normal 0 0 -1
    outer loop
      vertex 175.10999999701977 -3.7000000029802322 1.21
      vertex 177.44031160493776 -1.5833751641058662 1.21
      vertex 177.79474567361834 -2.0152543263816605 1.21
    endloop
  endfacet
  facet normal 0 0 -1
    outer loop
      vertex 175.10999999701977 -3.7000000029802322 1.21
      vertex 177.17694333234283 -1.0906477822405058 1.21
      vertex 177.44031160493776 -1.5833751641058662 1.21
    endloop
  endfacet
  facet normal 0 0 -1
    outer loop
      vertex 175.10999999701977 -3.7000000029802322 1.21
      vertex 177.01476195085078 -0.5560074177459655 1.21
      vertex 177.17694333234283 -1.0906477822405058 1.21
    endloop
  endfacet
  facet normal 0 0 -1
    outer loop
      vertex 175.10999999701977 -3.7000000029802322 1.21
      vertex 176.96 0 1.21
      vertex 177.01476195085078 -0.5560074177459655 1.21
    endloop
  endfacet
  facet normal 0 0 -1
    outer loop
      vertex 175.10999999701977 -3.7000000029802322 1.21
      vertex 177.01476195085078 0.5560074177459655 1.21
      vertex 176.96 0 1.21
    endloop
  endfacet
  facet normal 0 0 -1
    outer loop
      vertex 175.10999999701977 -3.7000000029802322 1.21
      vertex 180.36600741774598 -2.795238049149207 1.21
      vertex 184.51000000298023 -3.7000000029802322 1.21
    endloop
  endfacet
  facet normal 0 0 -1
    outer loop
      vertex 184.51000000298023 -3.7000000029802322 1.21
      vertex 180.36600741774598 -2.795238049149207 1.21
      vertex 180.9006477822405 -2.633056667657167 1.21
    endloop
  endfacet
  facet normal 0 0 -1
    outer loop
      vertex 184.51000000298023 -3.7000000029802322 1.21
      vertex 180.9006477822405 -2.633056667657167 1.21
      vertex 181.39337516410586 -2.369688395062254 1.21
    endloop
  endfacet
  facet normal 0 0 -1
    outer loop
      vertex 184.51000000298023 -3.7000000029802322 1.21
      vertex 181.39337516410586 -2.369688395062254 1.21
      vertex 181.82525432638167 -2.0152543263816605 1.21
    endloop
  endfacet
  facet normal 0 0 -1
    outer loop
      vertex 184.51000000298023 -3.7000000029802322 1.21
      vertex 181.82525432638167 -2.0152543263816605 1.21
      vertex 182.17968839506224 -1.5833751641058662 1.21
    endloop
  endfacet
  facet normal 0 0 -1
    outer loop
      vertex 178.78219506891375 -1.5382187827597087 1.21
      vertex 179.44908290427017 -1.8144527687459764 1.21
      vertex 179.10203565012458 -1.7091771351458807 1.21
    endloop
  endfacet
  facet normal 0 0 -1
    outer loop
      vertex 179.81 -1.85 1.21
      vertex 179.44908290427017 -1.8144527687459764 1.21
      vertex 178.78219506891375 -1.5382187827597087 1.21
    endloop
  endfacet
  facet normal 0 0 -1
    outer loop
      vertex 179.81 -1.85 1.21
      vertex 178.5018524548049 -1.308147545195113 1.21
      vertex 180.17091709572983 -1.8144527687459764 1.21
    endloop
  endfacet
  facet normal 0 0 -1
    outer loop
      vertex 179.81 -1.85 1.21
      vertex 178.78219506891375 -1.5382187827597087 1.21
      vertex 178.5018524548049 -1.308147545195113 1.21
    endloop
  endfacet
  facet normal 0 0 -1
    outer loop
      vertex 178.2717812172403 -1.027804931086264 1.21
      vertex 180.17091709572983 -1.8144527687459764 1.21
      vertex 178.5018524548049 -1.308147545195113 1.21
    endloop
  endfacet
  facet normal 0 0 -1
    outer loop
      vertex 178.2717812172403 -1.027804931086264 1.21
      vertex 180.51796434987543 -1.7091771351458807 1.21
      vertex 180.17091709572983 -1.8144527687459764 1.21
    endloop
  endfacet
  facet normal 0 0 -1
    outer loop
      vertex 178.2717812172403 -1.027804931086264 1.21
      vertex 178.1008228648541 -0.7079643498754161 1.21
      vertex 180.51796434987543 -1.7091771351458807 1.21
    endloop
  endfacet
  facet normal 0 0 -1
    outer loop
      vertex 178.1008228648541 -0.7079643498754161 1.21
      vertex 180.83780493108625 -1.5382187827597087 1.21
      vertex 180.51796434987543 -1.7091771351458807 1.21
    endloop
  endfacet
  facet normal 0 0 -1
    outer loop
      vertex 184.51000000298023 -3.7000000029802322 1.21
      vertex 182.17968839506224 -1.5833751641058662 1.21
      vertex 182.44305666765717 -1.0906477822405058 1.21
    endloop
  endfacet
  facet normal 0 0 -1
    outer loop
      vertex 184.51000000298023 -3.7000000029802322 1.21
      vertex 182.44305666765717 -1.0906477822405058 1.21
      vertex 182.60523804914922 -0.5560074177459655 1.21
    endloop
  endfacet
  facet normal 0 0 -1
    outer loop
      vertex 178.1008228648541 -0.7079643498754161 1.21
      vertex 177.99554723125402 -0.36091709572983727 1.21
      vertex 180.83780493108625 -1.5382187827597087 1.21
    endloop
  endfacet
  facet normal 0 0 -1
    outer loop
      vertex 177.99554723125402 -0.36091709572983727 1.21
      vertex 177.96 0 1.21
      vertex 180.83780493108625 -1.5382187827597087 1.21
    endloop
  endfacet
  facet normal 0 0 -1
    outer loop
      vertex 178.2717812172403 1.027804931086264 1.21
      vertex 181.11814754519511 -1.308147545195113 1.21
      vertex 180.83780493108625 -1.5382187827597087 1.21
    endloop
  endfacet
  facet normal 0 0 -1
    outer loop
      vertex 177.96 0 1.21
      vertex 177.99554723125402 0.36091709572983727 1.21
      vertex 180.83780493108625 -1.5382187827597087 1.21
    endloop
  endfacet
  facet normal 0 0 -1
    outer loop
      vertex 177.99554723125402 0.36091709572983727 1.21
      vertex 178.1008228648541 0.7079643498754161 1.21
      vertex 180.83780493108625 -1.5382187827597087 1.21
    endloop
  endfacet
  facet normal 0 0 -1
    outer loop
      vertex 178.2717812172403 1.027804931086264 1.21
      vertex 181.34821878275972 -1.027804931086264 1.21
      vertex 181.11814754519511 -1.308147545195113 1.21
    endloop
  endfacet
  facet normal 0 0 -1
    outer loop
      vertex 178.78219506891375 1.5382187827597087 1.21
      vertex 181.5191771351459 -0.7079643498754161 1.21
      vertex 181.34821878275972 -1.027804931086264 1.21
    endloop
  endfacet
  facet normal 0 0 -1
    outer loop
      vertex 184.51000000298023 -3.7000000029802322 1.21
      vertex 182.60523804914922 -0.5560074177459655 1.21
      vertex 184.51000000298023 3.7000000029802322 1.21
    endloop
  endfacet
  facet normal 0 -1 0
    outer loop
      vertex 175.10999999701977 -3.7000000029802322 1.21
      vertex 184.51000000298023 -3.7000000029802322 1.21
      vertex 175.10999999701977 -3.7000000029802322 11.309999999999999
    endloop
  endfacet
  facet normal 1 0 0
    outer loop
      vertex 184.51000000298023 -3.7000000029802322 1.21
      vertex 184.51000000298023 3.7000000029802322 1.21
      vertex 184.51000000298023 -3.7000000029802322 11.309999999999999
    endloop
  endfacet
  facet normal -1 0 0
    outer loop
      vertex 175.10999999701977 -3.7000000029802322 1.21
      vertex 175.10999999701977 -3.7000000029802322 11.309999999999999
      vertex 175.10999999701977 3.7000000029802322 11.309999999999999
    endloop
  endfacet
  facet normal 0 -1 0
    outer loop
      vertex 175.10999999701977 -3.7000000029802322 11.309999999999999
      vertex 184.51000000298023 -3.7000000029802322 1.21
      vertex 184.51000000298023 -3.7000000029802322 11.309999999999999
    endloop
  endfacet
  facet normal 0 0 1
    outer loop
      vertex 175.10999999701977 -3.7000000029802322 11.309999999999999
      vertex 184.51000000298023 -3.7000000029802322 11.309999999999999
      vertex 175.10999999701977 3.7000000029802322 11.309999999999999
    endloop
  endfacet
  facet normal 0 0 -1
    outer loop
      vertex 175.10999999701977 -3.7000000029802322 1.21
      vertex 175.10999999701977 3.7000000029802322 1.21
      vertex 177.01476195085078 0.5560074177459655 1.21
    endloop
  endfacet
  facet normal 0 0 -1
    outer loop
      vertex 175.10999999701977 3.7000000029802322 1.21
      vertex 177.17694333234283 1.0906477822405058 1.21
      vertex 177.01476195085078 0.5560074177459655 1.21
    endloop
  endfacet
  facet normal 0 0 -1
    outer loop
      vertex 175.10999999701977 3.7000000029802322 1.21
      vertex 177.44031160493776 1.5833751641058662 1.21
      vertex 177.17694333234283 1.0906477822405058 1.21
    endloop
  endfacet
  facet normal 0 0 -1
    outer loop
      vertex 175.10999999701977 3.7000000029802322 1.21
      vertex 177.79474567361834 2.0152543263816605 1.21
      vertex 177.44031160493776 1.5833751641058662 1.21
    endloop
  endfacet
  facet normal 0 0 -1
    outer loop
      vertex 175.10999999701977 3.7000000029802322 1.21
      vertex 178.22662483589414 2.369688395062254 1.21
      vertex 177.79474567361834 2.0152543263816605 1.21
    endloop
  endfacet
  facet normal 0 0 -1
    outer loop
      vertex 175.10999999701977 3.7000000029802322 1.21
      vertex 178.7193522177595 2.633056667657167 1.21
      vertex 178.22662483589414 2.369688395062254 1.21
    endloop
  endfacet
  facet normal 0 0 -1
    outer loop
      vertex 175.10999999701977 3.7000000029802322 1.21
      vertex 179.25399258225403 2.795238049149207 1.21
      vertex 178.7193522177595 2.633056667657167 1.21
    endloop
  endfacet
  facet normal 0 0 -1
    outer loop
      vertex 178.1008228648541 0.7079643498754161 1.21
      vertex 178.2717812172403 1.027804931086264 1.21
      vertex 180.83780493108625 -1.5382187827597087 1.21
    endloop
  endfacet
  facet normal 0 0 -1
    outer loop
      vertex 178.5018524548049 1.308147545195113 1.21
      vertex 181.34821878275972 -1.027804931086264 1.21
      vertex 178.2717812172403 1.027804931086264 1.21
    endloop
  endfacet
  facet normal 0 0 -1
    outer loop
      vertex 178.78219506891375 1.5382187827597087 1.21
      vertex 181.62445276874598 -0.36091709572983727 1.21
      vertex 181.5191771351459 -0.7079643498754161 1.21
    endloop
  endfacet
  facet normal 0 0 -1
    outer loop
      vertex 178.78219506891375 1.5382187827597087 1.21
      vertex 181.66 0 1.21
      vertex 181.62445276874598 -0.36091709572983727 1.21
    endloop
  endfacet
  facet normal 0 0 -1
    outer loop
      vertex 178.5018524548049 1.308147545195113 1.21
      vertex 178.78219506891375 1.5382187827597087 1.21
      vertex 181.34821878275972 -1.027804931086264 1.21
    endloop
  endfacet
  facet normal 0 0 -1
    outer loop
      vertex 178.78219506891375 1.5382187827597087 1.21
      vertex 181.62445276874598 0.36091709572983727 1.21
      vertex 181.66 0 1.21
    endloop
  endfacet
  facet normal 0 0 -1
    outer loop
      vertex 178.78219506891375 1.5382187827597087 1.21
      vertex 181.5191771351459 0.7079643498754161 1.21
      vertex 181.62445276874598 0.36091709572983727 1.21
    endloop
  endfacet
  facet normal 0 0 -1
    outer loop
      vertex 184.51000000298023 3.7000000029802322 1.21
      vertex 182.60523804914922 -0.5560074177459655 1.21
      vertex 182.66 0 1.21
    endloop
  endfacet
  facet normal 0 0 -1
    outer loop
      vertex 178.78219506891375 1.5382187827597087 1.21
      vertex 179.10203565012458 1.7091771351458807 1.21
      vertex 181.5191771351459 0.7079643498754161 1.21
    endloop
  endfacet
  facet normal 0 0 -1
    outer loop
      vertex 179.10203565012458 1.7091771351458807 1.21
      vertex 179.44908290427017 1.8144527687459764 1.21
      vertex 181.34821878275972 1.027804931086264 1.21
    endloop
  endfacet
  facet normal 0 0 -1
    outer loop
      vertex 179.10203565012458 1.7091771351458807 1.21
      vertex 181.34821878275972 1.027804931086264 1.21
      vertex 181.5191771351459 0.7079643498754161 1.21
    endloop
  endfacet
  facet normal 0 0 -1
    outer loop
      vertex 179.44908290427017 1.8144527687459764 1.21
      vertex 181.11814754519511 1.308147545195113 1.21
      vertex 181.34821878275972 1.027804931086264 1.21
    endloop
  endfacet
  facet normal 0 0 -1
    outer loop
      vertex 179.81 1.85 1.21
      vertex 180.83780493108625 1.5382187827597087 1.21
      vertex 181.11814754519511 1.308147545195113 1.21
    endloop
  endfacet
  facet normal 0 0 -1
    outer loop
      vertex 179.44908290427017 1.8144527687459764 1.21
      vertex 179.81 1.85 1.21
      vertex 181.11814754519511 1.308147545195113 1.21
    endloop
  endfacet
  facet normal 0 0 -1
    outer loop
      vertex 180.17091709572983 1.8144527687459764 1.21
      vertex 180.51796434987543 1.7091771351458807 1.21
      vertex 180.83780493108625 1.5382187827597087 1.21
    endloop
  endfacet
  facet normal 0 0 -1
    outer loop
      vertex 179.81 1.85 1.21
      vertex 180.17091709572983 1.8144527687459764 1.21
      vertex 180.83780493108625 1.5382187827597087 1.21
    endloop
  endfacet
  facet normal 0 0 -1
    outer loop
      vertex 184.51000000298023 3.7000000029802322 1.21
      vertex 182.66 0 1.21
      vertex 182.60523804914922 0.5560074177459655 1.21
    endloop
  endfacet
  facet normal 0 0 -1
    outer loop
      vertex 184.51000000298023 3.7000000029802322 1.21
      vertex 182.60523804914922 0.5560074177459655 1.21
      vertex 182.44305666765717 1.0906477822405058 1.21
    endloop
  endfacet
  facet normal 0 0 -1
    outer loop
      vertex 184.51000000298023 3.7000000029802322 1.21
      vertex 182.44305666765717 1.0906477822405058 1.21
      vertex 182.17968839506224 1.5833751641058662 1.21
    endloop
  endfacet
  facet normal 0 0 -1
    outer loop
      vertex 184.51000000298023 3.7000000029802322 1.21
      vertex 182.17968839506224 1.5833751641058662 1.21
      vertex 181.82525432638167 2.0152543263816605 1.21
    endloop
  endfacet
  facet normal 0 0 -1
    outer loop
      vertex 184.51000000298023 3.7000000029802322 1.21
      vertex 181.82525432638167 2.0152543263816605 1.21
      vertex 181.39337516410586 2.369688395062254 1.21
    endloop
  endfacet
  facet normal 0 0 -1
    outer loop
      vertex 184.51000000298023 3.7000000029802322 1.21
      vertex 179.81 2.85 1.21
      vertex 179.25399258225403 2.795238049149207 1.21
    endloop
  endfacet
  facet normal 0 0 -1
    outer loop
      vertex 184.51000000298023 3.7000000029802322 1.21
      vertex 180.36600741774598 2.795238049149207 1.21
      vertex 179.81 2.85 1.21
    endloop
  endfacet
  facet normal 0 0 -1
    outer loop
      vertex 184.51000000298023 3.7000000029802322 1.21
      vertex 180.9006477822405 2.633056667657167 1.21
      vertex 180.36600741774598 2.795238049149207 1.21
    endloop
  endfacet
  facet normal 0 0 -1
    outer loop
      vertex 184.51000000298023 3.7000000029802322 1.21
      vertex 181.39337516410586 2.369688395062254 1.21
      vertex 180.9006477822405 2.633056667657167 1.21
    endloop
  endfacet
  facet normal 0 0 -1
    outer loop
      vertex 175.10999999701977 3.7000000029802322 1.21
      vertex 184.51000000298023 3.7000000029802322 1.21
      vertex 179.25399258225403 2.795238049149207 1.21
    endloop
  endfacet
  facet normal -1 0 0
    outer loop
      vertex 175.10999999701977 -3.7000000029802322 1.21
      vertex 175.10999999701977 3.7000000029802322 11.309999999999999
      vertex 175.10999999701977 3.7000000029802322 1.21
    endloop
  endfacet
  facet normal 0 1 0
    outer loop
      vertex 175.10999999701977 3.7000000029802322 1.21
      vertex 184.51000000298023 3.7000000029802322 11.309999999999999
      vertex 184.51000000298023 3.7000000029802322 1.21
    endloop
  endfacet
  facet normal 0 1 0
    outer loop
      vertex 175.10999999701977 3.7000000029802322 1.21
      vertex 175.10999999701977 3.7000000029802322 11.309999999999999
      vertex 184.51000000298023 3.7000000029802322 11.309999999999999
    endloop
  endfacet
  facet normal 1 0 0
    outer loop
      vertex 184.51000000298023 -3.7000000029802322 11.309999999999999
      vertex 184.51000000298023 3.7000000029802322 1.21
      vertex 184.51000000298023 3.7000000029802322 11.309999999999999
    endloop
  endfacet
  facet normal 0 0 1
    outer loop
      vertex 175.10999999701977 3.7000000029802322 11.309999999999999
      vertex 184.51000000298023 -3.7000000029802322 11.309999999999999
      vertex 184.51000000298023 3.7000000029802322 11.309999999999999
    endloop
  endfacet
  facet normal -0.7071067811865476 -0.7071067811865476 0
    outer loop
      vertex 145.06 0.9099999964237213 12.81
      vertex 179.81 -33.84000000357628 11.31
      vertex 179.81 -33.84000000357628 12.81
    endloop
  endfacet
  facet normal 0.7071067811865476 -0.7071067811865476 0
    outer loop
      vertex 179.81 -33.84000000357628 11.31
      vertex 214.56 0.9099999964237213 11.31
      vertex 179.81 -33.84000000357628 12.81
    endloop
  endfacet
  facet normal -0.7071067811865476 -0.7071067811865476 0
    outer loop
      vertex 145.06 0.9099999964237213 11.31
      vertex 179.81 -33.84000000357628 11.31
      vertex 145.06 0.9099999964237213 12.81
    endloop
  endfacet
  facet normal 0 0 -1
    outer loop
      vertex 145.06 0.9099999964237213 11.31
      vertex 211.5299999988079 3.649999998509884 11.31
      vertex 179.81 -33.84000000357628 11.31
    endloop
  endfacet
  facet normal 0 0 1
    outer loop
      vertex 145.06 0.9099999964237213 12.81
      vertex 179.81 -33.84000000357628 12.81
      vertex 211.5299999988079 3.649999998509884 12.81
    endloop
  endfacet
  facet normal 0 0 -1
    outer loop
      vertex 179.81 -33.84000000357628 11.31
      vertex 211.5299999988079 3.649999998509884 11.31
      vertex 214.56 0.9099999964237213 11.31
    endloop
  endfacet
  facet normal 0.7071067811865476 -0.7071067811865476 0
    outer loop
      vertex 179.81 -33.84000000357628 12.81
      vertex 214.56 0.9099999964237213 11.31
      vertex 214.56 0.9099999964237213 12.81
    endloop
  endfacet
  facet normal 0 0 1
    outer loop
      vertex 179.81 -33.84000000357628 12.81
      vertex 214.56 0.9099999964237213 12.81
      vertex 211.5299999988079 3.649999998509884 12.81
    endloop
  endfacet
  facet normal -0.6707210111800005 0.7417097310684804 0
    outer loop
      vertex 145.06 0.9099999964237213 11.31
      vertex 148.0900000011921 3.649999998509884 12.81
      vertex 148.0900000011921 3.649999998509884 11.31
    endloop
  endfacet
  facet normal -0.6707210111800005 0.7417097310684804 0
    outer loop
      vertex 145.06 0.9099999964237213 11.31
      vertex 145.06 0.9099999964237213 12.81
      vertex 148.0900000011921 3.649999998509884 12.81
    endloop
  endfacet
  facet normal -0.5954225953768355 0.8034126790851096 0
    outer loop
      vertex 148.0900000011921 3.649999998509884 11.31
      vertex 152.0299999988079 6.570000000298023 12.81
      vertex 152.0299999988079 6.570000000298023 11.31
    endloop
  endfacet
  facet normal -0.5150944378399419 0.8571334319149815 0
    outer loop
      vertex 152.0299999988079 6.570000000298023 11.31
      vertex 156.23999999970198 9.100000001490116 12.81
      vertex 156.23999999970198 9.100000001490116 11.31
    endloop
  endfacet
  facet normal -0.5954225953768355 0.8034126790851096 0
    outer loop
      vertex 148.0900000011921 3.649999998509884 11.31
      vertex 148.0900000011921 3.649999998509884 12.81
      vertex 152.0299999988079 6.570000000298023 12.81
    endloop
  endfacet
  facet normal -0.5150944378399419 0.8571334319149815 0
    outer loop
      vertex 152.0299999988079 6.570000000298023 11.31
      vertex 152.0299999988079 6.570000000298023 12.81
      vertex 156.23999999970198 9.100000001490116 12.81
    endloop
  endfacet
  facet normal 0 0 -1
    outer loop
      vertex 145.06 0.9099999964237213 11.31
      vertex 148.0900000011921 3.649999998509884 11.31
      vertex 207.5900000011921 6.570000000298023 11.31
    endloop
  endfacet
  facet normal 0 0 1
    outer loop
      vertex 145.06 0.9099999964237213 12.81
      vertex 207.5900000011921 6.570000000298023 12.81
      vertex 148.0900000011921 3.649999998509884 12.81
    endloop
  endfacet
  facet normal 0 0 -1
    outer loop
      vertex 148.0900000011921 3.649999998509884 11.31
      vertex 152.0299999988079 6.570000000298023 11.31
      vertex 203.38000000029803 9.100000001490116 11.31
    endloop
  endfacet
  facet normal 0 0 1
    outer loop
      vertex 148.0900000011921 3.649999998509884 12.81
      vertex 203.38000000029803 9.100000001490116 12.81
      vertex 152.0299999988079 6.570000000298023 12.81
    endloop
  endfacet
  facet normal -0.4258951698844606 0.904772515204284 0
    outer loop
      vertex 156.23999999970198 9.100000001490116 11.31
      vertex 160.6799999973178 11.189999997615814 12.81
      vertex 160.6799999973178 11.189999997615814 11.31
    endloop
  endfacet
  facet normal -0.4258951698844606 0.904772515204284 0
    outer loop
      vertex 156.23999999970198 9.100000001490116 11.31
      vertex 156.23999999970198 9.100000001490116 12.81
      vertex 160.6799999973178 11.189999997615814 12.81
    endloop
  endfacet
  facet normal 0 0 -1
    outer loop
      vertex 152.0299999988079 6.570000000298023 11.31
      vertex 156.23999999970198 9.100000001490116 11.31
      vertex 198.9400000026822 11.189999997615814 11.31
    endloop
  endfacet
  facet normal -0.33814235053644726 0.9410949743642703 0
    outer loop
      vertex 160.6799999973178 11.189999997615814 11.31
      vertex 165.30000000208616 12.850000001490116 12.81
      vertex 165.30000000208616 12.850000001490116 11.31
    endloop
  endfacet
  facet normal 0 0 -1
    outer loop
      vertex 156.23999999970198 9.100000001490116 11.31
      vertex 160.6799999973178 11.189999997615814 11.31
      vertex 194.31999999791384 12.850000001490116 11.31
    endloop
  endfacet
  facet normal 0 0 -1
    outer loop
      vertex 160.6799999973178 11.189999997615814 11.31
      vertex 165.30000000208616 12.850000001490116 11.31
      vertex 189.56 14.03999999910593 11.31
    endloop
  endfacet
  facet normal 0 0 1
    outer loop
      vertex 152.0299999988079 6.570000000298023 12.81
      vertex 198.9400000026822 11.189999997615814 12.81
      vertex 156.23999999970198 9.100000001490116 12.81
    endloop
  endfacet
  facet normal -0.33814235053644726 0.9410949743642703 0
    outer loop
      vertex 160.6799999973178 11.189999997615814 11.31
      vertex 160.6799999973178 11.189999997615814 12.81
      vertex 165.30000000208616 12.850000001490116 12.81
    endloop
  endfacet
  facet normal 0 0 1
    outer loop
      vertex 156.23999999970198 9.100000001490116 12.81
      vertex 194.31999999791384 12.850000001490116 12.81
      vertex 160.6799999973178 11.189999997615814 12.81
    endloop
  endfacet
  facet normal 0 0 1
    outer loop
      vertex 160.6799999973178 11.189999997615814 12.81
      vertex 189.56 14.03999999910593 12.81
      vertex 165.30000000208616 12.850000001490116 12.81
    endloop
  endfacet
  facet normal -0.24253562467903564 0.9701425002346562 0
    outer loop
      vertex 165.30000000208616 12.850000001490116 11.31
      vertex 170.06 14.03999999910593 12.81
      vertex 170.06 14.03999999910593 11.31
    endloop
  endfacet
  facet normal 0 0 -1
    outer loop
      vertex 165.30000000208616 12.850000001490116 11.31
      vertex 170.06 14.03999999910593 11.31
      vertex 184.7099999985099 14.759999997913837 11.31
    endloop
  endfacet
  facet normal 0 0 -1
    outer loop
      vertex 170.06 14.03999999910593 11.31
      vertex 174.91000000149012 14.759999997913837 11.31
      vertex 179.81 15 11.31
    endloop
  endfacet
  facet normal 0 0 -1
    outer loop
      vertex 170.06 14.03999999910593 11.31
      vertex 179.81 15 11.31
      vertex 184.7099999985099 14.759999997913837 11.31
    endloop
  endfacet
  facet normal -0.1468443139546955 0.9891596167753589 0
    outer loop
      vertex 170.06 14.03999999910593 11.31
      vertex 174.91000000149012 14.759999997913837 12.81
      vertex 174.91000000149012 14.759999997913837 11.31
    endloop
  endfacet
  facet normal -0.048920946742113454 0.9988026536658056 0
    outer loop
      vertex 174.91000000149012 14.759999997913837 11.31
      vertex 179.81 15 12.81
      vertex 179.81 15 11.31
    endloop
  endfacet
  facet normal -0.24253562467903564 0.9701425002346562 0
    outer loop
      vertex 165.30000000208616 12.850000001490116 11.31
      vertex 165.30000000208616 12.850000001490116 12.81
      vertex 170.06 14.03999999910593 12.81
    endloop
  endfacet
  facet normal -0.1468443139546955 0.9891596167753589 0
    outer loop
      vertex 170.06 14.03999999910593 11.31
      vertex 170.06 14.03999999910593 12.81
      vertex 174.91000000149012 14.759999997913837 12.81
    endloop
  endfacet
  facet normal -0.048920946742113454 0.9988026536658056 0
    outer loop
      vertex 174.91000000149012 14.759999997913837 11.31
      vertex 174.91000000149012 14.759999997913837 12.81
      vertex 179.81 15 12.81
    endloop
  endfacet
  facet normal 0 0 1
    outer loop
      vertex 165.30000000208616 12.850000001490116 12.81
      vertex 184.7099999985099 14.759999997913837 12.81
      vertex 170.06 14.03999999910593 12.81
    endloop
  endfacet
  facet normal 0 0 1
    outer loop
      vertex 170.06 14.03999999910593 12.81
      vertex 179.81 15 12.81
      vertex 174.91000000149012 14.759999997913837 12.81
    endloop
  endfacet
  facet normal 0 0 1
    outer loop
      vertex 170.06 14.03999999910593 12.81
      vertex 184.7099999985099 14.759999997913837 12.81
      vertex 179.81 15 12.81
    endloop
  endfacet
  facet normal 0 0 -1
    outer loop
      vertex 145.06 0.9099999964237213 11.31
      vertex 207.5900000011921 6.570000000298023 11.31
      vertex 211.5299999988079 3.649999998509884 11.31
    endloop
  endfacet
  facet normal 0 0 1
    outer loop
      vertex 145.06 0.9099999964237213 12.81
      vertex 211.5299999988079 3.649999998509884 12.81
      vertex 207.5900000011921 6.570000000298023 12.81
    endloop
  endfacet
  facet normal 0 0 -1
    outer loop
      vertex 148.0900000011921 3.649999998509884 11.31
      vertex 203.38000000029803 9.100000001490116 11.31
      vertex 207.5900000011921 6.570000000298023 11.31
    endloop
  endfacet
  facet normal 0 0 1
    outer loop
      vertex 148.0900000011921 3.649999998509884 12.81
      vertex 207.5900000011921 6.570000000298023 12.81
      vertex 203.38000000029803 9.100000001490116 12.81
    endloop
  endfacet
  facet normal 0.6707210111800005 0.7417097310684804 0
    outer loop
      vertex 214.56 0.9099999964237213 11.31
      vertex 211.5299999988079 3.649999998509884 11.31
      vertex 214.56 0.9099999964237213 12.81
    endloop
  endfacet
  facet normal 0.6707210111800005 0.7417097310684804 0
    outer loop
      vertex 214.56 0.9099999964237213 12.81
      vertex 211.5299999988079 3.649999998509884 11.31
      vertex 211.5299999988079 3.649999998509884 12.81
    endloop
  endfacet
  facet normal 0.5954225953768355 0.8034126790851096 0
    outer loop
      vertex 207.5900000011921 6.570000000298023 11.31
      vertex 211.5299999988079 3.649999998509884 12.81
      vertex 211.5299999988079 3.649999998509884 11.31
    endloop
  endfacet
  facet normal 0.5150944378399419 0.8571334319149815 0
    outer loop
      vertex 203.38000000029803 9.100000001490116 11.31
      vertex 207.5900000011921 6.570000000298023 12.81
      vertex 207.5900000011921 6.570000000298023 11.31
    endloop
  endfacet
  facet normal 0.5150944378399419 0.8571334319149815 0
    outer loop
      vertex 203.38000000029803 9.100000001490116 11.31
      vertex 203.38000000029803 9.100000001490116 12.81
      vertex 207.5900000011921 6.570000000298023 12.81
    endloop
  endfacet
  facet normal 0.5954225953768355 0.8034126790851096 0
    outer loop
      vertex 207.5900000011921 6.570000000298023 11.31
      vertex 207.5900000011921 6.570000000298023 12.81
      vertex 211.5299999988079 3.649999998509884 12.81
    endloop
  endfacet
  facet normal 0 0 -1
    outer loop
      vertex 152.0299999988079 6.570000000298023 11.31
      vertex 198.9400000026822 11.189999997615814 11.31
      vertex 203.38000000029803 9.100000001490116 11.31
    endloop
  endfacet
  facet normal 0 0 -1
    outer loop
      vertex 156.23999999970198 9.100000001490116 11.31
      vertex 194.31999999791384 12.850000001490116 11.31
      vertex 198.9400000026822 11.189999997615814 11.31
    endloop
  endfacet
  facet normal 0 0 -1
    outer loop
      vertex 160.6799999973178 11.189999997615814 11.31
      vertex 189.56 14.03999999910593 11.31
      vertex 194.31999999791384 12.850000001490116 11.31
    endloop
  endfacet
  facet normal 0 0 1
    outer loop
      vertex 152.0299999988079 6.570000000298023 12.81
      vertex 203.38000000029803 9.100000001490116 12.81
      vertex 198.9400000026822 11.189999997615814 12.81
    endloop
  endfacet
  facet normal 0 0 1
    outer loop
      vertex 156.23999999970198 9.100000001490116 12.81
      vertex 198.9400000026822 11.189999997615814 12.81
      vertex 194.31999999791384 12.850000001490116 12.81
    endloop
  endfacet
  facet normal 0 0 1
    outer loop
      vertex 160.6799999973178 11.189999997615814 12.81
      vertex 194.31999999791384 12.850000001490116 12.81
      vertex 189.56 14.03999999910593 12.81
    endloop
  endfacet
  facet normal 0.33814235053644726 0.9410949743642703 0
    outer loop
      vertex 194.31999999791384 12.850000001490116 11.31
      vertex 194.31999999791384 12.850000001490116 12.81
      vertex 198.9400000026822 11.189999997615814 12.81
    endloop
  endfacet
  facet normal 0 0 -1
    outer loop
      vertex 165.30000000208616 12.850000001490116 11.31
      vertex 184.7099999985099 14.759999997913837 11.31
      vertex 189.56 14.03999999910593 11.31
    endloop
  endfacet
  facet normal 0.048920946742113454 0.9988026536658056 0
    outer loop
      vertex 179.81 15 11.31
      vertex 184.7099999985099 14.759999997913837 12.81
      vertex 184.7099999985099 14.759999997913837 11.31
    endloop
  endfacet
  facet normal 0.1468443139546955 0.9891596167753589 0
    outer loop
      vertex 184.7099999985099 14.759999997913837 11.31
      vertex 189.56 14.03999999910593 12.81
      vertex 189.56 14.03999999910593 11.31
    endloop
  endfacet
  facet normal 0.24253562467903564 0.9701425002346562 0
    outer loop
      vertex 189.56 14.03999999910593 11.31
      vertex 194.31999999791384 12.850000001490116 12.81
      vertex 194.31999999791384 12.850000001490116 11.31
    endloop
  endfacet
  facet normal 0.048920946742113454 0.9988026536658056 0
    outer loop
      vertex 179.81 15 11.31
      vertex 179.81 15 12.81
      vertex 184.7099999985099 14.759999997913837 12.81
    endloop
  endfacet
  facet normal 0.1468443139546955 0.9891596167753589 0
    outer loop
      vertex 184.7099999985099 14.759999997913837 11.31
      vertex 184.7099999985099 14.759999997913837 12.81
      vertex 189.56 14.03999999910593 12.81
    endloop
  endfacet
  facet normal 0 0 1
    outer loop
      vertex 165.30000000208616 12.850000001490116 12.81
      vertex 189.56 14.03999999910593 12.81
      vertex 184.7099999985099 14.759999997913837 12.81
    endloop
  endfacet
  facet normal 0.24253562467903564 0.9701425002346562 0
    outer loop
      vertex 189.56 14.03999999910593 11.31
      vertex 189.56 14.03999999910593 12.81
      vertex 194.31999999791384 12.850000001490116 12.81
    endloop
  endfacet
  facet normal 0.4258951698844606 0.904772515204284 0
    outer loop
      vertex 198.9400000026822 11.189999997615814 11.31
      vertex 203.38000000029803 9.100000001490116 12.81
      vertex 203.38000000029803 9.100000001490116 11.31
    endloop
  endfacet
  facet normal 0.33814235053644726 0.9410949743642703 0
    outer loop
      vertex 194.31999999791384 12.850000001490116 11.31
      vertex 198.9400000026822 11.189999997615814 12.81
      vertex 198.9400000026822 11.189999997615814 11.31
    endloop
  endfacet
  facet normal 0.4258951698844606 0.904772515204284 0
    outer loop
      vertex 198.9400000026822 11.189999997615814 11.31
      vertex 198.9400000026822 11.189999997615814 12.81
      vertex 203.38000000029803 9.100000001490116 12.81
    endloop
  endfacet
  facet normal 0 0 -1
    outer loop
      vertex 247.63299999701977 -3.7000000029802322 1.21
      vertex 251.2423522177595 -2.633056667657167 1.21
      vertex 251.77699258225402 -2.795238049149207 1.21
    endloop
  endfacet
  facet normal 0 0 -1
    outer loop
      vertex 247.63299999701977 -3.7000000029802322 1.21
      vertex 250.74962483589414 -2.369688395062254 1.21
      vertex 251.2423522177595 -2.633056667657167 1.21
    endloop
  endfacet
  facet normal 0 0 -1
    outer loop
      vertex 247.63299999701977 -3.7000000029802322 1.21
      vertex 250.31774567361833 -2.0152543263816605 1.21
      vertex 250.74962483589414 -2.369688395062254 1.21
    endloop
  endfacet
  facet normal 0 0 -1
    outer loop
      vertex 247.63299999701977 -3.7000000029802322 1.21
      vertex 249.96331160493776 -1.5833751641058662 1.21
      vertex 250.31774567361833 -2.0152543263816605 1.21
    endloop
  endfacet
  facet normal 0 0 -1
    outer loop
      vertex 247.63299999701977 -3.7000000029802322 1.21
      vertex 249.69994333234283 -1.0906477822405058 1.21
      vertex 249.96331160493776 -1.5833751641058662 1.21
    endloop
  endfacet
  facet normal 0 0 -1
    outer loop
      vertex 247.63299999701977 -3.7000000029802322 1.21
      vertex 249.53776195085078 -0.5560074177459655 1.21
      vertex 249.69994333234283 -1.0906477822405058 1.21
    endloop
  endfacet
  facet normal 0 0 -1
    outer loop
      vertex 247.63299999701977 -3.7000000029802322 1.21
      vertex 249.483 0 1.21
      vertex 249.53776195085078 -0.5560074177459655 1.21
    endloop
  endfacet
  facet normal 0 0 -1
    outer loop
      vertex 247.63299999701977 -3.7000000029802322 1.21
      vertex 249.53776195085078 0.5560074177459655 1.21
      vertex 249.483 0 1.21
    endloop
  endfacet
  facet normal 0 0 -1
    outer loop
      vertex 247.63299999701977 -3.7000000029802322 1.21
      vertex 252.88900741774597 -2.795238049149207 1.21
      vertex 257.0330000029802 -3.7000000029802322 1.21
    endloop
  endfacet
  facet normal 0 0 -1
    outer loop
      vertex 247.63299999701977 -3.7000000029802322 1.21
      vertex 251.77699258225402 -2.795238049149207 1.21
      vertex 252.333 -2.85 1.21
    endloop
  endfacet
  facet normal 0 0 -1
    outer loop
      vertex 247.63299999701977 -3.7000000029802322 1.21
      vertex 252.333 -2.85 1.21
      vertex 252.88900741774597 -2.795238049149207 1.21
    endloop
  endfacet
  facet normal 0 0 -1
    outer loop
      vertex 257.0330000029802 -3.7000000029802322 1.21
      vertex 252.88900741774597 -2.795238049149207 1.21
      vertex 253.4236477822405 -2.633056667657167 1.21
    endloop
  endfacet
  facet normal 0 0 -1
    outer loop
      vertex 257.0330000029802 -3.7000000029802322 1.21
      vertex 253.4236477822405 -2.633056667657167 1.21
      vertex 253.91637516410586 -2.369688395062254 1.21
    endloop
  endfacet
  facet normal 0 0 -1
    outer loop
      vertex 257.0330000029802 -3.7000000029802322 1.21
      vertex 253.91637516410586 -2.369688395062254 1.21
      vertex 254.34825432638166 -2.0152543263816605 1.21
    endloop
  endfacet
  facet normal 0 0 -1
    outer loop
      vertex 257.0330000029802 -3.7000000029802322 1.21
      vertex 254.34825432638166 -2.0152543263816605 1.21
      vertex 254.70268839506224 -1.5833751641058662 1.21
    endloop
  endfacet
  facet normal 0 0 -1
    outer loop
      vertex 251.30519506891375 -1.5382187827597087 1.21
      vertex 251.97208290427017 -1.8144527687459764 1.21
      vertex 251.62503565012457 -1.7091771351458807 1.21
    endloop
  endfacet
  facet normal 0 0 -1
    outer loop
      vertex 251.30519506891375 -1.5382187827597087 1.21
      vertex 252.333 -1.85 1.21
      vertex 251.97208290427017 -1.8144527687459764 1.21
    endloop
  endfacet
  facet normal 0 0 -1
    outer loop
      vertex 252.333 -1.85 1.21
      vertex 251.0248524548049 -1.308147545195113 1.21
      vertex 252.69391709572983 -1.8144527687459764 1.21
    endloop
  endfacet
  facet normal 0 0 -1
    outer loop
      vertex 250.79478121724028 -1.027804931086264 1.21
      vertex 252.69391709572983 -1.8144527687459764 1.21
      vertex 251.0248524548049 -1.308147545195113 1.21
    endloop
  endfacet
  facet normal 0 0 -1
    outer loop
      vertex 250.79478121724028 -1.027804931086264 1.21
      vertex 250.6238228648541 -0.7079643498754161 1.21
      vertex 253.04096434987542 -1.7091771351458807 1.21
    endloop
  endfacet
  facet normal 0 0 -1
    outer loop
      vertex 251.30519506891375 -1.5382187827597087 1.21
      vertex 251.0248524548049 -1.308147545195113 1.21
      vertex 252.333 -1.85 1.21
    endloop
  endfacet
  facet normal 0 0 -1
    outer loop
      vertex 250.79478121724028 -1.027804931086264 1.21
      vertex 253.04096434987542 -1.7091771351458807 1.21
      vertex 252.69391709572983 -1.8144527687459764 1.21
    endloop
  endfacet
  facet normal 0 0 -1
    outer loop
      vertex 250.6238228648541 -0.7079643498754161 1.21
      vertex 253.36080493108625 -1.5382187827597087 1.21
      vertex 253.04096434987542 -1.7091771351458807 1.21
    endloop
  endfacet
  facet normal 0 0 -1
    outer loop
      vertex 250.6238228648541 -0.7079643498754161 1.21
      vertex 250.51854723125402 -0.36091709572983727 1.21
      vertex 253.36080493108625 -1.5382187827597087 1.21
    endloop
  endfacet
  facet normal 0 0 -1
    outer loop
      vertex 250.483 0 1.21
      vertex 253.36080493108625 -1.5382187827597087 1.21
      vertex 250.51854723125402 -0.36091709572983727 1.21
    endloop
  endfacet
  facet normal 0 0 -1
    outer loop
      vertex 253.36080493108625 -1.5382187827597087 1.21
      vertex 250.79478121724028 1.027804931086264 1.21
      vertex 253.6411475451951 -1.308147545195113 1.21
    endloop
  endfacet
  facet normal 0 0 -1
    outer loop
      vertex 250.483 0 1.21
      vertex 250.51854723125402 0.36091709572983727 1.21
      vertex 253.36080493108625 -1.5382187827597087 1.21
    endloop
  endfacet
  facet normal 0 0 -1
    outer loop
      vertex 253.36080493108625 -1.5382187827597087 1.21
      vertex 250.51854723125402 0.36091709572983727 1.21
      vertex 250.6238228648541 0.7079643498754161 1.21
    endloop
  endfacet
  facet normal 0 0 -1
    outer loop
      vertex 253.6411475451951 -1.308147545195113 1.21
      vertex 250.79478121724028 1.027804931086264 1.21
      vertex 253.8712187827597 -1.027804931086264 1.21
    endloop
  endfacet
  facet normal 0 0 -1
    outer loop
      vertex 253.8712187827597 -1.027804931086264 1.21
      vertex 251.30519506891375 1.5382187827597087 1.21
      vertex 254.0421771351459 -0.7079643498754161 1.21
    endloop
  endfacet
  facet normal 0 0 -1
    outer loop
      vertex 257.0330000029802 -3.7000000029802322 1.21
      vertex 254.70268839506224 -1.5833751641058662 1.21
      vertex 254.96605666765717 -1.0906477822405058 1.21
    endloop
  endfacet
  facet normal 0 0 -1
    outer loop
      vertex 257.0330000029802 -3.7000000029802322 1.21
      vertex 254.96605666765717 -1.0906477822405058 1.21
      vertex 255.12823804914922 -0.5560074177459655 1.21
    endloop
  endfacet
  facet normal 0 0 -1
    outer loop
      vertex 257.0330000029802 -3.7000000029802322 1.21
      vertex 255.12823804914922 -0.5560074177459655 1.21
      vertex 257.0330000029802 3.7000000029802322 1.21
    endloop
  endfacet
  facet normal 0 -1 0
    outer loop
      vertex 247.63299999701977 -3.7000000029802322 1.21
      vertex 257.0330000029802 -3.7000000029802322 1.21
      vertex 247.63299999701977 -3.7000000029802322 11.309999999999999
    endloop
  endfacet
  facet normal 1 0 0
    outer loop
      vertex 257.0330000029802 -3.7000000029802322 1.21
      vertex 257.0330000029802 3.7000000029802322 1.21
      vertex 257.0330000029802 -3.7000000029802322 11.309999999999999
    endloop
  endfacet
  facet normal -1 0 0
    outer loop
      vertex 247.63299999701977 -3.7000000029802322 1.21
      vertex 247.63299999701977 -3.7000000029802322 11.309999999999999
      vertex 247.63299999701977 3.7000000029802322 11.309999999999999
    endloop
  endfacet
  facet normal 0 -1 0
    outer loop
      vertex 247.63299999701977 -3.7000000029802322 11.309999999999999
      vertex 257.0330000029802 -3.7000000029802322 1.21
      vertex 257.0330000029802 -3.7000000029802322 11.309999999999999
    endloop
  endfacet
  facet normal 0 0 1
    outer loop
      vertex 247.63299999701977 -3.7000000029802322 11.309999999999999
      vertex 257.0330000029802 -3.7000000029802322 11.309999999999999
      vertex 247.63299999701977 3.7000000029802322 11.309999999999999
    endloop
  endfacet
  facet normal 0 0 -1
    outer loop
      vertex 247.63299999701977 -3.7000000029802322 1.21
      vertex 247.63299999701977 3.7000000029802322 1.21
      vertex 249.53776195085078 0.5560074177459655 1.21
    endloop
  endfacet
  facet normal 0 0 -1
    outer loop
      vertex 247.63299999701977 3.7000000029802322 1.21
      vertex 249.69994333234283 1.0906477822405058 1.21
      vertex 249.53776195085078 0.5560074177459655 1.21
    endloop
  endfacet
  facet normal 0 0 -1
    outer loop
      vertex 247.63299999701977 3.7000000029802322 1.21
      vertex 249.96331160493776 1.5833751641058662 1.21
      vertex 249.69994333234283 1.0906477822405058 1.21
    endloop
  endfacet
  facet normal 0 0 -1
    outer loop
      vertex 247.63299999701977 3.7000000029802322 1.21
      vertex 250.31774567361833 2.0152543263816605 1.21
      vertex 249.96331160493776 1.5833751641058662 1.21
    endloop
  endfacet
  facet normal 0 0 -1
    outer loop
      vertex 247.63299999701977 3.7000000029802322 1.21
      vertex 250.74962483589414 2.369688395062254 1.21
      vertex 250.31774567361833 2.0152543263816605 1.21
    endloop
  endfacet
  facet normal 0 0 -1
    outer loop
      vertex 247.63299999701977 3.7000000029802322 1.21
      vertex 251.2423522177595 2.633056667657167 1.21
      vertex 250.74962483589414 2.369688395062254 1.21
    endloop
  endfacet
  facet normal 0 0 -1
    outer loop
      vertex 247.63299999701977 3.7000000029802322 1.21
      vertex 251.77699258225402 2.795238049149207 1.21
      vertex 251.2423522177595 2.633056667657167 1.21
    endloop
  endfacet
  facet normal 0 0 -1
    outer loop
      vertex 253.36080493108625 -1.5382187827597087 1.21
      vertex 250.6238228648541 0.7079643498754161 1.21
      vertex 250.79478121724028 1.027804931086264 1.21
    endloop
  endfacet
  facet normal 0 0 -1
    outer loop
      vertex 253.8712187827597 -1.027804931086264 1.21
      vertex 250.79478121724028 1.027804931086264 1.21
      vertex 251.0248524548049 1.308147545195113 1.21
    endloop
  endfacet
  facet normal 0 0 -1
    outer loop
      vertex 253.8712187827597 -1.027804931086264 1.21
      vertex 251.0248524548049 1.308147545195113 1.21
      vertex 251.30519506891375 1.5382187827597087 1.21
    endloop
  endfacet
  facet normal 0 0 -1
    outer loop
      vertex 254.0421771351459 -0.7079643498754161 1.21
      vertex 251.30519506891375 1.5382187827597087 1.21
      vertex 254.14745276874598 -0.36091709572983727 1.21
    endloop
  endfacet
  facet normal 0 0 -1
    outer loop
      vertex 254.14745276874598 -0.36091709572983727 1.21
      vertex 251.30519506891375 1.5382187827597087 1.21
      vertex 254.183 0 1.21
    endloop
  endfacet
  facet normal 0 0 -1
    outer loop
      vertex 251.30519506891375 1.5382187827597087 1.21
      vertex 254.14745276874598 0.36091709572983727 1.21
      vertex 254.183 0 1.21
    endloop
  endfacet
  facet normal 0 0 -1
    outer loop
      vertex 251.30519506891375 1.5382187827597087 1.21
      vertex 254.0421771351459 0.7079643498754161 1.21
      vertex 254.14745276874598 0.36091709572983727 1.21
    endloop
  endfacet
  facet normal 0 0 -1
    outer loop
      vertex 251.30519506891375 1.5382187827597087 1.21
      vertex 251.62503565012457 1.7091771351458807 1.21
      vertex 254.0421771351459 0.7079643498754161 1.21
    endloop
  endfacet
  facet normal 0 0 -1
    outer loop
      vertex 251.62503565012457 1.7091771351458807 1.21
      vertex 251.97208290427017 1.8144527687459764 1.21
      vertex 253.8712187827597 1.027804931086264 1.21
    endloop
  endfacet
  facet normal 0 0 -1
    outer loop
      vertex 251.62503565012457 1.7091771351458807 1.21
      vertex 253.8712187827597 1.027804931086264 1.21
      vertex 254.0421771351459 0.7079643498754161 1.21
    endloop
  endfacet
  facet normal 0 0 -1
    outer loop
      vertex 251.97208290427017 1.8144527687459764 1.21
      vertex 253.6411475451951 1.308147545195113 1.21
      vertex 253.8712187827597 1.027804931086264 1.21
    endloop
  endfacet
  facet normal 0 0 -1
    outer loop
      vertex 252.333 1.85 1.21
      vertex 253.36080493108625 1.5382187827597087 1.21
      vertex 253.6411475451951 1.308147545195113 1.21
    endloop
  endfacet
  facet normal 0 0 -1
    outer loop
      vertex 251.97208290427017 1.8144527687459764 1.21
      vertex 252.333 1.85 1.21
      vertex 253.6411475451951 1.308147545195113 1.21
    endloop
  endfacet
  facet normal 0 0 -1
    outer loop
      vertex 252.333 1.85 1.21
      vertex 252.69391709572983 1.8144527687459764 1.21
      vertex 253.36080493108625 1.5382187827597087 1.21
    endloop
  endfacet
  facet normal 0 0 -1
    outer loop
      vertex 252.69391709572983 1.8144527687459764 1.21
      vertex 253.04096434987542 1.7091771351458807 1.21
      vertex 253.36080493108625 1.5382187827597087 1.21
    endloop
  endfacet
  facet normal 0 0 -1
    outer loop
      vertex 257.0330000029802 3.7000000029802322 1.21
      vertex 255.12823804914922 -0.5560074177459655 1.21
      vertex 255.183 0 1.21
    endloop
  endfacet
  facet normal 0 0 -1
    outer loop
      vertex 257.0330000029802 3.7000000029802322 1.21
      vertex 255.183 0 1.21
      vertex 255.12823804914922 0.5560074177459655 1.21
    endloop
  endfacet
  facet normal 0 0 -1
    outer loop
      vertex 257.0330000029802 3.7000000029802322 1.21
      vertex 255.12823804914922 0.5560074177459655 1.21
      vertex 254.96605666765717 1.0906477822405058 1.21
    endloop
  endfacet
  facet normal 0 0 -1
    outer loop
      vertex 257.0330000029802 3.7000000029802322 1.21
      vertex 254.96605666765717 1.0906477822405058 1.21
      vertex 254.70268839506224 1.5833751641058662 1.21
    endloop
  endfacet
  facet normal 0 0 -1
    outer loop
      vertex 257.0330000029802 3.7000000029802322 1.21
      vertex 252.333 2.85 1.21
      vertex 251.77699258225402 2.795238049149207 1.21
    endloop
  endfacet
  facet normal 0 0 -1
    outer loop
      vertex 257.0330000029802 3.7000000029802322 1.21
      vertex 253.91637516410586 2.369688395062254 1.21
      vertex 253.4236477822405 2.633056667657167 1.21
    endloop
  endfacet
  facet normal 0 0 -1
    outer loop
      vertex 257.0330000029802 3.7000000029802322 1.21
      vertex 252.88900741774597 2.795238049149207 1.21
      vertex 252.333 2.85 1.21
    endloop
  endfacet
  facet normal 0 0 -1
    outer loop
      vertex 257.0330000029802 3.7000000029802322 1.21
      vertex 253.4236477822405 2.633056667657167 1.21
      vertex 252.88900741774597 2.795238049149207 1.21
    endloop
  endfacet
  facet normal 0 0 -1
    outer loop
      vertex 247.63299999701977 3.7000000029802322 1.21
      vertex 257.0330000029802 3.7000000029802322 1.21
      vertex 251.77699258225402 2.795238049149207 1.21
    endloop
  endfacet
  facet normal 0 0 -1
    outer loop
      vertex 257.0330000029802 3.7000000029802322 1.21
      vertex 254.70268839506224 1.5833751641058662 1.21
      vertex 254.34825432638166 2.0152543263816605 1.21
    endloop
  endfacet
  facet normal 0 0 -1
    outer loop
      vertex 257.0330000029802 3.7000000029802322 1.21
      vertex 254.34825432638166 2.0152543263816605 1.21
      vertex 253.91637516410586 2.369688395062254 1.21
    endloop
  endfacet
  facet normal -1 0 0
    outer loop
      vertex 247.63299999701977 -3.7000000029802322 1.21
      vertex 247.63299999701977 3.7000000029802322 11.309999999999999
      vertex 247.63299999701977 3.7000000029802322 1.21
    endloop
  endfacet
  facet normal 0 1 0
    outer loop
      vertex 247.63299999701977 3.7000000029802322 1.21
      vertex 257.0330000029802 3.7000000029802322 11.309999999999999
      vertex 257.0330000029802 3.7000000029802322 1.21
    endloop
  endfacet
  facet normal 1 0 0
    outer loop
      vertex 257.0330000029802 -3.7000000029802322 11.309999999999999
      vertex 257.0330000029802 3.7000000029802322 1.21
      vertex 257.0330000029802 3.7000000029802322 11.309999999999999
    endloop
  endfacet
  facet normal 0 1 0
    outer loop
      vertex 247.63299999701977 3.7000000029802322 1.21
      vertex 247.63299999701977 3.7000000029802322 11.309999999999999
      vertex 257.0330000029802 3.7000000029802322 11.309999999999999
    endloop
  endfacet
  facet normal 0 0 1
    outer loop
      vertex 247.63299999701977 3.7000000029802322 11.309999999999999
      vertex 257.0330000029802 -3.7000000029802322 11.309999999999999
      vertex 257.0330000029802 3.7000000029802322 11.309999999999999
    endloop
  endfacet
  facet normal -0.7417097310684804 -0.6707210111800005 0
    outer loop
      vertex 248.68300000149011 -31.719999998807907 11.31
      vertex 251.42300000357628 -34.75 11.31
      vertex 248.68300000149011 -31.719999998807907 12.81
    endloop
  endfacet
  facet normal -0.8034126790851096 -0.5954225953768355 0
    outer loop
      vertex 245.76299999970198 -27.780000001192093 12.81
      vertex 248.68300000149011 -31.719999998807907 11.31
      vertex 248.68300000149011 -31.719999998807907 12.81
    endloop
  endfacet
  facet normal -0.8034126790851096 -0.5954225953768355 0
    outer loop
      vertex 245.76299999970198 -27.780000001192093 11.31
      vertex 248.68300000149011 -31.719999998807907 11.31
      vertex 245.76299999970198 -27.780000001192093 12.81
    endloop
  endfacet
  facet normal -0.8571334319149815 -0.5150944378399419 0
    outer loop
      vertex 243.23299999850988 -23.570000000298023 12.81
      vertex 245.76299999970198 -27.780000001192093 11.31
      vertex 245.76299999970198 -27.780000001192093 12.81
    endloop
  endfacet
  facet normal -0.8571334319149815 -0.5150944378399419 0
    outer loop
      vertex 243.23299999850988 -23.570000000298023 11.31
      vertex 245.76299999970198 -27.780000001192093 11.31
      vertex 243.23299999850988 -23.570000000298023 12.81
    endloop
  endfacet
  facet normal -0.904772515204284 -0.4258951698844606 0
    outer loop
      vertex 243.23299999850988 -23.570000000298023 11.31
      vertex 243.23299999850988 -23.570000000298023 12.81
      vertex 241.14300000238418 -19.13000000268221 12.81
    endloop
  endfacet
  facet normal -0.904772515204284 -0.4258951698844606 0
    outer loop
      vertex 243.23299999850988 -23.570000000298023 11.31
      vertex 241.14300000238418 -19.13000000268221 12.81
      vertex 241.14300000238418 -19.13000000268221 11.31
    endloop
  endfacet
  facet normal -0.9410949743642703 -0.33814235053644726 0
    outer loop
      vertex 241.14300000238418 -19.13000000268221 11.31
      vertex 241.14300000238418 -19.13000000268221 12.81
      vertex 239.48299999850988 -14.509999997913837 12.81
    endloop
  endfacet
  facet normal -0.7417097310684804 -0.6707210111800005 0
    outer loop
      vertex 248.68300000149011 -31.719999998807907 12.81
      vertex 251.42300000357628 -34.75 11.31
      vertex 251.42300000357628 -34.75 12.81
    endloop
  endfacet
  facet normal 0.7071067811865478 -0.7071067811865472 0
    outer loop
      vertex 251.42300000357628 -34.75 11.31
      vertex 286.17300000357625 0 11.31
      vertex 251.42300000357628 -34.75 12.81
    endloop
  endfacet
  facet normal -0.9410949743642703 -0.33814235053644726 0
    outer loop
      vertex 241.14300000238418 -19.13000000268221 11.31
      vertex 239.48299999850988 -14.509999997913837 12.81
      vertex 239.48299999850988 -14.509999997913837 11.31
    endloop
  endfacet
  facet normal -0.9701425002346562 -0.24253562467903564 0
    outer loop
      vertex 239.48299999850988 -14.509999997913837 11.31
      vertex 238.29300000089407 -9.75 12.81
      vertex 238.29300000089407 -9.75 11.31
    endloop
  endfacet
  facet normal 0 0 -1
    outer loop
      vertex 245.76299999970198 -27.780000001192093 11.31
      vertex 248.68300000149011 31.719999998807907 11.31
      vertex 248.68300000149011 -31.719999998807907 11.31
    endloop
  endfacet
  facet normal -0.9701425002346562 -0.24253562467903564 0
    outer loop
      vertex 239.48299999850988 -14.509999997913837 11.31
      vertex 239.48299999850988 -14.509999997913837 12.81
      vertex 238.29300000089407 -9.75 12.81
    endloop
  endfacet
  facet normal 0 0 1
    outer loop
      vertex 245.76299999970198 -27.780000001192093 12.81
      vertex 248.68300000149011 -31.719999998807907 12.81
      vertex 248.68300000149011 31.719999998807907 12.81
    endloop
  endfacet
  facet normal -0.9891596167753589 -0.1468443139546955 0
    outer loop
      vertex 238.29300000089407 -9.75 11.31
      vertex 237.57300000208616 -4.899999998509884 12.81
      vertex 237.57300000208616 -4.899999998509884 11.31
    endloop
  endfacet
  facet normal 0 0 -1
    outer loop
      vertex 241.14300000238418 -19.13000000268221 11.31
      vertex 239.48299999850988 -14.509999997913837 11.31
      vertex 241.14300000238418 19.13000000268221 11.31
    endloop
  endfacet
  facet normal 0 0 -1
    outer loop
      vertex 243.23299999850988 -23.570000000298023 11.31
      vertex 245.76299999970198 27.780000001192093 11.31
      vertex 245.76299999970198 -27.780000001192093 11.31
    endloop
  endfacet
  facet normal 0 0 -1
    outer loop
      vertex 243.23299999850988 -23.570000000298023 11.31
      vertex 241.14300000238418 -19.13000000268221 11.31
      vertex 243.23299999850988 23.570000000298023 11.31
    endloop
  endfacet
  facet normal -0.9891596167753589 -0.1468443139546955 0
    outer loop
      vertex 238.29300000089407 -9.75 11.31
      vertex 238.29300000089407 -9.75 12.81
      vertex 237.57300000208616 -4.899999998509884 12.81
    endloop
  endfacet
  facet normal 0 0 1
    outer loop
      vertex 241.14300000238418 -19.13000000268221 12.81
      vertex 241.14300000238418 19.13000000268221 12.81
      vertex 239.48299999850988 -14.509999997913837 12.81
    endloop
  endfacet
  facet normal 0 0 1
    outer loop
      vertex 243.23299999850988 -23.570000000298023 12.81
      vertex 245.76299999970198 -27.780000001192093 12.81
      vertex 245.76299999970198 27.780000001192093 12.81
    endloop
  endfacet
  facet normal 0 0 1
    outer loop
      vertex 243.23299999850988 -23.570000000298023 12.81
      vertex 243.23299999850988 23.570000000298023 12.81
      vertex 241.14300000238418 -19.13000000268221 12.81
    endloop
  endfacet
  facet normal 0 0 -1
    outer loop
      vertex 239.48299999850988 -14.509999997913837 11.31
      vertex 238.29300000089407 -9.75 11.31
      vertex 239.48299999850988 14.509999997913837 11.31
    endloop
  endfacet
  facet normal 0 0 -1
    outer loop
      vertex 238.29300000089407 -9.75 11.31
      vertex 237.57300000208616 -4.899999998509884 11.31
      vertex 238.29300000089407 9.75 11.31
    endloop
  endfacet
  facet normal -0.9988026536658056 -0.048920946742113454 0
    outer loop
      vertex 237.57300000208616 -4.899999998509884 11.31
      vertex 237.333 0 12.81
      vertex 237.333 0 11.31
    endloop
  endfacet
  facet normal -0.9988026536658056 -0.048920946742113454 0
    outer loop
      vertex 237.57300000208616 -4.899999998509884 11.31
      vertex 237.57300000208616 -4.899999998509884 12.81
      vertex 237.333 0 12.81
    endloop
  endfacet
  facet normal 0 0 1
    outer loop
      vertex 239.48299999850988 -14.509999997913837 12.81
      vertex 239.48299999850988 14.509999997913837 12.81
      vertex 238.29300000089407 -9.75 12.81
    endloop
  endfacet
  facet normal 0 0 1
    outer loop
      vertex 238.29300000089407 -9.75 12.81
      vertex 238.29300000089407 9.75 12.81
      vertex 237.57300000208616 -4.899999998509884 12.81
    endloop
  endfacet
  facet normal 0 0 -1
    outer loop
      vertex 248.68300000149011 -31.719999998807907 11.31
      vertex 251.42300000357628 34.75 11.31
      vertex 251.42300000357628 -34.75 11.31
    endloop
  endfacet
  facet normal 0 0 1
    outer loop
      vertex 248.68300000149011 -31.719999998807907 12.81
      vertex 251.42300000357628 -34.75 12.81
      vertex 251.42300000357628 34.75 12.81
    endloop
  endfacet
  facet normal 0.7071067811865478 -0.7071067811865472 0
    outer loop
      vertex 251.42300000357628 -34.75 12.81
      vertex 286.17300000357625 0 11.31
      vertex 286.17300000357625 0 12.81
    endloop
  endfacet
  facet normal 0 0 -1
    outer loop
      vertex 237.57300000208616 -4.899999998509884 11.31
      vertex 237.333 0 11.31
      vertex 237.57300000208616 4.899999998509884 11.31
    endloop
  endfacet
  facet normal 0 0 -1
    outer loop
      vertex 237.57300000208616 -4.899999998509884 11.31
      vertex 237.57300000208616 4.899999998509884 11.31
      vertex 238.29300000089407 9.75 11.31
    endloop
  endfacet
  facet normal -0.9988026536658056 0.048920946742113454 0
    outer loop
      vertex 237.333 0 11.31
      vertex 237.57300000208616 4.899999998509884 12.81
      vertex 237.57300000208616 4.899999998509884 11.31
    endloop
  endfacet
  facet normal -0.9988026536658056 0.048920946742113454 0
    outer loop
      vertex 237.333 0 11.31
      vertex 237.333 0 12.81
      vertex 237.57300000208616 4.899999998509884 12.81
    endloop
  endfacet
  facet normal 0 0 1
    outer loop
      vertex 237.57300000208616 -4.899999998509884 12.81
      vertex 237.57300000208616 4.899999998509884 12.81
      vertex 237.333 0 12.81
    endloop
  endfacet
  facet normal 0 0 1
    outer loop
      vertex 237.57300000208616 -4.899999998509884 12.81
      vertex 238.29300000089407 9.75 12.81
      vertex 237.57300000208616 4.899999998509884 12.81
    endloop
  endfacet
  facet normal 0 0 -1
    outer loop
      vertex 238.29300000089407 -9.75 11.31
      vertex 238.29300000089407 9.75 11.31
      vertex 239.48299999850988 14.509999997913837 11.31
    endloop
  endfacet
  facet normal 0 0 -1
    outer loop
      vertex 239.48299999850988 -14.509999997913837 11.31
      vertex 239.48299999850988 14.509999997913837 11.31
      vertex 241.14300000238418 19.13000000268221 11.31
    endloop
  endfacet
  facet normal -0.9891596167753589 0.1468443139546955 0
    outer loop
      vertex 237.57300000208616 4.899999998509884 11.31
      vertex 238.29300000089407 9.75 12.81
      vertex 238.29300000089407 9.75 11.31
    endloop
  endfacet
  facet normal 0 0 -1
    outer loop
      vertex 241.14300000238418 -19.13000000268221 11.31
      vertex 241.14300000238418 19.13000000268221 11.31
      vertex 243.23299999850988 23.570000000298023 11.31
    endloop
  endfacet
  facet normal 0 0 1
    outer loop
      vertex 238.29300000089407 -9.75 12.81
      vertex 239.48299999850988 14.509999997913837 12.81
      vertex 238.29300000089407 9.75 12.81
    endloop
  endfacet
  facet normal 0 0 1
    outer loop
      vertex 239.48299999850988 -14.509999997913837 12.81
      vertex 241.14300000238418 19.13000000268221 12.81
      vertex 239.48299999850988 14.509999997913837 12.81
    endloop
  endfacet
  facet normal -0.9891596167753589 0.1468443139546955 0
    outer loop
      vertex 237.57300000208616 4.899999998509884 11.31
      vertex 237.57300000208616 4.899999998509884 12.81
      vertex 238.29300000089407 9.75 12.81
    endloop
  endfacet
  facet normal 0 0 1
    outer loop
      vertex 241.14300000238418 -19.13000000268221 12.81
      vertex 243.23299999850988 23.570000000298023 12.81
      vertex 241.14300000238418 19.13000000268221 12.81
    endloop
  endfacet
  facet normal -0.9701425002346562 0.24253562467903564 0
    outer loop
      vertex 238.29300000089407 9.75 11.31
      vertex 239.48299999850988 14.509999997913837 12.81
      vertex 239.48299999850988 14.509999997913837 11.31
    endloop
  endfacet
  facet normal 0 0 -1
    outer loop
      vertex 243.23299999850988 -23.570000000298023 11.31
      vertex 243.23299999850988 23.570000000298023 11.31
      vertex 245.76299999970198 27.780000001192093 11.31
    endloop
  endfacet
  facet normal 0 0 -1
    outer loop
      vertex 245.76299999970198 -27.780000001192093 11.31
      vertex 245.76299999970198 27.780000001192093 11.31
      vertex 248.68300000149011 31.719999998807907 11.31
    endloop
  endfacet
  facet normal 0 0 -1
    outer loop
      vertex 248.68300000149011 -31.719999998807907 11.31
      vertex 248.68300000149011 31.719999998807907 11.31
      vertex 251.42300000357628 34.75 11.31
    endloop
  endfacet
  facet normal -0.9701425002346562 0.24253562467903564 0
    outer loop
      vertex 238.29300000089407 9.75 11.31
      vertex 238.29300000089407 9.75 12.81
      vertex 239.48299999850988 14.509999997913837 12.81
    endloop
  endfacet
  facet normal 0 0 1
    outer loop
      vertex 243.23299999850988 -23.570000000298023 12.81
      vertex 245.76299999970198 27.780000001192093 12.81
      vertex 243.23299999850988 23.570000000298023 12.81
    endloop
  endfacet
  facet normal 0 0 1
    outer loop
      vertex 245.76299999970198 -27.780000001192093 12.81
      vertex 248.68300000149011 31.719999998807907 12.81
      vertex 245.76299999970198 27.780000001192093 12.81
    endloop
  endfacet
  facet normal 0 0 1
    outer loop
      vertex 248.68300000149011 -31.719999998807907 12.81
      vertex 251.42300000357628 34.75 12.81
      vertex 248.68300000149011 31.719999998807907 12.81
    endloop
  endfacet
  facet normal -0.9410949743642703 0.33814235053644726 0
    outer loop
      vertex 239.48299999850988 14.509999997913837 11.31
      vertex 239.48299999850988 14.509999997913837 12.81
      vertex 241.14300000238418 19.13000000268221 12.81
    endloop
  endfacet
  facet normal 0 0 -1
    outer loop
      vertex 251.42300000357628 -34.75 11.31
      vertex 251.42300000357628 34.75 11.31
      vertex 286.17300000357625 0 11.31
    endloop
  endfacet
  facet normal 0 0 1
    outer loop
      vertex 251.42300000357628 -34.75 12.81
      vertex 286.17300000357625 0 12.81
      vertex 251.42300000357628 34.75 12.81
    endloop
  endfacet
  facet normal 0.7071067811865478 0.7071067811865472 0
    outer loop
      vertex 251.42300000357628 34.75 11.31
      vertex 286.17300000357625 0 12.81
      vertex 286.17300000357625 0 11.31
    endloop
  endfacet
  facet normal -0.9410949743642703 0.33814235053644726 0
    outer loop
      vertex 239.48299999850988 14.509999997913837 11.31
      vertex 241.14300000238418 19.13000000268221 12.81
      vertex 241.14300000238418 19.13000000268221 11.31
    endloop
  endfacet
  facet normal -0.904772515204284 0.4258951698844606 0
    outer loop
      vertex 241.14300000238418 19.13000000268221 11.31
      vertex 241.14300000238418 19.13000000268221 12.81
      vertex 243.23299999850988 23.570000000298023 12.81
    endloop
  endfacet
  facet normal -0.904772515204284 0.4258951698844606 0
    outer loop
      vertex 241.14300000238418 19.13000000268221 11.31
      vertex 243.23299999850988 23.570000000298023 12.81
      vertex 243.23299999850988 23.570000000298023 11.31
    endloop
  endfacet
  facet normal -0.8571334319149815 0.5150944378399419 0
    outer loop
      vertex 243.23299999850988 23.570000000298023 11.31
      vertex 243.23299999850988 23.570000000298023 12.81
      vertex 245.76299999970198 27.780000001192093 12.81
    endloop
  endfacet
  facet normal -0.8571334319149815 0.5150944378399419 0
    outer loop
      vertex 243.23299999850988 23.570000000298023 11.31
      vertex 245.76299999970198 27.780000001192093 12.81
      vertex 245.76299999970198 27.780000001192093 11.31
    endloop
  endfacet
  facet normal -0.8034126790851096 0.5954225953768355 0
    outer loop
      vertex 245.76299999970198 27.780000001192093 11.31
      vertex 245.76299999970198 27.780000001192093 12.81
      vertex 248.68300000149011 31.719999998807907 12.81
    endloop
  endfacet
  facet normal -0.8034126790851096 0.5954225953768355 0
    outer loop
      vertex 245.76299999970198 27.780000001192093 11.31
      vertex 248.68300000149011 31.719999998807907 12.81
      vertex 248.68300000149011 31.719999998807907 11.31
    endloop
  endfacet
  facet normal -0.7417097310684804 0.6707210111800005 0
    outer loop
      vertex 248.68300000149011 31.719999998807907 11.31
      vertex 248.68300000149011 31.719999998807907 12.81
      vertex 251.42300000357628 34.75 12.81
    endloop
  endfacet
  facet normal 0.7071067811865478 0.7071067811865472 0
    outer loop
      vertex 251.42300000357628 34.75 11.31
      vertex 251.42300000357628 34.75 12.81
      vertex 286.17300000357625 0 12.81
    endloop
  endfacet
  facet normal -0.7417097310684804 0.6707210111800005 0
    outer loop
      vertex 248.68300000149011 31.719999998807907 11.31
      vertex 251.42300000357628 34.75 12.81
      vertex 251.42300000357628 34.75 11.31
    endloop
  endfacet
endsolid OpenSCAD_Model
