solid OpenSCAD_Model
  facet normal -0.28248815734544347 0.25813617760185104 -0.9238864404095785
    outer loop
      vertex 44.5366 -56.7927 0.0681
      vertex 44.1635 -56.4859 0.2679
      vertex 45.1578 -55.3978 0.2679
    endloop
  endfacet
  facet normal -0.4898565300657519 0.36156769400190136 -0.7932902259615257
    outer loop
      vertex 44.1635 -56.4859 0.2679
      vertex 43.2929 -57.6654 0.2679
      vertex 43.8431 -56.2225 0.5858
    endloop
  endfacet
  facet normal -0.44943974070634574 0.41069564762826855 -0.793305114374671
    outer loop
      vertex 44.1635 -56.4859 0.2679
      vertex 44.8646 -55.1046 0.5858
      vertex 45.1578 -55.3978 0.2679
    endloop
  endfacet
  facet normal -0.4494614071181043 0.4107029496119022 -0.7932890587241811
    outer loop
      vertex 44.1635 -56.4859 0.2679
      vertex 43.8431 -56.2225 0.5858
      vertex 44.8646 -55.1046 0.5858
    endloop
  endfacet
  facet normal -0.6383542287891238 0.4711474199126251 -0.6087068155497518
    outer loop
      vertex 43.8431 -56.2225 0.5858
      vertex 42.9479 -57.4354 0.5858
      vertex 43.5973 -56.0204 1
    endloop
  endfacet
  facet normal -0.6382876584530347 0.471139170374611 -0.6087830050233544
    outer loop
      vertex 43.5973 -56.0204 1
      vertex 42.9479 -57.4354 0.5858
      vertex 42.6832 -57.2588 1
    endloop
  endfacet
  facet normal -0.7432903242416334 0.5486447717936661 -0.3827641679575602
    outer loop
      vertex 43.5973 -56.0204 1
      vertex 42.6832 -57.2588 1
      vertex 43.4427 -55.8933 1.4824
    endloop
  endfacet
  facet normal -0.6819602085767696 0.6231921814854244 -0.3828338789257904
    outer loop
      vertex 44.6397 -54.8797 1
      vertex 43.5973 -56.0204 1
      vertex 44.4982 -54.7382 1.4824
    endloop
  endfacet
  facet normal -0.5856822830357731 0.5352110211593661 -0.6087079974565416
    outer loop
      vertex 43.8431 -56.2225 0.5858
      vertex 43.5973 -56.0204 1
      vertex 44.6397 -54.8797 1
    endloop
  endfacet
  facet normal -0.5857321604716328 0.5352226513299718 -0.6086497758913156
    outer loop
      vertex 43.8431 -56.2225 0.5858
      vertex 44.6397 -54.8797 1
      vertex 44.8646 -55.1046 0.5858
    endloop
  endfacet
  facet normal -0.7434036660526545 0.5486349867672197 -0.3825580225199912
    outer loop
      vertex 43.4427 -55.8933 1.4824
      vertex 42.6832 -57.2588 1
      vertex 42.5168 -57.1479 1.4824
    endloop
  endfacet
  facet normal -0.7976781715143935 0.5887624599272911 -0.1306457058988877
    outer loop
      vertex 43.39 -55.85 2
      vertex 42.5168 -57.1479 1.4824
      vertex 42.46 -57.11 2
    endloop
  endfacet
  facet normal -0.7977312754357859 0.5887289876661845 -0.1304721858218975
    outer loop
      vertex 43.4427 -55.8933 1.4824
      vertex 42.5168 -57.1479 1.4824
      vertex 43.39 -55.85 2
    endloop
  endfacet
  facet normal -0.7319101237035464 0.6688002212527803 -0.13043709162846145
    outer loop
      vertex 43.4427 -55.8933 1.4824
      vertex 44.45 -54.69 2
      vertex 44.4982 -54.7382 1.4824
    endloop
  endfacet
  facet normal -0.6819992355439707 0.6231929643465111 -0.382763075421922
    outer loop
      vertex 43.5973 -56.0204 1
      vertex 43.4427 -55.8933 1.4824
      vertex 44.4982 -54.7382 1.4824
    endloop
  endfacet
  facet normal -0.7319000194308933 0.6688051901696087 -0.13046830710655846
    outer loop
      vertex 43.4427 -55.8933 1.4824
      vertex 43.39 -55.85 2
      vertex 44.45 -54.69 2
    endloop
  endfacet
  facet normal -0.34609912754957545 0.1632984613832713 -0.9238771598103717
    outer loop
      vertex 41.9051 -60.2628 0.2679
      vertex 42.5331 -58.9318 0.2679
      vertex 42.3513 -60.4475 0.0681
    endloop
  endfacet
  facet normal -0.5506319392193039 0.25980229739273025 -0.7932888715852809
    outer loop
      vertex 42.1673 -58.7364 0.5858
      vertex 42.5331 -58.9318 0.2679
      vertex 41.9051 -60.2628 0.2679
    endloop
  endfacet
  facet normal -0.5506412898327672 0.259802535607914 -0.7932823031071632
    outer loop
      vertex 42.1673 -58.7364 0.5858
      vertex 41.9051 -60.2628 0.2679
      vertex 41.5219 -60.1043 0.5858
    endloop
  endfacet
  facet normal -0.8697494845884899 0.3114913979025086 -0.3827648665836474
    outer loop
      vertex 41.2279 -59.9826 1
      vertex 40.7067 -61.4379 1
      vertex 41.043 -59.9061 1.4824
    endloop
  endfacet
  facet normal -0.6802497909865022 0.40817037021681807 -0.6088162043998876
    outer loop
      vertex 42.1673 -58.7364 0.5858
      vertex 41.8866 -58.5864 1
      vertex 42.6832 -57.2588 1
    endloop
  endfacet
  facet normal -0.7175155976093139 0.3385099012643298 -0.6087548060864595
    outer loop
      vertex 41.5219 -60.1043 0.5858
      vertex 41.2279 -59.9826 1
      vertex 41.8866 -58.5864 1
    endloop
  endfacet
  facet normal -0.7174659040920641 0.3385134107032788 -0.6088114217386122
    outer loop
      vertex 42.1673 -58.7364 0.5858
      vertex 41.5219 -60.1043 0.5858
      vertex 41.8866 -58.5864 1
    endloop
  endfacet
  facet normal -0.8356123705000199 0.39422566140120735 -0.3825416240883051
    outer loop
      vertex 41.8866 -58.5864 1
      vertex 41.2279 -59.9826 1
      vertex 41.7102 -58.4922 1.4824
    endloop
  endfacet
  facet normal -0.5906190202710632 0.14768501012310192 -0.7933210640585493
    outer loop
      vertex 41.0113 -61.5302 0.5858
      vertex 41.052 -63.0751 0.2679
      vertex 40.6452 -62.9943 0.5858
    endloop
  endfacet
  facet normal -0.6022027346796569 0.0893778199063761 -0.7933243168169787
    outer loop
      vertex 40.6452 -62.9943 0.5858
      vertex 41.052 -63.0751 0.2679
      vertex 40.8362 -64.5291 0.2679
    endloop
  endfacet
  facet normal -0.3712307461983086 0.09280095403695139 -0.9238916148590584
    outer loop
      vertex 41.4081 -61.6505 0.2679
      vertex 41.8703 -61.7907 0.0681
      vertex 41.5257 -63.1692 0.0681
    endloop
  endfacet
  facet normal -0.36028809086112096 0.12901918679586016 -0.9238758255426881
    outer loop
      vertex 41.9051 -60.2628 0.2679
      vertex 42.3513 -60.4475 0.0681
      vertex 41.8703 -61.7907 0.0681
    endloop
  endfacet
  facet normal -0.36024465917890286 0.12902039029467058 -0.923892593552566
    outer loop
      vertex 41.9051 -60.2628 0.2679
      vertex 41.8703 -61.7907 0.0681
      vertex 41.4081 -61.6505 0.2679
    endloop
  endfacet
  facet normal -0.12279214883550144 0.04397187581140281 -0.991457796541026
    outer loop
      vertex 41.8703 -61.7907 0.0681
      vertex 42.3513 -60.4475 0.0681
      vertex 42.3663 -61.9411 0
    endloop
  endfacet
  facet normal -0.5731943139296896 0.20528757946462142 -0.7932876453066877
    outer loop
      vertex 41.9051 -60.2628 0.2679
      vertex 41.4081 -61.6505 0.2679
      vertex 41.5219 -60.1043 0.5858
    endloop
  endfacet
  facet normal -0.5732703515114679 0.20528216668893884 -0.7932340991897744
    outer loop
      vertex 41.5219 -60.1043 0.5858
      vertex 41.4081 -61.6505 0.2679
      vertex 41.0113 -61.5302 0.5858
    endloop
  endfacet
  facet normal -0.5907395776406972 0.14766416088575832 -0.7932351776105215
    outer loop
      vertex 41.0113 -61.5302 0.5858
      vertex 41.4081 -61.6505 0.2679
      vertex 41.052 -63.0751 0.2679
    endloop
  endfacet
  facet normal -0.37124737954642695 0.092798815005252 -0.9238851460617452
    outer loop
      vertex 41.4081 -61.6505 0.2679
      vertex 41.5257 -63.1692 0.0681
      vertex 41.052 -63.0751 0.2679
    endloop
  endfacet
  facet normal -0.3785226965836858 0.05617603816164492 -0.9238857185320467
    outer loop
      vertex 41.052 -63.0751 0.2679
      vertex 41.5257 -63.1692 0.0681
      vertex 41.3168 -64.5768 0.0681
    endloop
  endfacet
  facet normal -0.12654559539309815 0.03163410386105313 -0.9914562500481374
    outer loop
      vertex 41.8703 -61.7907 0.0681
      vertex 42.034 -63.2702 0
      vertex 41.5257 -63.1692 0.0681
    endloop
  endfacet
  facet normal -0.12653283425287035 0.03163558861051023 -0.9914578313721679
    outer loop
      vertex 41.8703 -61.7907 0.0681
      vertex 42.3663 -61.9411 0
      vertex 42.034 -63.2702 0
    endloop
  endfacet
  facet normal -0.12902691584250772 0.019146419870583062 -0.9914562368527972
    outer loop
      vertex 41.5257 -63.1692 0.0681
      vertex 42.034 -63.2702 0
      vertex 41.8325 -64.6281 0
    endloop
  endfacet
  facet normal -0.7468477860944815 0.26747548004703064 -0.6088310537245797
    outer loop
      vertex 41.2279 -59.9826 1
      vertex 41.0113 -61.5302 0.5858
      vertex 40.7067 -61.4379 1
    endloop
  endfacet
  facet normal -0.7695978596995011 0.1924388883518775 -0.6088402159810409
    outer loop
      vertex 41.0113 -61.5302 0.5858
      vertex 40.6452 -62.9943 0.5858
      vertex 40.7067 -61.4379 1
    endloop
  endfacet
  facet normal -0.8963210924751073 0.2240802731187747 -0.3826179953729903
    outer loop
      vertex 40.7067 -61.4379 1
      vertex 40.3331 -62.9323 1
      vertex 40.5153 -61.3798 1.4824
    endloop
  endfacet
  facet normal -0.7846978527780286 0.1164536506353419 -0.6088413809024918
    outer loop
      vertex 40.3331 -62.9323 1
      vertex 40.4236 -64.488 0.5858
      vertex 40.1069 -64.4565 1
    endloop
  endfacet
  facet normal -0.7696731120250653 0.1924182780062645 -0.6087515970531455
    outer loop
      vertex 40.6452 -62.9943 0.5858
      vertex 40.3331 -62.9323 1
      vertex 40.7067 -61.4379 1
    endloop
  endfacet
  facet normal -0.7847707933815647 0.11642579354178004 -0.6087526890728584
    outer loop
      vertex 40.6452 -62.9943 0.5858
      vertex 40.4236 -64.488 0.5858
      vertex 40.3331 -62.9323 1
    endloop
  endfacet
  facet normal -0.913882089532579 0.13562533043712577 -0.3826555842730998
    outer loop
      vertex 40.3331 -62.9323 1
      vertex 40.1069 -64.4565 1
      vertex 40.1369 -62.8933 1.4824
    endloop
  endfacet
  facet normal -0.7469181057215691 0.2674636263282392 -0.6087499913237376
    outer loop
      vertex 41.5219 -60.1043 0.5858
      vertex 41.0113 -61.5302 0.5858
      vertex 41.2279 -59.9826 1
    endloop
  endfacet
  facet normal -0.32810265198237576 0.19687764972529115 -0.9238981766411154
    outer loop
      vertex 43.2929 -57.6654 0.2679
      vertex 43.6947 -57.9334 0.0681
      vertex 42.9591 -59.1593 0.0681
    endloop
  endfacet
  facet normal -0.32816425526581655 0.19688818789558463 -0.9238740514989178
    outer loop
      vertex 43.2929 -57.6654 0.2679
      vertex 42.9591 -59.1593 0.0681
      vertex 42.5331 -58.9318 0.2679
    endloop
  endfacet
  facet normal -0.5220815574796448 0.3132489344877863 -0.7932880639350971
    outer loop
      vertex 42.1673 -58.7364 0.5858
      vertex 42.9479 -57.4354 0.5858
      vertex 42.5331 -58.9318 0.2679
    endloop
  endfacet
  facet normal -0.4898979631252596 0.3615769285099612 -0.793260430435695
    outer loop
      vertex 43.8431 -56.2225 0.5858
      vertex 43.2929 -57.6654 0.2679
      vertex 42.9479 -57.4354 0.5858
    endloop
  endfacet
  facet normal -0.5221164041601339 0.31325335113776953 -0.793263385331662
    outer loop
      vertex 43.2929 -57.6654 0.2679
      vertex 42.5331 -58.9318 0.2679
      vertex 42.9479 -57.4354 0.5858
    endloop
  endfacet
  facet normal -0.34610303572154394 0.16329873087374175 -0.923875648103876
    outer loop
      vertex 42.5331 -58.9318 0.2679
      vertex 42.9591 -59.1593 0.0681
      vertex 42.3513 -60.4475 0.0681
    endloop
  endfacet
  facet normal -0.1179534463905147 0.05565293022524045 -0.9914583883562358
    outer loop
      vertex 42.3513 -60.4475 0.0681
      vertex 42.9591 -59.1593 0.0681
      vertex 42.8302 -60.6457 0
    endloop
  endfacet
  facet normal -0.11183491953424507 0.06710642532783283 -0.9914583594142968
    outer loop
      vertex 42.9591 -59.1593 0.0681
      vertex 43.6947 -57.9334 0.0681
      vertex 43.4163 -59.4035 0
    endloop
  endfacet
  facet normal -0.11795252962578266 0.05565285591182709 -0.9914585015943614
    outer loop
      vertex 42.9591 -59.1593 0.0681
      vertex 43.4163 -59.4035 0
      vertex 42.8302 -60.6457 0
    endloop
  endfacet
  facet normal -0.3078921326063439 0.2272415064796027 -0.9238851294462955
    outer loop
      vertex 44.5366 -56.7927 0.0681
      vertex 43.6947 -57.9334 0.0681
      vertex 44.1635 -56.4859 0.2679
    endloop
  endfacet
  facet normal -0.10494127814989146 0.0774524959011083 -0.9914577343583315
    outer loop
      vertex 44.5366 -56.7927 0.0681
      vertex 44.1259 -58.2209 0
      vertex 43.6947 -57.9334 0.0681
    endloop
  endfacet
  facet normal -0.3078568484019627 0.22723202392433073 -0.9238992197178562
    outer loop
      vertex 44.1635 -56.4859 0.2679
      vertex 43.6947 -57.9334 0.0681
      vertex 43.2929 -57.6654 0.2679
    endloop
  endfacet
  facet normal -0.11183897977647858 0.06710717068272395 -0.9914578509677131
    outer loop
      vertex 43.4163 -59.4035 0
      vertex 43.6947 -57.9334 0.0681
      vertex 44.1259 -58.2209 0
    endloop
  endfacet
  facet normal 0 0 -1
    outer loop
      vertex 43.4163 -59.4035 0
      vertex 44.1259 -58.2209 0
      vertex 44.937 -57.1219 0
    endloop
  endfacet
  facet normal -0.10494610568142332 0.07745385470264037 -0.9914571172239401
    outer loop
      vertex 44.5366 -56.7927 0.0681
      vertex 44.937 -57.1219 0
      vertex 44.1259 -58.2209 0
    endloop
  endfacet
  facet normal 0 0 -1
    outer loop
      vertex 43.4163 -59.4035 0
      vertex 44.937 -57.1219 0
      vertex 45.8656 -56.1056 0
    endloop
  endfacet
  facet normal -0.6802857631161051 0.4081714578696623 -0.6087752799531967
    outer loop
      vertex 42.1673 -58.7364 0.5858
      vertex 42.6832 -57.2588 1
      vertex 42.9479 -57.4354 0.5858
    endloop
  endfacet
  facet normal -0.7922514387417584 0.4753747334300125 -0.382565707595386
    outer loop
      vertex 41.8866 -58.5864 1
      vertex 42.5168 -57.1479 1.4824
      vertex 42.6832 -57.2588 1
    endloop
  endfacet
  facet normal -0.12278779115003206 0.0439719440439241 -0.9914583332049282
    outer loop
      vertex 42.3513 -60.4475 0.0681
      vertex 42.8302 -60.6457 0
      vertex 42.3663 -61.9411 0
    endloop
  endfacet
  facet normal -0.9334158576555251 0.3342359693864534 -0.13046514264545322
    outer loop
      vertex 41.043 -59.9061 1.4824
      vertex 40.5153 -61.3798 1.4824
      vertex 40.98 -59.88 2
    endloop
  endfacet
  facet normal -0.7922669103366534 0.4753719332571216 -0.38253714572182357
    outer loop
      vertex 41.8866 -58.5864 1
      vertex 41.7102 -58.4922 1.4824
      vertex 42.5168 -57.1479 1.4824
    endloop
  endfacet
  facet normal -0.8501382565669309 0.5100956019838507 -0.13064234213329215
    outer loop
      vertex 41.7102 -58.4922 1.4824
      vertex 42.46 -57.11 2
      vertex 42.5168 -57.1479 1.4824
    endloop
  endfacet
  facet normal -0.8501474922395528 0.5100884953437326 -0.13060998567018695
    outer loop
      vertex 41.7102 -58.4922 1.4824
      vertex 41.65 -58.46 2
      vertex 42.46 -57.11 2
    endloop
  endfacet
  facet normal -0.835496008752387 0.394259096852388 -0.38276126228756535
    outer loop
      vertex 41.2279 -59.9826 1
      vertex 41.043 -59.9061 1.4824
      vertex 41.7102 -58.4922 1.4824
    endloop
  endfacet
  facet normal -0.8966197324698107 0.4231025429689911 -0.13060357376020876
    outer loop
      vertex 41.7102 -58.4922 1.4824
      vertex 41.043 -59.9061 1.4824
      vertex 41.65 -58.46 2
    endloop
  endfacet
  facet normal -0.896654747818274 0.42306949368890445 -0.1304701756140526
    outer loop
      vertex 41.043 -59.9061 1.4824
      vertex 40.98 -59.88 2
      vertex 41.65 -58.46 2
    endloop
  endfacet
  facet normal -0.8698198327993042 0.3114636125182798 -0.3826275951183517
    outer loop
      vertex 40.7067 -61.4379 1
      vertex 40.5153 -61.3798 1.4824
      vertex 41.043 -59.9061 1.4824
    endloop
  endfacet
  facet normal -0.9618368383613747 0.24047509721569216 -0.13054357123236066
    outer loop
      vertex 40.5153 -61.3798 1.4824
      vertex 40.1369 -62.8933 1.4824
      vertex 40.45 -61.36 2
    endloop
  endfacet
  facet normal -0.9333973604658828 0.33425716286953605 -0.13054315970487004
    outer loop
      vertex 40.98 -59.88 2
      vertex 40.5153 -61.3798 1.4824
      vertex 40.45 -61.36 2
    endloop
  endfacet
  facet normal -0.8963017774981008 0.224090249491435 -0.38265739733684956
    outer loop
      vertex 40.3331 -62.9323 1
      vertex 40.1369 -62.8933 1.4824
      vertex 40.5153 -61.3798 1.4824
    endloop
  endfacet
  facet normal -0.9139298945932233 0.13559439317256053 -0.38255236021881356
    outer loop
      vertex 40.1369 -62.8933 1.4824
      vertex 40.1069 -64.4565 1
      vertex 39.9079 -64.4368 1.4824
    endloop
  endfacet
  facet normal -0.9618464215638652 0.24046160539096745 -0.13049780709876285
    outer loop
      vertex 40.1369 -62.8933 1.4824
      vertex 40.07 -62.88 2
      vertex 40.45 -61.36 2
    endloop
  endfacet
  facet normal -0.9807138425963756 0.1455027340165656 -0.13049641119033017
    outer loop
      vertex 40.1369 -62.8933 1.4824
      vertex 39.9079 -64.4368 1.4824
      vertex 40.07 -62.88 2
    endloop
  endfacet
  facet normal -0.9807019445650406 0.1455235143548101 -0.13056263897521897
    outer loop
      vertex 40.07 -62.88 2
      vertex 39.9079 -64.4368 1.4824
      vertex 39.84 -64.43 2
    endloop
  endfacet
  facet normal -0.47111236031108683 0.6383067267887784 -0.6087837600481081
    outer loop
      vertex 47.1954 -53.1879 0.5858
      vertex 45.9825 -54.0831 0.5858
      vertex 47.0188 -52.9232 1
    endloop
  endfacet
  facet normal -0.5486957914702535 0.7433594444336101 -0.3825567471554862
    outer loop
      vertex 47.0188 -52.9232 1
      vertex 45.7804 -53.8373 1
      vertex 46.9079 -52.7568 1.4824
    endloop
  endfacet
  facet normal -0.25809953821399967 0.28244806148109586 -0.9239089354147904
    outer loop
      vertex 45.1578 -55.3978 0.2679
      vertex 46.2459 -54.4035 0.2679
      vertex 45.4993 -55.7393 0.0681
    endloop
  endfacet
  facet normal -0.4106890141484574 0.44944615655072134 -0.7933049136489405
    outer loop
      vertex 44.8646 -55.1046 0.5858
      vertex 45.9825 -54.0831 0.5858
      vertex 45.1578 -55.3978 0.2679
    endloop
  endfacet
  facet normal -0.4107099647847566 0.449455408510806 -0.7932888254519211
    outer loop
      vertex 45.9825 -54.0831 0.5858
      vertex 46.2459 -54.4035 0.2679
      vertex 45.1578 -55.3978 0.2679
    endloop
  endfacet
  facet normal -0.2824329410607667 0.25811485889424596 -0.9239092777008839
    outer loop
      vertex 44.5366 -56.7927 0.0681
      vertex 45.1578 -55.3978 0.2679
      vertex 45.4993 -55.7393 0.0681
    endloop
  endfacet
  facet normal -0.09628196987679932 0.08799188570381074 -0.9914571147190032
    outer loop
      vertex 44.5366 -56.7927 0.0681
      vertex 45.4993 -55.7393 0.0681
      vertex 44.937 -57.1219 0
    endloop
  endfacet
  facet normal 0 0 -1
    outer loop
      vertex 43.4163 -59.4035 0
      vertex 45.8656 -56.1056 0
      vertex 46.8819 -55.177 0
    endloop
  endfacet
  facet normal -0.0880158687730258 0.09630821249143642 -0.9914524371097354
    outer loop
      vertex 45.4993 -55.7393 0.0681
      vertex 46.5527 -54.7766 0.0681
      vertex 45.8656 -56.1056 0
    endloop
  endfacet
  facet normal -0.09631783064373033 0.08800623589074959 -0.9914523578793019
    outer loop
      vertex 45.4993 -55.7393 0.0681
      vertex 45.8656 -56.1056 0
      vertex 44.937 -57.1219 0
    endloop
  endfacet
  facet normal -0.2581527056143849 0.28247435347895966 -0.9238860428703405
    outer loop
      vertex 45.4993 -55.7393 0.0681
      vertex 46.2459 -54.4035 0.2679
      vertex 46.5527 -54.7766 0.0681
    endloop
  endfacet
  facet normal -0.2272209825737424 0.30786432453007023 -0.9238994440737945
    outer loop
      vertex 46.5527 -54.7766 0.0681
      vertex 47.4254 -53.5329 0.2679
      vertex 47.6934 -53.9347 0.0681
    endloop
  endfacet
  facet normal -0.22725187311396608 0.30788374033760973 -0.923885376332972
    outer loop
      vertex 46.5527 -54.7766 0.0681
      vertex 46.2459 -54.4035 0.2679
      vertex 47.4254 -53.5329 0.2679
    endloop
  endfacet
  facet normal -0.07745522741529944 0.10494497910990788 -0.9914571292323563
    outer loop
      vertex 46.5527 -54.7766 0.0681
      vertex 47.6934 -53.9347 0.0681
      vertex 46.8819 -55.177 0
    endloop
  endfacet
  facet normal -0.3615542113434595 0.4898671838008042 -0.7932897922543048
    outer loop
      vertex 47.1954 -53.1879 0.5858
      vertex 46.2459 -54.4035 0.2679
      vertex 45.9825 -54.0831 0.5858
    endloop
  endfacet
  facet normal -0.3615910548574439 0.48988817965122355 -0.7932600333340206
    outer loop
      vertex 47.1954 -53.1879 0.5858
      vertex 47.4254 -53.5329 0.2679
      vertex 46.2459 -54.4035 0.2679
    endloop
  endfacet
  facet normal -0.0879813778064681 0.0962906248812334 -0.9914572067009536
    outer loop
      vertex 45.8656 -56.1056 0
      vertex 46.5527 -54.7766 0.0681
      vertex 46.8819 -55.177 0
    endloop
  endfacet
  facet normal 0 0 -1
    outer loop
      vertex 43.4163 -59.4035 0
      vertex 46.8819 -55.177 0
      vertex 47.9809 -54.3659 0
    endloop
  endfacet
  facet normal 0 0 -1
    outer loop
      vertex 43.4163 -59.4035 0
      vertex 47.9809 -54.3659 0
      vertex 49.1635 -53.6563 0
    endloop
  endfacet
  facet normal -0.5352408695866567 0.5857149462178629 -0.6086503210392036
    outer loop
      vertex 44.6397 -54.8797 1
      vertex 45.7804 -53.8373 1
      vertex 44.8646 -55.1046 0.5858
    endloop
  endfacet
  facet normal -0.535192194306605 0.5856988291878172 -0.6087086303325271
    outer loop
      vertex 44.8646 -55.1046 0.5858
      vertex 45.7804 -53.8373 1
      vertex 45.9825 -54.0831 0.5858
    endloop
  endfacet
  facet normal -0.6232121057161868 0.6819820116946042 -0.3827625987655758
    outer loop
      vertex 44.6397 -54.8797 1
      vertex 45.6533 -53.6827 1.4824
      vertex 45.7804 -53.8373 1
    endloop
  endfacet
  facet normal -0.4711735089386186 0.6383341794875681 -0.6087076472103851
    outer loop
      vertex 47.0188 -52.9232 1
      vertex 45.9825 -54.0831 0.5858
      vertex 45.7804 -53.8373 1
    endloop
  endfacet
  facet normal -0.19690811609230605 0.32815342511903095 -0.9238736512097461
    outer loop
      vertex 48.9193 -53.1991 0.0681
      vertex 47.6934 -53.9347 0.0681
      vertex 48.6918 -52.7731 0.2679
    endloop
  endfacet
  facet normal -0.1968586977211639 0.3281151023875782 -0.9238977934364366
    outer loop
      vertex 48.6918 -52.7731 0.2679
      vertex 47.6934 -53.9347 0.0681
      vertex 47.4254 -53.5329 0.2679
    endloop
  endfacet
  facet normal -0.31326525915376185 0.5221087652562707 -0.7932637106598908
    outer loop
      vertex 47.1954 -53.1879 0.5858
      vertex 48.4964 -52.4073 0.5858
      vertex 47.4254 -53.5329 0.2679
    endloop
  endfacet
  facet normal -0.3132365808726241 0.5220884522467638 -0.7932884043232994
    outer loop
      vertex 48.4964 -52.4073 0.5858
      vertex 48.6918 -52.7731 0.2679
      vertex 47.4254 -53.5329 0.2679
    endloop
  endfacet
  facet normal -0.05565256966632789 0.11795268220494115 -0.991458499509785
    outer loop
      vertex 48.9193 -53.1991 0.0681
      vertex 50.2075 -52.5913 0.0681
      vertex 49.1635 -53.6563 0
    endloop
  endfacet
  facet normal -0.16329714848306903 0.34609968192808244 -0.9238771841898569
    outer loop
      vertex 48.9193 -53.1991 0.0681
      vertex 50.0228 -52.1451 0.2679
      vertex 50.2075 -52.5913 0.0681
    endloop
  endfacet
  facet normal -0.16329999289954186 0.3461023734861298 -0.9238756731218097
    outer loop
      vertex 48.9193 -53.1991 0.0681
      vertex 48.6918 -52.7731 0.2679
      vertex 50.0228 -52.1451 0.2679
    endloop
  endfacet
  facet normal -0.2597989342201306 0.5506336568325304 -0.7932887807988458
    outer loop
      vertex 48.4964 -52.4073 0.5858
      vertex 49.8643 -51.7619 0.5858
      vertex 48.6918 -52.7731 0.2679
    endloop
  endfacet
  facet normal -0.2598059986614407 0.5506397837872237 -0.7932822143287286
    outer loop
      vertex 48.6918 -52.7731 0.2679
      vertex 49.8643 -51.7619 0.5858
      vertex 50.0228 -52.1451 0.2679
    endloop
  endfacet
  facet normal -0.40818636795611346 0.6802764525464967 -0.6087756870355046
    outer loop
      vertex 47.1954 -53.1879 0.5858
      vertex 47.0188 -52.9232 1
      vertex 48.3464 -52.1266 1
    endloop
  endfacet
  facet normal -0.40815513342939225 0.680258555715655 -0.6088166262766534
    outer loop
      vertex 47.1954 -53.1879 0.5858
      vertex 48.3464 -52.1266 1
      vertex 48.4964 -52.4073 0.5858
    endloop
  endfacet
  facet normal -0.47538085704709243 0.7922616442577497 -0.38253696264698256
    outer loop
      vertex 47.0188 -52.9232 1
      vertex 48.2522 -51.9502 1.4824
      vertex 48.3464 -52.1266 1
    endloop
  endfacet
  facet normal -0.3941866043736065 0.8355295840692679 -0.3827626354249353
    outer loop
      vertex 48.3464 -52.1266 1
      vertex 49.6661 -51.283 1.4824
      vertex 49.7426 -51.4679 1
    endloop
  endfacet
  facet normal -0.33849155676969467 0.7174767140759762 -0.6088108333089748
    outer loop
      vertex 48.4964 -52.4073 0.5858
      vertex 48.3464 -52.1266 1
      vertex 49.7426 -51.4679 1
    endloop
  endfacet
  facet normal -0.3385321356687049 0.7175055909222489 -0.6087542362192644
    outer loop
      vertex 48.4964 -52.4073 0.5858
      vertex 49.7426 -51.4679 1
      vertex 49.8643 -51.7619 0.5858
    endloop
  endfacet
  facet normal -0.07745101956861615 0.10494226421638428 -0.9914577453169249
    outer loop
      vertex 46.8819 -55.177 0
      vertex 47.6934 -53.9347 0.0681
      vertex 47.9809 -54.3659 0
    endloop
  endfacet
  facet normal -0.06710837906860959 0.11183817550327474 -0.9914578599007032
    outer loop
      vertex 48.9193 -53.1991 0.0681
      vertex 47.9809 -54.3659 0
      vertex 47.6934 -53.9347 0.0681
    endloop
  endfacet
  facet normal 0 0 -1
    outer loop
      vertex 43.4163 -59.4035 0
      vertex 50.4057 -53.0702 0
      vertex 51.7011 -52.6063 0
    endloop
  endfacet
  facet normal 0 0 -1
    outer loop
      vertex 43.4163 -59.4035 0
      vertex 49.1635 -53.6563 0
      vertex 50.4057 -53.0702 0
    endloop
  endfacet
  facet normal -0.06710514543127648 0.11183560454767111 -0.9914583687740519
    outer loop
      vertex 48.9193 -53.1991 0.0681
      vertex 49.1635 -53.6563 0
      vertex 47.9809 -54.3659 0
    endloop
  endfacet
  facet normal 0 0 -1
    outer loop
      vertex 43.4163 -59.4035 0
      vertex 51.7011 -52.6063 0
      vertex 53.0302 -52.274 0
    endloop
  endfacet
  facet normal -0.588775998808498 0.7976965145147382 -0.13047257933410253
    outer loop
      vertex 46.87 -52.7 2
      vertex 45.6533 -53.6827 1.4824
      vertex 45.61 -53.63 2
    endloop
  endfacet
  facet normal -0.5485846284139504 0.7433354301848377 -0.3827627773175576
    outer loop
      vertex 45.7804 -53.8373 1
      vertex 45.6533 -53.6827 1.4824
      vertex 46.9079 -52.7568 1.4824
    endloop
  endfacet
  facet normal -0.5887153910078047 0.7977128518829149 -0.1306460651200581
    outer loop
      vertex 46.9079 -52.7568 1.4824
      vertex 45.6533 -53.6827 1.4824
      vertex 46.87 -52.7 2
    endloop
  endfacet
  facet normal -0.6231732885981184 0.6819777031356589 -0.3828334687610496
    outer loop
      vertex 44.6397 -54.8797 1
      vertex 44.4982 -54.7382 1.4824
      vertex 45.6533 -53.6827 1.4824
    endloop
  endfacet
  facet normal -0.6687974443220644 0.7319070847336979 -0.13046837848649245
    outer loop
      vertex 44.4982 -54.7382 1.4824
      vertex 45.61 -53.63 2
      vertex 45.6533 -53.6827 1.4824
    endloop
  endfacet
  facet normal -0.6688079553753639 0.7319030455051163 -0.1304371527094982
    outer loop
      vertex 44.4982 -54.7382 1.4824
      vertex 44.45 -54.69 2
      vertex 45.61 -53.63 2
    endloop
  endfacet
  facet normal -0.4753658857849264 0.7922568314662555 -0.382565533767695
    outer loop
      vertex 47.0188 -52.9232 1
      vertex 46.9079 -52.7568 1.4824
      vertex 48.2522 -51.9502 1.4824
    endloop
  endfacet
  facet normal -0.5100978000783808 0.8501419199669883 -0.13060991643071784
    outer loop
      vertex 46.9079 -52.7568 1.4824
      vertex 48.22 -51.89 2
      vertex 48.2522 -51.9502 1.4824
    endloop
  endfacet
  facet normal -0.5100863065555664 0.8501438442592759 -0.13064227467615777
    outer loop
      vertex 46.9079 -52.7568 1.4824
      vertex 46.87 -52.7 2
      vertex 48.22 -51.89 2
    endloop
  endfacet
  facet normal -0.4231100540838373 0.8966356496839564 -0.1304698963324562
    outer loop
      vertex 48.2522 -51.9502 1.4824
      vertex 49.64 -51.22 2
      vertex 49.6661 -51.283 1.4824
    endloop
  endfacet
  facet normal -0.42306201539757593 0.896638898305309 -0.13060328163405036
    outer loop
      vertex 48.2522 -51.9502 1.4824
      vertex 48.22 -51.89 2
      vertex 49.64 -51.22 2
    endloop
  endfacet
  facet normal -0.39429767043819586 0.8355777521471275 -0.3825430266045449
    outer loop
      vertex 48.3464 -52.1266 1
      vertex 48.2522 -51.9502 1.4824
      vertex 49.6661 -51.283 1.4824
    endloop
  endfacet
  facet normal -0.2052589636594335 0.5732055548021698 -0.793286927776698
    outer loop
      vertex 50.0228 -52.1451 0.2679
      vertex 49.8643 -51.7619 0.5858
      vertex 51.2902 -51.2513 0.5858
    endloop
  endfacet
  facet normal -0.2053114241471062 0.5732608919294564 -0.7932333634555038
    outer loop
      vertex 50.0228 -52.1451 0.2679
      vertex 51.2902 -51.2513 0.5858
      vertex 51.4105 -51.6481 0.2679
    endloop
  endfacet
  facet normal -0.05565322982415195 0.11795332210810708 -0.9914583863248126
    outer loop
      vertex 49.1635 -53.6563 0
      vertex 50.2075 -52.5913 0.0681
      vertex 50.4057 -53.0702 0
    endloop
  endfacet
  facet normal -0.0439705251247475 0.12278837702195702 -0.9914583235762194
    outer loop
      vertex 50.2075 -52.5913 0.0681
      vertex 51.5507 -52.1103 0.0681
      vertex 50.4057 -53.0702 0
    endloop
  endfacet
  facet normal -0.12900531418999356 0.360249351392933 -0.9238928691854441
    outer loop
      vertex 50.2075 -52.5913 0.0681
      vertex 51.4105 -51.6481 0.2679
      vertex 51.5507 -52.1103 0.0681
    endloop
  endfacet
  facet normal -0.1290338193893935 0.3602821552649129 -0.923876096698824
    outer loop
      vertex 50.2075 -52.5913 0.0681
      vertex 50.0228 -52.1451 0.2679
      vertex 51.4105 -51.6481 0.2679
    endloop
  endfacet
  facet normal -0.09279509028136337 0.3712324785589185 -0.9238915077446462
    outer loop
      vertex 51.4105 -51.6481 0.2679
      vertex 52.8351 -51.292 0.2679
      vertex 51.5507 -52.1103 0.0681
    endloop
  endfacet
  facet normal -0.14763665499451872 0.5906295386273305 -0.7933222335236144
    outer loop
      vertex 51.4105 -51.6481 0.2679
      vertex 52.7543 -50.8852 0.5858
      vertex 52.8351 -51.292 0.2679
    endloop
  endfacet
  facet normal -0.14771178208667968 0.5907260861871245 -0.7932363585532495
    outer loop
      vertex 51.4105 -51.6481 0.2679
      vertex 51.2902 -51.2513 0.5858
      vertex 52.7543 -50.8852 0.5858
    endloop
  endfacet
  facet normal -0.0439733446107455 0.12279170210984941 -0.9914577867245336
    outer loop
      vertex 50.4057 -53.0702 0
      vertex 51.5507 -52.1103 0.0681
      vertex 51.7011 -52.6063 0
    endloop
  endfacet
  facet normal -0.03163124226842341 0.12653414819217 -0.9914578023566301
    outer loop
      vertex 51.5507 -52.1103 0.0681
      vertex 52.9292 -51.7657 0.0681
      vertex 51.7011 -52.6063 0
    endloop
  endfacet
  facet normal -0.2674962421198613 0.7469057581677518 -0.6087508101576607
    outer loop
      vertex 49.7426 -51.4679 1
      vertex 51.1979 -50.9467 1
      vertex 49.8643 -51.7619 0.5858
    endloop
  endfacet
  facet normal -0.26744243843850046 0.7468589364854289 -0.6088318906840564
    outer loop
      vertex 49.8643 -51.7619 0.5858
      vertex 51.1979 -50.9467 1
      vertex 51.2902 -51.2513 0.5858
    endloop
  endfacet
  facet normal -0.3115106910875554 0.8698033552181835 -0.3826267274895262
    outer loop
      vertex 49.7426 -51.4679 1
      vertex 51.1398 -50.7553 1.4824
      vertex 51.1979 -50.9467 1
    endloop
  endfacet
  facet normal -0.19245555364623224 0.7696645072205591 -0.6087506929734504
    outer loop
      vertex 51.2902 -51.2513 0.5858
      vertex 52.6923 -50.5731 1
      vertex 52.7543 -50.8852 0.5858
    endloop
  endfacet
  facet normal -0.1924019535636504 0.7696078142545979 -0.6088393059774897
    outer loop
      vertex 51.2902 -51.2513 0.5858
      vertex 51.1979 -50.9467 1
      vertex 52.6923 -50.5731 1
    endloop
  endfacet
  facet normal -0.22407629039555615 0.8963051615822203 -0.3826576451655399
    outer loop
      vertex 51.1979 -50.9467 1
      vertex 52.6533 -50.3769 1.4824
      vertex 52.6923 -50.5731 1
    endloop
  endfacet
  facet normal 0 0 -1
    outer loop
      vertex 43.4163 -59.4035 0
      vertex 53.0302 -52.274 0
      vertex 54.3881 -52.0725 0
    endloop
  endfacet
  facet normal 0 0 -1
    outer loop
      vertex 43.4163 -59.4035 0
      vertex 54.3881 -52.0725 0
      vertex 55.76 -52.0026 0
    endloop
  endfacet
  facet normal 0 0 -1
    outer loop
      vertex 43.4163 -59.4035 0
      vertex 55.76 -52.0026 0
      vertex 57.1319 -52.0725 0
    endloop
  endfacet
  facet normal -0.09280480355404779 0.37124614538379336 -0.923885040454152
    outer loop
      vertex 51.5507 -52.1103 0.0681
      vertex 52.8351 -51.292 0.2679
      vertex 52.9292 -51.7657 0.0681
    endloop
  endfacet
  facet normal -0.05617954149677348 0.3785220265815945 -0.923885780012754
    outer loop
      vertex 52.8351 -51.292 0.2679
      vertex 54.2891 -51.0762 0.2679
      vertex 52.9292 -51.7657 0.0681
    endloop
  endfacet
  facet normal -0.08934161445829943 0.6022092487200564 -0.7933234502282217
    outer loop
      vertex 52.8351 -51.292 0.2679
      vertex 52.7543 -50.8852 0.5858
      vertex 54.248 -50.6636 0.5858
    endloop
  endfacet
  facet normal -0.031638556949809944 0.126544706716801 -0.9914562213815054
    outer loop
      vertex 51.7011 -52.6063 0
      vertex 52.9292 -51.7657 0.0681
      vertex 53.0302 -52.274 0
    endloop
  endfacet
  facet normal -0.019148643658204557 0.12902647588936647 -0.9914562511606964
    outer loop
      vertex 52.9292 -51.7657 0.0681
      vertex 54.3368 -51.5568 0.0681
      vertex 53.0302 -52.274 0
    endloop
  endfacet
  facet normal -0.05617467745069613 0.3785135279061736 -0.9238895576882188
    outer loop
      vertex 52.9292 -51.7657 0.0681
      vertex 54.2891 -51.0762 0.2679
      vertex 54.3368 -51.5568 0.0681
    endloop
  endfacet
  facet normal -0.0066359132535019245 0.1302652654121832 -0.9914569709686778
    outer loop
      vertex 54.3368 -51.5568 0.0681
      vertex 55.76 -51.4843 0.0681
      vertex 54.3881 -52.0725 0
    endloop
  endfacet
  facet normal -0.019459969428025182 0.38215846504248896 -0.9238918860917814
    outer loop
      vertex 54.3368 -51.5568 0.0681
      vertex 54.2891 -51.0762 0.2679
      vertex 55.76 -51.0013 0.2679
    endloop
  endfacet
  facet normal -0.08939020530484044 0.6022861840279756 -0.7932595689461162
    outer loop
      vertex 52.8351 -51.292 0.2679
      vertex 54.248 -50.6636 0.5858
      vertex 54.2891 -51.0762 0.2679
    endloop
  endfacet
  facet normal -0.03100820731366382 0.6080986959566638 -0.7932556126842077
    outer loop
      vertex 54.2891 -51.0762 0.2679
      vertex 54.248 -50.6636 0.5858
      vertex 55.76 -50.5865 0.5858
    endloop
  endfacet
  facet normal -0.019145521751059904 0.1290208634529225 -0.9914570418282086
    outer loop
      vertex 53.0302 -52.274 0
      vertex 54.3368 -51.5568 0.0681
      vertex 54.3881 -52.0725 0
    endloop
  endfacet
  facet normal -0.11646354034442565 0.7847644924534691 -0.6087535914922322
    outer loop
      vertex 52.7543 -50.8852 0.5858
      vertex 52.6923 -50.5731 1
      vertex 54.2165 -50.3469 1
    endloop
  endfacet
  facet normal -0.11641570510117899 0.7847027920109861 -0.6088422717058649
    outer loop
      vertex 52.7543 -50.8852 0.5858
      vertex 54.2165 -50.3469 1
      vertex 54.248 -50.6636 0.5858
    endloop
  endfacet
  facet normal -0.04034475744106694 0.7922663245584093 -0.6088401855312532
    outer loop
      vertex 54.248 -50.6636 0.5858
      vertex 54.2165 -50.3469 1
      vertex 55.76 -50.2683 1
    endloop
  endfacet
  facet normal -0.13563164486110116 0.9139246379190616 -0.3825517129967978
    outer loop
      vertex 52.6923 -50.5731 1
      vertex 54.1968 -50.1479 1.4824
      vertex 54.2165 -50.3469 1
    endloop
  endfacet
  facet normal 0 0 -1
    outer loop
      vertex 43.4163 -59.4035 0
      vertex 57.1319 -52.0725 0
      vertex 58.4898 -52.274 0
    endloop
  endfacet
  facet normal 0 0 -1
    outer loop
      vertex 43.4163 -59.4035 0
      vertex 58.4898 -52.274 0
      vertex 59.8189 -52.6063 0
    endloop
  endfacet
  facet normal 0 0 -1
    outer loop
      vertex 43.4163 -59.4035 0
      vertex 59.8189 -52.6063 0
      vertex 61.1143 -53.0702 0
    endloop
  endfacet
  facet normal -0.3114445627233164 0.8697666327181147 -0.38276401210181
    outer loop
      vertex 49.7426 -51.4679 1
      vertex 49.6661 -51.283 1.4824
      vertex 51.1398 -50.7553 1.4824
    endloop
  endfacet
  facet normal -0.3342606177558151 0.9334070080728384 -0.13046530840807122
    outer loop
      vertex 49.6661 -51.283 1.4824
      vertex 49.64 -51.22 2
      vertex 51.12 -50.69 2
    endloop
  endfacet
  facet normal -0.3342324999537875 0.9334061686221227 -0.13054332749248707
    outer loop
      vertex 49.6661 -51.283 1.4824
      vertex 51.12 -50.69 2
      vertex 51.1398 -50.7553 1.4824
    endloop
  endfacet
  facet normal -0.22409418218293045 0.8963175072248049 -0.3826182480672812
    outer loop
      vertex 51.1979 -50.9467 1
      vertex 51.1398 -50.7553 1.4824
      vertex 52.6533 -50.3769 1.4824
    endloop
  endfacet
  facet normal -0.24046014733639506 0.9618405893455939 -0.1305434725686424
    outer loop
      vertex 51.1398 -50.7553 1.4824
      vertex 51.12 -50.69 2
      vertex 52.64 -50.31 2
    endloop
  endfacet
  facet normal -0.24047656161750994 0.9618426955816656 -0.13049770982210884
    outer loop
      vertex 51.1398 -50.7553 1.4824
      vertex 52.64 -50.31 2
      vertex 52.6533 -50.3769 1.4824
    endloop
  endfacet
  facet normal -0.13558815937759638 0.9138878777262924 -0.38265493330352973
    outer loop
      vertex 52.6923 -50.5731 1
      vertex 52.6533 -50.3769 1.4824
      vertex 54.1968 -50.1479 1.4824
    endloop
  endfacet
  facet normal -0.14552479143962452 0.9807105510061465 -0.13049655252792744
    outer loop
      vertex 52.6533 -50.3769 1.4824
      vertex 52.64 -50.31 2
      vertex 54.19 -50.08 2
    endloop
  endfacet
  facet normal -0.04704551092192339 0.9227295191110173 -0.38256627460251363
    outer loop
      vertex 54.2165 -50.3469 1
      vertex 54.1968 -50.1479 1.4824
      vertex 55.76 -50.0682 1.4824
    endloop
  endfacet
  facet normal -0.1455014517438348 0.9807051998541922 -0.13056277616298323
    outer loop
      vertex 52.6533 -50.3769 1.4824
      vertex 54.19 -50.08 2
      vertex 54.1968 -50.1479 1.4824
    endloop
  endfacet
  facet normal -0.05045383914624227 0.990156593245026 -0.13055393892491032
    outer loop
      vertex 54.1968 -50.1479 1.4824
      vertex 54.19 -50.08 2
      vertex 55.76 -50 2
    endloop
  endfacet
  facet normal -0.0194687335543241 0.3821779530277535 -0.923883640202221
    outer loop
      vertex 54.3368 -51.5568 0.0681
      vertex 55.76 -51.0013 0.2679
      vertex 55.76 -51.4843 0.0681
    endloop
  endfacet
  facet normal -0.030960262865806294 0.6080033464528007 -0.7933305697031192
    outer loop
      vertex 54.2891 -51.0762 0.2679
      vertex 55.76 -50.5865 0.5858
      vertex 55.76 -51.0013 0.2679
    endloop
  endfacet
  facet normal -0.00663734359190183 0.1302685504110228 -0.9914565297802288
    outer loop
      vertex 54.3881 -52.0725 0
      vertex 55.76 -51.4843 0.0681
      vertex 55.76 -52.0026 0
    endloop
  endfacet
  facet normal 0.006636080652026881 0.13026855150295175 -0.9914565380907541
    outer loop
      vertex 55.76 -51.4843 0.0681
      vertex 57.1832 -51.5568 0.0681
      vertex 55.76 -52.0026 0
    endloop
  endfacet
  facet normal 0.019467704491586756 0.38215775217137027 -0.9238920180070578
    outer loop
      vertex 55.76 -51.4843 0.0681
      vertex 57.2309 -51.0762 0.2679
      vertex 57.1832 -51.5568 0.0681
    endloop
  endfacet
  facet normal 0.0194609647236972 0.38217801084227493 -0.9238837799640521
    outer loop
      vertex 55.76 -51.4843 0.0681
      vertex 55.76 -51.0013 0.2679
      vertex 57.2309 -51.0762 0.2679
    endloop
  endfacet
  facet normal 0.031003303863461184 0.6080025349098886 -0.7933295107915119
    outer loop
      vertex 55.76 -51.0013 0.2679
      vertex 55.76 -50.5865 0.5858
      vertex 57.272 -50.6636 0.5858
    endloop
  endfacet
  facet normal 0.030965296360190908 0.6081021951429253 -0.7932546064686173
    outer loop
      vertex 55.76 -51.0013 0.2679
      vertex 57.272 -50.6636 0.5858
      vertex 57.2309 -51.0762 0.2679
    endloop
  endfacet
  facet normal 0.006637169900893244 0.13026514144543436 -0.9914569788447241
    outer loop
      vertex 55.76 -52.0026 0
      vertex 57.1832 -51.5568 0.0681
      vertex 57.1319 -52.0725 0
    endloop
  endfacet
  facet normal -0.04040410263082013 0.7923606119040061 -0.6087135362333478
    outer loop
      vertex 54.248 -50.6636 0.5858
      vertex 55.76 -50.2683 1
      vertex 55.76 -50.5865 0.5858
    endloop
  endfacet
  facet normal -0.04698520311660426 0.92266744288147 -0.3827233733843031
    outer loop
      vertex 54.2165 -50.3469 1
      vertex 55.76 -50.0682 1.4824
      vertex 55.76 -50.2683 1
    endloop
  endfacet
  facet normal 0.04034964771923411 0.7923623569292918 -0.6087148768104745
    outer loop
      vertex 55.76 -50.5865 0.5858
      vertex 55.76 -50.2683 1
      vertex 57.3035 -50.3469 1
    endloop
  endfacet
  facet normal 0.04039910375847996 0.7922625795437164 -0.6088414551180362
    outer loop
      vertex 55.76 -50.5865 0.5858
      vertex 57.3035 -50.3469 1
      vertex 57.272 -50.6636 0.5858
    endloop
  endfacet
  facet normal 0.0469885324419742 0.9227328221907428 -0.38256531033387847
    outer loop
      vertex 55.76 -50.2683 1
      vertex 57.3232 -50.1479 1.4824
      vertex 57.3035 -50.3469 1
    endloop
  endfacet
  facet normal 0 0 -1
    outer loop
      vertex 43.4163 -59.4035 0
      vertex 61.1143 -53.0702 0
      vertex 62.3583 -53.6571 0
    endloop
  endfacet
  facet normal 0 0 -1
    outer loop
      vertex 43.4163 -59.4035 0
      vertex 62.3583 -53.6571 0
      vertex 66.2528 -55.983 0
    endloop
  endfacet
  facet normal 0.056178224127949566 0.3785131505191757 -0.9238894966487484
    outer loop
      vertex 57.1832 -51.5568 0.0681
      vertex 57.2309 -51.0762 0.2679
      vertex 58.6849 -51.292 0.2679
    endloop
  endfacet
  facet normal 0.056176038161645195 0.3785226965836857 -0.9238857185320467
    outer loop
      vertex 57.1832 -51.5568 0.0681
      vertex 58.6849 -51.292 0.2679
      vertex 58.5908 -51.7657 0.0681
    endloop
  endfacet
  facet normal 0.08935366587610585 0.6022904815845788 -0.793260422677898
    outer loop
      vertex 57.2309 -51.0762 0.2679
      vertex 57.272 -50.6636 0.5858
      vertex 58.7657 -50.8852 0.5858
    endloop
  endfacet
  facet normal 0.089377819906375 0.6022027346796497 -0.7933243168169843
    outer loop
      vertex 57.2309 -51.0762 0.2679
      vertex 58.7657 -50.8852 0.5858
      vertex 58.6849 -51.292 0.2679
    endloop
  endfacet
  facet normal 0.01914777715066681 0.12902063722967283 -0.99145702771176
    outer loop
      vertex 57.1832 -51.5568 0.0681
      vertex 58.5908 -51.7657 0.0681
      vertex 57.1319 -52.0725 0
    endloop
  endfacet
  facet normal 0.01914641987058376 0.12902691584250783 -0.9914562368527972
    outer loop
      vertex 57.1319 -52.0725 0
      vertex 58.5908 -51.7657 0.0681
      vertex 58.4898 -52.274 0
    endloop
  endfacet
  facet normal 0.09279881500525199 0.3712473795464269 -0.9238851460617452
    outer loop
      vertex 58.5908 -51.7657 0.0681
      vertex 58.6849 -51.292 0.2679
      vertex 60.1095 -51.6481 0.2679
    endloop
  endfacet
  facet normal 0.14768501012310337 0.5906190202710547 -0.7933210640585553
    outer loop
      vertex 58.6849 -51.292 0.2679
      vertex 58.7657 -50.8852 0.5858
      vertex 60.2298 -51.2513 0.5858
    endloop
  endfacet
  facet normal 0.14766416088575832 0.5907395776406972 -0.7932351776105215
    outer loop
      vertex 58.6849 -51.292 0.2679
      vertex 60.2298 -51.2513 0.5858
      vertex 60.1095 -51.6481 0.2679
    endloop
  endfacet
  facet normal 0.03163410386105323 0.12654559539309854 -0.9914562500481372
    outer loop
      vertex 58.5908 -51.7657 0.0681
      vertex 59.9693 -52.1103 0.0681
      vertex 58.4898 -52.274 0
    endloop
  endfacet
  facet normal 0.0928009540369514 0.37123074619830865 -0.9238916148590584
    outer loop
      vertex 58.5908 -51.7657 0.0681
      vertex 60.1095 -51.6481 0.2679
      vertex 59.9693 -52.1103 0.0681
    endloop
  endfacet
  facet normal 0.03163558861051017 0.12653283425287212 -0.9914578313721677
    outer loop
      vertex 58.4898 -52.274 0
      vertex 59.9693 -52.1103 0.0681
      vertex 59.8189 -52.6063 0
    endloop
  endfacet
  facet normal 0.11645365063534131 0.7846978527780211 -0.6088413809025016
    outer loop
      vertex 57.272 -50.6636 0.5858
      vertex 57.3035 -50.3469 1
      vertex 58.8277 -50.5731 1
    endloop
  endfacet
  facet normal 0.116425793541776 0.7847707933815663 -0.6087526890728571
    outer loop
      vertex 57.272 -50.6636 0.5858
      vertex 58.8277 -50.5731 1
      vertex 58.7657 -50.8852 0.5858
    endloop
  endfacet
  facet normal 0.135625330437127 0.9138820895325831 -0.3826555842730901
    outer loop
      vertex 57.3035 -50.3469 1
      vertex 58.8667 -50.3769 1.4824
      vertex 58.8277 -50.5731 1
    endloop
  endfacet
  facet normal 0.19241827800626837 0.7696731120250659 -0.6087515970531434
    outer loop
      vertex 58.7657 -50.8852 0.5858
      vertex 58.8277 -50.5731 1
      vertex 60.3221 -50.9467 1
    endloop
  endfacet
  facet normal 0.1924388883518819 0.7695978596995 -0.6088402159810411
    outer loop
      vertex 58.7657 -50.8852 0.5858
      vertex 60.3221 -50.9467 1
      vertex 60.2298 -51.2513 0.5858
    endloop
  endfacet
  facet normal 0.22408027311877726 0.8963210924751005 -0.3826179953730045
    outer loop
      vertex 58.8277 -50.5731 1
      vertex 60.3802 -50.7553 1.4824
      vertex 60.3221 -50.9467 1
    endloop
  endfacet
  facet normal 0 0 -1
    outer loop
      vertex 43.4163 -59.4035 0
      vertex 92.3437 -45.4035 0
      vertex 42.8302 -60.6457 0
    endloop
  endfacet
  facet normal 0 0 -1
    outer loop
      vertex 42.8302 -60.6457 0
      vertex 92.3437 -45.4035 0
      vertex 42.3663 -61.9411 0
    endloop
  endfacet
  facet normal 0 0 -1
    outer loop
      vertex 42.034 -63.2702 0
      vertex 42.3663 -61.9411 0
      vertex 92.3437 -45.4035 0
    endloop
  endfacet
  facet normal -0.05048380199722041 0.9901666158350334 -0.1304663122100979
    outer loop
      vertex 54.1968 -50.1479 1.4824
      vertex 55.76 -50 2
      vertex 55.76 -50.0682 1.4824
    endloop
  endfacet
  facet normal 0.04704221957673263 0.9226649641448708 -0.3827223452018954
    outer loop
      vertex 55.76 -50.2683 1
      vertex 55.76 -50.0682 1.4824
      vertex 57.3232 -50.1479 1.4824
    endloop
  endfacet
  facet normal 0.05045442484811769 0.9901680876443311 -0.13046650613860272
    outer loop
      vertex 55.76 -50.0682 1.4824
      vertex 55.76 -50 2
      vertex 57.33 -50.08 2
    endloop
  endfacet
  facet normal 0.05048321340592441 0.9901550714697441 -0.1305541252008451
    outer loop
      vertex 55.76 -50.0682 1.4824
      vertex 57.33 -50.08 2
      vertex 57.3232 -50.1479 1.4824
    endloop
  endfacet
  facet normal 0.13559439317256125 0.9139298945932279 -0.38255236021880207
    outer loop
      vertex 57.3035 -50.3469 1
      vertex 57.3232 -50.1479 1.4824
      vertex 58.8667 -50.3769 1.4824
    endloop
  endfacet
  facet normal 0.14552351435481425 0.9807019445650383 -0.1305626389752322
    outer loop
      vertex 57.3232 -50.1479 1.4824
      vertex 57.33 -50.08 2
      vertex 58.88 -50.31 2
    endloop
  endfacet
  facet normal 0.1455027340165656 0.9807138425963756 -0.1304964111903302
    outer loop
      vertex 57.3232 -50.1479 1.4824
      vertex 58.88 -50.31 2
      vertex 58.8667 -50.3769 1.4824
    endloop
  endfacet
  facet normal 0.22409024949143191 0.8963017774981051 -0.3826573973368412
    outer loop
      vertex 58.8277 -50.5731 1
      vertex 58.8667 -50.3769 1.4824
      vertex 60.3802 -50.7553 1.4824
    endloop
  endfacet
  facet normal 0.24046160539096426 0.961846421563866 -0.13049780709876288
    outer loop
      vertex 58.8667 -50.3769 1.4824
      vertex 58.88 -50.31 2
      vertex 60.4 -50.69 2
    endloop
  endfacet
  facet normal 0 0 -1
    outer loop
      vertex 42.034 -63.2702 0
      vertex 92.3437 -45.4035 0
      vertex 41.8325 -64.6281 0
    endloop
  endfacet
  facet normal 0 0 -1
    outer loop
      vertex 41.8325 -64.6281 0
      vertex 92.3437 -45.4035 0
      vertex 41.7626 -66 0
    endloop
  endfacet
  facet normal 0 0 -1
    outer loop
      vertex 41.7626 -66 0
      vertex 92.3437 -45.4035 0
      vertex 41.8325 -67.3719 0
    endloop
  endfacet
  facet normal 0 0 -1
    outer loop
      vertex 41.8325 -67.3719 0
      vertex 92.3437 -45.4035 0
      vertex 42.034 -68.7298 0
    endloop
  endfacet
  facet normal 0 0 -1
    outer loop
      vertex 42.034 -68.7298 0
      vertex 92.3437 -45.4035 0
      vertex 42.3663 -70.0589 0
    endloop
  endfacet
  facet normal 0 0 -1
    outer loop
      vertex 42.3663 -70.0589 0
      vertex 92.3437 -45.4035 0
      vertex 42.8302 -71.3543 0
    endloop
  endfacet
  facet normal 0 0 -1
    outer loop
      vertex 42.8302 -71.3543 0
      vertex 92.3437 -45.4035 0
      vertex 43.4163 -72.5965 0
    endloop
  endfacet
  facet normal -0.8045740795857668 0.5938522968371144 0
    outer loop
      vertex 43.39 -55.85 2
      vertex 42.46 -57.11 2
      vertex 43.39 -55.85 20
    endloop
  endfacet
  facet normal -0.7382098828926563 0.674571099884668 0
    outer loop
      vertex 43.39 -55.85 2
      vertex 44.45 -54.69 20
      vertex 44.45 -54.69 2
    endloop
  endfacet
  facet normal -0.9414537308125969 0.33714221441261605 0
    outer loop
      vertex 40.98 -59.88 2
      vertex 40.45 -61.36 2
      vertex 40.98 -59.88 20
    endloop
  endfacet
  facet normal -0.8574929257125438 0.5144957554275272 0
    outer loop
      vertex 41.65 -58.46 2
      vertex 42.46 -57.11 20
      vertex 42.46 -57.11 2
    endloop
  endfacet
  facet normal -0.9043852206147877 0.42671697029007644 0
    outer loop
      vertex 40.98 -59.88 2
      vertex 41.65 -58.46 20
      vertex 41.65 -58.46 2
    endloop
  endfacet
  facet normal -0.9701425001453317 0.24253562503633402 0
    outer loop
      vertex 40.45 -61.36 2
      vertex 40.07 -62.88 2
      vertex 40.45 -61.36 20
    endloop
  endfacet
  facet normal -0.9891691709581992 0.1467799414970207 0
    outer loop
      vertex 40.07 -62.88 2
      vertex 39.84 -64.43 2
      vertex 40.07 -62.88 20
    endloop
  endfacet
  facet normal -0.5938522968371144 0.8045740795857668 0
    outer loop
      vertex 46.87 -52.7 2
      vertex 45.61 -53.63 2
      vertex 46.87 -52.7 20
    endloop
  endfacet
  facet normal -0.6745710998846677 0.7382098828926564 0
    outer loop
      vertex 44.45 -54.69 2
      vertex 45.61 -53.63 20
      vertex 45.61 -53.63 2
    endloop
  endfacet
  facet normal -0.5144957554275272 0.8574929257125438 0
    outer loop
      vertex 46.87 -52.7 2
      vertex 48.22 -51.89 20
      vertex 48.22 -51.89 2
    endloop
  endfacet
  facet normal -0.42671697029007644 0.9043852206147877 0
    outer loop
      vertex 48.22 -51.89 2
      vertex 49.64 -51.22 20
      vertex 49.64 -51.22 2
    endloop
  endfacet
  facet normal -0.3371422144126201 0.9414537308125955 0
    outer loop
      vertex 49.64 -51.22 2
      vertex 51.12 -50.69 20
      vertex 51.12 -50.69 2
    endloop
  endfacet
  facet normal -0.24253562503632978 0.9701425001453327 0
    outer loop
      vertex 51.12 -50.69 2
      vertex 52.64 -50.31 20
      vertex 52.64 -50.31 2
    endloop
  endfacet
  facet normal -0.1467799414970258 0.9891691709581986 0
    outer loop
      vertex 52.64 -50.31 2
      vertex 54.19 -50.08 20
      vertex 54.19 -50.08 2
    endloop
  endfacet
  facet normal -0.050889390854733825 0.9987042955241727 0
    outer loop
      vertex 54.19 -50.08 2
      vertex 55.76 -50 20
      vertex 55.76 -50 2
    endloop
  endfacet
  facet normal 0.050889390854733825 0.9987042955241727 0
    outer loop
      vertex 55.76 -50 2
      vertex 57.33 -50.08 20
      vertex 57.33 -50.08 2
    endloop
  endfacet
  facet normal 0.14677994149702514 0.9891691709581986 0
    outer loop
      vertex 57.33 -50.08 2
      vertex 58.88 -50.31 20
      vertex 58.88 -50.31 2
    endloop
  endfacet
  facet normal -0.38217801084227015 0.01946096472369695 -0.923883779964054
    outer loop
      vertex 40.8362 -64.5291 0.2679
      vertex 41.2443 -66 0.0681
      vertex 40.7613 -66 0.2679
    endloop
  endfacet
  facet normal -0.6022904815845784 0.08935366587610911 -0.793260422677898
    outer loop
      vertex 40.6452 -62.9943 0.5858
      vertex 40.8362 -64.5291 0.2679
      vertex 40.4236 -64.488 0.5858
    endloop
  endfacet
  facet normal -0.6081021951429254 0.030965296360190915 -0.7932546064686173
    outer loop
      vertex 40.8362 -64.5291 0.2679
      vertex 40.7613 -66 0.2679
      vertex 40.4236 -64.488 0.5858
    endloop
  endfacet
  facet normal -0.6080025349098886 0.031003303863461184 -0.7933295107915119
    outer loop
      vertex 40.4236 -64.488 0.5858
      vertex 40.7613 -66 0.2679
      vertex 40.3465 -66 0.5858
    endloop
  endfacet
  facet normal -0.38215846504248874 -0.019459969428025164 -0.9238918860917814
    outer loop
      vertex 40.7613 -66 0.2679
      vertex 41.3168 -67.4232 0.0681
      vertex 40.8362 -67.4709 0.2679
    endloop
  endfacet
  facet normal -0.6080033464528009 -0.0309602628658063 -0.7933305697031192
    outer loop
      vertex 40.7613 -66 0.2679
      vertex 40.8362 -67.4709 0.2679
      vertex 40.3465 -66 0.5858
    endloop
  endfacet
  facet normal -0.6080986959566638 -0.03100820731366382 -0.7932556126842077
    outer loop
      vertex 40.8362 -67.4709 0.2679
      vertex 40.4236 -67.512 0.5858
      vertex 40.3465 -66 0.5858
    endloop
  endfacet
  facet normal -0.1290206372296711 0.019147777150666453 -0.9914570277117601
    outer loop
      vertex 41.5257 -63.1692 0.0681
      vertex 41.8325 -64.6281 0
      vertex 41.3168 -64.5768 0.0681
    endloop
  endfacet
  facet normal -0.378513150519175 0.05617822412794946 -0.9238894966487488
    outer loop
      vertex 41.052 -63.0751 0.2679
      vertex 41.3168 -64.5768 0.0681
      vertex 40.8362 -64.5291 0.2679
    endloop
  endfacet
  facet normal -0.3821577521713702 0.01946770449158495 -0.923892018007058
    outer loop
      vertex 40.8362 -64.5291 0.2679
      vertex 41.3168 -64.5768 0.0681
      vertex 41.2443 -66 0.0681
    endloop
  endfacet
  facet normal -0.1302651414454325 0.006637169900893857 -0.9914569788447242
    outer loop
      vertex 41.3168 -64.5768 0.0681
      vertex 41.8325 -64.6281 0
      vertex 41.7626 -66 0
    endloop
  endfacet
  facet normal -0.13026855150295347 0.006636080652026354 -0.9914565380907537
    outer loop
      vertex 41.3168 -64.5768 0.0681
      vertex 41.7626 -66 0
      vertex 41.2443 -66 0.0681
    endloop
  endfacet
  facet normal -0.3821779530277487 -0.019468733554322052 -0.923883640202223
    outer loop
      vertex 40.7613 -66 0.2679
      vertex 41.2443 -66 0.0681
      vertex 41.3168 -67.4232 0.0681
    endloop
  endfacet
  facet normal -0.13026855041102456 -0.006637343591902592 -0.9914565297802286
    outer loop
      vertex 41.2443 -66 0.0681
      vertex 41.7626 -66 0
      vertex 41.8325 -67.3719 0
    endloop
  endfacet
  facet normal -0.13026526541218159 -0.006635913253501226 -0.991456970968678
    outer loop
      vertex 41.2443 -66 0.0681
      vertex 41.8325 -67.3719 0
      vertex 41.3168 -67.4232 0.0681
    endloop
  endfacet
  facet normal -0.7922625795437234 0.04039910375848031 -0.6088414551180273
    outer loop
      vertex 40.4236 -64.488 0.5858
      vertex 40.3465 -66 0.5858
      vertex 40.1069 -64.4565 1
    endloop
  endfacet
  facet normal -0.7923623569292917 0.040349647719237935 -0.6087148768104744
    outer loop
      vertex 40.3465 -66 0.5858
      vertex 40.0283 -66 1
      vertex 40.1069 -64.4565 1
    endloop
  endfacet
  facet normal -0.9227328221907376 0.046988532441978405 -0.3825653103338901
    outer loop
      vertex 40.1069 -64.4565 1
      vertex 40.0283 -66 1
      vertex 39.9079 -64.4368 1.4824
    endloop
  endfacet
  facet normal -0.7923606119040061 -0.04040410263082013 -0.6087135362333478
    outer loop
      vertex 40.3465 -66 0.5858
      vertex 40.4236 -67.512 0.5858
      vertex 40.0283 -66 1
    endloop
  endfacet
  facet normal -0.7922663245584155 -0.04034475744107088 -0.6088401855312447
    outer loop
      vertex 40.0283 -66 1
      vertex 40.4236 -67.512 0.5858
      vertex 40.1069 -67.5435 1
    endloop
  endfacet
  facet normal -0.9226674428814747 -0.04698520311660875 -0.3827233733842915
    outer loop
      vertex 40.0283 -66 1
      vertex 40.1069 -67.5435 1
      vertex 39.8282 -66 1.4824
    endloop
  endfacet
  facet normal -0.6022861840279756 -0.08939020530484089 -0.7932595689461162
    outer loop
      vertex 40.8362 -67.4709 0.2679
      vertex 41.052 -68.9249 0.2679
      vertex 40.4236 -67.512 0.5858
    endloop
  endfacet
  facet normal -0.6022092487200605 -0.08934161445830247 -0.7933234502282183
    outer loop
      vertex 40.4236 -67.512 0.5858
      vertex 41.052 -68.9249 0.2679
      vertex 40.6452 -69.0057 0.5858
    endloop
  endfacet
  facet normal -0.378513527906173 -0.05617467745069574 -0.923889557688219
    outer loop
      vertex 40.8362 -67.4709 0.2679
      vertex 41.3168 -67.4232 0.0681
      vertex 41.5257 -68.8308 0.0681
    endloop
  endfacet
  facet normal -0.12902647588936647 -0.019148643658204463 -0.9914562511606964
    outer loop
      vertex 41.3168 -67.4232 0.0681
      vertex 42.034 -68.7298 0
      vertex 41.5257 -68.8308 0.0681
    endloop
  endfacet
  facet normal -0.3785220265815952 -0.05617954149677386 -0.9238857800127538
    outer loop
      vertex 40.8362 -67.4709 0.2679
      vertex 41.5257 -68.8308 0.0681
      vertex 41.052 -68.9249 0.2679
    endloop
  endfacet
  facet normal -0.1290208634529211 -0.019145521751059016 -0.9914570418282087
    outer loop
      vertex 41.3168 -67.4232 0.0681
      vertex 41.8325 -67.3719 0
      vertex 42.034 -68.7298 0
    endloop
  endfacet
  facet normal -0.12654470671680082 -0.03163855694981075 -0.9914562213815052
    outer loop
      vertex 41.5257 -68.8308 0.0681
      vertex 42.034 -68.7298 0
      vertex 42.3663 -70.0589 0
    endloop
  endfacet
  facet normal -0.3712461453837945 -0.09280480355404808 -0.9238850404541514
    outer loop
      vertex 41.5257 -68.8308 0.0681
      vertex 41.8703 -70.2093 0.0681
      vertex 41.052 -68.9249 0.2679
    endloop
  endfacet
  facet normal -0.37123247855891767 -0.09279509028136224 -0.9238915077446467
    outer loop
      vertex 41.052 -68.9249 0.2679
      vertex 41.8703 -70.2093 0.0681
      vertex 41.4081 -70.3495 0.2679
    endloop
  endfacet
  facet normal -0.1265341481921679 -0.03163124226842289 -0.9914578023566302
    outer loop
      vertex 41.5257 -68.8308 0.0681
      vertex 42.3663 -70.0589 0
      vertex 41.8703 -70.2093 0.0681
    endloop
  endfacet
  facet normal -0.36024935139293096 -0.12900531418999472 -0.9238928691854448
    outer loop
      vertex 41.4081 -70.3495 0.2679
      vertex 41.8703 -70.2093 0.0681
      vertex 42.3513 -71.5525 0.0681
    endloop
  endfacet
  facet normal -0.5906295386273338 -0.1476366549945181 -0.793322233523612
    outer loop
      vertex 40.6452 -69.0057 0.5858
      vertex 41.052 -68.9249 0.2679
      vertex 41.4081 -70.3495 0.2679
    endloop
  endfacet
  facet normal -0.5907260861871253 -0.14771178208667704 -0.7932363585532493
    outer loop
      vertex 40.6452 -69.0057 0.5858
      vertex 41.4081 -70.3495 0.2679
      vertex 41.0113 -70.4698 0.5858
    endloop
  endfacet
  facet normal -0.5732608919294561 -0.2053114241471071 -0.7932333634555037
    outer loop
      vertex 41.0113 -70.4698 0.5858
      vertex 41.4081 -70.3495 0.2679
      vertex 41.9051 -71.7372 0.2679
    endloop
  endfacet
  facet normal -0.7847644924534692 -0.1164635403444251 -0.6087535914922322
    outer loop
      vertex 40.6452 -69.0057 0.5858
      vertex 40.3331 -69.0677 1
      vertex 40.1069 -67.5435 1
    endloop
  endfacet
  facet normal -0.7847027920109921 -0.11641570510118307 -0.6088422717058564
    outer loop
      vertex 40.4236 -67.512 0.5858
      vertex 40.6452 -69.0057 0.5858
      vertex 40.1069 -67.5435 1
    endloop
  endfacet
  facet normal -0.913924637919057 -0.13563164486109985 -0.3825517129968093
    outer loop
      vertex 40.1069 -67.5435 1
      vertex 40.3331 -69.0677 1
      vertex 39.9079 -67.5632 1.4824
    endloop
  endfacet
  facet normal -0.7696645072205599 -0.1924555536462287 -0.6087506929734505
    outer loop
      vertex 40.6452 -69.0057 0.5858
      vertex 41.0113 -70.4698 0.5858
      vertex 40.3331 -69.0677 1
    endloop
  endfacet
  facet normal -0.7696078142546001 -0.1924019535636482 -0.6088393059774875
    outer loop
      vertex 41.0113 -70.4698 0.5858
      vertex 40.7067 -70.5621 1
      vertex 40.3331 -69.0677 1
    endloop
  endfacet
  facet normal -0.8963051615822165 -0.22407629039555202 -0.38265764516555123
    outer loop
      vertex 40.3331 -69.0677 1
      vertex 40.7067 -70.5621 1
      vertex 40.1369 -69.1067 1.4824
    endloop
  endfacet
  facet normal -0.74685893648543 -0.26744243843850457 -0.6088318906840534
    outer loop
      vertex 41.0113 -70.4698 0.5858
      vertex 41.5219 -71.8957 0.5858
      vertex 40.7067 -70.5621 1
    endloop
  endfacet
  facet normal -0.12279170210984755 -0.04397334461074392 -0.9914577867245339
    outer loop
      vertex 41.8703 -70.2093 0.0681
      vertex 42.3663 -70.0589 0
      vertex 42.8302 -71.3543 0
    endloop
  endfacet
  facet normal -0.9226649641448756 0.047042219576728904 -0.38272234520188386
    outer loop
      vertex 40.0283 -66 1
      vertex 39.8282 -66 1.4824
      vertex 39.9079 -64.4368 1.4824
    endloop
  endfacet
  facet normal -0.990155071469746 0.050483213405920234 -0.1305541252008317
    outer loop
      vertex 39.9079 -64.4368 1.4824
      vertex 39.8282 -66 1.4824
      vertex 39.84 -64.43 2
    endloop
  endfacet
  facet normal -0.9901680876443291 0.0504544248481223 -0.13046650613861605
    outer loop
      vertex 39.8282 -66 1.4824
      vertex 39.76 -66 2
      vertex 39.84 -64.43 2
    endloop
  endfacet
  facet normal -0.9227295191110128 -0.047045510921918963 -0.3825662746025252
    outer loop
      vertex 40.1069 -67.5435 1
      vertex 39.9079 -67.5632 1.4824
      vertex 39.8282 -66 1.4824
    endloop
  endfacet
  facet normal -0.9901666158350318 -0.05048380199721583 -0.13046631221011126
    outer loop
      vertex 39.8282 -66 1.4824
      vertex 39.9079 -67.5632 1.4824
      vertex 39.76 -66 2
    endloop
  endfacet
  facet normal -0.9901565932450276 -0.05045383914624706 -0.1305539389248963
    outer loop
      vertex 39.76 -66 2
      vertex 39.9079 -67.5632 1.4824
      vertex 39.84 -67.57 2
    endloop
  endfacet
  facet normal -0.9138878777262878 -0.13558815937759505 -0.3826549333035412
    outer loop
      vertex 40.3331 -69.0677 1
      vertex 40.1369 -69.1067 1.4824
      vertex 39.9079 -67.5632 1.4824
    endloop
  endfacet
  facet normal -0.9807051998541942 -0.14550145174383444 -0.13056277616296802
    outer loop
      vertex 39.9079 -67.5632 1.4824
      vertex 40.1369 -69.1067 1.4824
      vertex 39.84 -67.57 2
    endloop
  endfacet
  facet normal -0.9807105510061475 -0.14552479143961886 -0.13049655252792744
    outer loop
      vertex 40.1369 -69.1067 1.4824
      vertex 40.07 -69.12 2
      vertex 39.84 -67.57 2
    endloop
  endfacet
  facet normal -0.8963175072248081 -0.22409418218293653 -0.38261824806727
    outer loop
      vertex 40.7067 -70.5621 1
      vertex 40.5153 -70.6202 1.4824
      vertex 40.1369 -69.1067 1.4824
    endloop
  endfacet
  facet normal -0.9618426955816641 -0.2404765616175153 -0.13049770982210876
    outer loop
      vertex 40.1369 -69.1067 1.4824
      vertex 40.5153 -70.6202 1.4824
      vertex 40.07 -69.12 2
    endloop
  endfacet
  facet normal -0.9618405893455926 -0.24046014733640042 -0.13054347256864246
    outer loop
      vertex 40.5153 -70.6202 1.4824
      vertex 40.45 -70.64 2
      vertex 40.07 -69.12 2
    endloop
  endfacet
  facet normal -0.3602821552649084 -0.12903381938939257 -0.9238760966988258
    outer loop
      vertex 41.4081 -70.3495 0.2679
      vertex 42.3513 -71.5525 0.0681
      vertex 41.9051 -71.7372 0.2679
    endloop
  endfacet
  facet normal -0.5732055548021726 -0.20525896365943738 -0.793286927776695
    outer loop
      vertex 41.0113 -70.4698 0.5858
      vertex 41.9051 -71.7372 0.2679
      vertex 41.5219 -71.8957 0.5858
    endloop
  endfacet
  facet normal -0.550639783787227 -0.2598059986614409 -0.7932822143287263
    outer loop
      vertex 41.9051 -71.7372 0.2679
      vertex 42.5331 -73.0682 0.2679
      vertex 41.5219 -71.8957 0.5858
    endloop
  endfacet
  facet normal -0.5506336568325336 -0.2597989342201307 -0.7932887807988437
    outer loop
      vertex 41.5219 -71.8957 0.5858
      vertex 42.5331 -73.0682 0.2679
      vertex 42.1673 -73.2636 0.5858
    endloop
  endfacet
  facet normal -0.8698033552181879 -0.31151069108755697 -0.3826267274895153
    outer loop
      vertex 40.7067 -70.5621 1
      vertex 41.2279 -72.0174 1
      vertex 40.5153 -70.6202 1.4824
    endloop
  endfacet
  facet normal -0.7469057581677482 -0.26749624211985995 -0.608750810157666
    outer loop
      vertex 40.7067 -70.5621 1
      vertex 41.5219 -71.8957 0.5858
      vertex 41.2279 -72.0174 1
    endloop
  endfacet
  facet normal -0.7175055909222466 -0.3385321356687019 -0.6087542362192685
    outer loop
      vertex 41.5219 -71.8957 0.5858
      vertex 42.1673 -73.2636 0.5858
      vertex 41.2279 -72.0174 1
    endloop
  endfacet
  facet normal -0.8355295840692668 -0.3941866043736039 -0.38276263542494043
    outer loop
      vertex 41.2279 -72.0174 1
      vertex 41.8866 -73.4136 1
      vertex 41.043 -72.0939 1.4824
    endloop
  endfacet
  facet normal -0.7174767140759745 -0.3384915567696921 -0.6088108333089784
    outer loop
      vertex 42.1673 -73.2636 0.5858
      vertex 41.8866 -73.4136 1
      vertex 41.2279 -72.0174 1
    endloop
  endfacet
  facet normal -0.7922616442577497 -0.47538085704709243 -0.38253696264698245
    outer loop
      vertex 41.8866 -73.4136 1
      vertex 42.6832 -74.7412 1
      vertex 41.7102 -73.5078 1.4824
    endloop
  endfacet
  facet normal -0.12278837702195838 -0.043970525124748625 -0.9914583235762193
    outer loop
      vertex 41.8703 -70.2093 0.0681
      vertex 42.8302 -71.3543 0
      vertex 42.3513 -71.5525 0.0681
    endloop
  endfacet
  facet normal -0.1179533221081086 -0.055653229824152356 -0.9914583863248123
    outer loop
      vertex 42.3513 -71.5525 0.0681
      vertex 42.8302 -71.3543 0
      vertex 43.4163 -72.5965 0
    endloop
  endfacet
  facet normal -0.3460996819280791 -0.16329714848306556 -0.9238771841898586
    outer loop
      vertex 41.9051 -71.7372 0.2679
      vertex 42.3513 -71.5525 0.0681
      vertex 42.9591 -72.8407 0.0681
    endloop
  endfacet
  facet normal -0.3461023734861283 -0.1632999928995403 -0.9238756731218105
    outer loop
      vertex 41.9051 -71.7372 0.2679
      vertex 42.9591 -72.8407 0.0681
      vertex 42.5331 -73.0682 0.2679
    endloop
  endfacet
  facet normal -0.11795268220494211 -0.05565256966632769 -0.9914584995097852
    outer loop
      vertex 42.3513 -71.5525 0.0681
      vertex 43.4163 -72.5965 0
      vertex 42.9591 -72.8407 0.0681
    endloop
  endfacet
  facet normal -0.32815342511902834 -0.19690811609230557 -0.9238736512097471
    outer loop
      vertex 42.5331 -73.0682 0.2679
      vertex 42.9591 -72.8407 0.0681
      vertex 43.6947 -74.0666 0.0681
    endloop
  endfacet
  facet normal -0.11183560454767172 -0.06710514543127725 -0.9914583687740518
    outer loop
      vertex 43.4163 -72.5965 0
      vertex 44.1259 -73.7791 0
      vertex 42.9591 -72.8407 0.0681
    endloop
  endfacet
  facet normal -0.3281151023875783 -0.19685869772116688 -0.923897793436436
    outer loop
      vertex 42.5331 -73.0682 0.2679
      vertex 43.6947 -74.0666 0.0681
      vertex 43.2929 -74.3346 0.2679
    endloop
  endfacet
  facet normal -0.5220884522467648 -0.3132365808726294 -0.7932884043232966
    outer loop
      vertex 42.1673 -73.2636 0.5858
      vertex 42.5331 -73.0682 0.2679
      vertex 43.2929 -74.3346 0.2679
    endloop
  endfacet
  facet normal -0.5221087652562658 -0.31326525915375897 -0.7932637106598951
    outer loop
      vertex 42.1673 -73.2636 0.5858
      vertex 43.2929 -74.3346 0.2679
      vertex 42.9479 -74.5646 0.5858
    endloop
  endfacet
  facet normal -0.11183817550327538 -0.06710837906861034 -0.9914578599007031
    outer loop
      vertex 42.9591 -72.8407 0.0681
      vertex 44.1259 -73.7791 0
      vertex 43.6947 -74.0666 0.0681
    endloop
  endfacet
  facet normal -0.10494226421638533 -0.07745101956861644 -0.9914577453169247
    outer loop
      vertex 43.6947 -74.0666 0.0681
      vertex 44.1259 -73.7791 0
      vertex 44.937 -74.8781 0
    endloop
  endfacet
  facet normal -0.6802585557156521 -0.40815513342939047 -0.6088166262766578
    outer loop
      vertex 42.1673 -73.2636 0.5858
      vertex 42.9479 -74.5646 0.5858
      vertex 41.8866 -73.4136 1
    endloop
  endfacet
  facet normal -0.6802764525464937 -0.4081863679561117 -0.6087756870355089
    outer loop
      vertex 41.8866 -73.4136 1
      vertex 42.9479 -74.5646 0.5858
      vertex 42.6832 -74.7412 1
    endloop
  endfacet
  facet normal -0.48988817965122067 -0.36159105485743886 -0.7932600333340247
    outer loop
      vertex 43.2929 -74.3346 0.2679
      vertex 44.1635 -75.5141 0.2679
      vertex 42.9479 -74.5646 0.5858
    endloop
  endfacet
  facet normal -0.30786432453007234 -0.22722098257374115 -0.9238994440737942
    outer loop
      vertex 43.2929 -74.3346 0.2679
      vertex 43.6947 -74.0666 0.0681
      vertex 44.5366 -75.2073 0.0681
    endloop
  endfacet
  facet normal -0.307883740337613 -0.22725187311396666 -0.9238853763329709
    outer loop
      vertex 43.2929 -74.3346 0.2679
      vertex 44.5366 -75.2073 0.0681
      vertex 44.1635 -75.5141 0.2679
    endloop
  endfacet
  facet normal -0.10494497910990837 -0.07745522741529882 -0.9914571292323562
    outer loop
      vertex 43.6947 -74.0666 0.0681
      vertex 44.937 -74.8781 0
      vertex 44.5366 -75.2073 0.0681
    endloop
  endfacet
  facet normal -0.28247435347896127 -0.2581527056143881 -0.9238860428703392
    outer loop
      vertex 44.5366 -75.2073 0.0681
      vertex 45.4993 -76.2607 0.0681
      vertex 44.1635 -75.5141 0.2679
    endloop
  endfacet
  facet normal -0.4898671838008021 -0.36155421134345583 -0.793289792254308
    outer loop
      vertex 42.9479 -74.5646 0.5858
      vertex 44.1635 -75.5141 0.2679
      vertex 43.8431 -75.7775 0.5858
    endloop
  endfacet
  facet normal -0.44945540851080135 -0.41070996478475513 -0.7932888254519245
    outer loop
      vertex 44.1635 -75.5141 0.2679
      vertex 45.1578 -76.6022 0.2679
      vertex 43.8431 -75.7775 0.5858
    endloop
  endfacet
  facet normal -0.4494461565507185 -0.4106890141484603 -0.7933049136489405
    outer loop
      vertex 43.8431 -75.7775 0.5858
      vertex 45.1578 -76.6022 0.2679
      vertex 44.8646 -76.8954 0.5858
    endloop
  endfacet
  facet normal -0.6383067267887765 -0.4711123603110826 -0.6087837600481132
    outer loop
      vertex 42.9479 -74.5646 0.5858
      vertex 43.8431 -75.7775 0.5858
      vertex 42.6832 -74.7412 1
    endloop
  endfacet
  facet normal -0.6383341794875681 -0.4711735089386186 -0.6087076472103851
    outer loop
      vertex 43.8431 -75.7775 0.5858
      vertex 43.5973 -75.9796 1
      vertex 42.6832 -74.7412 1
    endloop
  endfacet
  facet normal -0.7433594444336178 -0.5486957914702593 -0.3825567471554631
    outer loop
      vertex 42.6832 -74.7412 1
      vertex 43.5973 -75.9796 1
      vertex 42.5168 -74.8521 1.4824
    endloop
  endfacet
  facet normal -0.5856988291878139 -0.535192194306609 -0.6087086303325271
    outer loop
      vertex 43.8431 -75.7775 0.5858
      vertex 44.8646 -76.8954 0.5858
      vertex 43.5973 -75.9796 1
    endloop
  endfacet
  facet normal -0.5857149462178576 -0.5352408695866552 -0.6086503210392099
    outer loop
      vertex 43.5973 -75.9796 1
      vertex 44.8646 -76.8954 0.5858
      vertex 44.6397 -77.1203 1
    endloop
  endfacet
  facet normal -0.6819820116946048 -0.6232121057161913 -0.3827625987655672
    outer loop
      vertex 43.5973 -75.9796 1
      vertex 44.6397 -77.1203 1
      vertex 43.4427 -76.1067 1.4824
    endloop
  endfacet
  facet normal -0.869766632718115 -0.3114445627233109 -0.3827640121018137
    outer loop
      vertex 40.5153 -70.6202 1.4824
      vertex 41.2279 -72.0174 1
      vertex 41.043 -72.0939 1.4824
    endloop
  endfacet
  facet normal -0.9334061686221247 -0.334232499953782 -0.13054332749248718
    outer loop
      vertex 40.5153 -70.6202 1.4824
      vertex 41.043 -72.0939 1.4824
      vertex 40.45 -70.64 2
    endloop
  endfacet
  facet normal -0.9334070080728402 -0.33426061775580973 -0.1304653084080712
    outer loop
      vertex 40.45 -70.64 2
      vertex 41.043 -72.0939 1.4824
      vertex 40.98 -72.12 2
    endloop
  endfacet
  facet normal -0.8966356496839564 -0.4231100540838373 -0.13046989633245626
    outer loop
      vertex 41.043 -72.0939 1.4824
      vertex 41.7102 -73.5078 1.4824
      vertex 40.98 -72.12 2
    endloop
  endfacet
  facet normal -0.8355777521471275 -0.39429767043819586 -0.3825430266045449
    outer loop
      vertex 41.8866 -73.4136 1
      vertex 41.7102 -73.5078 1.4824
      vertex 41.043 -72.0939 1.4824
    endloop
  endfacet
  facet normal -0.896638898305309 -0.42306201539757593 -0.13060328163405036
    outer loop
      vertex 41.7102 -73.5078 1.4824
      vertex 41.65 -73.54 2
      vertex 40.98 -72.12 2
    endloop
  endfacet
  facet normal -0.850141919966984 -0.5100978000783881 -0.13060991643071804
    outer loop
      vertex 41.7102 -73.5078 1.4824
      vertex 42.5168 -74.8521 1.4824
      vertex 41.65 -73.54 2
    endloop
  endfacet
  facet normal -0.8501438442592727 -0.5100863065555672 -0.13064227467617615
    outer loop
      vertex 41.65 -73.54 2
      vertex 42.5168 -74.8521 1.4824
      vertex 42.46 -74.89 2
    endloop
  endfacet
  facet normal -0.7922568314662591 -0.4753658857849378 -0.38256553376767327
    outer loop
      vertex 42.6832 -74.7412 1
      vertex 42.5168 -74.8521 1.4824
      vertex 41.7102 -73.5078 1.4824
    endloop
  endfacet
  facet normal -0.7433354301848438 -0.5485846284139487 -0.38276277731754826
    outer loop
      vertex 43.5973 -75.9796 1
      vertex 43.4427 -76.1067 1.4824
      vertex 42.5168 -74.8521 1.4824
    endloop
  endfacet
  facet normal -0.797712851882916 -0.5887153910077989 -0.13064606512007682
    outer loop
      vertex 42.5168 -74.8521 1.4824
      vertex 43.4427 -76.1067 1.4824
      vertex 42.46 -74.89 2
    endloop
  endfacet
  facet normal -0.7976965145147387 -0.5887759988084951 -0.13047257933411327
    outer loop
      vertex 43.4427 -76.1067 1.4824
      vertex 43.39 -76.15 2
      vertex 42.46 -74.89 2
    endloop
  endfacet
  facet normal -0.6819777031356595 -0.6231732885981225 -0.3828334687610418
    outer loop
      vertex 44.6397 -77.1203 1
      vertex 44.4982 -77.2618 1.4824
      vertex 43.4427 -76.1067 1.4824
    endloop
  endfacet
  facet normal -0.7319070847336951 -0.6687974443220657 -0.13046837848650253
    outer loop
      vertex 43.4427 -76.1067 1.4824
      vertex 44.4982 -77.2618 1.4824
      vertex 43.39 -76.15 2
    endloop
  endfacet
  facet normal -0.7319030455051132 -0.6688079553753655 -0.1304371527095064
    outer loop
      vertex 44.4982 -77.2618 1.4824
      vertex 44.45 -77.31 2
      vertex 43.39 -76.15 2
    endloop
  endfacet
  facet normal -0.09629062488123337 -0.08798137780646807 -0.9914572067009534
    outer loop
      vertex 44.5366 -75.2073 0.0681
      vertex 44.937 -74.8781 0
      vertex 45.8656 -75.8944 0
    endloop
  endfacet
  facet normal -0.09630821249143699 -0.0880158687730269 -0.9914524371097353
    outer loop
      vertex 44.5366 -75.2073 0.0681
      vertex 45.8656 -75.8944 0
      vertex 45.4993 -76.2607 0.0681
    endloop
  endfacet
  facet normal -0.2824480614810974 -0.258099538214003 -0.9239089354147888
    outer loop
      vertex 44.1635 -75.5141 0.2679
      vertex 45.4993 -76.2607 0.0681
      vertex 45.1578 -76.6022 0.2679
    endloop
  endfacet
  facet normal -0.25811485889424807 -0.28243294106076905 -0.9239092777008826
    outer loop
      vertex 45.1578 -76.6022 0.2679
      vertex 45.4993 -76.2607 0.0681
      vertex 46.5527 -77.2234 0.0681
    endloop
  endfacet
  facet normal -0.2581361776018507 -0.28248815734543925 -0.9238864404095799
    outer loop
      vertex 45.1578 -76.6022 0.2679
      vertex 46.5527 -77.2234 0.0681
      vertex 46.2459 -77.5965 0.2679
    endloop
  endfacet
  facet normal -0.4106956476282715 -0.44943974070634285 -0.793305114374671
    outer loop
      vertex 45.1578 -76.6022 0.2679
      vertex 46.2459 -77.5965 0.2679
      vertex 44.8646 -76.8954 0.5858
    endloop
  endfacet
  facet normal -0.4107029496119084 -0.4494614071181111 -0.7932890587241739
    outer loop
      vertex 44.8646 -76.8954 0.5858
      vertex 46.2459 -77.5965 0.2679
      vertex 45.9825 -77.9169 0.5858
    endloop
  endfacet
  facet normal -0.08800623589074942 -0.09631783064373231 -0.9914523578793017
    outer loop
      vertex 45.8656 -75.8944 0
      vertex 46.8819 -76.823 0
      vertex 45.4993 -76.2607 0.0681
    endloop
  endfacet
  facet normal -0.08799188570380907 -0.0962819698767975 -0.9914571147190036
    outer loop
      vertex 45.4993 -76.2607 0.0681
      vertex 46.8819 -76.823 0
      vertex 46.5527 -77.2234 0.0681
    endloop
  endfacet
  facet normal -0.22724031122477428 -0.30789310021463234 -0.9238851009701856
    outer loop
      vertex 46.5527 -77.2234 0.0681
      vertex 47.6949 -78.0664 0.0681
      vertex 46.2459 -77.5965 0.2679
    endloop
  endfacet
  facet normal -0.07746121117348903 -0.10494006829335628 -0.9914571815414531
    outer loop
      vertex 46.5527 -77.2234 0.0681
      vertex 46.8819 -76.823 0
      vertex 47.9829 -77.6357 0
    endloop
  endfacet
  facet normal -0.3615383613783389 -0.4898797078426154 -0.793289282100735
    outer loop
      vertex 45.9825 -77.9169 0.5858
      vertex 46.2459 -77.5965 0.2679
      vertex 47.4265 -78.4678 0.2679
    endloop
  endfacet
  facet normal -0.5352226513299688 -0.5857321604716296 -0.6086497758913213
    outer loop
      vertex 44.6397 -77.1203 1
      vertex 44.8646 -76.8954 0.5858
      vertex 45.9825 -77.9169 0.5858
    endloop
  endfacet
  facet normal -0.5352110211593633 -0.58568228303577 -0.6087079974565474
    outer loop
      vertex 44.6397 -77.1203 1
      vertex 45.9825 -77.9169 0.5858
      vertex 45.7804 -78.1627 1
    endloop
  endfacet
  facet normal -0.6231921814854268 -0.6819602085767722 -0.3828338789257818
    outer loop
      vertex 44.6397 -77.1203 1
      vertex 45.7804 -78.1627 1
      vertex 44.4982 -77.2618 1.4824
    endloop
  endfacet
  facet normal -0.07746756182961907 -0.10496257309820899 -0.9914543030885372
    outer loop
      vertex 46.5527 -77.2234 0.0681
      vertex 47.9829 -77.6357 0
      vertex 47.6949 -78.0664 0.0681
    endloop
  endfacet
  facet normal -0.6231929643465133 -0.6819992355439638 -0.3827630754219305
    outer loop
      vertex 44.4982 -77.2618 1.4824
      vertex 45.7804 -78.1627 1
      vertex 45.6533 -78.3173 1.4824
    endloop
  endfacet
  facet normal -0.6688002212527843 -0.7319101237035409 -0.1304370916284722
    outer loop
      vertex 44.4982 -77.2618 1.4824
      vertex 45.6533 -78.3173 1.4824
      vertex 44.45 -77.31 2
    endloop
  endfacet
  facet normal -0.668805190169611 -0.7319000194308913 -0.1304683071065585
    outer loop
      vertex 44.45 -77.31 2
      vertex 45.6533 -78.3173 1.4824
      vertex 45.61 -78.37 2
    endloop
  endfacet
  facet normal -0.2824881573454451 0.2581361776018542 -0.9238864404095772
    outer loop
      vertex 44.5366 -84.7927 0.0681
      vertex 44.1635 -84.4859 0.2679
      vertex 45.1578 -83.3978 0.2679
    endloop
  endfacet
  facet normal -0.4898565300657531 0.36156769400190003 -0.7932902259615257
    outer loop
      vertex 44.1635 -84.4859 0.2679
      vertex 43.2929 -85.6654 0.2679
      vertex 43.8431 -84.2225 0.5858
    endloop
  endfacet
  facet normal -0.4494397407063444 0.41069564762826993 -0.793305114374671
    outer loop
      vertex 44.1635 -84.4859 0.2679
      vertex 44.8646 -83.1046 0.5858
      vertex 45.1578 -83.3978 0.2679
    endloop
  endfacet
  facet normal -0.449461407118103 0.4107029496119036 -0.7932890587241809
    outer loop
      vertex 44.1635 -84.4859 0.2679
      vertex 43.8431 -84.2225 0.5858
      vertex 44.8646 -83.1046 0.5858
    endloop
  endfacet
  facet normal -0.6383542287891206 0.47114741991262277 -0.6087068155497568
    outer loop
      vertex 43.8431 -84.2225 0.5858
      vertex 42.9479 -85.4354 0.5858
      vertex 43.5973 -84.0204 1
    endloop
  endfacet
  facet normal -0.6382876584530315 0.4711391703746086 -0.6087830050233594
    outer loop
      vertex 43.5973 -84.0204 1
      vertex 42.9479 -85.4354 0.5858
      vertex 42.6832 -85.2588 1
    endloop
  endfacet
  facet normal -0.7432903242416334 0.5486447717936661 -0.3827641679575602
    outer loop
      vertex 43.5973 -84.0204 1
      vertex 42.6832 -85.2588 1
      vertex 43.4427 -83.8933 1.4824
    endloop
  endfacet
  facet normal -0.6819602085767701 0.6231921814854287 -0.38283387892578263
    outer loop
      vertex 44.6397 -82.8797 1
      vertex 43.5973 -84.0204 1
      vertex 44.4982 -82.7382 1.4824
    endloop
  endfacet
  facet normal -0.5856822830357683 0.535211021159365 -0.6087079974565474
    outer loop
      vertex 43.8431 -84.2225 0.5858
      vertex 43.5973 -84.0204 1
      vertex 44.6397 -82.8797 1
    endloop
  endfacet
  facet normal -0.5857321604716279 0.5352226513299707 -0.6086497758913215
    outer loop
      vertex 43.8431 -84.2225 0.5858
      vertex 44.6397 -82.8797 1
      vertex 44.8646 -83.1046 0.5858
    endloop
  endfacet
  facet normal -0.743403666052662 0.5486349867672189 -0.38255802251997745
    outer loop
      vertex 43.4427 -83.8933 1.4824
      vertex 42.6832 -85.2588 1
      vertex 42.5168 -85.1479 1.4824
    endloop
  endfacet
  facet normal -0.7976781715143942 0.5887624599272884 -0.13064570589889576
    outer loop
      vertex 43.39 -83.85 2
      vertex 42.5168 -85.1479 1.4824
      vertex 42.46 -85.11 2
    endloop
  endfacet
  facet normal -0.7977312754357891 0.5887289876661802 -0.13047218582189749
    outer loop
      vertex 43.4427 -83.8933 1.4824
      vertex 42.5168 -85.1479 1.4824
      vertex 43.39 -83.85 2
    endloop
  endfacet
  facet normal -0.7319101237035414 0.668800221252784 -0.1304370916284706
    outer loop
      vertex 43.4427 -83.8933 1.4824
      vertex 44.45 -82.69 2
      vertex 44.4982 -82.7382 1.4824
    endloop
  endfacet
  facet normal -0.6819992355439668 0.6231929643465153 -0.38276307542192184
    outer loop
      vertex 43.5973 -84.0204 1
      vertex 43.4427 -83.8933 1.4824
      vertex 44.4982 -82.7382 1.4824
    endloop
  endfacet
  facet normal -0.7319000194308913 0.6688051901696109 -0.13046830710655843
    outer loop
      vertex 43.4427 -83.8933 1.4824
      vertex 43.39 -83.85 2
      vertex 44.45 -82.69 2
    endloop
  endfacet
  facet normal -0.3460991275495739 0.16329846138326967 -0.9238771598103724
    outer loop
      vertex 41.9051 -88.2628 0.2679
      vertex 42.5331 -86.9318 0.2679
      vertex 42.3513 -88.4475 0.0681
    endloop
  endfacet
  facet normal -0.550631939219307 0.25980229739273036 -0.7932888715852787
    outer loop
      vertex 42.1673 -86.7364 0.5858
      vertex 42.5331 -86.9318 0.2679
      vertex 41.9051 -88.2628 0.2679
    endloop
  endfacet
  facet normal -0.5506412898327642 0.25980253560791394 -0.7932823031071654
    outer loop
      vertex 42.1673 -86.7364 0.5858
      vertex 41.9051 -88.2628 0.2679
      vertex 41.5219 -88.1043 0.5858
    endloop
  endfacet
  facet normal -0.8697494845884862 0.31149139790250885 -0.38276486658365516
    outer loop
      vertex 41.2279 -87.9826 1
      vertex 40.7067 -89.4379 1
      vertex 41.043 -87.9061 1.4824
    endloop
  endfacet
  facet normal -0.6802497909865032 0.4081703702168164 -0.6088162043998877
    outer loop
      vertex 42.1673 -86.7364 0.5858
      vertex 41.8866 -86.5864 1
      vertex 42.6832 -85.2588 1
    endloop
  endfacet
  facet normal -0.7175155976093196 0.3385099012643307 -0.6087548060864522
    outer loop
      vertex 41.5219 -88.1043 0.5858
      vertex 41.2279 -87.9826 1
      vertex 41.8866 -86.5864 1
    endloop
  endfacet
  facet normal -0.7174659040920633 0.3385134107032802 -0.6088114217386124
    outer loop
      vertex 42.1673 -86.7364 0.5858
      vertex 41.5219 -88.1043 0.5858
      vertex 41.8866 -86.5864 1
    endloop
  endfacet
  facet normal -0.8356123705000207 0.39422566140120574 -0.38254162408830505
    outer loop
      vertex 41.8866 -86.5864 1
      vertex 41.2279 -87.9826 1
      vertex 41.7102 -86.4922 1.4824
    endloop
  endfacet
  facet normal -0.5906190202710601 0.14768501012310112 -0.7933210640585517
    outer loop
      vertex 41.0113 -89.5302 0.5858
      vertex 41.052 -91.0751 0.2679
      vertex 40.6452 -90.9943 0.5858
    endloop
  endfacet
  facet normal -0.602202734679655 0.08937781990637625 -0.7933243168169802
    outer loop
      vertex 40.6452 -90.9943 0.5858
      vertex 41.052 -91.0751 0.2679
      vertex 40.8362 -92.5291 0.2679
    endloop
  endfacet
  facet normal -0.37123074619830765 0.09280095403695067 -0.9238916148590588
    outer loop
      vertex 41.4081 -89.6505 0.2679
      vertex 41.8703 -89.7907 0.0681
      vertex 41.5257 -91.1692 0.0681
    endloop
  endfacet
  facet normal -0.36028809086111924 0.12901918679586025 -0.923875825542689
    outer loop
      vertex 41.9051 -88.2628 0.2679
      vertex 42.3513 -88.4475 0.0681
      vertex 41.8703 -89.7907 0.0681
    endloop
  endfacet
  facet normal -0.36024465917890114 0.12902039029467063 -0.9238925935525667
    outer loop
      vertex 41.9051 -88.2628 0.2679
      vertex 41.8703 -89.7907 0.0681
      vertex 41.4081 -89.6505 0.2679
    endloop
  endfacet
  facet normal -0.12279214883550083 0.04397187581140282 -0.9914577965410261
    outer loop
      vertex 41.8703 -89.7907 0.0681
      vertex 42.3513 -88.4475 0.0681
      vertex 42.3663 -89.9411 0
    endloop
  endfacet
  facet normal -0.5731943139296871 0.20528757946462162 -0.7932876453066895
    outer loop
      vertex 41.9051 -88.2628 0.2679
      vertex 41.4081 -89.6505 0.2679
      vertex 41.5219 -88.1043 0.5858
    endloop
  endfacet
  facet normal -0.5732703515114679 0.20528216668893884 -0.7932340991897744
    outer loop
      vertex 41.5219 -88.1043 0.5858
      vertex 41.4081 -89.6505 0.2679
      vertex 41.0113 -89.5302 0.5858
    endloop
  endfacet
  facet normal -0.5907395776406975 0.14766416088575693 -0.7932351776105215
    outer loop
      vertex 41.0113 -89.5302 0.5858
      vertex 41.4081 -89.6505 0.2679
      vertex 41.052 -91.0751 0.2679
    endloop
  endfacet
  facet normal -0.371247379546427 0.0927988150052511 -0.9238851460617452
    outer loop
      vertex 41.4081 -89.6505 0.2679
      vertex 41.5257 -91.1692 0.0681
      vertex 41.052 -91.0751 0.2679
    endloop
  endfacet
  facet normal -0.37852269658368576 0.05617603816164518 -0.9238857185320467
    outer loop
      vertex 41.052 -91.0751 0.2679
      vertex 41.5257 -91.1692 0.0681
      vertex 41.3168 -92.5768 0.0681
    endloop
  endfacet
  facet normal -0.12654559539309856 0.031634103861053066 -0.9914562500481371
    outer loop
      vertex 41.8703 -89.7907 0.0681
      vertex 42.034 -91.2702 0
      vertex 41.5257 -91.1692 0.0681
    endloop
  endfacet
  facet normal -0.1265328342528699 0.031635588610510294 -0.991457831372168
    outer loop
      vertex 41.8703 -89.7907 0.0681
      vertex 42.3663 -89.9411 0
      vertex 42.034 -91.2702 0
    endloop
  endfacet
  facet normal -0.12902691584250794 0.0191464198705831 -0.991456236852797
    outer loop
      vertex 41.5257 -91.1692 0.0681
      vertex 42.034 -91.2702 0
      vertex 41.8325 -92.6281 0
    endloop
  endfacet
  facet normal -0.7468477860944832 0.26747548004703253 -0.6088310537245768
    outer loop
      vertex 41.2279 -87.9826 1
      vertex 41.0113 -89.5302 0.5858
      vertex 40.7067 -89.4379 1
    endloop
  endfacet
  facet normal -0.7695978596995028 0.19243888835187792 -0.6088402159810389
    outer loop
      vertex 41.0113 -89.5302 0.5858
      vertex 40.6452 -90.9943 0.5858
      vertex 40.7067 -89.4379 1
    endloop
  endfacet
  facet normal -0.8963210924751073 0.2240802731187747 -0.3826179953729903
    outer loop
      vertex 40.7067 -89.4379 1
      vertex 40.3331 -90.9323 1
      vertex 40.5153 -89.3798 1.4824
    endloop
  endfacet
  facet normal -0.7846978527780286 0.1164536506353419 -0.6088413809024918
    outer loop
      vertex 40.3331 -90.9323 1
      vertex 40.4236 -92.488 0.5858
      vertex 40.1069 -92.4565 1
    endloop
  endfacet
  facet normal -0.7696731120250668 0.1924182780062649 -0.6087515970531435
    outer loop
      vertex 40.6452 -90.9943 0.5858
      vertex 40.3331 -90.9323 1
      vertex 40.7067 -89.4379 1
    endloop
  endfacet
  facet normal -0.7847707933815657 0.11642579354177965 -0.6087526890728573
    outer loop
      vertex 40.6452 -90.9943 0.5858
      vertex 40.4236 -92.488 0.5858
      vertex 40.3331 -90.9323 1
    endloop
  endfacet
  facet normal -0.9138820895325784 0.13562533043712566 -0.3826555842731016
    outer loop
      vertex 40.3331 -90.9323 1
      vertex 40.1069 -92.4565 1
      vertex 40.1369 -90.8933 1.4824
    endloop
  endfacet
  facet normal -0.7469181057215735 0.2674636263282408 -0.608749991323732
    outer loop
      vertex 41.5219 -88.1043 0.5858
      vertex 41.0113 -89.5302 0.5858
      vertex 41.2279 -87.9826 1
    endloop
  endfacet
  facet normal -0.3281026519823752 0.19687764972529195 -0.9238981766411154
    outer loop
      vertex 43.2929 -85.6654 0.2679
      vertex 43.6947 -85.9334 0.0681
      vertex 42.9591 -87.1593 0.0681
    endloop
  endfacet
  facet normal -0.32816425526581355 0.19688818789558504 -0.9238740514989188
    outer loop
      vertex 43.2929 -85.6654 0.2679
      vertex 42.9591 -87.1593 0.0681
      vertex 42.5331 -86.9318 0.2679
    endloop
  endfacet
  facet normal -0.5220815574796478 0.3132489344877881 -0.7932880639350947
    outer loop
      vertex 42.1673 -86.7364 0.5858
      vertex 42.9479 -85.4354 0.5858
      vertex 42.5331 -86.9318 0.2679
    endloop
  endfacet
  facet normal -0.4898979631252565 0.361576928509959 -0.793260430435698
    outer loop
      vertex 43.8431 -84.2225 0.5858
      vertex 43.2929 -85.6654 0.2679
      vertex 42.9479 -85.4354 0.5858
    endloop
  endfacet
  facet normal -0.5221164041601294 0.3132533511377703 -0.7932633853316647
    outer loop
      vertex 43.2929 -85.6654 0.2679
      vertex 42.5331 -86.9318 0.2679
      vertex 42.9479 -85.4354 0.5858
    endloop
  endfacet
  facet normal -0.34610303572154233 0.1632987308737401 -0.9238756481038768
    outer loop
      vertex 42.5331 -86.9318 0.2679
      vertex 42.9591 -87.1593 0.0681
      vertex 42.3513 -88.4475 0.0681
    endloop
  endfacet
  facet normal -0.1179534463905148 0.05565293022524019 -0.9914583883562358
    outer loop
      vertex 42.3513 -88.4475 0.0681
      vertex 42.9591 -87.1593 0.0681
      vertex 42.8302 -88.6457 0
    endloop
  endfacet
  facet normal -0.1118349195342457 0.06710642532783358 -0.9914583594142967
    outer loop
      vertex 42.9591 -87.1593 0.0681
      vertex 43.6947 -85.9334 0.0681
      vertex 43.4163 -87.4035 0
    endloop
  endfacet
  facet normal -0.11795252962578363 0.05565285591182691 -0.9914585015943613
    outer loop
      vertex 42.9591 -87.1593 0.0681
      vertex 43.4163 -87.4035 0
      vertex 42.8302 -88.6457 0
    endloop
  endfacet
  facet normal -0.3078921326063476 0.2272415064796026 -0.9238851294462943
    outer loop
      vertex 44.5366 -84.7927 0.0681
      vertex 43.6947 -85.9334 0.0681
      vertex 44.1635 -84.4859 0.2679
    endloop
  endfacet
  facet normal -0.10494127814989272 0.07745249590110827 -0.9914577343583314
    outer loop
      vertex 44.5366 -84.7927 0.0681
      vertex 44.1259 -86.2209 0
      vertex 43.6947 -85.9334 0.0681
    endloop
  endfacet
  facet normal -0.30785684840196337 0.22723202392432987 -0.9238992197178562
    outer loop
      vertex 44.1635 -84.4859 0.2679
      vertex 43.6947 -85.9334 0.0681
      vertex 43.2929 -85.6654 0.2679
    endloop
  endfacet
  facet normal -0.11183897977647919 0.06710717068272472 -0.991457850967713
    outer loop
      vertex 43.4163 -87.4035 0
      vertex 43.6947 -85.9334 0.0681
      vertex 44.1259 -86.2209 0
    endloop
  endfacet
  facet normal -0.10494610568142249 0.07745385470263975 -0.9914571172239404
    outer loop
      vertex 44.5366 -84.7927 0.0681
      vertex 44.937 -85.1219 0
      vertex 44.1259 -86.2209 0
    endloop
  endfacet
  facet normal -0.6802857631161022 0.4081714578696606 -0.6087752799532011
    outer loop
      vertex 42.1673 -86.7364 0.5858
      vertex 42.6832 -85.2588 1
      vertex 42.9479 -85.4354 0.5858
    endloop
  endfacet
  facet normal -0.792251438741764 0.4753747334300133 -0.38256570759537384
    outer loop
      vertex 41.8866 -86.5864 1
      vertex 42.5168 -85.1479 1.4824
      vertex 42.6832 -85.2588 1
    endloop
  endfacet
  facet normal -0.12278779115003206 0.0439719440439241 -0.9914583332049282
    outer loop
      vertex 42.3513 -88.4475 0.0681
      vertex 42.8302 -88.6457 0
      vertex 42.3663 -89.9411 0
    endloop
  endfacet
  facet normal -0.9334158576555255 0.33423596938645195 -0.1304651426454532
    outer loop
      vertex 41.043 -87.9061 1.4824
      vertex 40.5153 -89.3798 1.4824
      vertex 40.98 -87.88 2
    endloop
  endfacet
  facet normal -0.7922669103366523 0.47537193325712346 -0.38253714572182357
    outer loop
      vertex 41.8866 -86.5864 1
      vertex 41.7102 -86.4922 1.4824
      vertex 42.5168 -85.1479 1.4824
    endloop
  endfacet
  facet normal -0.8501382565669289 0.5100956019838524 -0.13064234213329906
    outer loop
      vertex 41.7102 -86.4922 1.4824
      vertex 42.46 -85.11 2
      vertex 42.5168 -85.1479 1.4824
    endloop
  endfacet
  facet normal -0.8501474922395509 0.5100884953437341 -0.1306099856701938
    outer loop
      vertex 41.7102 -86.4922 1.4824
      vertex 41.65 -86.46 2
      vertex 42.46 -85.11 2
    endloop
  endfacet
  facet normal -0.8354960087523826 0.3942590968523879 -0.38276126228757523
    outer loop
      vertex 41.2279 -87.9826 1
      vertex 41.043 -87.9061 1.4824
      vertex 41.7102 -86.4922 1.4824
    endloop
  endfacet
  facet normal -0.8966197324698092 0.42310254296899247 -0.13060357376021445
    outer loop
      vertex 41.7102 -86.4922 1.4824
      vertex 41.043 -87.9061 1.4824
      vertex 41.65 -86.46 2
    endloop
  endfacet
  facet normal -0.896654747818274 0.42306949368890445 -0.1304701756140526
    outer loop
      vertex 41.043 -87.9061 1.4824
      vertex 40.98 -87.88 2
      vertex 41.65 -86.46 2
    endloop
  endfacet
  facet normal -0.8698198327993047 0.31146361251827853 -0.38262759511835176
    outer loop
      vertex 40.7067 -89.4379 1
      vertex 40.5153 -89.3798 1.4824
      vertex 41.043 -87.9061 1.4824
    endloop
  endfacet
  facet normal -0.9618368383613743 0.24047509721569324 -0.13054357123236068
    outer loop
      vertex 40.5153 -89.3798 1.4824
      vertex 40.1369 -90.8933 1.4824
      vertex 40.45 -89.36 2
    endloop
  endfacet
  facet normal -0.9333973604658833 0.3342571628695346 -0.13054315970487002
    outer loop
      vertex 40.98 -87.88 2
      vertex 40.5153 -89.3798 1.4824
      vertex 40.45 -89.36 2
    endloop
  endfacet
  facet normal -0.8963017774980994 0.2240902494914357 -0.3826573973368523
    outer loop
      vertex 40.3331 -90.9323 1
      vertex 40.1369 -90.8933 1.4824
      vertex 40.5153 -89.3798 1.4824
    endloop
  endfacet
  facet normal -0.9139298945932234 0.13559439317255992 -0.38255236021881356
    outer loop
      vertex 40.1369 -90.8933 1.4824
      vertex 40.1069 -92.4565 1
      vertex 39.9079 -92.4368 1.4824
    endloop
  endfacet
  facet normal -0.961846421563865 0.24046160539096847 -0.13049780709876285
    outer loop
      vertex 40.1369 -90.8933 1.4824
      vertex 40.07 -90.88 2
      vertex 40.45 -89.36 2
    endloop
  endfacet
  facet normal -0.9807138425963758 0.14550273401656497 -0.13049641119033017
    outer loop
      vertex 40.1369 -90.8933 1.4824
      vertex 39.9079 -92.4368 1.4824
      vertex 40.07 -90.88 2
    endloop
  endfacet
  facet normal -0.9807019445650407 0.14552351435480942 -0.130562638975219
    outer loop
      vertex 40.07 -90.88 2
      vertex 39.9079 -92.4368 1.4824
      vertex 39.84 -92.43 2
    endloop
  endfacet
  facet normal -0.2272464657112807 -0.30791596168798396 -0.9238759680603753
    outer loop
      vertex 46.2459 -77.5965 0.2679
      vertex 47.6949 -78.0664 0.0681
      vertex 47.4265 -78.4678 0.2679
    endloop
  endfacet
  facet normal -0.3615349805681738 -0.48986455886498065 -0.7933001776084436
    outer loop
      vertex 45.9825 -77.9169 0.5858
      vertex 47.4265 -78.4678 0.2679
      vertex 47.196 -78.8125 0.5858
    endloop
  endfacet
  facet normal -0.4711330400179874 -0.6383652792115061 -0.6087063568754849
    outer loop
      vertex 45.9825 -77.9169 0.5858
      vertex 47.196 -78.8125 0.5858
      vertex 45.7804 -78.1627 1
    endloop
  endfacet
  facet normal -0.47112245266994984 -0.6382799760716059 -0.6088039969779115
    outer loop
      vertex 47.196 -78.8125 0.5858
      vertex 47.0191 -79.077 1
      vertex 45.7804 -78.1627 1
    endloop
  endfacet
  facet normal -0.5486364912876985 -0.7432965347895384 -0.3827639766192578
    outer loop
      vertex 45.7804 -78.1627 1
      vertex 47.0191 -79.077 1
      vertex 45.6533 -78.3173 1.4824
    endloop
  endfacet
  facet normal -0.4710881206877053 0.6383044154248856 -0.6088049406797065
    outer loop
      vertex 47.196 -81.1875 0.5858
      vertex 45.9825 -82.0831 0.5858
      vertex 47.0191 -80.923 1
    endloop
  endfacet
  facet normal -0.5486481359486906 0.7433123110572523 -0.3827166460330069
    outer loop
      vertex 47.0191 -80.923 1
      vertex 45.7804 -81.8373 1
      vertex 46.9079 -80.7567 1.4824
    endloop
  endfacet
  facet normal -0.258099538214004 0.2824480614810965 -0.9239089354147889
    outer loop
      vertex 45.1578 -83.3978 0.2679
      vertex 46.2459 -82.4035 0.2679
      vertex 45.4993 -83.7393 0.0681
    endloop
  endfacet
  facet normal -0.4106890141484589 0.4494461565507198 -0.7933049136489405
    outer loop
      vertex 44.8646 -83.1046 0.5858
      vertex 45.9825 -82.0831 0.5858
      vertex 45.1578 -83.3978 0.2679
    endloop
  endfacet
  facet normal -0.4107099647847631 0.4494554085108068 -0.7932888254519173
    outer loop
      vertex 45.9825 -82.0831 0.5858
      vertex 46.2459 -82.4035 0.2679
      vertex 45.1578 -83.3978 0.2679
    endloop
  endfacet
  facet normal -0.2824329410607681 0.25811485889424896 -0.9239092777008826
    outer loop
      vertex 44.5366 -84.7927 0.0681
      vertex 45.1578 -83.3978 0.2679
      vertex 45.4993 -83.7393 0.0681
    endloop
  endfacet
  facet normal -0.09628196987679817 0.08799188570381028 -0.9914571147190033
    outer loop
      vertex 44.5366 -84.7927 0.0681
      vertex 45.4993 -83.7393 0.0681
      vertex 44.937 -85.1219 0
    endloop
  endfacet
  facet normal -0.08801586877302667 0.09630821249143738 -0.9914524371097353
    outer loop
      vertex 45.4993 -83.7393 0.0681
      vertex 46.5527 -82.7766 0.0681
      vertex 45.8656 -84.1056 0
    endloop
  endfacet
  facet normal -0.09631783064373153 0.08800623589075007 -0.9914523578793019
    outer loop
      vertex 45.4993 -83.7393 0.0681
      vertex 45.8656 -84.1056 0
      vertex 44.937 -85.1219 0
    endloop
  endfacet
  facet normal 0 0 -1
    outer loop
      vertex 45.8656 -84.1056 0
      vertex 46.8819 -83.177 0
      vertex 44.937 -85.1219 0
    endloop
  endfacet
  facet normal -0.25815270561438247 0.282474353478957 -0.9238860428703418
    outer loop
      vertex 45.4993 -83.7393 0.0681
      vertex 46.2459 -82.4035 0.2679
      vertex 46.5527 -82.7766 0.0681
    endloop
  endfacet
  facet normal -0.22725360756049806 0.30791111572431645 -0.9238758264313153
    outer loop
      vertex 46.5527 -82.7766 0.0681
      vertex 47.4265 -81.5322 0.2679
      vertex 47.6949 -81.9336 0.0681
    endloop
  endfacet
  facet normal -0.22723360202745044 0.3078985315661774 -0.923884941087916
    outer loop
      vertex 46.5527 -82.7766 0.0681
      vertex 46.2459 -82.4035 0.2679
      vertex 47.4265 -81.5322 0.2679
    endloop
  endfacet
  facet normal -0.07745482210059011 0.10494531174767889 -0.9914571256870104
    outer loop
      vertex 46.5527 -82.7766 0.0681
      vertex 47.6949 -81.9336 0.0681
      vertex 46.8819 -83.177 0
    endloop
  endfacet
  facet normal -0.36154328798329616 0.4898758150599907 -0.7932894407046757
    outer loop
      vertex 47.196 -81.1875 0.5858
      vertex 46.2459 -82.4035 0.2679
      vertex 45.9825 -82.0831 0.5858
    endloop
  endfacet
  facet normal -0.3615298225130014 0.48986813779278476 -0.7933003182963857
    outer loop
      vertex 47.196 -81.1875 0.5858
      vertex 47.4265 -81.5322 0.2679
      vertex 46.2459 -82.4035 0.2679
    endloop
  endfacet
  facet normal -0.08798137780646642 0.09629062488123304 -0.9914572067009536
    outer loop
      vertex 45.8656 -84.1056 0
      vertex 46.5527 -82.7766 0.0681
      vertex 46.8819 -83.177 0
    endloop
  endfacet
  facet normal 0 0 -1
    outer loop
      vertex 46.8819 -83.177 0
      vertex 47.9829 -82.3643 0
      vertex 44.937 -85.1219 0
    endloop
  endfacet
  facet normal -0.5352408695866534 0.5857149462178594 -0.60865032103921
    outer loop
      vertex 44.6397 -82.8797 1
      vertex 45.7804 -81.8373 1
      vertex 44.8646 -83.1046 0.5858
    endloop
  endfacet
  facet normal -0.535192194306607 0.5856988291878155 -0.6087086303325271
    outer loop
      vertex 44.8646 -83.1046 0.5858
      vertex 45.7804 -81.8373 1
      vertex 45.9825 -82.0831 0.5858
    endloop
  endfacet
  facet normal -0.6232121057161868 0.6819820116946042 -0.3827625987655758
    outer loop
      vertex 44.6397 -82.8797 1
      vertex 45.6533 -81.6827 1.4824
      vertex 45.7804 -81.8373 1
    endloop
  endfacet
  facet normal -0.47116645960637854 0.638339596975198 -0.6087074225566277
    outer loop
      vertex 47.0191 -80.923 1
      vertex 45.9825 -82.0831 0.5858
      vertex 45.7804 -81.8373 1
    endloop
  endfacet
  facet normal -0.3145687381743234 -0.5212700862972236 -0.7932994428934758
    outer loop
      vertex 47.196 -78.8125 0.5858
      vertex 47.4265 -78.4678 0.2679
      vertex 49.9655 -80 0.2679
    endloop
  endfacet
  facet normal -0.19772790370705057 0.3276537968360532 -0.9238758929177304
    outer loop
      vertex 47.6949 -81.9336 0.0681
      vertex 47.4265 -81.5322 0.2679
      vertex 49.9655 -80 0.2679
    endloop
  endfacet
  facet normal -0.314568688588192 0.5212701182348173 -0.7932994415700572
    outer loop
      vertex 47.196 -81.1875 0.5858
      vertex 49.1638 -80 0.5858
      vertex 47.4265 -81.5322 0.2679
    endloop
  endfacet
  facet normal -0.19772603521374768 -0.32765502794367546 -0.9238758561959941
    outer loop
      vertex 47.6949 -78.0664 0.0681
      vertex 50.8991 -80 0.0681
      vertex 47.4265 -78.4678 0.2679
    endloop
  endfacet
  facet normal -0.06739989938626775 -0.11169460127113134 -0.9914542700546526
    outer loop
      vertex 47.9829 -77.6357 0
      vertex 51.901 -80 0
      vertex 47.6949 -78.0664 0.0681
    endloop
  endfacet
  facet normal -0.19772025362202947 -0.3276411199232033 -0.9238820259335655
    outer loop
      vertex 47.4265 -78.4678 0.2679
      vertex 50.8991 -80 0.0681
      vertex 49.9655 -80 0.2679
    endloop
  endfacet
  facet normal -0.31456882583051554 -0.5212703456583493 -0.7932992377109888
    outer loop
      vertex 47.196 -78.8125 0.5858
      vertex 49.9655 -80 0.2679
      vertex 49.1638 -80 0.5858
    endloop
  endfacet
  facet normal -0.0674021070647572 0.11169312756355773 -0.9914542859952252
    outer loop
      vertex 47.6949 -81.9336 0.0681
      vertex 50.8991 -80 0.0681
      vertex 47.9829 -82.3643 0
    endloop
  endfacet
  facet normal -0.1977199732959039 0.3276449826410508 -0.923880716061339
    outer loop
      vertex 47.6949 -81.9336 0.0681
      vertex 49.9655 -80 0.2679
      vertex 50.8991 -80 0.0681
    endloop
  endfacet
  facet normal -0.3145688445411812 0.5212702625571453 -0.7932992848967096
    outer loop
      vertex 49.1638 -80 0.5858
      vertex 49.9655 -80 0.2679
      vertex 47.4265 -81.5322 0.2679
    endloop
  endfacet
  facet normal -0.40989082111512304 -0.6792279223497606 -0.6088012354340274
    outer loop
      vertex 47.196 -78.8125 0.5858
      vertex 49.1638 -80 0.5858
      vertex 47.0191 -79.077 1
    endloop
  endfacet
  facet normal -0.40989101321617566 -0.6792289325180271 -0.608799979069512
    outer loop
      vertex 47.0191 -79.077 1
      vertex 49.1638 -80 0.5858
      vertex 48.5486 -80 1
    endloop
  endfacet
  facet normal -0.4773387707509998 -0.7909963703831552 -0.3827171801455992
    outer loop
      vertex 47.0191 -79.077 1
      vertex 48.5486 -80 1
      vertex 46.9079 -79.2433 1.4824
    endloop
  endfacet
  facet normal -0.4098905182548415 0.6792281123193699 -0.6088012273967939
    outer loop
      vertex 47.196 -81.1875 0.5858
      vertex 47.0191 -80.923 1
      vertex 48.5486 -80 1
    endloop
  endfacet
  facet normal -0.40989120583089056 0.6792285598602341 -0.6088002651549118
    outer loop
      vertex 47.196 -81.1875 0.5858
      vertex 48.5486 -80 1
      vertex 49.1638 -80 0.5858
    endloop
  endfacet
  facet normal -0.4773523521714316 0.7910188761063952 -0.38265372011751975
    outer loop
      vertex 47.0191 -80.923 1
      vertex 48.1619 -80 1.4824
      vertex 48.5486 -80 1
    endloop
  endfacet
  facet normal -0.07747442814096586 0.10495797389344488 -0.9914542534582285
    outer loop
      vertex 46.8819 -83.177 0
      vertex 47.6949 -81.9336 0.0681
      vertex 47.9829 -82.3643 0
    endloop
  endfacet
  facet normal 0 0 -1
    outer loop
      vertex 47.9829 -82.3643 0
      vertex 51.901 -80 0
      vertex 44.937 -85.1219 0
    endloop
  endfacet
  facet normal -0.5887759988084943 0.7976965145147392 -0.1304725793341133
    outer loop
      vertex 46.87 -80.7 2
      vertex 45.6533 -81.6827 1.4824
      vertex 45.61 -81.63 2
    endloop
  endfacet
  facet normal -0.5486342635727414 -0.7433224050522224 -0.3827169280047274
    outer loop
      vertex 47.0191 -79.077 1
      vertex 46.9079 -79.2433 1.4824
      vertex 45.6533 -78.3173 1.4824
    endloop
  endfacet
  facet normal -0.5887701227498323 -0.7977008596133218 -0.13047253017135288
    outer loop
      vertex 45.6533 -78.3173 1.4824
      vertex 46.9079 -79.2433 1.4824
      vertex 45.61 -78.37 2
    endloop
  endfacet
  facet normal -0.5887743073961278 -0.7976942229237911 -0.13049422080774006
    outer loop
      vertex 46.9079 -79.2433 1.4824
      vertex 46.87 -79.3 2
      vertex 45.61 -78.37 2
    endloop
  endfacet
  facet normal -0.5486227666207704 0.7433068282963446 -0.38276365939493284
    outer loop
      vertex 45.7804 -81.8373 1
      vertex 45.6533 -81.6827 1.4824
      vertex 46.9079 -80.7567 1.4824
    endloop
  endfacet
  facet normal -0.5887684240651097 0.7976985581339988 -0.13049426491162955
    outer loop
      vertex 46.9079 -80.7567 1.4824
      vertex 45.6533 -81.6827 1.4824
      vertex 46.87 -80.7 2
    endloop
  endfacet
  facet normal -0.5122468622890618 0.8488662289361588 -0.13049627368900554
    outer loop
      vertex 46.9079 -80.7567 1.4824
      vertex 46.87 -80.7 2
      vertex 48.03 -80 2
    endloop
  endfacet
  facet normal -0.623173288598123 0.6819777031356593 -0.3828334687610411
    outer loop
      vertex 44.6397 -82.8797 1
      vertex 44.4982 -82.7382 1.4824
      vertex 45.6533 -81.6827 1.4824
    endloop
  endfacet
  facet normal -0.668797444322066 0.7319070847336948 -0.1304683784865025
    outer loop
      vertex 44.4982 -82.7382 1.4824
      vertex 45.61 -81.63 2
      vertex 45.6533 -81.6827 1.4824
    endloop
  endfacet
  facet normal -0.6688079553753654 0.7319030455051131 -0.13043715270950812
    outer loop
      vertex 44.4982 -82.7382 1.4824
      vertex 44.45 -82.69 2
      vertex 45.61 -81.63 2
    endloop
  endfacet
  facet normal -0.47733445540382885 -0.7910366156685711 -0.3826393737658779
    outer loop
      vertex 48.5486 -80 1
      vertex 48.1619 -80 1.4824
      vertex 46.9079 -79.2433 1.4824
    endloop
  endfacet
  facet normal -0.5122348899637423 -0.8488734663863349 -0.13049618986422845
    outer loop
      vertex 46.9079 -79.2433 1.4824
      vertex 48.1619 -80 1.4824
      vertex 46.87 -79.3 2
    endloop
  endfacet
  facet normal -0.47731789085880155 0.791009164975477 -0.382716777775555
    outer loop
      vertex 47.0191 -80.923 1
      vertex 46.9079 -80.7567 1.4824
      vertex 48.1619 -80 1.4824
    endloop
  endfacet
  facet normal -0.5122324418364741 0.8488694093603081 -0.13053218523615098
    outer loop
      vertex 46.9079 -80.7567 1.4824
      vertex 48.03 -80 2
      vertex 48.1619 -80 1.4824
    endloop
  endfacet
  facet normal -0.5122442157095297 -0.8488618431757913 -0.13053518557203989
    outer loop
      vertex 46.87 -79.3 2
      vertex 48.1619 -80 1.4824
      vertex 48.03 -80 2
    endloop
  endfacet
  facet normal 0 0 -1
    outer loop
      vertex 43.4163 -87.4035 0
      vertex 92.3437 -45.4035 0
      vertex 42.8302 -88.6457 0
    endloop
  endfacet
  facet normal 0 0 -1
    outer loop
      vertex 42.8302 -88.6457 0
      vertex 92.3437 -45.4035 0
      vertex 42.3663 -89.9411 0
    endloop
  endfacet
  facet normal 0 0 -1
    outer loop
      vertex 42.034 -91.2702 0
      vertex 42.3663 -89.9411 0
      vertex 92.3437 -45.4035 0
    endloop
  endfacet
  facet normal 0 0 -1
    outer loop
      vertex 42.034 -91.2702 0
      vertex 92.3437 -45.4035 0
      vertex 41.8325 -92.6281 0
    endloop
  endfacet
  facet normal 0 0 -1
    outer loop
      vertex 41.8325 -92.6281 0
      vertex 92.3437 -45.4035 0
      vertex 41.7626 -94 0
    endloop
  endfacet
  facet normal -0.06739020194239201 -0.11167339939171114 -0.9914573175636271
    outer loop
      vertex 47.6949 -78.0664 0.0681
      vertex 51.901 -80 0
      vertex 50.8991 -80 0.0681
    endloop
  endfacet
  facet normal -0.06739016332458041 0.11167846674366139 -0.9914567494111235
    outer loop
      vertex 47.9829 -82.3643 0
      vertex 50.8991 -80 0.0681
      vertex 51.901 -80 0
    endloop
  endfacet
  facet normal 0 0 -1
    outer loop
      vertex 41.7626 -94 0
      vertex 92.3437 -45.4035 0
      vertex 41.8325 -95.3719 0
    endloop
  endfacet
  facet normal 0 0 -1
    outer loop
      vertex 41.8325 -95.3719 0
      vertex 92.3437 -45.4035 0
      vertex 42.034 -96.7298 0
    endloop
  endfacet
  facet normal 0 0 -1
    outer loop
      vertex 42.034 -96.7298 0
      vertex 92.3437 -45.4035 0
      vertex 42.3663 -98.0589 0
    endloop
  endfacet
  facet normal 0 0 -1
    outer loop
      vertex 42.3663 -98.0589 0
      vertex 92.3437 -45.4035 0
      vertex 42.8302 -99.3543 0
    endloop
  endfacet
  facet normal 0 0 -1
    outer loop
      vertex 42.8302 -99.3543 0
      vertex 92.3437 -45.4035 0
      vertex 43.4163 -100.5965 0
    endloop
  endfacet
  facet normal -0.9987042955241725 0.050889390854738564 0
    outer loop
      vertex 39.84 -64.43 2
      vertex 39.76 -66 2
      vertex 39.84 -64.43 20
    endloop
  endfacet
  facet normal -0.9987042955241725 -0.050889390854738564 0
    outer loop
      vertex 39.76 -66 2
      vertex 39.84 -67.57 2
      vertex 39.76 -66 20
    endloop
  endfacet
  facet normal -0.9891691709581993 -0.14677994149702006 0
    outer loop
      vertex 39.84 -67.57 2
      vertex 40.07 -69.12 2
      vertex 39.84 -67.57 20
    endloop
  endfacet
  facet normal -0.9701425001453313 -0.2425356250363351 0
    outer loop
      vertex 40.07 -69.12 2
      vertex 40.45 -70.64 2
      vertex 40.07 -69.12 20
    endloop
  endfacet
  facet normal -0.9414537308125974 -0.33714221441261466 0
    outer loop
      vertex 40.45 -70.64 2
      vertex 40.98 -72.12 2
      vertex 40.45 -70.64 20
    endloop
  endfacet
  facet normal -0.9043852206147877 -0.42671697029007644 0
    outer loop
      vertex 40.98 -72.12 2
      vertex 41.65 -73.54 2
      vertex 40.98 -72.12 20
    endloop
  endfacet
  facet normal -0.8574929257125427 -0.5144957554275292 0
    outer loop
      vertex 41.65 -73.54 2
      vertex 42.46 -74.89 2
      vertex 41.65 -73.54 20
    endloop
  endfacet
  facet normal -0.8045740795857684 -0.5938522968371122 0
    outer loop
      vertex 42.46 -74.89 2
      vertex 43.39 -76.15 2
      vertex 42.46 -74.89 20
    endloop
  endfacet
  facet normal -0.7382098828926542 -0.6745710998846702 0
    outer loop
      vertex 43.39 -76.15 2
      vertex 44.45 -77.31 2
      vertex 43.39 -76.15 20
    endloop
  endfacet
  facet normal -0.6745710998846702 -0.7382098828926542 0
    outer loop
      vertex 44.45 -77.31 2
      vertex 45.61 -78.37 2
      vertex 44.45 -77.31 20
    endloop
  endfacet
  facet normal -0.8045740795857684 0.5938522968371122 0
    outer loop
      vertex 43.39 -83.85 2
      vertex 42.46 -85.11 2
      vertex 43.39 -83.85 20
    endloop
  endfacet
  facet normal -0.7382098828926542 0.6745710998846702 0
    outer loop
      vertex 43.39 -83.85 2
      vertex 44.45 -82.69 20
      vertex 44.45 -82.69 2
    endloop
  endfacet
  facet normal -0.9414537308125974 0.33714221441261466 0
    outer loop
      vertex 40.98 -87.88 2
      vertex 40.45 -89.36 2
      vertex 40.98 -87.88 20
    endloop
  endfacet
  facet normal -0.8574929257125427 0.5144957554275292 0
    outer loop
      vertex 41.65 -86.46 2
      vertex 42.46 -85.11 20
      vertex 42.46 -85.11 2
    endloop
  endfacet
  facet normal -0.9043852206147877 0.42671697029007644 0
    outer loop
      vertex 40.98 -87.88 2
      vertex 41.65 -86.46 20
      vertex 41.65 -86.46 2
    endloop
  endfacet
  facet normal -0.9701425001453313 0.2425356250363351 0
    outer loop
      vertex 40.45 -89.36 2
      vertex 40.07 -90.88 2
      vertex 40.45 -89.36 20
    endloop
  endfacet
  facet normal -0.9891691709581993 0.14677994149702006 0
    outer loop
      vertex 40.07 -90.88 2
      vertex 39.84 -92.43 2
      vertex 40.07 -90.88 20
    endloop
  endfacet
  facet normal -0.5938522968371114 -0.8045740795857689 0
    outer loop
      vertex 45.61 -78.37 2
      vertex 46.87 -79.3 2
      vertex 45.61 -78.37 20
    endloop
  endfacet
  facet normal -0.516664967884418 -0.8561876610656061 0
    outer loop
      vertex 46.87 -79.3 2
      vertex 48.03 -80 2
      vertex 46.87 -79.3 20
    endloop
  endfacet
  facet normal -0.5938522968371114 0.8045740795857689 0
    outer loop
      vertex 46.87 -80.7 2
      vertex 45.61 -81.63 2
      vertex 46.87 -80.7 20
    endloop
  endfacet
  facet normal -0.6745710998846702 0.7382098828926542 0
    outer loop
      vertex 44.45 -82.69 2
      vertex 45.61 -81.63 20
      vertex 45.61 -81.63 2
    endloop
  endfacet
  facet normal -0.516664967884418 0.8561876610656061 0
    outer loop
      vertex 46.87 -80.7 2
      vertex 48.03 -80 20
      vertex 48.03 -80 2
    endloop
  endfacet
  facet normal -0.8963210924751007 0.2240802731187816 -0.3826179953730018
    outer loop
      vertex 64.5731 -48.9323 1
      vertex 64.7553 -47.3798 1.4824
      vertex 64.9467 -47.4379 1
    endloop
  endfacet
  facet normal -0.7696731120250637 0.1924182780062714 -0.6087515970531453
    outer loop
      vertex 64.8852 -48.9943 0.5858
      vertex 64.5731 -48.9323 1
      vertex 64.9467 -47.4379 1
    endloop
  endfacet
  facet normal -0.7847707933815653 0.11642579354177639 -0.6087526890728583
    outer loop
      vertex 64.8852 -48.9943 0.5858
      vertex 64.6636 -50.488 0.5858
      vertex 64.5731 -48.9323 1
    endloop
  endfacet
  facet normal -0.7846978527780281 0.1164536506353387 -0.6088413809024932
    outer loop
      vertex 64.5731 -48.9323 1
      vertex 64.6636 -50.488 0.5858
      vertex 64.3469 -50.4565 1
    endloop
  endfacet
  facet normal -0.9138820895325891 0.13562533043712363 -0.38265558427307683
    outer loop
      vertex 64.5731 -48.9323 1
      vertex 64.3469 -50.4565 1
      vertex 64.3769 -48.8933 1.4824
    endloop
  endfacet
  facet normal -0.9333973604658798 0.3342571628695395 -0.13054315970488253
    outer loop
      vertex 64.7553 -47.3798 1.4824
      vertex 64.69 -47.36 2
      vertex 65.22 -45.88 2
    endloop
  endfacet
  facet normal -0.961836838361374 0.24047509721568747 -0.1305435712323736
    outer loop
      vertex 64.7553 -47.3798 1.4824
      vertex 64.3769 -48.8933 1.4824
      vertex 64.69 -47.36 2
    endloop
  endfacet
  facet normal -0.8963017774981108 0.2240902494914333 -0.3826573973368271
    outer loop
      vertex 64.5731 -48.9323 1
      vertex 64.3769 -48.8933 1.4824
      vertex 64.7553 -47.3798 1.4824
    endloop
  endfacet
  facet normal -0.9139298945932278 0.13559439317256183 -0.38255236021880207
    outer loop
      vertex 64.3769 -48.8933 1.4824
      vertex 64.3469 -50.4565 1
      vertex 64.1479 -50.4368 1.4824
    endloop
  endfacet
  facet normal -0.9807138425963738 0.145502734016566 -0.1304964111903434
    outer loop
      vertex 64.3769 -48.8933 1.4824
      vertex 64.1479 -50.4368 1.4824
      vertex 64.31 -48.88 2
    endloop
  endfacet
  facet normal -0.9807019445650363 0.14552351435481461 -0.1305626389752454
    outer loop
      vertex 64.31 -48.88 2
      vertex 64.1479 -50.4368 1.4824
      vertex 64.08 -50.43 2
    endloop
  endfacet
  facet normal -0.9618464215638646 0.24046160539096276 -0.13049780709877587
    outer loop
      vertex 64.3769 -48.8933 1.4824
      vertex 64.31 -48.88 2
      vertex 64.69 -47.36 2
    endloop
  endfacet
  facet normal -0.6382876584530287 0.4711391703746102 -0.6087830050233611
    outer loop
      vertex 67.8373 -42.0204 1
      vertex 67.1879 -43.4354 0.5858
      vertex 66.9232 -43.2588 1
    endloop
  endfacet
  facet normal -0.48985653006575625 0.3615676940019046 -0.7932902259615217
    outer loop
      vertex 68.4035 -42.4859 0.2679
      vertex 67.5329 -43.6654 0.2679
      vertex 68.0831 -42.2225 0.5858
    endloop
  endfacet
  facet normal -0.44946140711810784 0.4107029496119054 -0.7932890587241772
    outer loop
      vertex 68.4035 -42.4859 0.2679
      vertex 68.0831 -42.2225 0.5858
      vertex 69.1046 -41.1046 0.5858
    endloop
  endfacet
  facet normal -0.25809953821399967 0.28244806148109586 -0.9239089354147904
    outer loop
      vertex 69.7393 -41.7393 0.0681
      vertex 69.3978 -41.3978 0.2679
      vertex 70.4859 -40.4035 0.2679
    endloop
  endfacet
  facet normal -0.41068901414845876 0.44944615655071996 -0.7933049136489405
    outer loop
      vertex 69.1046 -41.1046 0.5858
      vertex 70.2225 -40.0831 0.5858
      vertex 69.3978 -41.3978 0.2679
    endloop
  endfacet
  facet normal -0.2824329410607667 0.25811485889424596 -0.9239092777008839
    outer loop
      vertex 68.7766 -42.7927 0.0681
      vertex 69.3978 -41.3978 0.2679
      vertex 69.7393 -41.7393 0.0681
    endloop
  endfacet
  facet normal -0.09628196987679838 0.08799188570380988 -0.9914571147190034
    outer loop
      vertex 68.7766 -42.7927 0.0681
      vertex 69.7393 -41.7393 0.0681
      vertex 69.177 -43.1219 0
    endloop
  endfacet
  facet normal -0.28248815734544 0.2581361776018497 -0.9238864404095799
    outer loop
      vertex 68.4035 -42.4859 0.2679
      vertex 69.3978 -41.3978 0.2679
      vertex 68.7766 -42.7927 0.0681
    endloop
  endfacet
  facet normal -0.09631783064373199 0.08800623589074975 -0.9914523578793017
    outer loop
      vertex 69.7393 -41.7393 0.0681
      vertex 70.1056 -42.1056 0
      vertex 69.177 -43.1219 0
    endloop
  endfacet
  facet normal -0.44943974070634424 0.4106956476282701 -0.7933051143746709
    outer loop
      vertex 68.4035 -42.4859 0.2679
      vertex 69.1046 -41.1046 0.5858
      vertex 69.3978 -41.3978 0.2679
    endloop
  endfacet
  facet normal -0.6819602085767722 0.6231921814854268 -0.38283387892578197
    outer loop
      vertex 67.8373 -42.0204 1
      vertex 68.7382 -40.7382 1.4824
      vertex 68.8797 -40.8797 1
    endloop
  endfacet
  facet normal -0.6383542287891238 0.4711474199126251 -0.6087068155497518
    outer loop
      vertex 68.0831 -42.2225 0.5858
      vertex 67.1879 -43.4354 0.5858
      vertex 67.8373 -42.0204 1
    endloop
  endfacet
  facet normal -0.5856822830357731 0.5352110211593661 -0.6087079974565416
    outer loop
      vertex 68.0831 -42.2225 0.5858
      vertex 67.8373 -42.0204 1
      vertex 68.8797 -40.8797 1
    endloop
  endfacet
  facet normal -0.7432903242416283 0.5486447717936667 -0.3827641679575696
    outer loop
      vertex 67.8373 -42.0204 1
      vertex 66.9232 -43.2588 1
      vertex 67.6827 -41.8933 1.4824
    endloop
  endfacet
  facet normal -0.5351921943066069 0.5856988291878157 -0.608708630332527
    outer loop
      vertex 69.1046 -41.1046 0.5858
      vertex 70.0204 -39.8373 1
      vertex 70.2225 -40.0831 0.5858
    endloop
  endfacet
  facet normal -0.5352408695866585 0.5857149462178612 -0.6086503210392037
    outer loop
      vertex 69.1046 -41.1046 0.5858
      vertex 68.8797 -40.8797 1
      vertex 70.0204 -39.8373 1
    endloop
  endfacet
  facet normal -0.623212105716189 0.6819820116946023 -0.3827625987655757
    outer loop
      vertex 68.8797 -40.8797 1
      vertex 69.8933 -39.6827 1.4824
      vertex 70.0204 -39.8373 1
    endloop
  endfacet
  facet normal -0.5857321604716328 0.5352226513299718 -0.6086497758913156
    outer loop
      vertex 68.0831 -42.2225 0.5858
      vertex 68.8797 -40.8797 1
      vertex 69.1046 -41.1046 0.5858
    endloop
  endfacet
  facet normal -0.7434036660526545 0.5486349867672197 -0.3825580225199912
    outer loop
      vertex 67.6827 -41.8933 1.4824
      vertex 66.9232 -43.2588 1
      vertex 66.7568 -43.1479 1.4824
    endloop
  endfacet
  facet normal -0.7977312754357859 0.5887289876661845 -0.1304721858218975
    outer loop
      vertex 67.6827 -41.8933 1.4824
      vertex 66.7568 -43.1479 1.4824
      vertex 67.63 -41.85 2
    endloop
  endfacet
  facet normal -0.7976781715143969 0.5887624599272892 -0.1306457058988771
    outer loop
      vertex 67.63 -41.85 2
      vertex 66.7568 -43.1479 1.4824
      vertex 66.7 -43.11 2
    endloop
  endfacet
  facet normal -0.7319101237035399 0.6688002212527834 -0.13043709162848122
    outer loop
      vertex 67.6827 -41.8933 1.4824
      vertex 68.69 -40.69 2
      vertex 68.7382 -40.7382 1.4824
    endloop
  endfacet
  facet normal -0.6819992355439638 0.6231929643465133 -0.38276307542193044
    outer loop
      vertex 67.8373 -42.0204 1
      vertex 67.6827 -41.8933 1.4824
      vertex 68.7382 -40.7382 1.4824
    endloop
  endfacet
  facet normal -0.7319000194308933 0.6688051901696087 -0.13046830710655846
    outer loop
      vertex 67.6827 -41.8933 1.4824
      vertex 67.63 -41.85 2
      vertex 68.69 -40.69 2
    endloop
  endfacet
  facet normal -0.6231732885981246 0.6819777031356574 -0.38283346876104185
    outer loop
      vertex 68.8797 -40.8797 1
      vertex 68.7382 -40.7382 1.4824
      vertex 69.8933 -39.6827 1.4824
    endloop
  endfacet
  facet normal -0.6688079553753622 0.7319030455051145 -0.13043715270951625
    outer loop
      vertex 68.7382 -40.7382 1.4824
      vertex 68.69 -40.69 2
      vertex 69.85 -39.63 2
    endloop
  endfacet
  facet normal -0.668797444322069 0.7319070847336938 -0.13046837848649281
    outer loop
      vertex 68.7382 -40.7382 1.4824
      vertex 69.85 -39.63 2
      vertex 69.8933 -39.6827 1.4824
    endloop
  endfacet
  facet normal -0.5506412898327596 0.25980253560791616 -0.7932823031071675
    outer loop
      vertex 66.1451 -46.2628 0.2679
      vertex 65.7619 -46.1043 0.5858
      vertex 66.4073 -44.7364 0.5858
    endloop
  endfacet
  facet normal -0.3281642552658173 0.1968881878955832 -0.9238740514989178
    outer loop
      vertex 66.7731 -44.9318 0.2679
      vertex 67.5329 -43.6654 0.2679
      vertex 67.1991 -45.1593 0.0681
    endloop
  endfacet
  facet normal -0.5220815574796509 0.3132489344877871 -0.793288063935093
    outer loop
      vertex 66.4073 -44.7364 0.5858
      vertex 67.1879 -43.4354 0.5858
      vertex 66.7731 -44.9318 0.2679
    endloop
  endfacet
  facet normal -0.5221164041601402 0.31325335113777025 -0.7932633853316576
    outer loop
      vertex 67.1879 -43.4354 0.5858
      vertex 67.5329 -43.6654 0.2679
      vertex 66.7731 -44.9318 0.2679
    endloop
  endfacet
  facet normal -0.34609912754957545 0.1632984613832713 -0.9238771598103717
    outer loop
      vertex 66.1451 -46.2628 0.2679
      vertex 66.7731 -44.9318 0.2679
      vertex 66.5913 -46.4475 0.0681
    endloop
  endfacet
  facet normal -0.34610303572154394 0.16329873087374175 -0.923875648103876
    outer loop
      vertex 66.7731 -44.9318 0.2679
      vertex 67.1991 -45.1593 0.0681
      vertex 66.5913 -46.4475 0.0681
    endloop
  endfacet
  facet normal -0.1179534463905147 0.05565293022524045 -0.9914583883562358
    outer loop
      vertex 66.5913 -46.4475 0.0681
      vertex 67.1991 -45.1593 0.0681
      vertex 67.0702 -46.6457 0
    endloop
  endfacet
  facet normal -0.11795252962578266 0.05565285591182709 -0.9914585015943614
    outer loop
      vertex 67.1991 -45.1593 0.0681
      vertex 67.6563 -45.4035 0
      vertex 67.0702 -46.6457 0
    endloop
  endfacet
  facet normal -0.5506319392193092 0.2598022973927328 -0.7932888715852762
    outer loop
      vertex 66.1451 -46.2628 0.2679
      vertex 66.4073 -44.7364 0.5858
      vertex 66.7731 -44.9318 0.2679
    endloop
  endfacet
  facet normal -0.7174659040920502 0.3385134107032797 -0.6088114217386279
    outer loop
      vertex 65.7619 -46.1043 0.5858
      vertex 66.1266 -44.5864 1
      vertex 66.4073 -44.7364 0.5858
    endloop
  endfacet
  facet normal -0.7175155976093206 0.3385099012643292 -0.6087548060864517
    outer loop
      vertex 65.7619 -46.1043 0.5858
      vertex 65.4679 -45.9826 1
      vertex 66.1266 -44.5864 1
    endloop
  endfacet
  facet normal -0.8697494845884912 0.31149139790250485 -0.3827648665836473
    outer loop
      vertex 65.4679 -45.9826 1
      vertex 64.9467 -47.4379 1
      vertex 65.283 -45.9061 1.4824
    endloop
  endfacet
  facet normal -0.8356123705000215 0.39422566140120385 -0.38254162408830505
    outer loop
      vertex 66.1266 -44.5864 1
      vertex 65.4679 -45.9826 1
      vertex 65.9502 -44.4922 1.4824
    endloop
  endfacet
  facet normal -0.6802497909864926 0.4081703702168123 -0.6088162043999024
    outer loop
      vertex 66.4073 -44.7364 0.5858
      vertex 66.1266 -44.5864 1
      vertex 66.9232 -43.2588 1
    endloop
  endfacet
  facet normal -0.6802857631161021 0.40817145786965675 -0.6087752799532039
    outer loop
      vertex 66.4073 -44.7364 0.5858
      vertex 66.9232 -43.2588 1
      vertex 67.1879 -43.4354 0.5858
    endloop
  endfacet
  facet normal -0.7922514387417584 0.4753747334300125 -0.382565707595386
    outer loop
      vertex 66.1266 -44.5864 1
      vertex 66.7568 -43.1479 1.4824
      vertex 66.9232 -43.2588 1
    endloop
  endfacet
  facet normal -0.36024465917890713 0.1290203902946721 -0.9238925935525641
    outer loop
      vertex 66.1451 -46.2628 0.2679
      vertex 66.1103 -47.7907 0.0681
      vertex 65.6481 -47.6505 0.2679
    endloop
  endfacet
  facet normal -0.37123074619831314 0.09280095403695253 -0.9238916148590565
    outer loop
      vertex 66.1103 -47.7907 0.0681
      vertex 65.7657 -49.1692 0.0681
      vertex 65.6481 -47.6505 0.2679
    endloop
  endfacet
  facet normal -0.5907395776406972 0.14766416088575832 -0.7932351776105215
    outer loop
      vertex 65.6481 -47.6505 0.2679
      vertex 65.292 -49.0751 0.2679
      vertex 65.2513 -47.5302 0.5858
    endloop
  endfacet
  facet normal -0.5731943139296837 0.2052875794646193 -0.7932876453066925
    outer loop
      vertex 66.1451 -46.2628 0.2679
      vertex 65.6481 -47.6505 0.2679
      vertex 65.7619 -46.1043 0.5858
    endloop
  endfacet
  facet normal -0.5732703515114687 0.20528216668893629 -0.7932340991897744
    outer loop
      vertex 65.7619 -46.1043 0.5858
      vertex 65.6481 -47.6505 0.2679
      vertex 65.2513 -47.5302 0.5858
    endloop
  endfacet
  facet normal -0.37852269658369053 0.056176038161645896 -0.9238857185320448
    outer loop
      vertex 65.292 -49.0751 0.2679
      vertex 65.7657 -49.1692 0.0681
      vertex 65.5568 -50.5768 0.0681
    endloop
  endfacet
  facet normal -0.12654559539309648 0.03163410386105271 -0.9914562500481375
    outer loop
      vertex 66.1103 -47.7907 0.0681
      vertex 66.274 -49.2702 0
      vertex 65.7657 -49.1692 0.0681
    endloop
  endfacet
  facet normal -0.37124737954643144 0.09279881500525314 -0.9238851460617433
    outer loop
      vertex 65.6481 -47.6505 0.2679
      vertex 65.7657 -49.1692 0.0681
      vertex 65.292 -49.0751 0.2679
    endloop
  endfacet
  facet normal -0.12902691584250597 0.01914641987058281 -0.9914562368527974
    outer loop
      vertex 65.7657 -49.1692 0.0681
      vertex 66.274 -49.2702 0
      vertex 66.0725 -50.6281 0
    endloop
  endfacet
  facet normal -0.5906190202710564 0.14768501012310306 -0.7933210640585541
    outer loop
      vertex 64.8852 -48.9943 0.5858
      vertex 65.2513 -47.5302 0.5858
      vertex 65.292 -49.0751 0.2679
    endloop
  endfacet
  facet normal -0.6022027346796506 0.08937781990637515 -0.7933243168169838
    outer loop
      vertex 64.8852 -48.9943 0.5858
      vertex 65.292 -49.0751 0.2679
      vertex 65.0762 -50.5291 0.2679
    endloop
  endfacet
  facet normal -0.36028809086112024 0.1290191867958618 -0.9238758255426881
    outer loop
      vertex 66.1451 -46.2628 0.2679
      vertex 66.5913 -46.4475 0.0681
      vertex 66.1103 -47.7907 0.0681
    endloop
  endfacet
  facet normal -0.12278779115003206 0.0439719440439241 -0.9914583332049282
    outer loop
      vertex 66.5913 -46.4475 0.0681
      vertex 67.0702 -46.6457 0
      vertex 66.6063 -47.9411 0
    endloop
  endfacet
  facet normal -0.12279214883549971 0.04397187581140284 -0.9914577965410264
    outer loop
      vertex 66.5913 -46.4475 0.0681
      vertex 66.6063 -47.9411 0
      vertex 66.1103 -47.7907 0.0681
    endloop
  endfacet
  facet normal -0.1265328342528687 0.03163558861050981 -0.9914578313721681
    outer loop
      vertex 66.1103 -47.7907 0.0681
      vertex 66.6063 -47.9411 0
      vertex 66.274 -49.2702 0
    endloop
  endfacet
  facet normal -0.7469181057215762 0.26746362632823806 -0.6087499913237295
    outer loop
      vertex 65.7619 -46.1043 0.5858
      vertex 65.2513 -47.5302 0.5858
      vertex 65.4679 -45.9826 1
    endloop
  endfacet
  facet normal -0.7468477860944884 0.2674754800470295 -0.6088310537245717
    outer loop
      vertex 65.4679 -45.9826 1
      vertex 65.2513 -47.5302 0.5858
      vertex 64.9467 -47.4379 1
    endloop
  endfacet
  facet normal -0.7695978596995064 0.19243888835188255 -0.6088402159810327
    outer loop
      vertex 64.8852 -48.9943 0.5858
      vertex 64.9467 -47.4379 1
      vertex 65.2513 -47.5302 0.5858
    endloop
  endfacet
  facet normal -0.3078568484019565 0.22723202392432615 -0.9238992197178594
    outer loop
      vertex 68.4035 -42.4859 0.2679
      vertex 67.9347 -43.9334 0.0681
      vertex 67.5329 -43.6654 0.2679
    endloop
  endfacet
  facet normal -0.32810265198236777 0.19687764972528823 -0.9238981766411188
    outer loop
      vertex 67.1991 -45.1593 0.0681
      vertex 67.5329 -43.6654 0.2679
      vertex 67.9347 -43.9334 0.0681
    endloop
  endfacet
  facet normal -0.11183897977648154 0.06710717068272505 -0.9914578509677129
    outer loop
      vertex 67.9347 -43.9334 0.0681
      vertex 68.3659 -44.2209 0
      vertex 67.6563 -45.4035 0
    endloop
  endfacet
  facet normal -0.10494127814989404 0.07745249590110956 -0.9914577343583312
    outer loop
      vertex 68.7766 -42.7927 0.0681
      vertex 68.3659 -44.2209 0
      vertex 67.9347 -43.9334 0.0681
    endloop
  endfacet
  facet normal -0.30789213260634174 0.22724150647959918 -0.9238851294462972
    outer loop
      vertex 68.4035 -42.4859 0.2679
      vertex 68.7766 -42.7927 0.0681
      vertex 67.9347 -43.9334 0.0681
    endloop
  endfacet
  facet normal -0.4898979631252638 0.3615769285099643 -0.793260430435691
    outer loop
      vertex 68.0831 -42.2225 0.5858
      vertex 67.5329 -43.6654 0.2679
      vertex 67.1879 -43.4354 0.5858
    endloop
  endfacet
  facet normal -0.1118349195342448 0.06710642532783331 -0.9914583594142968
    outer loop
      vertex 67.1991 -45.1593 0.0681
      vertex 67.9347 -43.9334 0.0681
      vertex 67.6563 -45.4035 0
    endloop
  endfacet
  facet normal -0.10494610568142149 0.07745385470264037 -0.9914571172239404
    outer loop
      vertex 68.7766 -42.7927 0.0681
      vertex 69.177 -43.1219 0
      vertex 68.3659 -44.2209 0
    endloop
  endfacet
  facet normal -0.8354960087523886 0.3942590968523846 -0.38276126228756546
    outer loop
      vertex 65.4679 -45.9826 1
      vertex 65.283 -45.9061 1.4824
      vertex 65.9502 -44.4922 1.4824
    endloop
  endfacet
  facet normal -0.896654747818274 0.42306949368890445 -0.1304701756140526
    outer loop
      vertex 65.283 -45.9061 1.4824
      vertex 65.22 -45.88 2
      vertex 65.89 -44.46 2
    endloop
  endfacet
  facet normal -0.9334158576555251 0.3342359693864534 -0.13046514264545328
    outer loop
      vertex 64.7553 -47.3798 1.4824
      vertex 65.22 -45.88 2
      vertex 65.283 -45.9061 1.4824
    endloop
  endfacet
  facet normal -0.8966197324698139 0.4231025429689881 -0.13060357376019663
    outer loop
      vertex 65.9502 -44.4922 1.4824
      vertex 65.283 -45.9061 1.4824
      vertex 65.89 -44.46 2
    endloop
  endfacet
  facet normal -0.7922669103366534 0.4753719332571216 -0.38253714572182357
    outer loop
      vertex 66.1266 -44.5864 1
      vertex 65.9502 -44.4922 1.4824
      vertex 66.7568 -43.1479 1.4824
    endloop
  endfacet
  facet normal -0.8501382565669321 0.5100956019838515 -0.1306423421332807
    outer loop
      vertex 65.9502 -44.4922 1.4824
      vertex 66.7 -43.11 2
      vertex 66.7568 -43.1479 1.4824
    endloop
  endfacet
  facet normal -0.8501474922395542 0.5100884953437334 -0.13060998567017548
    outer loop
      vertex 65.9502 -44.4922 1.4824
      vertex 65.89 -44.46 2
      vertex 66.7 -43.11 2
    endloop
  endfacet
  facet normal -0.8698198327993 0.3114636125182783 -0.3826275951183627
    outer loop
      vertex 64.7553 -47.3798 1.4824
      vertex 65.283 -45.9061 1.4824
      vertex 64.9467 -47.4379 1
    endloop
  endfacet
  facet normal 0.20528216668893537 0.5732703515114689 -0.7932340991897745
    outer loop
      vertex 60.1095 -51.6481 0.2679
      vertex 60.2298 -51.2513 0.5858
      vertex 61.6557 -51.7619 0.5858
    endloop
  endfacet
  facet normal 0.04397187581140279 0.1227921488355032 -0.991457796541026
    outer loop
      vertex 59.8189 -52.6063 0
      vertex 59.9693 -52.1103 0.0681
      vertex 61.3125 -52.5913 0.0681
    endloop
  endfacet
  facet normal 0.12901918679586002 0.3602880908611259 -0.9238758255426862
    outer loop
      vertex 59.9693 -52.1103 0.0681
      vertex 61.4972 -52.1451 0.2679
      vertex 61.3125 -52.5913 0.0681
    endloop
  endfacet
  facet normal 0.12902039029467055 0.3602446591789028 -0.923892593552566
    outer loop
      vertex 60.1095 -51.6481 0.2679
      vertex 61.4972 -52.1451 0.2679
      vertex 59.9693 -52.1103 0.0681
    endloop
  endfacet
  facet normal 0.04397194404392411 0.12278779115003025 -0.9914583332049283
    outer loop
      vertex 59.8189 -52.6063 0
      vertex 61.3125 -52.5913 0.0681
      vertex 61.1143 -53.0702 0
    endloop
  endfacet
  facet normal 0.2052875794646186 0.5731943139296816 -0.7932876453066943
    outer loop
      vertex 60.1095 -51.6481 0.2679
      vertex 61.6557 -51.7619 0.5858
      vertex 61.4972 -52.1451 0.2679
    endloop
  endfacet
  facet normal 0.05565955740241693 0.1179506972397957 -0.9914583433964399
    outer loop
      vertex 61.1143 -53.0702 0
      vertex 61.3125 -52.5913 0.0681
      vertex 62.602 -53.1998 0.0681
    endloop
  endfacet
  facet normal 0.16330456578646163 0.34609654992452843 -0.9238770464318472
    outer loop
      vertex 61.3125 -52.5913 0.0681
      vertex 61.4972 -52.1451 0.2679
      vertex 62.8292 -52.7736 0.2679
    endloop
  endfacet
  facet normal 0.055662111582658574 0.11798205283494166 -0.9914544692233793
    outer loop
      vertex 61.1143 -53.0702 0
      vertex 62.602 -53.1998 0.0681
      vertex 62.3583 -53.6571 0
    endloop
  endfacet
  facet normal 0.16330209710813978 0.34606089436473864 -0.9238908390451552
    outer loop
      vertex 61.3125 -52.5913 0.0681
      vertex 62.8292 -52.7736 0.2679
      vertex 62.602 -53.1998 0.0681
    endloop
  endfacet
  facet normal 0.25980818092199764 0.5506388347402049 -0.7932821583786893
    outer loop
      vertex 61.4972 -52.1451 0.2679
      vertex 61.6557 -51.7619 0.5858
      vertex 63.0242 -52.4076 0.5858
    endloop
  endfacet
  facet normal 0.26747548004703064 0.7468477860944815 -0.6088310537245797
    outer loop
      vertex 60.2298 -51.2513 0.5858
      vertex 60.3221 -50.9467 1
      vertex 61.7774 -51.4679 1
    endloop
  endfacet
  facet normal 0.26746362632823767 0.7469181057215788 -0.6087499913237268
    outer loop
      vertex 60.2298 -51.2513 0.5858
      vertex 61.7774 -51.4679 1
      vertex 61.6557 -51.7619 0.5858
    endloop
  endfacet
  facet normal 0.31149139790250807 0.8697494845884883 -0.3827648665836513
    outer loop
      vertex 60.3221 -50.9467 1
      vertex 61.8539 -51.283 1.4824
      vertex 61.7774 -51.4679 1
    endloop
  endfacet
  facet normal 0.3385546758927155 0.7174954460716131 -0.6087536581390501
    outer loop
      vertex 61.6557 -51.7619 0.5858
      vertex 61.7774 -51.4679 1
      vertex 63.1738 -52.1268 1
    endloop
  endfacet
  facet normal 0.1962003469241728 0.328524160260869 -0.9238924720938716
    outer loop
      vertex 62.602 -53.1998 0.0681
      vertex 62.8292 -52.7736 0.2679
      vertex 65.1364 -54.1515 0.2679
    endloop
  endfacet
  facet normal 0.25980766250849563 0.550618626032323 -0.7932963551965612
    outer loop
      vertex 61.4972 -52.1451 0.2679
      vertex 63.0242 -52.4076 0.5858
      vertex 62.8292 -52.7736 0.2679
    endloop
  endfacet
  facet normal 0.3121775098829368 0.5227143568505771 -0.7932937056762625
    outer loop
      vertex 62.8292 -52.7736 0.2679
      vertex 63.0242 -52.4076 0.5858
      vertex 64.674 -53.3929 0.5858
    endloop
  endfacet
  facet normal -0.6022904815845788 0.08935366587610633 -0.793260422677898
    outer loop
      vertex 64.8852 -48.9943 0.5858
      vertex 65.0762 -50.5291 0.2679
      vertex 64.6636 -50.488 0.5858
    endloop
  endfacet
  facet normal -0.6080233453811849 0.0309936333420513 -0.7933139392218763
    outer loop
      vertex 64.6636 -50.488 0.5858
      vertex 65.0016 -51.9942 0.2679
      vertex 64.5867 -51.9966 0.5858
    endloop
  endfacet
  facet normal 0.31217932607767446 0.5227230866727705 -0.7932872386651509
    outer loop
      vertex 62.8292 -52.7736 0.2679
      vertex 64.674 -53.3929 0.5858
      vertex 65.1364 -54.1515 0.2679
    endloop
  endfacet
  facet normal -0.6076256487142773 -0.03796780116195415 -0.7933155217815168
    outer loop
      vertex 64.5867 -51.9966 0.5858
      vertex 65.0016 -51.9942 0.2679
      vertex 65.1364 -54.1515 0.2679
    endloop
  endfacet
  facet normal -0.6076983332425427 -0.037994746467150446 -0.7932585549586796
    outer loop
      vertex 64.5867 -51.9966 0.5858
      vertex 65.1364 -54.1515 0.2679
      vertex 64.674 -53.3929 0.5858
    endloop
  endfacet
  facet normal 0.33855227517711844 0.7175294851786932 -0.6087148715709156
    outer loop
      vertex 61.6557 -51.7619 0.5858
      vertex 63.1738 -52.1268 1
      vertex 63.0242 -52.4076 0.5858
    endloop
  endfacet
  facet normal 0.4068053296186718 0.681161029257703 -0.6087109954768605
    outer loop
      vertex 63.0242 -52.4076 0.5858
      vertex 63.1738 -52.1268 1
      vertex 64.3191 -52.8108 1
    endloop
  endfacet
  facet normal 0.39423725901267487 0.8355029723558915 -0.3827685551226007
    outer loop
      vertex 61.7774 -51.4679 1
      vertex 63.2679 -51.9502 1.4824
      vertex 63.1738 -52.1268 1
    endloop
  endfacet
  facet normal -0.7922635400030594 0.040385169180858015 -0.6088411297637949
    outer loop
      vertex 64.6636 -50.488 0.5858
      vertex 64.5867 -51.9966 0.5858
      vertex 64.3469 -50.4565 1
    endloop
  endfacet
  facet normal -0.7923597230850268 0.0403373788989486 -0.6087191183922042
    outer loop
      vertex 64.5867 -51.9966 0.5858
      vertex 64.2684 -51.9985 1
      vertex 64.3469 -50.4565 1
    endloop
  endfacet
  facet normal -0.9227336385180017 0.046974442687203626 -0.3825650716957266
    outer loop
      vertex 64.3469 -50.4565 1
      vertex 64.2684 -51.9985 1
      vertex 64.1479 -50.4368 1.4824
    endloop
  endfacet
  facet normal 0.4068053489849806 0.6811605244650633 -0.6087115474078737
    outer loop
      vertex 63.0242 -52.4076 0.5858
      vertex 64.3191 -52.8108 1
      vertex 64.674 -53.3929 0.5858
    endloop
  endfacet
  facet normal -0.7918336343708016 -0.04950732384199789 -0.6087269670099489
    outer loop
      vertex 64.5867 -51.9966 0.5858
      vertex 64.674 -53.3929 0.5858
      vertex 64.2684 -51.9985 1
    endloop
  endfacet
  facet normal -0.7916994499761918 -0.049414209176163765 -0.60890903823058
    outer loop
      vertex 64.674 -53.3929 0.5858
      vertex 64.3191 -52.8108 1
      vertex 64.2684 -51.9985 1
    endloop
  endfacet
  facet normal 0.4736879131862748 0.7931502441114697 -0.38279557359920996
    outer loop
      vertex 63.1738 -52.1268 1
      vertex 64.0961 -52.4448 1.4824
      vertex 64.3191 -52.8108 1
    endloop
  endfacet
  facet normal -0.922110023423057 -0.057553832558851 -0.38262339324787353
    outer loop
      vertex 64.2684 -51.9985 1
      vertex 64.3191 -52.8108 1
      vertex 64.0683 -51.9996 1.4824
    endloop
  endfacet
  facet normal 0.0668884076958881 0.11199944856620264 -0.9914545196007607
    outer loop
      vertex 62.3583 -53.6571 0
      vertex 62.602 -53.1998 0.0681
      vertex 65.6749 -55.035 0.0681
    endloop
  endfacet
  facet normal 0.19619882629099858 0.3285197108269459 -0.9238943771666838
    outer loop
      vertex 62.602 -53.1998 0.0681
      vertex 65.1364 -54.1515 0.2679
      vertex 65.6749 -55.035 0.0681
    endloop
  endfacet
  facet normal 0.06688690832417471 0.11199581429489586 -0.9914550312925224
    outer loop
      vertex 62.3583 -53.6571 0
      vertex 65.6749 -55.035 0.0681
      vertex 66.2528 -55.983 0
    endloop
  endfacet
  facet normal 0.3114636125182814 0.8698198327992971 -0.38262759511836647
    outer loop
      vertex 60.3221 -50.9467 1
      vertex 60.3802 -50.7553 1.4824
      vertex 61.8539 -51.283 1.4824
    endloop
  endfacet
  facet normal 0.240475097215688 0.9618368383613761 -0.13054357123235735
    outer loop
      vertex 58.8667 -50.3769 1.4824
      vertex 60.4 -50.69 2
      vertex 60.3802 -50.7553 1.4824
    endloop
  endfacet
  facet normal 0.3342571628695388 0.9333973604658824 -0.13054315970486544
    outer loop
      vertex 60.3802 -50.7553 1.4824
      vertex 60.4 -50.69 2
      vertex 61.88 -51.22 2
    endloop
  endfacet
  facet normal 0.3942362152280746 0.8355066072129713 -0.38276169597559373
    outer loop
      vertex 61.7774 -51.4679 1
      vertex 61.8539 -51.283 1.4824
      vertex 63.2679 -51.9502 1.4824
    endloop
  endfacet
  facet normal 0.3342359693864574 0.9334158576555236 -0.1304651426454532
    outer loop
      vertex 60.3802 -50.7553 1.4824
      vertex 61.88 -51.22 2
      vertex 61.8539 -51.283 1.4824
    endloop
  endfacet
  facet normal 0.4230694936889061 0.896654747818273 -0.13047017561405255
    outer loop
      vertex 61.8539 -51.283 1.4824
      vertex 61.88 -51.22 2
      vertex 63.3 -51.89 2
    endloop
  endfacet
  facet normal 0.4230825947047593 0.8966408706722515 -0.13052305197931577
    outer loop
      vertex 61.8539 -51.283 1.4824
      vertex 63.3 -51.89 2
      vertex 63.2679 -51.9502 1.4824
    endloop
  endfacet
  facet normal 0.47367951252963514 0.7931689694238773 -0.38276716859306514
    outer loop
      vertex 63.1738 -52.1268 1
      vertex 63.2679 -51.9502 1.4824
      vertex 64.0961 -52.4448 1.4824
    endloop
  endfacet
  facet normal 0.5083545525072795 0.8511983204773044 -0.13052612061093283
    outer loop
      vertex 63.2679 -51.9502 1.4824
      vertex 63.3 -51.89 2
      vertex 64.02 -52.32 2
    endloop
  endfacet
  facet normal -0.9227048417325159 0.04699725198484805 -0.382631720260155
    outer loop
      vertex 64.2684 -51.9985 1
      vertex 64.0683 -51.9996 1.4824
      vertex 64.1479 -50.4368 1.4824
    endloop
  endfacet
  facet normal -0.9901576770069834 0.05043290957881305 -0.13055380613199122
    outer loop
      vertex 64.1479 -50.4368 1.4824
      vertex 64.0683 -51.9996 1.4824
      vertex 64.08 -50.43 2
    endloop
  endfacet
  facet normal -0.9901484009204169 0.05045342170295009 -0.13061621795629247
    outer loop
      vertex 64.0683 -51.9996 1.4824
      vertex 64 -52 2
      vertex 64.08 -50.43 2
    endloop
  endfacet
  facet normal -0.9221242107197709 -0.05758098171163961 -0.3825851154312767
    outer loop
      vertex 64.3191 -52.8108 1
      vertex 64.0961 -52.4448 1.4824
      vertex 64.0683 -51.9996 1.4824
    endloop
  endfacet
  facet normal 0.5083416589176601 0.8512101939256216 -0.13049890254690594
    outer loop
      vertex 63.2679 -51.9502 1.4824
      vertex 64.02 -52.32 2
      vertex 64.0961 -52.4448 1.4824
    endloop
  endfacet
  facet normal -0.9895054746959322 -0.061788526946451386 -0.13061812081241178
    outer loop
      vertex 64.0683 -51.9996 1.4824
      vertex 64.0961 -52.4448 1.4824
      vertex 64 -52 2
    endloop
  endfacet
  facet normal -0.9895082463529679 -0.06184426539704811 -0.13057073652612064
    outer loop
      vertex 64.0961 -52.4448 1.4824
      vertex 64.02 -52.32 2
      vertex 64 -52 2
    endloop
  endfacet
  facet normal 0 0 -1
    outer loop
      vertex 43.4163 -72.5965 0
      vertex 92.3437 -45.4035 0
      vertex 44.1259 -73.7791 0
    endloop
  endfacet
  facet normal -0.3785131505191805 0.056178224127950274 -0.9238894966487465
    outer loop
      vertex 65.292 -49.0751 0.2679
      vertex 65.5568 -50.5768 0.0681
      vertex 65.0762 -50.5291 0.2679
    endloop
  endfacet
  facet normal -0.3821569343469619 0.019476578049348117 -0.9238921692697798
    outer loop
      vertex 65.0762 -50.5291 0.2679
      vertex 65.5568 -50.5768 0.0681
      vertex 65.4847 -51.9915 0.0681
    endloop
  endfacet
  facet normal -0.38220333405073104 0.019461039328500435 -0.9238733026712915
    outer loop
      vertex 65.0762 -50.5291 0.2679
      vertex 65.4847 -51.9915 0.0681
      vertex 65.0016 -51.9942 0.2679
    endloop
  endfacet
  facet normal -0.1290206372296691 0.019147777150666255 -0.9914570277117606
    outer loop
      vertex 65.7657 -49.1692 0.0681
      vertex 66.0725 -50.6281 0
      vertex 65.5568 -50.5768 0.0681
    endloop
  endfacet
  facet normal -0.13025691195962702 0.0066385264383176795 -0.9914580509802065
    outer loop
      vertex 65.5568 -50.5768 0.0681
      vertex 66.0032 -51.9885 0
      vertex 65.4847 -51.9915 0.0681
    endloop
  endfacet
  facet normal -0.1302652736012042 0.006635830241519591 -0.9914569704483444
    outer loop
      vertex 65.5568 -50.5768 0.0681
      vertex 66.0725 -50.6281 0
      vertex 66.0032 -51.9885 0
    endloop
  endfacet
  facet normal -0.6081023520862968 0.03096337141877006 -0.7932545612963702
    outer loop
      vertex 64.6636 -50.488 0.5858
      vertex 65.0762 -50.5291 0.2679
      vertex 65.0016 -51.9942 0.2679
    endloop
  endfacet
  facet normal -0.3819600149678661 -0.023870147805777724 -0.9238705336839561
    outer loop
      vertex 65.4847 -51.9915 0.0681
      vertex 65.6749 -55.035 0.0681
      vertex 65.0016 -51.9942 0.2679
    endloop
  endfacet
  facet normal -0.13017145099359287 -0.008133882630616871 -0.9914581349202669
    outer loop
      vertex 65.4847 -51.9915 0.0681
      vertex 66.0032 -51.9885 0
      vertex 66.2528 -55.983 0
    endloop
  endfacet
  facet normal -0.3819429671214617 -0.02386590273396026 -0.923877691338603
    outer loop
      vertex 65.0016 -51.9942 0.2679
      vertex 65.6749 -55.035 0.0681
      vertex 65.1364 -54.1515 0.2679
    endloop
  endfacet
  facet normal -0.13017925020054147 -0.008135401146095532 -0.9914570984492556
    outer loop
      vertex 65.4847 -51.9915 0.0681
      vertex 66.2528 -55.983 0
      vertex 65.6749 -55.035 0.0681
    endloop
  endfacet
  facet normal 0 0 1
    outer loop
      vertex 43.4163 -59.4035 0
      vertex 66.2528 -55.983 0
      vertex 92.3437 -45.4035 0
    endloop
  endfacet
  facet normal -0.1968586977211634 0.3281151023875756 -0.9238977934364376
    outer loop
      vertex 71.6654 -39.5329 0.2679
      vertex 72.9318 -38.7731 0.2679
      vertex 71.9334 -39.9347 0.0681
    endloop
  endfacet
  facet normal -0.31323658087262723 0.522088452246766 -0.7932884043232967
    outer loop
      vertex 71.6654 -39.5329 0.2679
      vertex 72.7364 -38.4073 0.5858
      vertex 72.9318 -38.7731 0.2679
    endloop
  endfacet
  facet normal -0.31326525915376185 0.5221087652562707 -0.7932637106598908
    outer loop
      vertex 71.4354 -39.1879 0.5858
      vertex 72.7364 -38.4073 0.5858
      vertex 71.6654 -39.5329 0.2679
    endloop
  endfacet
  facet normal -0.4711123603110826 0.6383067267887765 -0.6087837600481132
    outer loop
      vertex 71.4354 -39.1879 0.5858
      vertex 70.2225 -40.0831 0.5858
      vertex 71.2588 -38.9232 1
    endloop
  endfacet
  facet normal -0.5486957914702569 0.7433594444336147 -0.38255674715547244
    outer loop
      vertex 71.2588 -38.9232 1
      vertex 70.0204 -39.8373 1
      vertex 71.1479 -38.7568 1.4824
    endloop
  endfacet
  facet normal -0.40818636795611174 0.6802764525464937 -0.6087756870355089
    outer loop
      vertex 71.4354 -39.1879 0.5858
      vertex 71.2588 -38.9232 1
      vertex 72.5864 -38.1266 1
    endloop
  endfacet
  facet normal -0.40815513342939047 0.6802585557156521 -0.6088166262766578
    outer loop
      vertex 71.4354 -39.1879 0.5858
      vertex 72.5864 -38.1266 1
      vertex 72.7364 -38.4073 0.5858
    endloop
  endfacet
  facet normal -0.47538085704709243 0.7922616442577497 -0.38253696264698256
    outer loop
      vertex 71.2588 -38.9232 1
      vertex 72.4922 -37.9502 1.4824
      vertex 72.5864 -38.1266 1
    endloop
  endfacet
  facet normal -0.2581527056143881 0.28247435347896127 -0.9238860428703392
    outer loop
      vertex 69.7393 -41.7393 0.0681
      vertex 70.4859 -40.4035 0.2679
      vertex 70.7927 -40.7766 0.0681
    endloop
  endfacet
  facet normal -0.22725187311396777 0.307883740337612 -0.9238853763329709
    outer loop
      vertex 70.4859 -40.4035 0.2679
      vertex 71.6654 -39.5329 0.2679
      vertex 70.7927 -40.7766 0.0681
    endloop
  endfacet
  facet normal -0.41070996478475347 0.44945540851080273 -0.7932888254519244
    outer loop
      vertex 69.3978 -41.3978 0.2679
      vertex 70.2225 -40.0831 0.5858
      vertex 70.4859 -40.4035 0.2679
    endloop
  endfacet
  facet normal -0.3615910548574439 0.48988817965122355 -0.7932600333340206
    outer loop
      vertex 71.4354 -39.1879 0.5858
      vertex 71.6654 -39.5329 0.2679
      vertex 70.4859 -40.4035 0.2679
    endloop
  endfacet
  facet normal -0.36155421134345583 0.4898671838008021 -0.793289792254308
    outer loop
      vertex 71.4354 -39.1879 0.5858
      vertex 70.4859 -40.4035 0.2679
      vertex 70.2225 -40.0831 0.5858
    endloop
  endfacet
  facet normal -0.0880158687730269 0.09630821249143699 -0.9914524371097353
    outer loop
      vertex 69.7393 -41.7393 0.0681
      vertex 70.7927 -40.7766 0.0681
      vertex 70.1056 -42.1056 0
    endloop
  endfacet
  facet normal -0.08798137780646807 0.09629062488123337 -0.9914572067009534
    outer loop
      vertex 70.7927 -40.7766 0.0681
      vertex 71.1219 -41.177 0
      vertex 70.1056 -42.1056 0
    endloop
  endfacet
  facet normal -0.22722098257373882 0.30786432453006923 -0.9238994440737959
    outer loop
      vertex 70.7927 -40.7766 0.0681
      vertex 71.6654 -39.5329 0.2679
      vertex 71.9334 -39.9347 0.0681
    endloop
  endfacet
  facet normal -0.07745522741529884 0.10494497910990838 -0.9914571292323562
    outer loop
      vertex 70.7927 -40.7766 0.0681
      vertex 71.9334 -39.9347 0.0681
      vertex 71.1219 -41.177 0
    endloop
  endfacet
  facet normal -0.07745101956861646 0.10494226421638539 -0.9914577453169249
    outer loop
      vertex 71.1219 -41.177 0
      vertex 71.9334 -39.9347 0.0681
      vertex 72.2209 -40.3659 0
    endloop
  endfacet
  facet normal -0.06710837906861034 0.11183817550327535 -0.9914578599007031
    outer loop
      vertex 71.9334 -39.9347 0.0681
      vertex 73.1593 -39.1991 0.0681
      vertex 72.2209 -40.3659 0
    endloop
  endfacet
  facet normal -0.4711735089386186 0.6383341794875681 -0.6087076472103851
    outer loop
      vertex 71.2588 -38.9232 1
      vertex 70.2225 -40.0831 0.5858
      vertex 70.0204 -39.8373 1
    endloop
  endfacet
  facet normal -0.19690811609230563 0.3281534251190284 -0.9238736512097471
    outer loop
      vertex 71.9334 -39.9347 0.0681
      vertex 72.9318 -38.7731 0.2679
      vertex 73.1593 -39.1991 0.0681
    endloop
  endfacet
  facet normal -0.05565256966632821 0.11795268220494184 -0.991458499509785
    outer loop
      vertex 73.1593 -39.1991 0.0681
      vertex 74.4475 -38.5913 0.0681
      vertex 73.4035 -39.6563 0
    endloop
  endfacet
  facet normal -0.1632999928995403 0.3461023734861283 -0.9238756731218105
    outer loop
      vertex 72.9318 -38.7731 0.2679
      vertex 74.2628 -38.1451 0.2679
      vertex 73.1593 -39.1991 0.0681
    endloop
  endfacet
  facet normal -0.25979893422013295 0.5506336568325325 -0.7932887807988438
    outer loop
      vertex 72.9318 -38.7731 0.2679
      vertex 72.7364 -38.4073 0.5858
      vertex 74.1043 -37.7619 0.5858
    endloop
  endfacet
  facet normal -0.20525896365943275 0.5732055548021677 -0.7932869277766997
    outer loop
      vertex 74.2628 -38.1451 0.2679
      vertex 74.1043 -37.7619 0.5858
      vertex 75.5302 -37.2513 0.5858
    endloop
  endfacet
  facet normal -0.16329714848306903 0.34609968192808244 -0.9238771841898569
    outer loop
      vertex 73.1593 -39.1991 0.0681
      vertex 74.2628 -38.1451 0.2679
      vertex 74.4475 -38.5913 0.0681
    endloop
  endfacet
  facet normal -0.05565322982415168 0.11795332210810716 -0.9914583863248125
    outer loop
      vertex 74.4475 -38.5913 0.0681
      vertex 74.6457 -39.0702 0
      vertex 73.4035 -39.6563 0
    endloop
  endfacet
  facet normal -0.0439705251247475 0.12278837702195702 -0.9914583235762194
    outer loop
      vertex 74.4475 -38.5913 0.0681
      vertex 75.7907 -38.1103 0.0681
      vertex 74.6457 -39.0702 0
    endloop
  endfacet
  facet normal -0.12903381938939404 0.3602821552649126 -0.9238760966988239
    outer loop
      vertex 74.2628 -38.1451 0.2679
      vertex 75.6505 -37.6481 0.2679
      vertex 74.4475 -38.5913 0.0681
    endloop
  endfacet
  facet normal -0.2598059986614384 0.5506397837872217 -0.7932822143287309
    outer loop
      vertex 72.9318 -38.7731 0.2679
      vertex 74.1043 -37.7619 0.5858
      vertex 74.2628 -38.1451 0.2679
    endloop
  endfacet
  facet normal -0.394186604373604 0.8355295840692669 -0.3827626354249403
    outer loop
      vertex 72.5864 -38.1266 1
      vertex 73.9061 -37.283 1.4824
      vertex 73.9826 -37.4679 1
    endloop
  endfacet
  facet normal -0.33853213566870755 0.7175055909222507 -0.6087542362192607
    outer loop
      vertex 72.7364 -38.4073 0.5858
      vertex 73.9826 -37.4679 1
      vertex 74.1043 -37.7619 0.5858
    endloop
  endfacet
  facet normal -0.3384915567696921 0.7174767140759745 -0.6088108333089784
    outer loop
      vertex 72.7364 -38.4073 0.5858
      vertex 72.5864 -38.1266 1
      vertex 73.9826 -37.4679 1
    endloop
  endfacet
  facet normal -0.26749624211986206 0.7469057581677541 -0.6087508101576579
    outer loop
      vertex 74.1043 -37.7619 0.5858
      vertex 73.9826 -37.4679 1
      vertex 75.4379 -36.9467 1
    endloop
  endfacet
  facet normal -0.3115106910875554 0.8698033552181835 -0.3826267274895262
    outer loop
      vertex 73.9826 -37.4679 1
      vertex 75.3798 -36.7553 1.4824
      vertex 75.4379 -36.9467 1
    endloop
  endfacet
  facet normal -0.06710514543127725 0.11183560454767172 -0.9914583687740518
    outer loop
      vertex 72.2209 -40.3659 0
      vertex 73.1593 -39.1991 0.0681
      vertex 73.4035 -39.6563 0
    endloop
  endfacet
  facet normal -0.5485846284139464 0.7433354301848407 -0.3827627773175576
    outer loop
      vertex 69.8933 -39.6827 1.4824
      vertex 71.1479 -38.7568 1.4824
      vertex 70.0204 -39.8373 1
    endloop
  endfacet
  facet normal -0.588775998808496 0.7976965145147397 -0.13047257933410247
    outer loop
      vertex 69.8933 -39.6827 1.4824
      vertex 69.85 -39.63 2
      vertex 71.11 -38.7 2
    endloop
  endfacet
  facet normal -0.5887153910077998 0.7977128518829172 -0.13064606512006602
    outer loop
      vertex 69.8933 -39.6827 1.4824
      vertex 71.11 -38.7 2
      vertex 71.1479 -38.7568 1.4824
    endloop
  endfacet
  facet normal -0.47536588578493266 0.7922568314662576 -0.3825655337676832
    outer loop
      vertex 71.2588 -38.9232 1
      vertex 71.1479 -38.7568 1.4824
      vertex 72.4922 -37.9502 1.4824
    endloop
  endfacet
  facet normal -0.5100863065555679 0.850143844259274 -0.13064227467616468
    outer loop
      vertex 71.1479 -38.7568 1.4824
      vertex 71.11 -38.7 2
      vertex 72.46 -37.89 2
    endloop
  endfacet
  facet normal -0.5100978000783848 0.850141919966986 -0.13060991643071806
    outer loop
      vertex 71.1479 -38.7568 1.4824
      vertex 72.46 -37.89 2
      vertex 72.4922 -37.9502 1.4824
    endloop
  endfacet
  facet normal -0.42306201539757593 0.896638898305309 -0.13060328163405036
    outer loop
      vertex 72.4922 -37.9502 1.4824
      vertex 72.46 -37.89 2
      vertex 73.88 -37.22 2
    endloop
  endfacet
  facet normal -0.4231100540838373 0.8966356496839564 -0.1304698963324562
    outer loop
      vertex 72.4922 -37.9502 1.4824
      vertex 73.88 -37.22 2
      vertex 73.9061 -37.283 1.4824
    endloop
  endfacet
  facet normal -0.39429767043819586 0.8355777521471275 -0.3825430266045449
    outer loop
      vertex 72.5864 -38.1266 1
      vertex 72.4922 -37.9502 1.4824
      vertex 73.9061 -37.283 1.4824
    endloop
  endfacet
  facet normal -0.3114445627233145 0.8697666327181136 -0.3827640121018138
    outer loop
      vertex 73.9826 -37.4679 1
      vertex 73.9061 -37.283 1.4824
      vertex 75.3798 -36.7553 1.4824
    endloop
  endfacet
  facet normal -0.33423249995378607 0.9334061686221232 -0.1305433274924872
    outer loop
      vertex 73.9061 -37.283 1.4824
      vertex 75.36 -36.69 2
      vertex 75.3798 -36.7553 1.4824
    endloop
  endfacet
  facet normal -0.33426061775581367 0.9334070080728389 -0.13046530840807122
    outer loop
      vertex 73.9061 -37.283 1.4824
      vertex 73.88 -37.22 2
      vertex 75.36 -36.69 2
    endloop
  endfacet
  facet normal 0 0 -1
    outer loop
      vertex 66.274 -49.2702 0
      vertex 92.3437 -45.4035 0
      vertex 66.0725 -50.6281 0
    endloop
  endfacet
  facet normal 0 0 -1
    outer loop
      vertex 66.0725 -50.6281 0
      vertex 92.3437 -45.4035 0
      vertex 66.0032 -51.9885 0
    endloop
  endfacet
  facet normal -0.09279509028136224 0.37123247855891767 -0.9238915077446467
    outer loop
      vertex 75.6505 -37.6481 0.2679
      vertex 77.0751 -37.292 0.2679
      vertex 75.7907 -38.1103 0.0681
    endloop
  endfacet
  facet normal -0.20531142414710712 0.5732608919294561 -0.7932333634555037
    outer loop
      vertex 74.2628 -38.1451 0.2679
      vertex 75.5302 -37.2513 0.5858
      vertex 75.6505 -37.6481 0.2679
    endloop
  endfacet
  facet normal -0.14771178208667968 0.5907260861871245 -0.7932363585532495
    outer loop
      vertex 75.6505 -37.6481 0.2679
      vertex 75.5302 -37.2513 0.5858
      vertex 76.9943 -36.8852 0.5858
    endloop
  endfacet
  facet normal -0.129005314189993 0.3602493513929315 -0.9238928691854449
    outer loop
      vertex 74.4475 -38.5913 0.0681
      vertex 75.6505 -37.6481 0.2679
      vertex 75.7907 -38.1103 0.0681
    endloop
  endfacet
  facet normal -0.04397334461074509 0.12279170210984894 -0.9914577867245337
    outer loop
      vertex 74.6457 -39.0702 0
      vertex 75.7907 -38.1103 0.0681
      vertex 75.9411 -38.6063 0
    endloop
  endfacet
  facet normal -0.09280480355404806 0.37124614538379447 -0.9238850404541514
    outer loop
      vertex 75.7907 -38.1103 0.0681
      vertex 77.0751 -37.292 0.2679
      vertex 77.1692 -37.7657 0.0681
    endloop
  endfacet
  facet normal -0.14763665499451656 0.5906295386273277 -0.793322233523617
    outer loop
      vertex 75.6505 -37.6481 0.2679
      vertex 76.9943 -36.8852 0.5858
      vertex 77.0751 -37.292 0.2679
    endloop
  endfacet
  facet normal -0.0316312422684233 0.12653414819216954 -0.99145780235663
    outer loop
      vertex 75.7907 -38.1103 0.0681
      vertex 77.1692 -37.7657 0.0681
      vertex 75.9411 -38.6063 0
    endloop
  endfacet
  facet normal -0.031638556949810104 0.12654470671680096 -0.9914562213815052
    outer loop
      vertex 75.9411 -38.6063 0
      vertex 77.1692 -37.7657 0.0681
      vertex 77.2702 -38.274 0
    endloop
  endfacet
  facet normal -0.26744243843850124 0.746858936485431 -0.6088318906840535
    outer loop
      vertex 74.1043 -37.7619 0.5858
      vertex 75.4379 -36.9467 1
      vertex 75.5302 -37.2513 0.5858
    endloop
  endfacet
  facet normal -0.1924019535636516 0.7696078142545992 -0.6088393059774876
    outer loop
      vertex 75.5302 -37.2513 0.5858
      vertex 75.4379 -36.9467 1
      vertex 76.9323 -36.5731 1
    endloop
  endfacet
  facet normal -0.19245555364623224 0.7696645072205591 -0.6087506929734504
    outer loop
      vertex 75.5302 -37.2513 0.5858
      vertex 76.9323 -36.5731 1
      vertex 76.9943 -36.8852 0.5858
    endloop
  endfacet
  facet normal -0.1164635403444251 0.7847644924534692 -0.6087535914922322
    outer loop
      vertex 76.9943 -36.8852 0.5858
      vertex 76.9323 -36.5731 1
      vertex 78.4565 -36.3469 1
    endloop
  endfacet
  facet normal -0.22407629039555718 0.8963051615822202 -0.38265764516553985
    outer loop
      vertex 75.4379 -36.9467 1
      vertex 76.8933 -36.3769 1.4824
      vertex 76.9323 -36.5731 1
    endloop
  endfacet
  facet normal -0.05617467745069576 0.3785135279061729 -0.9238895576882192
    outer loop
      vertex 77.1692 -37.7657 0.0681
      vertex 78.5291 -37.0762 0.2679
      vertex 78.5768 -37.5568 0.0681
    endloop
  endfacet
  facet normal -0.05617954149677384 0.37852202658159506 -0.9238857800127537
    outer loop
      vertex 77.0751 -37.292 0.2679
      vertex 78.5291 -37.0762 0.2679
      vertex 77.1692 -37.7657 0.0681
    endloop
  endfacet
  facet normal -0.08939020530484089 0.6022861840279756 -0.7932595689461162
    outer loop
      vertex 77.0751 -37.292 0.2679
      vertex 78.488 -36.6636 0.5858
      vertex 78.5291 -37.0762 0.2679
    endloop
  endfacet
  facet normal -0.08934161445829875 0.6022092487200547 -0.7933234502282231
    outer loop
      vertex 77.0751 -37.292 0.2679
      vertex 76.9943 -36.8852 0.5858
      vertex 78.488 -36.6636 0.5858
    endloop
  endfacet
  facet normal -0.019148643658204463 0.12902647588936647 -0.9914562511606964
    outer loop
      vertex 77.1692 -37.7657 0.0681
      vertex 78.5768 -37.5568 0.0681
      vertex 77.2702 -38.274 0
    endloop
  endfacet
  facet normal -0.019145521751059942 0.12902086345292274 -0.9914570418282085
    outer loop
      vertex 77.2702 -38.274 0
      vertex 78.5768 -37.5568 0.0681
      vertex 78.6281 -38.0725 0
    endloop
  endfacet
  facet normal -0.006635913253501961 0.13026526541218328 -0.9914569709686777
    outer loop
      vertex 78.5768 -37.5568 0.0681
      vertex 80 -37.4843 0.0681
      vertex 78.6281 -38.0725 0
    endloop
  endfacet
  facet normal -0.019459969428025168 0.3821584650424887 -0.9238918860917814
    outer loop
      vertex 78.5768 -37.5568 0.0681
      vertex 78.5291 -37.0762 0.2679
      vertex 80 -37.0013 0.2679
    endloop
  endfacet
  facet normal -0.019468733554324196 0.3821779530277535 -0.923883640202221
    outer loop
      vertex 78.5768 -37.5568 0.0681
      vertex 80 -37.0013 0.2679
      vertex 80 -37.4843 0.0681
    endloop
  endfacet
  facet normal -0.03100820731366382 0.6080986959566638 -0.7932556126842077
    outer loop
      vertex 78.5291 -37.0762 0.2679
      vertex 78.488 -36.6636 0.5858
      vertex 80 -36.5865 0.5858
    endloop
  endfacet
  facet normal -0.030960262865806294 0.6080033464528007 -0.7933305697031192
    outer loop
      vertex 78.5291 -37.0762 0.2679
      vertex 80 -36.5865 0.5858
      vertex 80 -37.0013 0.2679
    endloop
  endfacet
  facet normal -0.00663734359190183 0.1302685504110228 -0.9914565297802288
    outer loop
      vertex 78.6281 -38.0725 0
      vertex 80 -37.4843 0.0681
      vertex 80 -38.0026 0
    endloop
  endfacet
  facet normal -0.11641570510117846 0.7847027920109862 -0.6088422717058649
    outer loop
      vertex 76.9943 -36.8852 0.5858
      vertex 78.4565 -36.3469 1
      vertex 78.488 -36.6636 0.5858
    endloop
  endfacet
  facet normal -0.13563164486110055 0.9139246379190616 -0.3825517129967977
    outer loop
      vertex 76.9323 -36.5731 1
      vertex 78.4368 -36.1479 1.4824
      vertex 78.4565 -36.3469 1
    endloop
  endfacet
  facet normal -0.04034475744106694 0.7922663245584093 -0.6088401855312532
    outer loop
      vertex 78.488 -36.6636 0.5858
      vertex 78.4565 -36.3469 1
      vertex 80 -36.2683 1
    endloop
  endfacet
  facet normal -0.04040410263082013 0.7923606119040061 -0.6087135362333478
    outer loop
      vertex 78.488 -36.6636 0.5858
      vertex 80 -36.2683 1
      vertex 80 -36.5865 0.5858
    endloop
  endfacet
  facet normal -0.04698520311660426 0.92266744288147 -0.3827233733843031
    outer loop
      vertex 78.4565 -36.3469 1
      vertex 80 -36.0682 1.4824
      vertex 80 -36.2683 1
    endloop
  endfacet
  facet normal 0 0 -1
    outer loop
      vertex 71.1219 -41.177 0
      vertex 92.3437 -45.4035 0
      vertex 70.1056 -42.1056 0
    endloop
  endfacet
  facet normal 0 0 -1
    outer loop
      vertex 71.1219 -41.177 0
      vertex 72.2209 -40.3659 0
      vertex 92.3437 -45.4035 0
    endloop
  endfacet
  facet normal 0 0 -1
    outer loop
      vertex 72.2209 -40.3659 0
      vertex 73.4035 -39.6563 0
      vertex 92.3437 -45.4035 0
    endloop
  endfacet
  facet normal -0.22409418218293145 0.8963175072248046 -0.38261824806728123
    outer loop
      vertex 75.4379 -36.9467 1
      vertex 75.3798 -36.7553 1.4824
      vertex 76.8933 -36.3769 1.4824
    endloop
  endfacet
  facet normal -0.24046014733639612 0.9618405893455936 -0.13054347256864243
    outer loop
      vertex 75.3798 -36.7553 1.4824
      vertex 75.36 -36.69 2
      vertex 76.88 -36.31 2
    endloop
  endfacet
  facet normal -0.13558815937759577 0.9138878777262925 -0.38265493330352973
    outer loop
      vertex 76.9323 -36.5731 1
      vertex 76.8933 -36.3769 1.4824
      vertex 78.4368 -36.1479 1.4824
    endloop
  endfacet
  facet normal -0.24047656161751102 0.9618426955816652 -0.13049770982210873
    outer loop
      vertex 75.3798 -36.7553 1.4824
      vertex 76.88 -36.31 2
      vertex 76.8933 -36.3769 1.4824
    endloop
  endfacet
  facet normal -0.14552479143962324 0.9807105510061468 -0.13049655252792747
    outer loop
      vertex 76.8933 -36.3769 1.4824
      vertex 76.88 -36.31 2
      vertex 78.43 -36.08 2
    endloop
  endfacet
  facet normal -0.14550145174383416 0.9807051998541926 -0.13056277616298126
    outer loop
      vertex 76.8933 -36.3769 1.4824
      vertex 78.43 -36.08 2
      vertex 78.4368 -36.1479 1.4824
    endloop
  endfacet
  facet normal -0.04704551092192339 0.9227295191110173 -0.38256627460251363
    outer loop
      vertex 78.4565 -36.3469 1
      vertex 78.4368 -36.1479 1.4824
      vertex 80 -36.0682 1.4824
    endloop
  endfacet
  facet normal -0.0504538391462425 0.9901565932450261 -0.13055393892490966
    outer loop
      vertex 78.4368 -36.1479 1.4824
      vertex 78.43 -36.08 2
      vertex 80 -36 2
    endloop
  endfacet
  facet normal -0.05048380199722041 0.9901666158350334 -0.1304663122100979
    outer loop
      vertex 78.4368 -36.1479 1.4824
      vertex 80 -36 2
      vertex 80 -36.0682 1.4824
    endloop
  endfacet
  facet normal 0 0 -1
    outer loop
      vertex 68.3659 -44.2209 0
      vertex 92.3437 -45.4035 0
      vertex 67.6563 -45.4035 0
    endloop
  endfacet
  facet normal 0 0 -1
    outer loop
      vertex 67.0702 -46.6457 0
      vertex 67.6563 -45.4035 0
      vertex 92.3437 -45.4035 0
    endloop
  endfacet
  facet normal 0 0 -1
    outer loop
      vertex 68.3659 -44.2209 0
      vertex 69.177 -43.1219 0
      vertex 92.3437 -45.4035 0
    endloop
  endfacet
  facet normal 0 0 -1
    outer loop
      vertex 69.177 -43.1219 0
      vertex 70.1056 -42.1056 0
      vertex 92.3437 -45.4035 0
    endloop
  endfacet
  facet normal 0 0 -1
    outer loop
      vertex 66.6063 -47.9411 0
      vertex 67.0702 -46.6457 0
      vertex 92.3437 -45.4035 0
    endloop
  endfacet
  facet normal 0 0 -1
    outer loop
      vertex 66.6063 -47.9411 0
      vertex 92.3437 -45.4035 0
      vertex 66.274 -49.2702 0
    endloop
  endfacet
  facet normal 0 0 -1
    outer loop
      vertex 66.0032 -51.9885 0
      vertex 92.3437 -45.4035 0
      vertex 66.2528 -55.983 0
    endloop
  endfacet
  facet normal -0.9701425001453327 0.24253562503632978 0
    outer loop
      vertex 64.69 -47.36 2
      vertex 64.31 -48.88 2
      vertex 64.69 -47.36 20
    endloop
  endfacet
  facet normal -0.9891691709581986 0.1467799414970258 0
    outer loop
      vertex 64.31 -48.88 2
      vertex 64.08 -50.43 2
      vertex 64.31 -48.88 20
    endloop
  endfacet
  facet normal -0.8045740795857689 0.5938522968371114 0
    outer loop
      vertex 67.63 -41.85 2
      vertex 66.7 -43.11 2
      vertex 67.63 -41.85 20
    endloop
  endfacet
  facet normal -0.7382098828926563 0.674571099884668 0
    outer loop
      vertex 67.63 -41.85 2
      vertex 68.69 -40.69 20
      vertex 68.69 -40.69 2
    endloop
  endfacet
  facet normal -0.6745710998846677 0.7382098828926564 0
    outer loop
      vertex 68.69 -40.69 2
      vertex 69.85 -39.63 20
      vertex 69.85 -39.63 2
    endloop
  endfacet
  facet normal -0.9414537308125955 0.3371422144126201 0
    outer loop
      vertex 64.69 -47.36 2
      vertex 65.22 -45.88 20
      vertex 65.22 -45.88 2
    endloop
  endfacet
  facet normal -0.9043852206147877 0.42671697029007644 0
    outer loop
      vertex 65.89 -44.46 2
      vertex 65.22 -45.88 2
      vertex 65.89 -44.46 20
    endloop
  endfacet
  facet normal -0.8574929257125438 0.5144957554275272 0
    outer loop
      vertex 65.89 -44.46 2
      vertex 66.7 -43.11 20
      vertex 66.7 -43.11 2
    endloop
  endfacet
  facet normal 0.24253562503633083 0.9701425001453324 0
    outer loop
      vertex 58.88 -50.31 2
      vertex 60.4 -50.69 20
      vertex 60.4 -50.69 2
    endloop
  endfacet
  facet normal 0.33714221441261866 0.941453730812596 0
    outer loop
      vertex 60.4 -50.69 2
      vertex 61.88 -51.22 20
      vertex 61.88 -51.22 2
    endloop
  endfacet
  facet normal 0.42671697029007816 0.9043852206147868 0
    outer loop
      vertex 61.88 -51.22 2
      vertex 63.3 -51.89 20
      vertex 63.3 -51.89 2
    endloop
  endfacet
  facet normal -0.9987042955241727 0.050889390854733825 0
    outer loop
      vertex 64.08 -50.43 2
      vertex 64 -52 2
      vertex 64.08 -50.43 20
    endloop
  endfacet
  facet normal 0.5127411190260192 0.8585432690668221 0
    outer loop
      vertex 63.3 -51.89 2
      vertex 64.02 -52.32 20
      vertex 64.02 -52.32 2
    endloop
  endfacet
  facet normal -0.9980525784828892 -0.06237828615516811 0
    outer loop
      vertex 64 -52 2
      vertex 64.02 -52.32 2
      vertex 64 -52 20
    endloop
  endfacet
  facet normal -0.5938522968371122 0.8045740795857684 0
    outer loop
      vertex 69.85 -39.63 2
      vertex 71.11 -38.7 20
      vertex 71.11 -38.7 2
    endloop
  endfacet
  facet normal -0.5144957554275292 0.8574929257125427 0
    outer loop
      vertex 71.11 -38.7 2
      vertex 72.46 -37.89 20
      vertex 72.46 -37.89 2
    endloop
  endfacet
  facet normal -0.42671697029007644 0.9043852206147877 0
    outer loop
      vertex 72.46 -37.89 2
      vertex 73.88 -37.22 20
      vertex 73.88 -37.22 2
    endloop
  endfacet
  facet normal -0.33714221441261866 0.941453730812596 0
    outer loop
      vertex 73.88 -37.22 2
      vertex 75.36 -36.69 20
      vertex 75.36 -36.69 2
    endloop
  endfacet
  facet normal -0.24253562503633083 0.9701425001453324 0
    outer loop
      vertex 75.36 -36.69 2
      vertex 76.88 -36.31 20
      vertex 76.88 -36.31 2
    endloop
  endfacet
  facet normal -0.1467799414970245 0.9891691709581988 0
    outer loop
      vertex 76.88 -36.31 2
      vertex 78.43 -36.08 20
      vertex 78.43 -36.08 2
    endloop
  endfacet
  facet normal -0.05088939085473405 0.9987042955241726 0
    outer loop
      vertex 78.43 -36.08 2
      vertex 80 -36 20
      vertex 80 -36 2
    endloop
  endfacet
  facet normal 0 0 -1
    outer loop
      vertex 44.1259 -73.7791 0
      vertex 92.3437 -45.4035 0
      vertex 44.937 -74.8781 0
    endloop
  endfacet
  facet normal 0 0 -1
    outer loop
      vertex 44.937 -74.8781 0
      vertex 92.3437 -45.4035 0
      vertex 45.8656 -75.8944 0
    endloop
  endfacet
  facet normal 0 0 -1
    outer loop
      vertex 45.8656 -75.8944 0
      vertex 92.3437 -45.4035 0
      vertex 46.8819 -76.823 0
    endloop
  endfacet
  facet normal 0 0 -1
    outer loop
      vertex 46.8819 -76.823 0
      vertex 92.3437 -45.4035 0
      vertex 47.9829 -77.6357 0
    endloop
  endfacet
  facet normal 0 0 1
    outer loop
      vertex 44.937 -85.1219 0
      vertex 51.901 -80 0
      vertex 92.3437 -45.4035 0
    endloop
  endfacet
  facet normal 0 0 -1
    outer loop
      vertex 47.9829 -77.6357 0
      vertex 92.3437 -45.4035 0
      vertex 51.901 -80 0
    endloop
  endfacet
  facet normal 0 0 -1
    outer loop
      vertex 44.1259 -86.2209 0
      vertex 44.937 -85.1219 0
      vertex 92.3437 -45.4035 0
    endloop
  endfacet
  facet normal 0 0 -1
    outer loop
      vertex 43.4163 -87.4035 0
      vertex 44.1259 -86.2209 0
      vertex 92.3437 -45.4035 0
    endloop
  endfacet
  facet normal 0 0 -1
    outer loop
      vertex 43.4163 -100.5965 0
      vertex 92.3437 -45.4035 0
      vertex 44.1259 -101.7791 0
    endloop
  endfacet
  facet normal 0 0 -1
    outer loop
      vertex 44.1259 -101.7791 0
      vertex 92.3437 -45.4035 0
      vertex 44.937 -102.8781 0
    endloop
  endfacet
  facet normal 0 0 -1
    outer loop
      vertex 44.937 -102.8781 0
      vertex 92.3437 -45.4035 0
      vertex 45.8656 -103.8944 0
    endloop
  endfacet
  facet normal 0 0 -1
    outer loop
      vertex 45.8656 -103.8944 0
      vertex 92.3437 -45.4035 0
      vertex 46.8819 -104.823 0
    endloop
  endfacet
  facet normal 0 0 -1
    outer loop
      vertex 46.8819 -104.823 0
      vertex 92.3437 -45.4035 0
      vertex 47.9809 -105.6341 0
    endloop
  endfacet
  facet normal 0 0 -1
    outer loop
      vertex 47.9809 -105.6341 0
      vertex 92.3437 -45.4035 0
      vertex 49.1635 -106.3437 0
    endloop
  endfacet
  facet normal 0 0 -1
    outer loop
      vertex 49.1635 -106.3437 0
      vertex 92.3437 -45.4035 0
      vertex 50.4057 -106.9298 0
    endloop
  endfacet
  facet normal 0 0 -1
    outer loop
      vertex 50.4057 -106.9298 0
      vertex 92.3437 -45.4035 0
      vertex 51.7011 -107.3937 0
    endloop
  endfacet
  facet normal 0 0 -1
    outer loop
      vertex 51.7011 -107.3937 0
      vertex 92.3437 -45.4035 0
      vertex 53.0302 -107.726 0
    endloop
  endfacet
  facet normal 0 0 -1
    outer loop
      vertex 53.0302 -107.726 0
      vertex 92.3437 -45.4035 0
      vertex 54.3881 -107.9275 0
    endloop
  endfacet
  facet normal 0 0 -1
    outer loop
      vertex 54.3881 -107.9275 0
      vertex 92.3437 -45.4035 0
      vertex 55.76 -107.9974 0
    endloop
  endfacet
  facet normal 0 0 -1
    outer loop
      vertex 55.76 -107.9974 0
      vertex 92.3437 -45.4035 0
      vertex 57.1319 -107.9275 0
    endloop
  endfacet
  facet normal 0 0 -1
    outer loop
      vertex 57.1319 -107.9275 0
      vertex 92.3437 -45.4035 0
      vertex 58.4898 -107.726 0
    endloop
  endfacet
  facet normal 0 0 -1
    outer loop
      vertex 59.8189 -107.3937 0
      vertex 92.3437 -45.4035 0
      vertex 61.1143 -106.9298 0
    endloop
  endfacet
  facet normal 0 0 -1
    outer loop
      vertex 58.4898 -107.726 0
      vertex 92.3437 -45.4035 0
      vertex 59.8189 -107.3937 0
    endloop
  endfacet
  facet normal 0 0 -1
    outer loop
      vertex 61.1143 -106.9298 0
      vertex 92.3437 -45.4035 0
      vertex 62.3583 -106.3429 0
    endloop
  endfacet
  facet normal 0 0 -1
    outer loop
      vertex 66.2528 -104.017 0
      vertex 62.3583 -106.3429 0
      vertex 92.3437 -45.4035 0
    endloop
  endfacet
  facet normal 0 0 -1
    outer loop
      vertex 66.2528 -104.017 0
      vertex 92.3437 -45.4035 0
      vertex 66.0032 -108.0115 0
    endloop
  endfacet
  facet normal 0 0 -1
    outer loop
      vertex 66.0032 -108.0115 0
      vertex 92.3437 -45.4035 0
      vertex 66.0725 -109.3719 0
    endloop
  endfacet
  facet normal 0 0 -1
    outer loop
      vertex 66.0725 -109.3719 0
      vertex 92.3437 -45.4035 0
      vertex 66.274 -110.7298 0
    endloop
  endfacet
  facet normal 0 0 -1
    outer loop
      vertex 66.274 -110.7298 0
      vertex 92.3437 -45.4035 0
      vertex 66.6074 -112.0634 0
    endloop
  endfacet
  facet normal 0 0 -1
    outer loop
      vertex 66.6074 -112.0634 0
      vertex 92.3437 -45.4035 0
      vertex 67.2758 -113.957 0
    endloop
  endfacet
  facet normal 0 0 -1
    outer loop
      vertex 67.0573 -114.667 0
      vertex 67.2758 -113.957 0
      vertex 92.3437 -45.4035 0
    endloop
  endfacet
  facet normal 0 0 -1
    outer loop
      vertex 67.0573 -114.667 0
      vertex 92.3437 -45.4035 0
      vertex 67.0197 -114.8176 0
    endloop
  endfacet
  facet normal 0 0 -1
    outer loop
      vertex 67.0197 -114.8176 0
      vertex 92.3437 -45.4035 0
      vertex 67.0043 -114.9097 0
    endloop
  endfacet
  facet normal 0 0 -1
    outer loop
      vertex 67.0043 -114.9097 0
      vertex 92.3437 -45.4035 0
      vertex 67 -115.0345 0
    endloop
  endfacet
  facet normal -0.8045740795857668 0.5938522968371144 0
    outer loop
      vertex 42.46 -57.11 2
      vertex 42.46 -57.11 20
      vertex 43.39 -55.85 20
    endloop
  endfacet
  facet normal -0.7382098828926563 0.674571099884668 0
    outer loop
      vertex 43.39 -55.85 2
      vertex 43.39 -55.85 20
      vertex 44.45 -54.69 20
    endloop
  endfacet
  facet normal -0.8574929257125438 0.5144957554275272 0
    outer loop
      vertex 41.65 -58.46 2
      vertex 41.65 -58.46 20
      vertex 42.46 -57.11 20
    endloop
  endfacet
  facet normal -0.9043852206147877 0.42671697029007644 0
    outer loop
      vertex 40.98 -59.88 2
      vertex 40.98 -59.88 20
      vertex 41.65 -58.46 20
    endloop
  endfacet
  facet normal -0.9414537308125969 0.33714221441261605 0
    outer loop
      vertex 40.45 -61.36 2
      vertex 40.45 -61.36 20
      vertex 40.98 -59.88 20
    endloop
  endfacet
  facet normal -0.9701425001453317 0.24253562503633402 0
    outer loop
      vertex 40.07 -62.88 2
      vertex 40.07 -62.88 20
      vertex 40.45 -61.36 20
    endloop
  endfacet
  facet normal -0.9891691709581992 0.1467799414970207 0
    outer loop
      vertex 39.84 -64.43 2
      vertex 39.84 -64.43 20
      vertex 40.07 -62.88 20
    endloop
  endfacet
  facet normal -0.5938522968371144 0.8045740795857668 0
    outer loop
      vertex 45.61 -53.63 2
      vertex 45.61 -53.63 20
      vertex 46.87 -52.7 20
    endloop
  endfacet
  facet normal -0.6745710998846677 0.7382098828926564 0
    outer loop
      vertex 44.45 -54.69 2
      vertex 44.45 -54.69 20
      vertex 45.61 -53.63 20
    endloop
  endfacet
  facet normal -0.5144957554275272 0.8574929257125438 0
    outer loop
      vertex 46.87 -52.7 2
      vertex 46.87 -52.7 20
      vertex 48.22 -51.89 20
    endloop
  endfacet
  facet normal -0.42671697029007644 0.9043852206147877 0
    outer loop
      vertex 48.22 -51.89 2
      vertex 48.22 -51.89 20
      vertex 49.64 -51.22 20
    endloop
  endfacet
  facet normal -0.3371422144126201 0.9414537308125955 0
    outer loop
      vertex 49.64 -51.22 2
      vertex 49.64 -51.22 20
      vertex 51.12 -50.69 20
    endloop
  endfacet
  facet normal -0.24253562503632978 0.9701425001453327 0
    outer loop
      vertex 51.12 -50.69 2
      vertex 51.12 -50.69 20
      vertex 52.64 -50.31 20
    endloop
  endfacet
  facet normal -0.1467799414970258 0.9891691709581986 0
    outer loop
      vertex 52.64 -50.31 2
      vertex 52.64 -50.31 20
      vertex 54.19 -50.08 20
    endloop
  endfacet
  facet normal -0.050889390854733825 0.9987042955241727 0
    outer loop
      vertex 54.19 -50.08 2
      vertex 54.19 -50.08 20
      vertex 55.76 -50 20
    endloop
  endfacet
  facet normal 0.050889390854733825 0.9987042955241727 0
    outer loop
      vertex 55.76 -50 2
      vertex 55.76 -50 20
      vertex 57.33 -50.08 20
    endloop
  endfacet
  facet normal 0.14677994149702514 0.9891691709581986 0
    outer loop
      vertex 57.33 -50.08 2
      vertex 57.33 -50.08 20
      vertex 58.88 -50.31 20
    endloop
  endfacet
  facet normal 0.24253562503633083 0.9701425001453324 0
    outer loop
      vertex 58.88 -50.31 2
      vertex 58.88 -50.31 20
      vertex 60.4 -50.69 20
    endloop
  endfacet
  facet normal 0 0 1
    outer loop
      vertex 43.39 -55.85 20
      vertex 41.65 -58.46 20
      vertex 44.45 -54.69 20
    endloop
  endfacet
  facet normal 0 0 1
    outer loop
      vertex 41.65 -58.46 20
      vertex 46.87 -52.7 20
      vertex 45.61 -53.63 20
    endloop
  endfacet
  facet normal 0 0 1
    outer loop
      vertex 44.45 -54.69 20
      vertex 41.65 -58.46 20
      vertex 45.61 -53.63 20
    endloop
  endfacet
  facet normal 0 0 1
    outer loop
      vertex 43.39 -55.85 20
      vertex 42.46 -57.11 20
      vertex 41.65 -58.46 20
    endloop
  endfacet
  facet normal 0 0 1
    outer loop
      vertex 41.65 -58.46 20
      vertex 48.22 -51.89 20
      vertex 46.87 -52.7 20
    endloop
  endfacet
  facet normal 0 0 1
    outer loop
      vertex 41.65 -58.46 20
      vertex 49.64 -51.22 20
      vertex 48.22 -51.89 20
    endloop
  endfacet
  facet normal 0 0 1
    outer loop
      vertex 41.65 -58.46 20
      vertex 51.12 -50.69 20
      vertex 49.64 -51.22 20
    endloop
  endfacet
  facet normal 0 0 1
    outer loop
      vertex 41.65 -58.46 20
      vertex 52.64 -50.31 20
      vertex 51.12 -50.69 20
    endloop
  endfacet
  facet normal 0 0 1
    outer loop
      vertex 41.65 -58.46 20
      vertex 54.19 -50.08 20
      vertex 52.64 -50.31 20
    endloop
  endfacet
  facet normal 0 0 1
    outer loop
      vertex 41.65 -58.46 20
      vertex 55.76 -50 20
      vertex 54.19 -50.08 20
    endloop
  endfacet
  facet normal 0 0 1
    outer loop
      vertex 41.65 -58.46 20
      vertex 57.33 -50.08 20
      vertex 55.76 -50 20
    endloop
  endfacet
  facet normal 0 0 1
    outer loop
      vertex 41.65 -58.46 20
      vertex 58.88 -50.31 20
      vertex 57.33 -50.08 20
    endloop
  endfacet
  facet normal 0 0 1
    outer loop
      vertex 41.65 -58.46 20
      vertex 60.4 -50.69 20
      vertex 58.88 -50.31 20
    endloop
  endfacet
  facet normal 0 0 1
    outer loop
      vertex 41.65 -58.46 20
      vertex 61.88 -51.22 20
      vertex 60.4 -50.69 20
    endloop
  endfacet
  facet normal 0 0 1
    outer loop
      vertex 41.65 -58.46 20
      vertex 63.3 -51.89 20
      vertex 61.88 -51.22 20
    endloop
  endfacet
  facet normal 0 0 1
    outer loop
      vertex 41.65 -58.46 20
      vertex 64.02 -52.32 20
      vertex 63.3 -51.89 20
    endloop
  endfacet
  facet normal 0 0 1
    outer loop
      vertex 40.98 -59.88 20
      vertex 40.45 -61.36 20
      vertex 94.11 -44.46 20
    endloop
  endfacet
  facet normal 0 0 1
    outer loop
      vertex 40.45 -61.36 20
      vertex 40.07 -62.88 20
      vertex 94.11 -44.46 20
    endloop
  endfacet
  facet normal 0 0 1
    outer loop
      vertex 40.98 -59.88 20
      vertex 94.11 -44.46 20
      vertex 41.65 -58.46 20
    endloop
  endfacet
  facet normal 0 0 1
    outer loop
      vertex 39.84 -64.43 20
      vertex 39.76 -66 20
      vertex 94.11 -44.46 20
    endloop
  endfacet
  facet normal 0 0 1
    outer loop
      vertex 40.07 -62.88 20
      vertex 39.84 -64.43 20
      vertex 94.11 -44.46 20
    endloop
  endfacet
  facet normal 0 0 1
    outer loop
      vertex 39.76 -66 20
      vertex 39.84 -67.57 20
      vertex 94.11 -44.46 20
    endloop
  endfacet
  facet normal 0 0 1
    outer loop
      vertex 39.84 -67.57 20
      vertex 40.07 -69.12 20
      vertex 94.11 -44.46 20
    endloop
  endfacet
  facet normal 0 0 1
    outer loop
      vertex 40.07 -69.12 20
      vertex 40.45 -70.64 20
      vertex 94.11 -44.46 20
    endloop
  endfacet
  facet normal 0 0 1
    outer loop
      vertex 40.45 -70.64 20
      vertex 40.98 -72.12 20
      vertex 94.11 -44.46 20
    endloop
  endfacet
  facet normal 0 0 1
    outer loop
      vertex 40.98 -72.12 20
      vertex 41.65 -73.54 20
      vertex 94.11 -44.46 20
    endloop
  endfacet
  facet normal -0.9987042955241725 0.050889390854738564 0
    outer loop
      vertex 39.76 -66 2
      vertex 39.76 -66 20
      vertex 39.84 -64.43 20
    endloop
  endfacet
  facet normal -0.9987042955241725 -0.050889390854738564 0
    outer loop
      vertex 39.84 -67.57 2
      vertex 39.84 -67.57 20
      vertex 39.76 -66 20
    endloop
  endfacet
  facet normal -0.9891691709581993 -0.14677994149702006 0
    outer loop
      vertex 40.07 -69.12 2
      vertex 40.07 -69.12 20
      vertex 39.84 -67.57 20
    endloop
  endfacet
  facet normal -0.9701425001453313 -0.2425356250363351 0
    outer loop
      vertex 40.45 -70.64 2
      vertex 40.45 -70.64 20
      vertex 40.07 -69.12 20
    endloop
  endfacet
  facet normal -0.9414537308125974 -0.33714221441261466 0
    outer loop
      vertex 40.98 -72.12 2
      vertex 40.98 -72.12 20
      vertex 40.45 -70.64 20
    endloop
  endfacet
  facet normal -0.9043852206147877 -0.42671697029007644 0
    outer loop
      vertex 41.65 -73.54 2
      vertex 41.65 -73.54 20
      vertex 40.98 -72.12 20
    endloop
  endfacet
  facet normal -0.8574929257125427 -0.5144957554275292 0
    outer loop
      vertex 42.46 -74.89 2
      vertex 42.46 -74.89 20
      vertex 41.65 -73.54 20
    endloop
  endfacet
  facet normal -0.8045740795857684 -0.5938522968371122 0
    outer loop
      vertex 43.39 -76.15 2
      vertex 43.39 -76.15 20
      vertex 42.46 -74.89 20
    endloop
  endfacet
  facet normal -0.7382098828926542 -0.6745710998846702 0
    outer loop
      vertex 44.45 -77.31 2
      vertex 44.45 -77.31 20
      vertex 43.39 -76.15 20
    endloop
  endfacet
  facet normal -0.8045740795857684 0.5938522968371122 0
    outer loop
      vertex 42.46 -85.11 2
      vertex 42.46 -85.11 20
      vertex 43.39 -83.85 20
    endloop
  endfacet
  facet normal -0.7382098828926542 0.6745710998846702 0
    outer loop
      vertex 43.39 -83.85 2
      vertex 43.39 -83.85 20
      vertex 44.45 -82.69 20
    endloop
  endfacet
  facet normal -0.8574929257125427 0.5144957554275292 0
    outer loop
      vertex 41.65 -86.46 2
      vertex 41.65 -86.46 20
      vertex 42.46 -85.11 20
    endloop
  endfacet
  facet normal -0.9043852206147877 0.42671697029007644 0
    outer loop
      vertex 40.98 -87.88 2
      vertex 40.98 -87.88 20
      vertex 41.65 -86.46 20
    endloop
  endfacet
  facet normal -0.9414537308125974 0.33714221441261466 0
    outer loop
      vertex 40.45 -89.36 2
      vertex 40.45 -89.36 20
      vertex 40.98 -87.88 20
    endloop
  endfacet
  facet normal -0.9701425001453313 0.2425356250363351 0
    outer loop
      vertex 40.07 -90.88 2
      vertex 40.07 -90.88 20
      vertex 40.45 -89.36 20
    endloop
  endfacet
  facet normal -0.9891691709581993 0.14677994149702006 0
    outer loop
      vertex 40.07 -90.88 20
      vertex 39.84 -92.43 2
      vertex 39.84 -92.43 20
    endloop
  endfacet
  facet normal -0.6745710998846702 -0.7382098828926542 0
    outer loop
      vertex 45.61 -78.37 2
      vertex 45.61 -78.37 20
      vertex 44.45 -77.31 20
    endloop
  endfacet
  facet normal -0.5938522968371114 0.8045740795857689 0
    outer loop
      vertex 45.61 -81.63 2
      vertex 45.61 -81.63 20
      vertex 46.87 -80.7 20
    endloop
  endfacet
  facet normal -0.5938522968371114 -0.8045740795857689 0
    outer loop
      vertex 46.87 -79.3 2
      vertex 46.87 -79.3 20
      vertex 45.61 -78.37 20
    endloop
  endfacet
  facet normal -0.516664967884418 0.8561876610656061 0
    outer loop
      vertex 46.87 -80.7 2
      vertex 46.87 -80.7 20
      vertex 48.03 -80 20
    endloop
  endfacet
  facet normal -0.6745710998846702 0.7382098828926542 0
    outer loop
      vertex 44.45 -82.69 2
      vertex 44.45 -82.69 20
      vertex 45.61 -81.63 20
    endloop
  endfacet
  facet normal -0.516664967884418 -0.8561876610656061 0
    outer loop
      vertex 48.03 -80 2
      vertex 48.03 -80 20
      vertex 46.87 -79.3 20
    endloop
  endfacet
  facet normal 0 0 1
    outer loop
      vertex 43.39 -83.85 20
      vertex 45.61 -81.63 20
      vertex 44.45 -82.69 20
    endloop
  endfacet
  facet normal 0 0 1
    outer loop
      vertex 43.39 -83.85 20
      vertex 46.87 -80.7 20
      vertex 45.61 -81.63 20
    endloop
  endfacet
  facet normal 0 0 1
    outer loop
      vertex 43.39 -83.85 20
      vertex 48.03 -80 20
      vertex 46.87 -80.7 20
    endloop
  endfacet
  facet normal 0 0 1
    outer loop
      vertex 39.84 -92.43 20
      vertex 39.76 -94 20
      vertex 64.1550000011921 -73.43699999898672 20
    endloop
  endfacet
  facet normal 0 0 1
    outer loop
      vertex 39.76 -94 20
      vertex 39.84 -95.57 20
      vertex 64.1550000011921 -73.43699999898672 20
    endloop
  endfacet
  facet normal 0 0 1
    outer loop
      vertex 39.84 -95.57 20
      vertex 40.07 -97.12 20
      vertex 62.850000001490116 -80 20
    endloop
  endfacet
  facet normal 0 0 1
    outer loop
      vertex 40.07 -97.12 20
      vertex 40.45 -98.64 20
      vertex 62.850000001490116 -80 20
    endloop
  endfacet
  facet normal 0 0 1
    outer loop
      vertex 41.65 -73.54 20
      vertex 42.46 -74.89 20
      vertex 94.11 -44.46 20
    endloop
  endfacet
  facet normal 0 0 1
    outer loop
      vertex 39.84 -92.43 20
      vertex 64.1550000011921 -73.43699999898672 20
      vertex 67.87300000339746 -67.87300000339746 20
    endloop
  endfacet
  facet normal 0 0 1
    outer loop
      vertex 40.98 -87.88 20
      vertex 40.45 -89.36 20
      vertex 94.11 -44.46 20
    endloop
  endfacet
  facet normal 0 0 1
    outer loop
      vertex 41.65 -86.46 20
      vertex 94.11 -44.46 20
      vertex 42.46 -85.11 20
    endloop
  endfacet
  facet normal 0 0 1
    outer loop
      vertex 40.98 -87.88 20
      vertex 94.11 -44.46 20
      vertex 41.65 -86.46 20
    endloop
  endfacet
  facet normal 0 0 1
    outer loop
      vertex 40.45 -89.36 20
      vertex 40.07 -90.88 20
      vertex 94.11 -44.46 20
    endloop
  endfacet
  facet normal 0 0 1
    outer loop
      vertex 40.07 -90.88 20
      vertex 39.84 -92.43 20
      vertex 94.11 -44.46 20
    endloop
  endfacet
  facet normal 0 0 1
    outer loop
      vertex 39.84 -95.57 20
      vertex 62.850000001490116 -80 20
      vertex 64.1550000011921 -73.43699999898672 20
    endloop
  endfacet
  facet normal 0 0 1
    outer loop
      vertex 42.46 -102.89 20
      vertex 64.1550000011921 -86.56300000101328 20
      vertex 62.850000001490116 -80 20
    endloop
  endfacet
  facet normal -0.9414537308125955 0.3371422144126201 0
    outer loop
      vertex 64.69 -47.36 2
      vertex 64.69 -47.36 20
      vertex 65.22 -45.88 20
    endloop
  endfacet
  facet normal -0.9891691709581986 0.1467799414970258 0
    outer loop
      vertex 64.08 -50.43 2
      vertex 64.08 -50.43 20
      vertex 64.31 -48.88 20
    endloop
  endfacet
  facet normal -0.9701425001453327 0.24253562503632978 0
    outer loop
      vertex 64.31 -48.88 2
      vertex 64.31 -48.88 20
      vertex 64.69 -47.36 20
    endloop
  endfacet
  facet normal -0.8045740795857689 0.5938522968371114 0
    outer loop
      vertex 66.7 -43.11 2
      vertex 66.7 -43.11 20
      vertex 67.63 -41.85 20
    endloop
  endfacet
  facet normal -0.7382098828926563 0.674571099884668 0
    outer loop
      vertex 67.63 -41.85 2
      vertex 67.63 -41.85 20
      vertex 68.69 -40.69 20
    endloop
  endfacet
  facet normal -0.6745710998846677 0.7382098828926564 0
    outer loop
      vertex 68.69 -40.69 2
      vertex 68.69 -40.69 20
      vertex 69.85 -39.63 20
    endloop
  endfacet
  facet normal -0.8574929257125438 0.5144957554275272 0
    outer loop
      vertex 65.89 -44.46 2
      vertex 65.89 -44.46 20
      vertex 66.7 -43.11 20
    endloop
  endfacet
  facet normal -0.9043852206147877 0.42671697029007644 0
    outer loop
      vertex 65.22 -45.88 2
      vertex 65.22 -45.88 20
      vertex 65.89 -44.46 20
    endloop
  endfacet
  facet normal 0.33714221441261866 0.941453730812596 0
    outer loop
      vertex 60.4 -50.69 2
      vertex 60.4 -50.69 20
      vertex 61.88 -51.22 20
    endloop
  endfacet
  facet normal 0.42671697029007816 0.9043852206147868 0
    outer loop
      vertex 61.88 -51.22 2
      vertex 61.88 -51.22 20
      vertex 63.3 -51.89 20
    endloop
  endfacet
  facet normal 0.5127411190260192 0.8585432690668221 0
    outer loop
      vertex 63.3 -51.89 2
      vertex 63.3 -51.89 20
      vertex 64.02 -52.32 20
    endloop
  endfacet
  facet normal -0.9987042955241727 0.050889390854733825 0
    outer loop
      vertex 64 -52 2
      vertex 64 -52 20
      vertex 64.08 -50.43 20
    endloop
  endfacet
  facet normal -0.9980525784828892 -0.06237828615516811 0
    outer loop
      vertex 64.02 -52.32 2
      vertex 64.02 -52.32 20
      vertex 64 -52 20
    endloop
  endfacet
  facet normal -0.5938522968371122 0.8045740795857684 0
    outer loop
      vertex 69.85 -39.63 2
      vertex 69.85 -39.63 20
      vertex 71.11 -38.7 20
    endloop
  endfacet
  facet normal -0.5144957554275292 0.8574929257125427 0
    outer loop
      vertex 71.11 -38.7 2
      vertex 71.11 -38.7 20
      vertex 72.46 -37.89 20
    endloop
  endfacet
  facet normal -0.42671697029007644 0.9043852206147877 0
    outer loop
      vertex 72.46 -37.89 2
      vertex 72.46 -37.89 20
      vertex 73.88 -37.22 20
    endloop
  endfacet
  facet normal -0.33714221441261866 0.941453730812596 0
    outer loop
      vertex 73.88 -37.22 2
      vertex 73.88 -37.22 20
      vertex 75.36 -36.69 20
    endloop
  endfacet
  facet normal -0.24253562503633083 0.9701425001453324 0
    outer loop
      vertex 75.36 -36.69 2
      vertex 75.36 -36.69 20
      vertex 76.88 -36.31 20
    endloop
  endfacet
  facet normal -0.1467799414970245 0.9891691709581988 0
    outer loop
      vertex 76.88 -36.31 2
      vertex 76.88 -36.31 20
      vertex 78.43 -36.08 20
    endloop
  endfacet
  facet normal -0.05088939085473405 0.9987042955241726 0
    outer loop
      vertex 78.43 -36.08 2
      vertex 78.43 -36.08 20
      vertex 80 -36 20
    endloop
  endfacet
  facet normal 0 0 1
    outer loop
      vertex 41.65 -58.46 20
      vertex 94.11 -44.46 20
      vertex 64.02 -52.32 20
    endloop
  endfacet
  facet normal 0 0 1
    outer loop
      vertex 64.69 -47.36 20
      vertex 94.11 -44.46 20
      vertex 65.22 -45.88 20
    endloop
  endfacet
  facet normal 0 0 1
    outer loop
      vertex 64.31 -48.88 20
      vertex 64.08 -50.43 20
      vertex 94.11 -44.46 20
    endloop
  endfacet
  facet normal 0 0 1
    outer loop
      vertex 64.69 -47.36 20
      vertex 64.31 -48.88 20
      vertex 94.11 -44.46 20
    endloop
  endfacet
  facet normal 0 0 1
    outer loop
      vertex 64.08 -50.43 20
      vertex 64 -52 20
      vertex 94.11 -44.46 20
    endloop
  endfacet
  facet normal 0 0 1
    outer loop
      vertex 64 -52 20
      vertex 64.02 -52.32 20
      vertex 94.11 -44.46 20
    endloop
  endfacet
  facet normal 0 0 1
    outer loop
      vertex 67.63 -41.85 20
      vertex 94.11 -44.46 20
      vertex 68.69 -40.69 20
    endloop
  endfacet
  facet normal 0 0 1
    outer loop
      vertex 69.85 -39.63 20
      vertex 94.11 -44.46 20
      vertex 71.11 -38.7 20
    endloop
  endfacet
  facet normal 0 0 1
    outer loop
      vertex 68.69 -40.69 20
      vertex 94.11 -44.46 20
      vertex 69.85 -39.63 20
    endloop
  endfacet
  facet normal 0 0 1
    outer loop
      vertex 71.11 -38.7 20
      vertex 94.11 -44.46 20
      vertex 72.46 -37.89 20
    endloop
  endfacet
  facet normal 0 0 1
    outer loop
      vertex 65.89 -44.46 20
      vertex 94.11 -44.46 20
      vertex 66.7 -43.11 20
    endloop
  endfacet
  facet normal 0 0 1
    outer loop
      vertex 67.63 -41.85 20
      vertex 66.7 -43.11 20
      vertex 94.11 -44.46 20
    endloop
  endfacet
  facet normal 0 0 1
    outer loop
      vertex 65.89 -44.46 20
      vertex 65.22 -45.88 20
      vertex 94.11 -44.46 20
    endloop
  endfacet
  facet normal 0 0 1
    outer loop
      vertex 94.11 -44.46 20
      vertex 67.87300000339746 -67.87300000339746 20
      vertex 73.43699999898672 -64.1550000011921 20
    endloop
  endfacet
  facet normal 0 0 1
    outer loop
      vertex 42.46 -74.89 20
      vertex 43.39 -76.15 20
      vertex 94.11 -44.46 20
    endloop
  endfacet
  facet normal 0 0 1
    outer loop
      vertex 43.39 -76.15 20
      vertex 44.45 -77.31 20
      vertex 94.11 -44.46 20
    endloop
  endfacet
  facet normal 0 0 1
    outer loop
      vertex 44.45 -77.31 20
      vertex 45.61 -78.37 20
      vertex 94.11 -44.46 20
    endloop
  endfacet
  facet normal 0 0 1
    outer loop
      vertex 45.61 -78.37 20
      vertex 46.87 -79.3 20
      vertex 94.11 -44.46 20
    endloop
  endfacet
  facet normal 0 0 1
    outer loop
      vertex 43.39 -83.85 20
      vertex 94.11 -44.46 20
      vertex 48.03 -80 20
    endloop
  endfacet
  facet normal 0 0 1
    outer loop
      vertex 46.87 -79.3 20
      vertex 48.03 -80 20
      vertex 94.11 -44.46 20
    endloop
  endfacet
  facet normal 0 0 1
    outer loop
      vertex 43.39 -83.85 20
      vertex 42.46 -85.11 20
      vertex 94.11 -44.46 20
    endloop
  endfacet
  facet normal 0 0 1
    outer loop
      vertex 39.84 -92.43 20
      vertex 67.87300000339746 -67.87300000339746 20
      vertex 94.11 -44.46 20
    endloop
  endfacet
  facet normal -0.38217801084227015 0.01946096472369695 -0.923883779964054
    outer loop
      vertex 40.8362 -92.5291 0.2679
      vertex 41.2443 -94 0.0681
      vertex 40.7613 -94 0.2679
    endloop
  endfacet
  facet normal -0.6022904815845784 0.0893536658761087 -0.793260422677898
    outer loop
      vertex 40.6452 -90.9943 0.5858
      vertex 40.8362 -92.5291 0.2679
      vertex 40.4236 -92.488 0.5858
    endloop
  endfacet
  facet normal -0.6081021951429254 0.030965296360190915 -0.7932546064686173
    outer loop
      vertex 40.8362 -92.5291 0.2679
      vertex 40.7613 -94 0.2679
      vertex 40.4236 -92.488 0.5858
    endloop
  endfacet
  facet normal -0.6080025349098886 0.031003303863461184 -0.7933295107915119
    outer loop
      vertex 40.4236 -92.488 0.5858
      vertex 40.7613 -94 0.2679
      vertex 40.3465 -94 0.5858
    endloop
  endfacet
  facet normal -0.38215846504248874 -0.019459969428025164 -0.9238918860917814
    outer loop
      vertex 40.7613 -94 0.2679
      vertex 41.3168 -95.4232 0.0681
      vertex 40.8362 -95.4709 0.2679
    endloop
  endfacet
  facet normal -0.6080033464528009 -0.0309602628658063 -0.7933305697031192
    outer loop
      vertex 40.7613 -94 0.2679
      vertex 40.8362 -95.4709 0.2679
      vertex 40.3465 -94 0.5858
    endloop
  endfacet
  facet normal -0.6080986959566638 -0.03100820731366382 -0.7932556126842077
    outer loop
      vertex 40.8362 -95.4709 0.2679
      vertex 40.4236 -95.512 0.5858
      vertex 40.3465 -94 0.5858
    endloop
  endfacet
  facet normal -0.1290206372296711 0.01914777715066655 -0.9914570277117603
    outer loop
      vertex 41.5257 -91.1692 0.0681
      vertex 41.8325 -92.6281 0
      vertex 41.3168 -92.5768 0.0681
    endloop
  endfacet
  facet normal -0.378513150519175 0.05617822412794973 -0.9238894966487486
    outer loop
      vertex 41.052 -91.0751 0.2679
      vertex 41.3168 -92.5768 0.0681
      vertex 40.8362 -92.5291 0.2679
    endloop
  endfacet
  facet normal -0.3821577521713702 0.01946770449158495 -0.923892018007058
    outer loop
      vertex 40.8362 -92.5291 0.2679
      vertex 41.3168 -92.5768 0.0681
      vertex 41.2443 -94 0.0681
    endloop
  endfacet
  facet normal -0.1302651414454325 0.006637169900893857 -0.9914569788447242
    outer loop
      vertex 41.3168 -92.5768 0.0681
      vertex 41.8325 -92.6281 0
      vertex 41.7626 -94 0
    endloop
  endfacet
  facet normal -0.13026855150295347 0.006636080652026354 -0.9914565380907537
    outer loop
      vertex 41.3168 -92.5768 0.0681
      vertex 41.7626 -94 0
      vertex 41.2443 -94 0.0681
    endloop
  endfacet
  facet normal -0.3821779530277487 -0.019468733554322052 -0.923883640202223
    outer loop
      vertex 40.7613 -94 0.2679
      vertex 41.2443 -94 0.0681
      vertex 41.3168 -95.4232 0.0681
    endloop
  endfacet
  facet normal -0.13026855041102456 -0.006637343591902592 -0.9914565297802286
    outer loop
      vertex 41.2443 -94 0.0681
      vertex 41.7626 -94 0
      vertex 41.8325 -95.3719 0
    endloop
  endfacet
  facet normal -0.13026526541218159 -0.006635913253501226 -0.991456970968678
    outer loop
      vertex 41.2443 -94 0.0681
      vertex 41.8325 -95.3719 0
      vertex 41.3168 -95.4232 0.0681
    endloop
  endfacet
  facet normal -0.7922625795437234 0.04039910375848031 -0.6088414551180273
    outer loop
      vertex 40.4236 -92.488 0.5858
      vertex 40.3465 -94 0.5858
      vertex 40.1069 -92.4565 1
    endloop
  endfacet
  facet normal -0.7923623569292917 0.040349647719237935 -0.6087148768104744
    outer loop
      vertex 40.3465 -94 0.5858
      vertex 40.0283 -94 1
      vertex 40.1069 -92.4565 1
    endloop
  endfacet
  facet normal -0.9227328221907376 0.046988532441978405 -0.3825653103338901
    outer loop
      vertex 40.1069 -92.4565 1
      vertex 40.0283 -94 1
      vertex 39.9079 -92.4368 1.4824
    endloop
  endfacet
  facet normal -0.7923606119040061 -0.04040410263082013 -0.6087135362333478
    outer loop
      vertex 40.3465 -94 0.5858
      vertex 40.4236 -95.512 0.5858
      vertex 40.0283 -94 1
    endloop
  endfacet
  facet normal -0.7922663245584155 -0.04034475744107088 -0.6088401855312447
    outer loop
      vertex 40.0283 -94 1
      vertex 40.4236 -95.512 0.5858
      vertex 40.1069 -95.5435 1
    endloop
  endfacet
  facet normal -0.9226674428814747 -0.04698520311660875 -0.3827233733842915
    outer loop
      vertex 40.0283 -94 1
      vertex 40.1069 -95.5435 1
      vertex 39.8282 -94 1.4824
    endloop
  endfacet
  facet normal -0.6022861840279756 -0.08939020530484089 -0.7932595689461162
    outer loop
      vertex 40.8362 -95.4709 0.2679
      vertex 41.052 -96.9249 0.2679
      vertex 40.4236 -95.512 0.5858
    endloop
  endfacet
  facet normal -0.6022092487200605 -0.08934161445830247 -0.7933234502282183
    outer loop
      vertex 40.4236 -95.512 0.5858
      vertex 41.052 -96.9249 0.2679
      vertex 40.6452 -97.0057 0.5858
    endloop
  endfacet
  facet normal -0.378513527906173 -0.05617467745069574 -0.923889557688219
    outer loop
      vertex 40.8362 -95.4709 0.2679
      vertex 41.3168 -95.4232 0.0681
      vertex 41.5257 -96.8308 0.0681
    endloop
  endfacet
  facet normal -0.12902647588936647 -0.019148643658204463 -0.9914562511606964
    outer loop
      vertex 41.3168 -95.4232 0.0681
      vertex 42.034 -96.7298 0
      vertex 41.5257 -96.8308 0.0681
    endloop
  endfacet
  facet normal -0.3785220265815952 -0.05617954149677386 -0.9238857800127538
    outer loop
      vertex 40.8362 -95.4709 0.2679
      vertex 41.5257 -96.8308 0.0681
      vertex 41.052 -96.9249 0.2679
    endloop
  endfacet
  facet normal -0.1290208634529211 -0.019145521751059016 -0.9914570418282087
    outer loop
      vertex 41.3168 -95.4232 0.0681
      vertex 41.8325 -95.3719 0
      vertex 42.034 -96.7298 0
    endloop
  endfacet
  facet normal -0.12654470671680082 -0.03163855694981075 -0.9914562213815052
    outer loop
      vertex 41.5257 -96.8308 0.0681
      vertex 42.034 -96.7298 0
      vertex 42.3663 -98.0589 0
    endloop
  endfacet
  facet normal -0.3712461453837945 -0.09280480355404808 -0.9238850404541514
    outer loop
      vertex 41.5257 -96.8308 0.0681
      vertex 41.8703 -98.2093 0.0681
      vertex 41.052 -96.9249 0.2679
    endloop
  endfacet
  facet normal -0.37123247855891767 -0.09279509028136224 -0.9238915077446467
    outer loop
      vertex 41.052 -96.9249 0.2679
      vertex 41.8703 -98.2093 0.0681
      vertex 41.4081 -98.3495 0.2679
    endloop
  endfacet
  facet normal -0.1265341481921679 -0.03163124226842289 -0.9914578023566302
    outer loop
      vertex 41.5257 -96.8308 0.0681
      vertex 42.3663 -98.0589 0
      vertex 41.8703 -98.2093 0.0681
    endloop
  endfacet
  facet normal -0.36024935139293096 -0.12900531418999472 -0.9238928691854448
    outer loop
      vertex 41.4081 -98.3495 0.2679
      vertex 41.8703 -98.2093 0.0681
      vertex 42.3513 -99.5525 0.0681
    endloop
  endfacet
  facet normal -0.5906295386273338 -0.1476366549945181 -0.793322233523612
    outer loop
      vertex 40.6452 -97.0057 0.5858
      vertex 41.052 -96.9249 0.2679
      vertex 41.4081 -98.3495 0.2679
    endloop
  endfacet
  facet normal -0.5907260861871253 -0.14771178208667704 -0.7932363585532493
    outer loop
      vertex 40.6452 -97.0057 0.5858
      vertex 41.4081 -98.3495 0.2679
      vertex 41.0113 -98.4698 0.5858
    endloop
  endfacet
  facet normal -0.5732608919294561 -0.2053114241471071 -0.7932333634555037
    outer loop
      vertex 41.0113 -98.4698 0.5858
      vertex 41.4081 -98.3495 0.2679
      vertex 41.9051 -99.7372 0.2679
    endloop
  endfacet
  facet normal -0.7847644924534692 -0.1164635403444251 -0.6087535914922322
    outer loop
      vertex 40.6452 -97.0057 0.5858
      vertex 40.3331 -97.0677 1
      vertex 40.1069 -95.5435 1
    endloop
  endfacet
  facet normal -0.7847027920109921 -0.11641570510118307 -0.6088422717058564
    outer loop
      vertex 40.4236 -95.512 0.5858
      vertex 40.6452 -97.0057 0.5858
      vertex 40.1069 -95.5435 1
    endloop
  endfacet
  facet normal -0.913924637919057 -0.13563164486109985 -0.3825517129968093
    outer loop
      vertex 40.1069 -95.5435 1
      vertex 40.3331 -97.0677 1
      vertex 39.9079 -95.5632 1.4824
    endloop
  endfacet
  facet normal -0.7696645072205599 -0.1924555536462287 -0.6087506929734505
    outer loop
      vertex 40.6452 -97.0057 0.5858
      vertex 41.0113 -98.4698 0.5858
      vertex 40.3331 -97.0677 1
    endloop
  endfacet
  facet normal -0.7696078142546001 -0.1924019535636482 -0.6088393059774875
    outer loop
      vertex 41.0113 -98.4698 0.5858
      vertex 40.7067 -98.5621 1
      vertex 40.3331 -97.0677 1
    endloop
  endfacet
  facet normal -0.8963051615822165 -0.22407629039555202 -0.38265764516555123
    outer loop
      vertex 40.3331 -97.0677 1
      vertex 40.7067 -98.5621 1
      vertex 40.1369 -97.1067 1.4824
    endloop
  endfacet
  facet normal -0.74685893648543 -0.26744243843850457 -0.6088318906840534
    outer loop
      vertex 41.0113 -98.4698 0.5858
      vertex 41.5219 -99.8957 0.5858
      vertex 40.7067 -98.5621 1
    endloop
  endfacet
  facet normal -0.12279170210984755 -0.04397334461074392 -0.9914577867245339
    outer loop
      vertex 41.8703 -98.2093 0.0681
      vertex 42.3663 -98.0589 0
      vertex 42.8302 -99.3543 0
    endloop
  endfacet
  facet normal -0.9226649641448756 0.047042219576728904 -0.38272234520188386
    outer loop
      vertex 40.0283 -94 1
      vertex 39.8282 -94 1.4824
      vertex 39.9079 -92.4368 1.4824
    endloop
  endfacet
  facet normal -0.990155071469746 0.050483213405920234 -0.1305541252008317
    outer loop
      vertex 39.9079 -92.4368 1.4824
      vertex 39.8282 -94 1.4824
      vertex 39.84 -92.43 2
    endloop
  endfacet
  facet normal -0.9901680876443291 0.0504544248481223 -0.13046650613861605
    outer loop
      vertex 39.8282 -94 1.4824
      vertex 39.76 -94 2
      vertex 39.84 -92.43 2
    endloop
  endfacet
  facet normal -0.9227295191110128 -0.047045510921918963 -0.3825662746025252
    outer loop
      vertex 40.1069 -95.5435 1
      vertex 39.9079 -95.5632 1.4824
      vertex 39.8282 -94 1.4824
    endloop
  endfacet
  facet normal -0.9901666158350318 -0.05048380199721583 -0.13046631221011126
    outer loop
      vertex 39.8282 -94 1.4824
      vertex 39.9079 -95.5632 1.4824
      vertex 39.76 -94 2
    endloop
  endfacet
  facet normal -0.9901565932450276 -0.05045383914624706 -0.1305539389248963
    outer loop
      vertex 39.76 -94 2
      vertex 39.9079 -95.5632 1.4824
      vertex 39.84 -95.57 2
    endloop
  endfacet
  facet normal -0.9138878777262878 -0.13558815937759505 -0.3826549333035412
    outer loop
      vertex 40.3331 -97.0677 1
      vertex 40.1369 -97.1067 1.4824
      vertex 39.9079 -95.5632 1.4824
    endloop
  endfacet
  facet normal -0.9807051998541942 -0.14550145174383444 -0.13056277616296802
    outer loop
      vertex 39.9079 -95.5632 1.4824
      vertex 40.1369 -97.1067 1.4824
      vertex 39.84 -95.57 2
    endloop
  endfacet
  facet normal -0.9807105510061475 -0.14552479143961886 -0.13049655252792744
    outer loop
      vertex 40.1369 -97.1067 1.4824
      vertex 40.07 -97.12 2
      vertex 39.84 -95.57 2
    endloop
  endfacet
  facet normal -0.8963175072248081 -0.22409418218293653 -0.38261824806727
    outer loop
      vertex 40.7067 -98.5621 1
      vertex 40.5153 -98.6202 1.4824
      vertex 40.1369 -97.1067 1.4824
    endloop
  endfacet
  facet normal -0.9618426955816641 -0.2404765616175153 -0.13049770982210876
    outer loop
      vertex 40.1369 -97.1067 1.4824
      vertex 40.5153 -98.6202 1.4824
      vertex 40.07 -97.12 2
    endloop
  endfacet
  facet normal -0.9618405893455926 -0.24046014733640042 -0.13054347256864246
    outer loop
      vertex 40.5153 -98.6202 1.4824
      vertex 40.45 -98.64 2
      vertex 40.07 -97.12 2
    endloop
  endfacet
  facet normal -0.3602821552649084 -0.12903381938939257 -0.9238760966988258
    outer loop
      vertex 41.4081 -98.3495 0.2679
      vertex 42.3513 -99.5525 0.0681
      vertex 41.9051 -99.7372 0.2679
    endloop
  endfacet
  facet normal -0.5732055548021726 -0.20525896365943738 -0.793286927776695
    outer loop
      vertex 41.0113 -98.4698 0.5858
      vertex 41.9051 -99.7372 0.2679
      vertex 41.5219 -99.8957 0.5858
    endloop
  endfacet
  facet normal -0.550639783787227 -0.2598059986614409 -0.7932822143287263
    outer loop
      vertex 41.9051 -99.7372 0.2679
      vertex 42.5331 -101.0682 0.2679
      vertex 41.5219 -99.8957 0.5858
    endloop
  endfacet
  facet normal -0.5506336568325336 -0.2597989342201307 -0.7932887807988437
    outer loop
      vertex 41.5219 -99.8957 0.5858
      vertex 42.5331 -101.0682 0.2679
      vertex 42.1673 -101.2636 0.5858
    endloop
  endfacet
  facet normal -0.8698033552181879 -0.31151069108755697 -0.3826267274895153
    outer loop
      vertex 40.7067 -98.5621 1
      vertex 41.2279 -100.0174 1
      vertex 40.5153 -98.6202 1.4824
    endloop
  endfacet
  facet normal -0.7469057581677482 -0.26749624211985995 -0.608750810157666
    outer loop
      vertex 40.7067 -98.5621 1
      vertex 41.5219 -99.8957 0.5858
      vertex 41.2279 -100.0174 1
    endloop
  endfacet
  facet normal -0.7175055909222466 -0.3385321356687019 -0.6087542362192685
    outer loop
      vertex 41.5219 -99.8957 0.5858
      vertex 42.1673 -101.2636 0.5858
      vertex 41.2279 -100.0174 1
    endloop
  endfacet
  facet normal -0.8355295840692668 -0.3941866043736039 -0.38276263542494043
    outer loop
      vertex 41.2279 -100.0174 1
      vertex 41.8866 -101.4136 1
      vertex 41.043 -100.0939 1.4824
    endloop
  endfacet
  facet normal -0.7174767140759745 -0.3384915567696921 -0.6088108333089784
    outer loop
      vertex 42.1673 -101.2636 0.5858
      vertex 41.8866 -101.4136 1
      vertex 41.2279 -100.0174 1
    endloop
  endfacet
  facet normal -0.7922616442577497 -0.47538085704709243 -0.38253696264698245
    outer loop
      vertex 41.8866 -101.4136 1
      vertex 42.6832 -102.7412 1
      vertex 41.7102 -101.5078 1.4824
    endloop
  endfacet
  facet normal -0.12278837702195838 -0.043970525124748625 -0.9914583235762193
    outer loop
      vertex 41.8703 -98.2093 0.0681
      vertex 42.8302 -99.3543 0
      vertex 42.3513 -99.5525 0.0681
    endloop
  endfacet
  facet normal -0.1179533221081086 -0.055653229824152356 -0.9914583863248123
    outer loop
      vertex 42.3513 -99.5525 0.0681
      vertex 42.8302 -99.3543 0
      vertex 43.4163 -100.5965 0
    endloop
  endfacet
  facet normal -0.3460996819280791 -0.16329714848306556 -0.9238771841898586
    outer loop
      vertex 41.9051 -99.7372 0.2679
      vertex 42.3513 -99.5525 0.0681
      vertex 42.9591 -100.8407 0.0681
    endloop
  endfacet
  facet normal -0.3461023734861283 -0.1632999928995403 -0.9238756731218105
    outer loop
      vertex 41.9051 -99.7372 0.2679
      vertex 42.9591 -100.8407 0.0681
      vertex 42.5331 -101.0682 0.2679
    endloop
  endfacet
  facet normal -0.11795268220494211 -0.05565256966632769 -0.9914584995097852
    outer loop
      vertex 42.3513 -99.5525 0.0681
      vertex 43.4163 -100.5965 0
      vertex 42.9591 -100.8407 0.0681
    endloop
  endfacet
  facet normal -0.32815342511902834 -0.19690811609230557 -0.9238736512097471
    outer loop
      vertex 42.5331 -101.0682 0.2679
      vertex 42.9591 -100.8407 0.0681
      vertex 43.6947 -102.0666 0.0681
    endloop
  endfacet
  facet normal -0.11183560454767172 -0.06710514543127725 -0.9914583687740518
    outer loop
      vertex 43.4163 -100.5965 0
      vertex 44.1259 -101.7791 0
      vertex 42.9591 -100.8407 0.0681
    endloop
  endfacet
  facet normal -0.3281151023875783 -0.19685869772116688 -0.923897793436436
    outer loop
      vertex 42.5331 -101.0682 0.2679
      vertex 43.6947 -102.0666 0.0681
      vertex 43.2929 -102.3346 0.2679
    endloop
  endfacet
  facet normal -0.5220884522467648 -0.3132365808726294 -0.7932884043232966
    outer loop
      vertex 42.1673 -101.2636 0.5858
      vertex 42.5331 -101.0682 0.2679
      vertex 43.2929 -102.3346 0.2679
    endloop
  endfacet
  facet normal -0.5221087652562658 -0.31326525915375897 -0.7932637106598951
    outer loop
      vertex 42.1673 -101.2636 0.5858
      vertex 43.2929 -102.3346 0.2679
      vertex 42.9479 -102.5646 0.5858
    endloop
  endfacet
  facet normal -0.11183817550327538 -0.06710837906861034 -0.9914578599007031
    outer loop
      vertex 42.9591 -100.8407 0.0681
      vertex 44.1259 -101.7791 0
      vertex 43.6947 -102.0666 0.0681
    endloop
  endfacet
  facet normal -0.10494226421638533 -0.07745101956861644 -0.9914577453169247
    outer loop
      vertex 43.6947 -102.0666 0.0681
      vertex 44.1259 -101.7791 0
      vertex 44.937 -102.8781 0
    endloop
  endfacet
  facet normal -0.6802585557156521 -0.40815513342939047 -0.6088166262766578
    outer loop
      vertex 42.1673 -101.2636 0.5858
      vertex 42.9479 -102.5646 0.5858
      vertex 41.8866 -101.4136 1
    endloop
  endfacet
  facet normal -0.6802764525464937 -0.4081863679561117 -0.6087756870355089
    outer loop
      vertex 41.8866 -101.4136 1
      vertex 42.9479 -102.5646 0.5858
      vertex 42.6832 -102.7412 1
    endloop
  endfacet
  facet normal -0.48988817965122067 -0.36159105485743886 -0.7932600333340247
    outer loop
      vertex 43.2929 -102.3346 0.2679
      vertex 44.1635 -103.5141 0.2679
      vertex 42.9479 -102.5646 0.5858
    endloop
  endfacet
  facet normal -0.30786432453007234 -0.22722098257374115 -0.9238994440737942
    outer loop
      vertex 43.2929 -102.3346 0.2679
      vertex 43.6947 -102.0666 0.0681
      vertex 44.5366 -103.2073 0.0681
    endloop
  endfacet
  facet normal -0.307883740337613 -0.22725187311396666 -0.9238853763329709
    outer loop
      vertex 43.2929 -102.3346 0.2679
      vertex 44.5366 -103.2073 0.0681
      vertex 44.1635 -103.5141 0.2679
    endloop
  endfacet
  facet normal -0.10494497910990837 -0.07745522741529882 -0.9914571292323562
    outer loop
      vertex 43.6947 -102.0666 0.0681
      vertex 44.937 -102.8781 0
      vertex 44.5366 -103.2073 0.0681
    endloop
  endfacet
  facet normal -0.28247435347896127 -0.2581527056143881 -0.9238860428703392
    outer loop
      vertex 44.5366 -103.2073 0.0681
      vertex 45.4993 -104.2607 0.0681
      vertex 44.1635 -103.5141 0.2679
    endloop
  endfacet
  facet normal -0.4898671838008021 -0.36155421134345583 -0.793289792254308
    outer loop
      vertex 42.9479 -102.5646 0.5858
      vertex 44.1635 -103.5141 0.2679
      vertex 43.8431 -103.7775 0.5858
    endloop
  endfacet
  facet normal -0.44945540851080135 -0.41070996478475513 -0.7932888254519245
    outer loop
      vertex 44.1635 -103.5141 0.2679
      vertex 45.1578 -104.6022 0.2679
      vertex 43.8431 -103.7775 0.5858
    endloop
  endfacet
  facet normal -0.4494461565507185 -0.4106890141484603 -0.7933049136489405
    outer loop
      vertex 43.8431 -103.7775 0.5858
      vertex 45.1578 -104.6022 0.2679
      vertex 44.8646 -104.8954 0.5858
    endloop
  endfacet
  facet normal -0.6383067267887765 -0.4711123603110826 -0.6087837600481132
    outer loop
      vertex 42.9479 -102.5646 0.5858
      vertex 43.8431 -103.7775 0.5858
      vertex 42.6832 -102.7412 1
    endloop
  endfacet
  facet normal -0.6383341794875681 -0.4711735089386186 -0.6087076472103851
    outer loop
      vertex 43.8431 -103.7775 0.5858
      vertex 43.5973 -103.9796 1
      vertex 42.6832 -102.7412 1
    endloop
  endfacet
  facet normal -0.7433594444336178 -0.5486957914702593 -0.3825567471554631
    outer loop
      vertex 42.6832 -102.7412 1
      vertex 43.5973 -103.9796 1
      vertex 42.5168 -102.8521 1.4824
    endloop
  endfacet
  facet normal -0.5856988291878139 -0.535192194306609 -0.6087086303325271
    outer loop
      vertex 43.8431 -103.7775 0.5858
      vertex 44.8646 -104.8954 0.5858
      vertex 43.5973 -103.9796 1
    endloop
  endfacet
  facet normal -0.5857149462178576 -0.5352408695866552 -0.6086503210392099
    outer loop
      vertex 43.5973 -103.9796 1
      vertex 44.8646 -104.8954 0.5858
      vertex 44.6397 -105.1203 1
    endloop
  endfacet
  facet normal -0.6819820116946048 -0.6232121057161913 -0.3827625987655672
    outer loop
      vertex 43.5973 -103.9796 1
      vertex 44.6397 -105.1203 1
      vertex 43.4427 -104.1067 1.4824
    endloop
  endfacet
  facet normal -0.869766632718115 -0.3114445627233109 -0.3827640121018137
    outer loop
      vertex 40.5153 -98.6202 1.4824
      vertex 41.2279 -100.0174 1
      vertex 41.043 -100.0939 1.4824
    endloop
  endfacet
  facet normal -0.9334061686221247 -0.334232499953782 -0.13054332749248718
    outer loop
      vertex 40.5153 -98.6202 1.4824
      vertex 41.043 -100.0939 1.4824
      vertex 40.45 -98.64 2
    endloop
  endfacet
  facet normal -0.9334070080728402 -0.33426061775580973 -0.1304653084080712
    outer loop
      vertex 40.45 -98.64 2
      vertex 41.043 -100.0939 1.4824
      vertex 40.98 -100.12 2
    endloop
  endfacet
  facet normal -0.8966356496839564 -0.4231100540838373 -0.13046989633245626
    outer loop
      vertex 41.043 -100.0939 1.4824
      vertex 41.7102 -101.5078 1.4824
      vertex 40.98 -100.12 2
    endloop
  endfacet
  facet normal -0.8355777521471275 -0.39429767043819586 -0.3825430266045449
    outer loop
      vertex 41.8866 -101.4136 1
      vertex 41.7102 -101.5078 1.4824
      vertex 41.043 -100.0939 1.4824
    endloop
  endfacet
  facet normal -0.896638898305309 -0.42306201539757593 -0.13060328163405036
    outer loop
      vertex 41.7102 -101.5078 1.4824
      vertex 41.65 -101.54 2
      vertex 40.98 -100.12 2
    endloop
  endfacet
  facet normal -0.850141919966984 -0.5100978000783881 -0.13060991643071804
    outer loop
      vertex 41.7102 -101.5078 1.4824
      vertex 42.5168 -102.8521 1.4824
      vertex 41.65 -101.54 2
    endloop
  endfacet
  facet normal -0.8501438442592727 -0.5100863065555672 -0.13064227467617615
    outer loop
      vertex 41.65 -101.54 2
      vertex 42.5168 -102.8521 1.4824
      vertex 42.46 -102.89 2
    endloop
  endfacet
  facet normal -0.7922568314662591 -0.4753658857849378 -0.38256553376767327
    outer loop
      vertex 42.6832 -102.7412 1
      vertex 42.5168 -102.8521 1.4824
      vertex 41.7102 -101.5078 1.4824
    endloop
  endfacet
  facet normal -0.7433354301848438 -0.5485846284139487 -0.38276277731754826
    outer loop
      vertex 43.5973 -103.9796 1
      vertex 43.4427 -104.1067 1.4824
      vertex 42.5168 -102.8521 1.4824
    endloop
  endfacet
  facet normal -0.797712851882916 -0.5887153910077989 -0.13064606512007682
    outer loop
      vertex 42.5168 -102.8521 1.4824
      vertex 43.4427 -104.1067 1.4824
      vertex 42.46 -102.89 2
    endloop
  endfacet
  facet normal -0.7976965145147387 -0.5887759988084951 -0.13047257933411327
    outer loop
      vertex 43.4427 -104.1067 1.4824
      vertex 43.39 -104.15 2
      vertex 42.46 -102.89 2
    endloop
  endfacet
  facet normal -0.6819777031356595 -0.6231732885981225 -0.3828334687610418
    outer loop
      vertex 44.6397 -105.1203 1
      vertex 44.4982 -105.2618 1.4824
      vertex 43.4427 -104.1067 1.4824
    endloop
  endfacet
  facet normal -0.7319070847336951 -0.6687974443220657 -0.13046837848650253
    outer loop
      vertex 43.4427 -104.1067 1.4824
      vertex 44.4982 -105.2618 1.4824
      vertex 43.39 -104.15 2
    endloop
  endfacet
  facet normal -0.7319030455051132 -0.6688079553753655 -0.1304371527095064
    outer loop
      vertex 44.4982 -105.2618 1.4824
      vertex 44.45 -105.31 2
      vertex 43.39 -104.15 2
    endloop
  endfacet
  facet normal -0.09629062488123337 -0.08798137780646807 -0.9914572067009534
    outer loop
      vertex 44.5366 -103.2073 0.0681
      vertex 44.937 -102.8781 0
      vertex 45.8656 -103.8944 0
    endloop
  endfacet
  facet normal -0.09630821249143699 -0.0880158687730269 -0.9914524371097353
    outer loop
      vertex 44.5366 -103.2073 0.0681
      vertex 45.8656 -103.8944 0
      vertex 45.4993 -104.2607 0.0681
    endloop
  endfacet
  facet normal -0.2824480614810974 -0.258099538214003 -0.9239089354147888
    outer loop
      vertex 44.1635 -103.5141 0.2679
      vertex 45.4993 -104.2607 0.0681
      vertex 45.1578 -104.6022 0.2679
    endloop
  endfacet
  facet normal -0.25811485889424807 -0.28243294106076905 -0.9239092777008826
    outer loop
      vertex 45.1578 -104.6022 0.2679
      vertex 45.4993 -104.2607 0.0681
      vertex 46.5527 -105.2234 0.0681
    endloop
  endfacet
  facet normal -0.2581361776018507 -0.28248815734543925 -0.9238864404095799
    outer loop
      vertex 45.1578 -104.6022 0.2679
      vertex 46.5527 -105.2234 0.0681
      vertex 46.2459 -105.5965 0.2679
    endloop
  endfacet
  facet normal -0.4106956476282715 -0.44943974070634285 -0.793305114374671
    outer loop
      vertex 45.1578 -104.6022 0.2679
      vertex 46.2459 -105.5965 0.2679
      vertex 44.8646 -104.8954 0.5858
    endloop
  endfacet
  facet normal -0.4107029496119084 -0.4494614071181111 -0.7932890587241739
    outer loop
      vertex 44.8646 -104.8954 0.5858
      vertex 46.2459 -105.5965 0.2679
      vertex 45.9825 -105.9169 0.5858
    endloop
  endfacet
  facet normal -0.08800623589074942 -0.09631783064373231 -0.9914523578793017
    outer loop
      vertex 45.8656 -103.8944 0
      vertex 46.8819 -104.823 0
      vertex 45.4993 -104.2607 0.0681
    endloop
  endfacet
  facet normal -0.08799188570380907 -0.0962819698767975 -0.9914571147190036
    outer loop
      vertex 45.4993 -104.2607 0.0681
      vertex 46.8819 -104.823 0
      vertex 46.5527 -105.2234 0.0681
    endloop
  endfacet
  facet normal -0.22724150647959918 -0.30789213260634174 -0.9238851294462972
    outer loop
      vertex 46.5527 -105.2234 0.0681
      vertex 47.6934 -106.0653 0.0681
      vertex 46.2459 -105.5965 0.2679
    endloop
  endfacet
  facet normal -0.07745385470264005 -0.10494610568142039 -0.9914571172239405
    outer loop
      vertex 46.5527 -105.2234 0.0681
      vertex 46.8819 -104.823 0
      vertex 47.9809 -105.6341 0
    endloop
  endfacet
  facet normal -0.36156769400190547 -0.48985653006576046 -0.7932902259615185
    outer loop
      vertex 45.9825 -105.9169 0.5858
      vertex 46.2459 -105.5965 0.2679
      vertex 47.4254 -106.4671 0.2679
    endloop
  endfacet
  facet normal -0.5352226513299688 -0.5857321604716296 -0.6086497758913213
    outer loop
      vertex 44.6397 -105.1203 1
      vertex 44.8646 -104.8954 0.5858
      vertex 45.9825 -105.9169 0.5858
    endloop
  endfacet
  facet normal -0.5352110211593633 -0.58568228303577 -0.6087079974565474
    outer loop
      vertex 44.6397 -105.1203 1
      vertex 45.9825 -105.9169 0.5858
      vertex 45.7804 -106.1627 1
    endloop
  endfacet
  facet normal -0.6231921814854268 -0.6819602085767722 -0.3828338789257818
    outer loop
      vertex 44.6397 -105.1203 1
      vertex 45.7804 -106.1627 1
      vertex 44.4982 -105.2618 1.4824
    endloop
  endfacet
  facet normal -0.07745249590110956 -0.10494127814989404 -0.9914577343583312
    outer loop
      vertex 46.5527 -105.2234 0.0681
      vertex 47.9809 -105.6341 0
      vertex 47.6934 -106.0653 0.0681
    endloop
  endfacet
  facet normal -0.6231929643465133 -0.6819992355439638 -0.3827630754219305
    outer loop
      vertex 44.4982 -105.2618 1.4824
      vertex 45.7804 -106.1627 1
      vertex 45.6533 -106.3173 1.4824
    endloop
  endfacet
  facet normal -0.6688002212527843 -0.7319101237035409 -0.1304370916284722
    outer loop
      vertex 44.4982 -105.2618 1.4824
      vertex 45.6533 -106.3173 1.4824
      vertex 44.45 -105.31 2
    endloop
  endfacet
  facet normal -0.668805190169611 -0.7319000194308913 -0.1304683071065585
    outer loop
      vertex 44.45 -105.31 2
      vertex 45.6533 -106.3173 1.4824
      vertex 45.61 -106.37 2
    endloop
  endfacet
  facet normal -0.2272320239243269 -0.30785684840195937 -0.9238992197178582
    outer loop
      vertex 46.2459 -105.5965 0.2679
      vertex 47.6934 -106.0653 0.0681
      vertex 47.4254 -106.4671 0.2679
    endloop
  endfacet
  facet normal -0.3615769285099634 -0.48989796312525974 -0.7932604304356939
    outer loop
      vertex 45.9825 -105.9169 0.5858
      vertex 47.4254 -106.4671 0.2679
      vertex 47.1954 -106.8121 0.5858
    endloop
  endfacet
  facet normal -0.4711474199126245 -0.6383542287891192 -0.6087068155497569
    outer loop
      vertex 45.9825 -105.9169 0.5858
      vertex 47.1954 -106.8121 0.5858
      vertex 45.7804 -106.1627 1
    endloop
  endfacet
  facet normal -0.4711391703746102 -0.6382876584530287 -0.6087830050233612
    outer loop
      vertex 47.1954 -106.8121 0.5858
      vertex 47.0188 -107.0768 1
      vertex 45.7804 -106.1627 1
    endloop
  endfacet
  facet normal -0.5486447717936667 -0.7432903242416283 -0.3827641679575696
    outer loop
      vertex 45.7804 -106.1627 1
      vertex 47.0188 -107.0768 1
      vertex 45.6533 -106.3173 1.4824
    endloop
  endfacet
  facet normal -0.19687764972528954 -0.3281026519823699 -0.9238981766411177
    outer loop
      vertex 47.6934 -106.0653 0.0681
      vertex 48.9193 -106.8009 0.0681
      vertex 47.4254 -106.4671 0.2679
    endloop
  endfacet
  facet normal -0.06710717068272505 -0.11183897977648154 -0.9914578509677129
    outer loop
      vertex 47.9809 -105.6341 0
      vertex 49.1635 -106.3437 0
      vertex 47.6934 -106.0653 0.0681
    endloop
  endfacet
  facet normal -0.19688818789558404 -0.3281642552658168 -0.9238740514989178
    outer loop
      vertex 47.4254 -106.4671 0.2679
      vertex 48.9193 -106.8009 0.0681
      vertex 48.6918 -107.2269 0.2679
    endloop
  endfacet
  facet normal -0.31325335113776975 -0.5221164041601364 -0.7932633853316603
    outer loop
      vertex 47.1954 -106.8121 0.5858
      vertex 47.4254 -106.4671 0.2679
      vertex 48.6918 -107.2269 0.2679
    endloop
  endfacet
  facet normal -0.3132489344877871 -0.5220815574796509 -0.793288063935093
    outer loop
      vertex 47.1954 -106.8121 0.5858
      vertex 48.6918 -107.2269 0.2679
      vertex 48.4964 -107.5927 0.5858
    endloop
  endfacet
  facet normal -0.06710642532783331 -0.1118349195342448 -0.9914583594142968
    outer loop
      vertex 47.6934 -106.0653 0.0681
      vertex 49.1635 -106.3437 0
      vertex 48.9193 -106.8009 0.0681
    endloop
  endfacet
  facet normal -0.05565285591182684 -0.11795252962578281 -0.9914585015943614
    outer loop
      vertex 49.1635 -106.3437 0
      vertex 50.4057 -106.9298 0
      vertex 48.9193 -106.8009 0.0681
    endloop
  endfacet
  facet normal -0.163298730873741 -0.3461030357215442 -0.9238756481038759
    outer loop
      vertex 48.9193 -106.8009 0.0681
      vertex 50.2075 -107.4087 0.0681
      vertex 48.6918 -107.2269 0.2679
    endloop
  endfacet
  facet normal -0.16329846138327042 -0.3460991275495736 -0.9238771598103726
    outer loop
      vertex 48.6918 -107.2269 0.2679
      vertex 50.2075 -107.4087 0.0681
      vertex 50.0228 -107.8549 0.2679
    endloop
  endfacet
  facet normal -0.2598022973927328 -0.5506319392193092 -0.7932888715852762
    outer loop
      vertex 48.4964 -107.5927 0.5858
      vertex 48.6918 -107.2269 0.2679
      vertex 50.0228 -107.8549 0.2679
    endloop
  endfacet
  facet normal -0.25980253560791616 -0.5506412898327596 -0.7932823031071677
    outer loop
      vertex 48.4964 -107.5927 0.5858
      vertex 50.0228 -107.8549 0.2679
      vertex 49.8643 -108.2381 0.5858
    endloop
  endfacet
  facet normal -0.40817145786965675 -0.6802857631161021 -0.608775279953204
    outer loop
      vertex 47.1954 -106.8121 0.5858
      vertex 48.4964 -107.5927 0.5858
      vertex 47.0188 -107.0768 1
    endloop
  endfacet
  facet normal -0.4081703702168124 -0.6802497909864965 -0.6088162043998978
    outer loop
      vertex 47.0188 -107.0768 1
      vertex 48.4964 -107.5927 0.5858
      vertex 48.3464 -107.8734 1
    endloop
  endfacet
  facet normal -0.4753747334300107 -0.7922514387417595 -0.3825657075953859
    outer loop
      vertex 47.0188 -107.0768 1
      vertex 48.3464 -107.8734 1
      vertex 46.9079 -107.2432 1.4824
    endloop
  endfacet
  facet normal -0.33851341070328095 -0.7174659040920529 -0.6088114217386243
    outer loop
      vertex 48.4964 -107.5927 0.5858
      vertex 49.8643 -108.2381 0.5858
      vertex 48.3464 -107.8734 1
    endloop
  endfacet
  facet normal -0.3385099012643305 -0.7175155976093233 -0.608754806086448
    outer loop
      vertex 48.3464 -107.8734 1
      vertex 49.8643 -108.2381 0.5858
      vertex 49.7426 -108.5321 1
    endloop
  endfacet
  facet normal -0.39422566140120385 -0.8356123705000215 -0.38254162408830505
    outer loop
      vertex 48.3464 -107.8734 1
      vertex 49.7426 -108.5321 1
      vertex 48.2522 -108.0498 1.4824
    endloop
  endfacet
  facet normal -0.5486349867672196 -0.7434036660526544 -0.3825580225199913
    outer loop
      vertex 47.0188 -107.0768 1
      vertex 46.9079 -107.2432 1.4824
      vertex 45.6533 -106.3173 1.4824
    endloop
  endfacet
  facet normal -0.5887289876661845 -0.7977312754357859 -0.1304721858218975
    outer loop
      vertex 45.6533 -106.3173 1.4824
      vertex 46.9079 -107.2432 1.4824
      vertex 45.61 -106.37 2
    endloop
  endfacet
  facet normal -0.5887624599272893 -0.7976781715143968 -0.13064570589887695
    outer loop
      vertex 46.9079 -107.2432 1.4824
      vertex 46.87 -107.3 2
      vertex 45.61 -106.37 2
    endloop
  endfacet
  facet normal -0.4753719332571198 -0.7922669103366546 -0.3825371457218237
    outer loop
      vertex 48.3464 -107.8734 1
      vertex 48.2522 -108.0498 1.4824
      vertex 46.9079 -107.2432 1.4824
    endloop
  endfacet
  facet normal -0.5100956019838495 -0.8501382565669332 -0.13064234213328077
    outer loop
      vertex 46.9079 -107.2432 1.4824
      vertex 48.2522 -108.0498 1.4824
      vertex 46.87 -107.3 2
    endloop
  endfacet
  facet normal -0.5100884953437329 -0.8501474922395533 -0.13060998567018225
    outer loop
      vertex 46.87 -107.3 2
      vertex 48.2522 -108.0498 1.4824
      vertex 48.22 -108.11 2
    endloop
  endfacet
  facet normal -0.3942590968523854 -0.8354960087523862 -0.3827612622875704
    outer loop
      vertex 49.7426 -108.5321 1
      vertex 49.6661 -108.717 1.4824
      vertex 48.2522 -108.0498 1.4824
    endloop
  endfacet
  facet normal -0.4231025429689895 -0.8966197324698124 -0.13060357376020235
    outer loop
      vertex 48.2522 -108.0498 1.4824
      vertex 49.6661 -108.717 1.4824
      vertex 48.22 -108.11 2
    endloop
  endfacet
  facet normal -0.42306949368890445 -0.896654747818274 -0.1304701756140526
    outer loop
      vertex 49.6661 -108.717 1.4824
      vertex 49.64 -108.78 2
      vertex 48.22 -108.11 2
    endloop
  endfacet
  facet normal -0.05565293022524019 -0.1179534463905148 -0.9914583883562358
    outer loop
      vertex 48.9193 -106.8009 0.0681
      vertex 50.4057 -106.9298 0
      vertex 50.2075 -107.4087 0.0681
    endloop
  endfacet
  facet normal -0.12901918679586188 -0.36028809086111846 -0.9238758255426889
    outer loop
      vertex 50.2075 -107.4087 0.0681
      vertex 51.5507 -107.8897 0.0681
      vertex 50.0228 -107.8549 0.2679
    endloop
  endfacet
  facet normal -0.04397194404392429 -0.12278779115003194 -0.9914583332049279
    outer loop
      vertex 50.4057 -106.9298 0
      vertex 51.7011 -107.3937 0
      vertex 50.2075 -107.4087 0.0681
    endloop
  endfacet
  facet normal -0.1290203902946721 -0.36024465917890713 -0.9238925935525641
    outer loop
      vertex 50.0228 -107.8549 0.2679
      vertex 51.5507 -107.8897 0.0681
      vertex 51.4105 -108.3519 0.2679
    endloop
  endfacet
  facet normal -0.2052875794646193 -0.5731943139296837 -0.7932876453066925
    outer loop
      vertex 50.0228 -107.8549 0.2679
      vertex 51.4105 -108.3519 0.2679
      vertex 49.8643 -108.2381 0.5858
    endloop
  endfacet
  facet normal -0.20528216668893629 -0.5732703515114687 -0.7932340991897744
    outer loop
      vertex 49.8643 -108.2381 0.5858
      vertex 51.4105 -108.3519 0.2679
      vertex 51.2902 -108.7487 0.5858
    endloop
  endfacet
  facet normal -0.043971875811403056 -0.12279214883549965 -0.9914577965410263
    outer loop
      vertex 50.2075 -107.4087 0.0681
      vertex 51.7011 -107.3937 0
      vertex 51.5507 -107.8897 0.0681
    endloop
  endfacet
  facet normal -0.031635588610509816 -0.12653283425286868 -0.9914578313721681
    outer loop
      vertex 51.7011 -107.3937 0
      vertex 53.0302 -107.726 0
      vertex 51.5507 -107.8897 0.0681
    endloop
  endfacet
  facet normal -0.09280095403695207 -0.37123074619831326 -0.9238916148590564
    outer loop
      vertex 51.5507 -107.8897 0.0681
      vertex 52.9292 -108.2343 0.0681
      vertex 51.4105 -108.3519 0.2679
    endloop
  endfacet
  facet normal -0.14766416088575832 -0.5907395776406972 -0.7932351776105215
    outer loop
      vertex 51.4105 -108.3519 0.2679
      vertex 52.8351 -108.708 0.2679
      vertex 51.2902 -108.7487 0.5858
    endloop
  endfacet
  facet normal -0.14768501012310306 -0.5906190202710564 -0.7933210640585541
    outer loop
      vertex 51.2902 -108.7487 0.5858
      vertex 52.8351 -108.708 0.2679
      vertex 52.7543 -109.1148 0.5858
    endloop
  endfacet
  facet normal -0.26746362632823883 -0.7469181057215784 -0.6087499913237268
    outer loop
      vertex 49.7426 -108.5321 1
      vertex 49.8643 -108.2381 0.5858
      vertex 51.2902 -108.7487 0.5858
    endloop
  endfacet
  facet normal -0.26747548004703064 -0.7468477860944881 -0.6088310537245716
    outer loop
      vertex 49.7426 -108.5321 1
      vertex 51.2902 -108.7487 0.5858
      vertex 51.1979 -109.0533 1
    endloop
  endfacet
  facet normal -0.3114913979025057 -0.8697494845884892 -0.3827648665836512
    outer loop
      vertex 49.7426 -108.5321 1
      vertex 51.1979 -109.0533 1
      vertex 49.6661 -108.717 1.4824
    endloop
  endfacet
  facet normal -0.19243888835188255 -0.7695978596995064 -0.6088402159810327
    outer loop
      vertex 51.2902 -108.7487 0.5858
      vertex 52.7543 -109.1148 0.5858
      vertex 51.1979 -109.0533 1
    endloop
  endfacet
  facet normal -0.1924182780062709 -0.7696731120250654 -0.6087515970531433
    outer loop
      vertex 51.1979 -109.0533 1
      vertex 52.7543 -109.1148 0.5858
      vertex 52.6923 -109.4269 1
    endloop
  endfacet
  facet normal -0.22408027311878057 -0.8963210924751008 -0.3826179953730017
    outer loop
      vertex 51.1979 -109.0533 1
      vertex 52.6923 -109.4269 1
      vertex 51.1398 -109.2447 1.4824
    endloop
  endfacet
  facet normal -0.03163410386105266 -0.12654559539309693 -0.9914562500481375
    outer loop
      vertex 51.5507 -107.8897 0.0681
      vertex 53.0302 -107.726 0
      vertex 52.9292 -108.2343 0.0681
    endloop
  endfacet
  facet normal -0.09279881500525283 -0.3712473795464303 -0.9238851460617437
    outer loop
      vertex 51.4105 -108.3519 0.2679
      vertex 52.9292 -108.2343 0.0681
      vertex 52.8351 -108.708 0.2679
    endloop
  endfacet
  facet normal -0.01914641987058285 -0.12902691584250625 -0.9914562368527974
    outer loop
      vertex 53.0302 -107.726 0
      vertex 54.3881 -107.9275 0
      vertex 52.9292 -108.2343 0.0681
    endloop
  endfacet
  facet normal -0.05617603816164607 -0.3785226965836897 -0.923885718532045
    outer loop
      vertex 52.9292 -108.2343 0.0681
      vertex 54.3368 -108.4432 0.0681
      vertex 52.8351 -108.708 0.2679
    endloop
  endfacet
  facet normal -0.08937781990637515 -0.6022027346796506 -0.7933243168169836
    outer loop
      vertex 52.8351 -108.708 0.2679
      vertex 54.2891 -108.9238 0.2679
      vertex 52.7543 -109.1148 0.5858
    endloop
  endfacet
  facet normal -0.019147777150666352 -0.12902063722966914 -0.9914570277117605
    outer loop
      vertex 52.9292 -108.2343 0.0681
      vertex 54.3881 -107.9275 0
      vertex 54.3368 -108.4432 0.0681
    endloop
  endfacet
  facet normal -0.056178224127950274 -0.3785131505191805 -0.9238894966487465
    outer loop
      vertex 52.8351 -108.708 0.2679
      vertex 54.3368 -108.4432 0.0681
      vertex 54.2891 -108.9238 0.2679
    endloop
  endfacet
  facet normal -0.006637169900893767 -0.1302651414454307 -0.9914569788447246
    outer loop
      vertex 54.3881 -107.9275 0
      vertex 55.76 -107.9974 0
      vertex 54.3368 -108.4432 0.0681
    endloop
  endfacet
  facet normal -0.019467704491583204 -0.3821577521713754 -0.9238920180070558
    outer loop
      vertex 54.3368 -108.4432 0.0681
      vertex 55.76 -108.5157 0.0681
      vertex 54.2891 -108.9238 0.2679
    endloop
  endfacet
  facet normal -0.08935366587610633 -0.6022904815845788 -0.793260422677898
    outer loop
      vertex 52.7543 -109.1148 0.5858
      vertex 54.2891 -108.9238 0.2679
      vertex 54.248 -109.3364 0.5858
    endloop
  endfacet
  facet normal -0.030965296360190915 -0.6081021951429254 -0.7932546064686173
    outer loop
      vertex 54.2891 -108.9238 0.2679
      vertex 55.76 -108.9987 0.2679
      vertex 54.248 -109.3364 0.5858
    endloop
  endfacet
  facet normal -0.11642579354177654 -0.7847707933815663 -0.6087526890728571
    outer loop
      vertex 52.7543 -109.1148 0.5858
      vertex 54.248 -109.3364 0.5858
      vertex 52.6923 -109.4269 1
    endloop
  endfacet
  facet normal -0.11645365063533883 -0.7846978527780291 -0.608841380902492
    outer loop
      vertex 54.248 -109.3364 0.5858
      vertex 54.2165 -109.6531 1
      vertex 52.6923 -109.4269 1
    endloop
  endfacet
  facet normal -0.04039910375848031 -0.7922625795437234 -0.6088414551180273
    outer loop
      vertex 54.248 -109.3364 0.5858
      vertex 55.76 -109.4135 0.5858
      vertex 54.2165 -109.6531 1
    endloop
  endfacet
  facet normal -0.13562533043712355 -0.9138820895325885 -0.38265558427307855
    outer loop
      vertex 52.6923 -109.4269 1
      vertex 54.2165 -109.6531 1
      vertex 52.6533 -109.6231 1.4824
    endloop
  endfacet
  facet normal -0.04698853244198289 -0.9227328221907422 -0.38256531033387864
    outer loop
      vertex 54.2165 -109.6531 1
      vertex 55.76 -109.7317 1
      vertex 54.1968 -109.8521 1.4824
    endloop
  endfacet
  facet normal -0.31146361251827837 -0.8698198327993001 -0.3826275951183627
    outer loop
      vertex 49.6661 -108.717 1.4824
      vertex 51.1979 -109.0533 1
      vertex 51.1398 -109.2447 1.4824
    endloop
  endfacet
  facet normal -0.3342359693864534 -0.9334158576555251 -0.13046514264545322
    outer loop
      vertex 49.6661 -108.717 1.4824
      vertex 51.1398 -109.2447 1.4824
      vertex 49.64 -108.78 2
    endloop
  endfacet
  facet normal -0.33425716286953944 -0.9333973604658798 -0.13054315970488262
    outer loop
      vertex 49.64 -108.78 2
      vertex 51.1398 -109.2447 1.4824
      vertex 51.12 -109.31 2
    endloop
  endfacet
  facet normal -0.224090249491433 -0.8963017774981096 -0.38265739733682985
    outer loop
      vertex 52.6923 -109.4269 1
      vertex 52.6533 -109.6231 1.4824
      vertex 51.1398 -109.2447 1.4824
    endloop
  endfacet
  facet normal -0.24047509721568747 -0.961836838361374 -0.1305435712323736
    outer loop
      vertex 51.1398 -109.2447 1.4824
      vertex 52.6533 -109.6231 1.4824
      vertex 51.12 -109.31 2
    endloop
  endfacet
  facet normal -0.24046160539096278 -0.9618464215638646 -0.13049780709877581
    outer loop
      vertex 51.12 -109.31 2
      vertex 52.6533 -109.6231 1.4824
      vertex 52.64 -109.69 2
    endloop
  endfacet
  facet normal -0.14550273401656535 -0.9807138425963738 -0.1304964111903434
    outer loop
      vertex 52.6533 -109.6231 1.4824
      vertex 54.1968 -109.8521 1.4824
      vertex 52.64 -109.69 2
    endloop
  endfacet
  facet normal -0.13559439317256125 -0.9139298945932279 -0.38255236021880207
    outer loop
      vertex 54.2165 -109.6531 1
      vertex 54.1968 -109.8521 1.4824
      vertex 52.6533 -109.6231 1.4824
    endloop
  endfacet
  facet normal -0.14552351435481461 -0.9807019445650361 -0.13056263897524736
    outer loop
      vertex 54.1968 -109.8521 1.4824
      vertex 54.19 -109.92 2
      vertex 52.64 -109.69 2
    endloop
  endfacet
  facet normal -0.05048321340592454 -0.9901550714697422 -0.13055412520085916
    outer loop
      vertex 54.1968 -109.8521 1.4824
      vertex 55.76 -109.9318 1.4824
      vertex 54.19 -109.92 2
    endloop
  endfacet
  facet normal -0.00663608065202567 -0.1302685515029535 -0.9914565380907536
    outer loop
      vertex 54.3368 -108.4432 0.0681
      vertex 55.76 -107.9974 0
      vertex 55.76 -108.5157 0.0681
    endloop
  endfacet
  facet normal -0.01946096472369695 -0.38217801084227015 -0.923883779964054
    outer loop
      vertex 54.2891 -108.9238 0.2679
      vertex 55.76 -108.5157 0.0681
      vertex 55.76 -108.9987 0.2679
    endloop
  endfacet
  facet normal -0.031003303863461184 -0.6080025349098886 -0.7933295107915119
    outer loop
      vertex 54.248 -109.3364 0.5858
      vertex 55.76 -108.9987 0.2679
      vertex 55.76 -109.4135 0.5858
    endloop
  endfacet
  facet normal 0.006637343591902561 -0.1302685504110246 -0.9914565297802288
    outer loop
      vertex 55.76 -107.9974 0
      vertex 57.1319 -107.9275 0
      vertex 55.76 -108.5157 0.0681
    endloop
  endfacet
  facet normal 0.006635913253500457 -0.13026526541217992 -0.9914569709686782
    outer loop
      vertex 55.76 -108.5157 0.0681
      vertex 57.1319 -107.9275 0
      vertex 57.1832 -108.4432 0.0681
    endloop
  endfacet
  facet normal 0.019468733554320036 -0.3821779530277487 -0.923883640202223
    outer loop
      vertex 55.76 -108.5157 0.0681
      vertex 57.1832 -108.4432 0.0681
      vertex 55.76 -108.9987 0.2679
    endloop
  endfacet
  facet normal 0.01945996942802542 -0.38215846504249373 -0.9238918860917793
    outer loop
      vertex 55.76 -108.9987 0.2679
      vertex 57.1832 -108.4432 0.0681
      vertex 57.2309 -108.9238 0.2679
    endloop
  endfacet
  facet normal 0.0309602628658063 -0.6080033464528009 -0.7933305697031192
    outer loop
      vertex 55.76 -108.9987 0.2679
      vertex 57.2309 -108.9238 0.2679
      vertex 55.76 -109.4135 0.5858
    endloop
  endfacet
  facet normal 0.031008207313663803 -0.6080986959566637 -0.7932556126842077
    outer loop
      vertex 55.76 -109.4135 0.5858
      vertex 57.2309 -108.9238 0.2679
      vertex 57.272 -109.3364 0.5858
    endloop
  endfacet
  facet normal 0.04040410263081979 -0.7923606119039995 -0.6087135362333563
    outer loop
      vertex 55.76 -109.4135 0.5858
      vertex 57.272 -109.3364 0.5858
      vertex 55.76 -109.7317 1
    endloop
  endfacet
  facet normal -0.04034964771924126 -0.7923623569292849 -0.6087148768104829
    outer loop
      vertex 54.2165 -109.6531 1
      vertex 55.76 -109.4135 0.5858
      vertex 55.76 -109.7317 1
    endloop
  endfacet
  facet normal 0.04034475744107433 -0.792266324558415 -0.6088401855312451
    outer loop
      vertex 57.272 -109.3364 0.5858
      vertex 57.3035 -109.6531 1
      vertex 55.76 -109.7317 1
    endloop
  endfacet
  facet normal 0.04698520311661301 -0.9226674428814792 -0.3827233733842798
    outer loop
      vertex 55.76 -109.7317 1
      vertex 57.3035 -109.6531 1
      vertex 55.76 -109.9318 1.4824
    endloop
  endfacet
  facet normal 0.019145521751058766 -0.12902086345291938 -0.991457041828209
    outer loop
      vertex 57.1319 -107.9275 0
      vertex 58.4898 -107.726 0
      vertex 57.1832 -108.4432 0.0681
    endloop
  endfacet
  facet normal 0.05617467745069656 -0.3785135279061783 -0.9238895576882169
    outer loop
      vertex 57.1832 -108.4432 0.0681
      vertex 58.5908 -108.2343 0.0681
      vertex 57.2309 -108.9238 0.2679
    endloop
  endfacet
  facet normal 0.019148643658204206 -0.12902647588936475 -0.9914562511606967
    outer loop
      vertex 57.1832 -108.4432 0.0681
      vertex 58.4898 -107.726 0
      vertex 58.5908 -108.2343 0.0681
    endloop
  endfacet
  facet normal 0.05617954149677429 -0.37852202658159995 -0.9238857800127519
    outer loop
      vertex 57.2309 -108.9238 0.2679
      vertex 58.5908 -108.2343 0.0681
      vertex 58.6849 -108.708 0.2679
    endloop
  endfacet
  facet normal 0.08939020530484046 -0.6022861840279757 -0.793259568946116
    outer loop
      vertex 57.2309 -108.9238 0.2679
      vertex 58.6849 -108.708 0.2679
      vertex 57.272 -109.3364 0.5858
    endloop
  endfacet
  facet normal 0.08934161445829887 -0.6022092487200554 -0.7933234502282225
    outer loop
      vertex 57.272 -109.3364 0.5858
      vertex 58.6849 -108.708 0.2679
      vertex 58.7657 -109.1148 0.5858
    endloop
  endfacet
  facet normal 0.03163855694981033 -0.12654470671679915 -0.9914562213815056
    outer loop
      vertex 58.4898 -107.726 0
      vertex 59.8189 -107.3937 0
      vertex 58.5908 -108.2343 0.0681
    endloop
  endfacet
  facet normal 0.09280480355404967 -0.37124614538379896 -0.9238850404541495
    outer loop
      vertex 58.5908 -108.2343 0.0681
      vertex 59.9693 -107.8897 0.0681
      vertex 58.6849 -108.708 0.2679
    endloop
  endfacet
  facet normal 0.03163124226842273 -0.12653414819216663 -0.9914578023566304
    outer loop
      vertex 58.5908 -108.2343 0.0681
      vertex 59.8189 -107.3937 0
      vertex 59.9693 -107.8897 0.0681
    endloop
  endfacet
  facet normal 0.09279509028136453 -0.3712324785589231 -0.9238915077446442
    outer loop
      vertex 58.6849 -108.708 0.2679
      vertex 59.9693 -107.8897 0.0681
      vertex 60.1095 -108.3519 0.2679
    endloop
  endfacet
  facet normal 0.14763665499451836 -0.5906295386273289 -0.7933222335236157
    outer loop
      vertex 58.6849 -108.708 0.2679
      vertex 60.1095 -108.3519 0.2679
      vertex 58.7657 -109.1148 0.5858
    endloop
  endfacet
  facet normal 0.14771178208668034 -0.5907260861871242 -0.7932363585532495
    outer loop
      vertex 58.7657 -109.1148 0.5858
      vertex 60.1095 -108.3519 0.2679
      vertex 60.2298 -108.7487 0.5858
    endloop
  endfacet
  facet normal 0.11641570510117928 -0.7847027920109918 -0.6088422717058578
    outer loop
      vertex 57.272 -109.3364 0.5858
      vertex 58.7657 -109.1148 0.5858
      vertex 57.3035 -109.6531 1
    endloop
  endfacet
  facet normal 0.11646354034442208 -0.7847644924534696 -0.6087535914922321
    outer loop
      vertex 57.3035 -109.6531 1
      vertex 58.7657 -109.1148 0.5858
      vertex 58.8277 -109.4269 1
    endloop
  endfacet
  facet normal 0.19245555364623312 -0.7696645072205589 -0.6087506929734504
    outer loop
      vertex 58.7657 -109.1148 0.5858
      vertex 60.2298 -108.7487 0.5858
      vertex 58.8277 -109.4269 1
    endloop
  endfacet
  facet normal 0.19240195356365622 -0.769607814254603 -0.6088393059774815
    outer loop
      vertex 58.8277 -109.4269 1
      vertex 60.2298 -108.7487 0.5858
      vertex 60.3221 -109.0533 1
    endloop
  endfacet
  facet normal 0.22407629039556234 -0.8963051615822237 -0.3826576451655286
    outer loop
      vertex 58.8277 -109.4269 1
      vertex 60.3221 -109.0533 1
      vertex 58.8667 -109.6231 1.4824
    endloop
  endfacet
  facet normal 0.135631644861097 -0.9139246379190622 -0.38255171299679785
    outer loop
      vertex 57.3035 -109.6531 1
      vertex 58.8277 -109.4269 1
      vertex 57.3232 -109.8521 1.4824
    endloop
  endfacet
  facet normal -0.047042219576733345 -0.9226649641448804 -0.3827223452018722
    outer loop
      vertex 54.1968 -109.8521 1.4824
      vertex 55.76 -109.7317 1
      vertex 55.76 -109.9318 1.4824
    endloop
  endfacet
  facet normal -0.05045442484811761 -0.9901680876443294 -0.1304665061386161
    outer loop
      vertex 54.19 -109.92 2
      vertex 55.76 -109.9318 1.4824
      vertex 55.76 -110 2
    endloop
  endfacet
  facet normal 0.04704551092192318 -0.9227295191110173 -0.38256627460251363
    outer loop
      vertex 57.3035 -109.6531 1
      vertex 57.3232 -109.8521 1.4824
      vertex 55.76 -109.9318 1.4824
    endloop
  endfacet
  facet normal 0.05048380199722009 -0.9901666158350316 -0.13046631221011126
    outer loop
      vertex 55.76 -109.9318 1.4824
      vertex 57.3232 -109.8521 1.4824
      vertex 55.76 -110 2
    endloop
  endfacet
  facet normal 0.050453839146242185 -0.9901565932450245 -0.13055393892492304
    outer loop
      vertex 57.3232 -109.8521 1.4824
      vertex 57.33 -109.92 2
      vertex 55.76 -110 2
    endloop
  endfacet
  facet normal 0.2240941821829302 -0.8963175072248036 -0.38261824806728406
    outer loop
      vertex 58.8667 -109.6231 1.4824
      vertex 60.3221 -109.0533 1
      vertex 60.3802 -109.2447 1.4824
    endloop
  endfacet
  facet normal 0.13558815937759705 -0.9138878777262971 -0.38265493330351824
    outer loop
      vertex 58.8277 -109.4269 1
      vertex 58.8667 -109.6231 1.4824
      vertex 57.3232 -109.8521 1.4824
    endloop
  endfacet
  facet normal 0.14550145174383458 -0.9807051998541907 -0.13056277616299447
    outer loop
      vertex 57.3232 -109.8521 1.4824
      vertex 58.8667 -109.6231 1.4824
      vertex 57.33 -109.92 2
    endloop
  endfacet
  facet normal 0.14552479143962363 -0.980710551006145 -0.13049655252794068
    outer loop
      vertex 57.33 -109.92 2
      vertex 58.8667 -109.6231 1.4824
      vertex 58.88 -109.69 2
    endloop
  endfacet
  facet normal 0.24047656161750955 -0.9618426955816639 -0.13049770982212178
    outer loop
      vertex 58.8667 -109.6231 1.4824
      vertex 60.3802 -109.2447 1.4824
      vertex 58.88 -109.69 2
    endloop
  endfacet
  facet normal -0.9987042955241725 0.050889390854738564 0
    outer loop
      vertex 39.84 -92.43 2
      vertex 39.76 -94 2
      vertex 39.84 -92.43 20
    endloop
  endfacet
  facet normal -0.9987042955241725 -0.050889390854738564 0
    outer loop
      vertex 39.76 -94 2
      vertex 39.84 -95.57 2
      vertex 39.76 -94 20
    endloop
  endfacet
  facet normal -0.9891691709581993 -0.14677994149702006 0
    outer loop
      vertex 39.84 -95.57 2
      vertex 40.07 -97.12 2
      vertex 39.84 -95.57 20
    endloop
  endfacet
  facet normal -0.9701425001453313 -0.2425356250363351 0
    outer loop
      vertex 40.07 -97.12 2
      vertex 40.45 -98.64 2
      vertex 40.07 -97.12 20
    endloop
  endfacet
  facet normal -0.9414537308125974 -0.33714221441261466 0
    outer loop
      vertex 40.45 -98.64 2
      vertex 40.98 -100.12 2
      vertex 40.45 -98.64 20
    endloop
  endfacet
  facet normal -0.9043852206147877 -0.42671697029007644 0
    outer loop
      vertex 40.98 -100.12 2
      vertex 41.65 -101.54 2
      vertex 40.98 -100.12 20
    endloop
  endfacet
  facet normal -0.8574929257125427 -0.5144957554275292 0
    outer loop
      vertex 41.65 -101.54 2
      vertex 42.46 -102.89 2
      vertex 41.65 -101.54 20
    endloop
  endfacet
  facet normal -0.8045740795857684 -0.5938522968371122 0
    outer loop
      vertex 42.46 -102.89 2
      vertex 43.39 -104.15 2
      vertex 42.46 -102.89 20
    endloop
  endfacet
  facet normal -0.7382098828926542 -0.6745710998846702 0
    outer loop
      vertex 43.39 -104.15 2
      vertex 44.45 -105.31 2
      vertex 43.39 -104.15 20
    endloop
  endfacet
  facet normal -0.6745710998846702 -0.7382098828926542 0
    outer loop
      vertex 44.45 -105.31 2
      vertex 45.61 -106.37 2
      vertex 44.45 -105.31 20
    endloop
  endfacet
  facet normal -0.5938522968371114 -0.8045740795857689 0
    outer loop
      vertex 45.61 -106.37 2
      vertex 46.87 -107.3 2
      vertex 45.61 -106.37 20
    endloop
  endfacet
  facet normal -0.5144957554275272 -0.8574929257125438 0
    outer loop
      vertex 46.87 -107.3 2
      vertex 48.22 -108.11 2
      vertex 46.87 -107.3 20
    endloop
  endfacet
  facet normal -0.42671697029007644 -0.9043852206147877 0
    outer loop
      vertex 48.22 -108.11 2
      vertex 49.64 -108.78 2
      vertex 48.22 -108.11 20
    endloop
  endfacet
  facet normal -0.3371422144126201 -0.9414537308125955 0
    outer loop
      vertex 49.64 -108.78 2
      vertex 51.12 -109.31 2
      vertex 49.64 -108.78 20
    endloop
  endfacet
  facet normal -0.24253562503632978 -0.9701425001453327 0
    outer loop
      vertex 51.12 -109.31 2
      vertex 52.64 -109.69 2
      vertex 51.12 -109.31 20
    endloop
  endfacet
  facet normal -0.1467799414970258 -0.9891691709581986 0
    outer loop
      vertex 52.64 -109.69 2
      vertex 54.19 -109.92 2
      vertex 52.64 -109.69 20
    endloop
  endfacet
  facet normal -0.050889390854733825 -0.9987042955241727 0
    outer loop
      vertex 54.19 -109.92 2
      vertex 55.76 -110 2
      vertex 54.19 -109.92 20
    endloop
  endfacet
  facet normal 0.050889390854733825 -0.9987042955241727 0
    outer loop
      vertex 55.76 -110 2
      vertex 57.33 -109.92 2
      vertex 55.76 -110 20
    endloop
  endfacet
  facet normal 0.14677994149702514 -0.9891691709581986 0
    outer loop
      vertex 57.33 -109.92 2
      vertex 58.88 -109.69 2
      vertex 57.33 -109.92 20
    endloop
  endfacet
  facet normal 0.24253562503633083 -0.9701425001453324 0
    outer loop
      vertex 58.88 -109.69 2
      vertex 60.4 -109.31 2
      vertex 58.88 -109.69 20
    endloop
  endfacet
  facet normal 0.06688891653712628 -0.11199917685792052 -0.9914545159651236
    outer loop
      vertex 66.2528 -104.017 0
      vertex 62.602 -106.8002 0.0681
      vertex 62.3583 -106.3429 0
    endloop
  endfacet
  facet normal 0.06688586258130197 -0.11199518696931265 -0.9914551727044768
    outer loop
      vertex 65.6749 -104.965 0.0681
      vertex 62.602 -106.8002 0.0681
      vertex 66.2528 -104.017 0
    endloop
  endfacet
  facet normal -0.13017739860099084 0.008134254272325841 -0.9914573509742675
    outer loop
      vertex 65.6749 -104.965 0.0681
      vertex 66.2528 -104.017 0
      vertex 66.0032 -108.0115 0
    endloop
  endfacet
  facet normal 0.04397334461074356 -0.12279170210984655 -0.991457786724534
    outer loop
      vertex 59.8189 -107.3937 0
      vertex 61.1143 -106.9298 0
      vertex 59.9693 -107.8897 0.0681
    endloop
  endfacet
  facet normal 0.04397052512474899 -0.12278837702195823 -0.9914583235762194
    outer loop
      vertex 61.1143 -106.9298 0
      vertex 61.3125 -107.4087 0.0681
      vertex 59.9693 -107.8897 0.0681
    endloop
  endfacet
  facet normal 0.1290053141899979 -0.3602493513929364 -0.9238928691854421
    outer loop
      vertex 59.9693 -107.8897 0.0681
      vertex 61.3125 -107.4087 0.0681
      vertex 60.1095 -108.3519 0.2679
    endloop
  endfacet
  facet normal 0.12903381938939248 -0.3602821552649101 -0.9238760966988251
    outer loop
      vertex 60.1095 -108.3519 0.2679
      vertex 61.3125 -107.4087 0.0681
      vertex 61.4972 -107.8549 0.2679
    endloop
  endfacet
  facet normal 0.2053114241471062 -0.5732608919294564 -0.7932333634555038
    outer loop
      vertex 60.1095 -108.3519 0.2679
      vertex 61.4972 -107.8549 0.2679
      vertex 60.2298 -108.7487 0.5858
    endloop
  endfacet
  facet normal 0.20525896365943186 -0.573205554802168 -0.7932869277766996
    outer loop
      vertex 60.2298 -108.7487 0.5858
      vertex 61.4972 -107.8549 0.2679
      vertex 61.6557 -108.2381 0.5858
    endloop
  endfacet
  facet normal 0.055649321723277675 -0.11795494330168245 -0.9914584128154019
    outer loop
      vertex 61.1143 -106.9298 0
      vertex 62.3583 -106.3429 0
      vertex 61.3125 -107.4087 0.0681
    endloop
  endfacet
  facet normal 0.05567189769673101 -0.11797684811821753 -0.9914545391065269
    outer loop
      vertex 61.3125 -107.4087 0.0681
      vertex 62.3583 -106.3429 0
      vertex 62.602 -106.8002 0.0681
    endloop
  endfacet
  facet normal 0.1633165371380836 -0.34609149488835 -0.9238768239669033
    outer loop
      vertex 61.3125 -107.4087 0.0681
      vertex 62.602 -106.8002 0.0681
      vertex 61.4972 -107.8549 0.2679
    endloop
  endfacet
  facet normal 0.1632905872743399 -0.34606692482007956 -0.9238906145497824
    outer loop
      vertex 61.4972 -107.8549 0.2679
      vertex 62.602 -106.8002 0.0681
      vertex 62.8292 -107.2264 0.2679
    endloop
  endfacet
  facet normal 0.25981566264375644 -0.5506355809729234 -0.7932819665236296
    outer loop
      vertex 61.4972 -107.8549 0.2679
      vertex 62.8292 -107.2264 0.2679
      vertex 61.6557 -108.2381 0.5858
    endloop
  endfacet
  facet normal 0.2674424384385014 -0.7468589364854352 -0.6088318906840484
    outer loop
      vertex 60.2298 -108.7487 0.5858
      vertex 61.6557 -108.2381 0.5858
      vertex 60.3221 -109.0533 1
    endloop
  endfacet
  facet normal 0.3115106910875497 -0.8698033552181837 -0.3826267274895302
    outer loop
      vertex 60.3221 -109.0533 1
      vertex 61.7774 -108.5321 1
      vertex 60.3802 -109.2447 1.4824
    endloop
  endfacet
  facet normal 0.2674962421198569 -0.7469057581677535 -0.6087508101576605
    outer loop
      vertex 61.6557 -108.2381 0.5858
      vertex 61.7774 -108.5321 1
      vertex 60.3221 -109.0533 1
    endloop
  endfacet
  facet normal 0.338539448261611 -0.7175022997460279 -0.6087540487174481
    outer loop
      vertex 61.6557 -108.2381 0.5858
      vertex 63.0242 -107.5924 0.5858
      vertex 61.7774 -108.5321 1
    endloop
  endfacet
  facet normal 0.3942384793216454 -0.8355055585441544 -0.38276165307404714
    outer loop
      vertex 61.7774 -108.5321 1
      vertex 63.1738 -107.8732 1
      vertex 61.8539 -108.717 1.4824
    endloop
  endfacet
  facet normal 0.2598003943344745 -0.5506223318053661 -0.7932961633720869
    outer loop
      vertex 61.6557 -108.2381 0.5858
      vertex 62.8292 -107.2264 0.2679
      vertex 63.0242 -107.5924 0.5858
    endloop
  endfacet
  facet normal 0.196201205532972 -0.3285236946830149 -0.9238924553102649
    outer loop
      vertex 65.6749 -104.965 0.0681
      vertex 62.8292 -107.2264 0.2679
      vertex 62.602 -106.8002 0.0681
    endloop
  endfacet
  facet normal 0.1961971780943137 -0.3285188542704119 -0.9238950317523544
    outer loop
      vertex 65.1364 -105.8485 0.2679
      vertex 62.8292 -107.2264 0.2679
      vertex 65.6749 -104.965 0.0681
    endloop
  endfacet
  facet normal 0.3121836162641031 -0.5227245814599837 -0.7932845653822796
    outer loop
      vertex 65.1364 -105.8485 0.2679
      vertex 64.674 -106.6071 0.5858
      vertex 63.0242 -107.5924 0.5858
    endloop
  endfacet
  facet normal 0.31217495965345793 -0.5227157753918703 -0.7932937745386873
    outer loop
      vertex 65.1364 -105.8485 0.2679
      vertex 63.0242 -107.5924 0.5858
      vertex 62.8292 -107.2264 0.2679
    endloop
  endfacet
  facet normal -0.6076250502485963 0.03799016463991308 -0.7933149095416167
    outer loop
      vertex 64.674 -106.6071 0.5858
      vertex 65.0016 -108.0058 0.2679
      vertex 64.5867 -108.0034 0.5858
    endloop
  endfacet
  facet normal -0.6080238662665673 -0.03095937507575456 -0.7933148776779458
    outer loop
      vertex 64.5867 -108.0034 0.5858
      vertex 65.0016 -108.0058 0.2679
      vertex 65.0762 -109.4709 0.2679
    endloop
  endfacet
  facet normal -0.6080995676663946 -0.030997518728325082 -0.7932553621858671
    outer loop
      vertex 64.5867 -108.0034 0.5858
      vertex 65.0762 -109.4709 0.2679
      vertex 64.6636 -109.512 0.5858
    endloop
  endfacet
  facet normal 0.40680556866791184 -0.6811608923052134 -0.6087109889715664
    outer loop
      vertex 63.0242 -107.5924 0.5858
      vertex 64.674 -106.6071 0.5858
      vertex 63.1738 -107.8732 1
    endloop
  endfacet
  facet normal 0.47369400945797674 -0.7931604518014994 -0.38276687827144534
    outer loop
      vertex 63.1738 -107.8732 1
      vertex 64.3191 -107.1892 1
      vertex 63.2679 -108.0498 1.4824
    endloop
  endfacet
  facet normal 0.3385672469629617 -0.717522087811622 -0.6087152641312453
    outer loop
      vertex 61.7774 -108.5321 1
      vertex 63.0242 -107.5924 0.5858
      vertex 63.1738 -107.8732 1
    endloop
  endfacet
  facet normal 0.40680501316643153 -0.6811604993852605 -0.6087117999019585
    outer loop
      vertex 64.674 -106.6071 0.5858
      vertex 64.3191 -107.1892 1
      vertex 63.1738 -107.8732 1
    endloop
  endfacet
  facet normal -0.7917535326018489 0.049502315688714514 -0.6088315566344668
    outer loop
      vertex 64.674 -106.6071 0.5858
      vertex 64.5867 -108.0034 0.5858
      vertex 64.3191 -107.1892 1
    endloop
  endfacet
  facet normal -0.7918371408357934 0.049422803201255604 -0.6087292739114211
    outer loop
      vertex 64.5867 -108.0034 0.5858
      vertex 64.2684 -108.0015 1
      vertex 64.3191 -107.1892 1
    endloop
  endfacet
  facet normal -0.9221185749321694 0.05755436630440364 -0.3826027034462296
    outer loop
      vertex 64.3191 -107.1892 1
      vertex 64.2684 -108.0015 1
      vertex 64.0961 -107.5552 1.4824
    endloop
  endfacet
  facet normal -0.7923581544094678 -0.040389992094720405 -0.6087176715681997
    outer loop
      vertex 64.5867 -108.0034 0.5858
      vertex 64.6636 -109.512 0.5858
      vertex 64.2684 -108.0015 1
    endloop
  endfacet
  facet normal -0.7922671574212465 -0.04033266657430092 -0.6088399028305091
    outer loop
      vertex 64.2684 -108.0015 1
      vertex 64.6636 -109.512 0.5858
      vertex 64.3469 -109.5435 1
    endloop
  endfacet
  facet normal -0.9227058746069717 -0.04697302928446961 -0.3826322039316918
    outer loop
      vertex 64.2684 -108.0015 1
      vertex 64.3469 -109.5435 1
      vertex 64.0683 -108.0004 1.4824
    endloop
  endfacet
  facet normal -0.7847027920109927 -0.11641570510117942 -0.6088422717058565
    outer loop
      vertex 64.6636 -109.512 0.5858
      vertex 64.8852 -111.0057 0.5858
      vertex 64.3469 -109.5435 1
    endloop
  endfacet
  facet normal -0.7847644924534698 -0.11646354034442154 -0.608753591492232
    outer loop
      vertex 64.8852 -111.0057 0.5858
      vertex 64.5731 -111.0677 1
      vertex 64.3469 -109.5435 1
    endloop
  endfacet
  facet normal -0.9139246379190622 -0.13563164486109636 -0.38255171299679785
    outer loop
      vertex 64.3469 -109.5435 1
      vertex 64.5731 -111.0677 1
      vertex 64.1479 -109.5632 1.4824
    endloop
  endfacet
  facet normal -0.7696673806817222 -0.19244310651138363 -0.608750994964924
    outer loop
      vertex 64.8852 -111.0057 0.5858
      vertex 65.2516 -112.4711 0.5858
      vertex 64.5731 -111.0677 1
    endloop
  endfacet
  facet normal -0.8962983094953614 -0.2241045539059315 -0.3826571432945957
    outer loop
      vertex 64.5731 -111.0677 1
      vertex 64.9469 -112.5627 1
      vertex 64.3769 -111.1067 1.4824
    endloop
  endfacet
  facet normal 0.24046014733639584 -0.9618405893455924 -0.13054347256865215
    outer loop
      vertex 58.88 -109.69 2
      vertex 60.3802 -109.2447 1.4824
      vertex 60.4 -109.31 2
    endloop
  endfacet
  facet normal 0.3342324999537832 -0.9334061686221233 -0.13054332749249528
    outer loop
      vertex 60.3802 -109.2447 1.4824
      vertex 61.8539 -108.717 1.4824
      vertex 60.4 -109.31 2
    endloop
  endfacet
  facet normal 0.31144456272331267 -0.8697666327181159 -0.3827640121018099
    outer loop
      vertex 61.7774 -108.5321 1
      vertex 61.8539 -108.717 1.4824
      vertex 60.3802 -109.2447 1.4824
    endloop
  endfacet
  facet normal 0.33426061775581367 -0.9334070080728389 -0.13046530840807122
    outer loop
      vertex 61.8539 -108.717 1.4824
      vertex 61.88 -108.78 2
      vertex 60.4 -109.31 2
    endloop
  endfacet
  facet normal 0.42308557085466647 -0.8966471780403198 -0.13047006494561222
    outer loop
      vertex 61.8539 -108.717 1.4824
      vertex 63.2679 -108.0498 1.4824
      vertex 61.88 -108.78 2
    endloop
  endfacet
  facet normal 0.39423501011359674 -0.8355040532083762 -0.38276851212332935
    outer loop
      vertex 63.1738 -107.8732 1
      vertex 63.2679 -108.0498 1.4824
      vertex 61.8539 -108.717 1.4824
    endloop
  endfacet
  facet normal 0.4230665302018101 -0.8966484669948754 -0.1305229392051098
    outer loop
      vertex 61.88 -108.78 2
      vertex 63.2679 -108.0498 1.4824
      vertex 63.3 -108.11 2
    endloop
  endfacet
  facet normal 0.5083398145741604 -0.8512071056011319 -0.13052622837135638
    outer loop
      vertex 63.2679 -108.0498 1.4824
      vertex 64.0961 -107.5552 1.4824
      vertex 63.3 -108.11 2
    endloop
  endfacet
  facet normal 0.47367108220801396 -0.7931548529815554 -0.38280685086828864
    outer loop
      vertex 64.3191 -107.1892 1
      vertex 64.0961 -107.5552 1.4824
      vertex 63.2679 -108.0498 1.4824
    endloop
  endfacet
  facet normal -0.9895099141156508 0.06178880416089024 -0.13058435414399588
    outer loop
      vertex 64.0961 -107.5552 1.4824
      vertex 64.0683 -108.0004 1.4824
      vertex 64.02 -107.68 2
    endloop
  endfacet
  facet normal -0.9221086081631606 0.05758000742800583 -0.38262286588230643
    outer loop
      vertex 64.2684 -108.0015 1
      vertex 64.0683 -108.0004 1.4824
      vertex 64.0961 -107.5552 1.4824
    endloop
  endfacet
  facet normal -0.9227322360463663 -0.046998647292873924 -0.38256548160218656
    outer loop
      vertex 64.3469 -109.5435 1
      vertex 64.1479 -109.5632 1.4824
      vertex 64.0683 -108.0004 1.4824
    endloop
  endfacet
  facet normal -0.9901494469210137 -0.05043249038579871 -0.1306163721571573
    outer loop
      vertex 64.0683 -108.0004 1.4824
      vertex 64.1479 -109.5632 1.4824
      vertex 64 -108 2
    endloop
  endfacet
  facet normal 0.508356674020264 -0.8512018727781298 -0.13049468862011085
    outer loop
      vertex 64.0961 -107.5552 1.4824
      vertex 64.02 -107.68 2
      vertex 63.3 -108.11 2
    endloop
  endfacet
  facet normal -0.9895020703735501 0.06184387939833588 -0.1306177143706847
    outer loop
      vertex 64.0683 -108.0004 1.4824
      vertex 64 -108 2
      vertex 64.02 -107.68 2
    endloop
  endfacet
  facet normal -0.9901565932450244 -0.05045383914624242 -0.130553938924923
    outer loop
      vertex 64 -108 2
      vertex 64.1479 -109.5632 1.4824
      vertex 64.08 -109.57 2
    endloop
  endfacet
  facet normal -0.9138878777262972 -0.13558815937759644 -0.3826549333035183
    outer loop
      vertex 64.5731 -111.0677 1
      vertex 64.3769 -111.1067 1.4824
      vertex 64.1479 -109.5632 1.4824
    endloop
  endfacet
  facet normal -0.9807051998541909 -0.14550145174383394 -0.1305627761629945
    outer loop
      vertex 64.1479 -109.5632 1.4824
      vertex 64.3769 -111.1067 1.4824
      vertex 64.08 -109.57 2
    endloop
  endfacet
  facet normal -0.9807105510061451 -0.145524791439623 -0.13049655252794068
    outer loop
      vertex 64.3769 -111.1067 1.4824
      vertex 64.31 -111.12 2
      vertex 64.08 -109.57 2
    endloop
  endfacet
  facet normal -0.8962609423400684 -0.2240504330986861 -0.3827763402614952
    outer loop
      vertex 64.3769 -111.1067 1.4824
      vertex 64.9469 -112.5627 1
      vertex 64.7553 -112.6204 1.4824
    endloop
  endfacet
  facet normal -0.9618501468541496 -0.24044665096756915 -0.13049790433233252
    outer loop
      vertex 64.3769 -111.1067 1.4824
      vertex 64.7553 -112.6204 1.4824
      vertex 64.31 -111.12 2
    endloop
  endfacet
  facet normal -0.9618522518122806 -0.2404630629530679 -0.13045214079835532
    outer loop
      vertex 64.7553 -112.6204 1.4824
      vertex 64.69 -112.64 2
      vertex 64.31 -111.12 2
    endloop
  endfacet
  facet normal -0.9349091756011412 -0.33004376600387997 -0.13044518350161657
    outer loop
      vertex 64.7553 -112.6204 1.4824
      vertex 65.2418 -113.9985 1.4824
      vertex 64.69 -112.64 2
    endloop
  endfacet
  facet normal -0.3819478996402458 0.023869390672439997 -0.9238755620479043
    outer loop
      vertex 65.1364 -105.8485 0.2679
      vertex 65.6749 -104.965 0.0681
      vertex 65.4847 -108.0085 0.0681
    endloop
  endfacet
  facet normal -0.38196005912139597 0.02386697073636665 -0.9238705975101975
    outer loop
      vertex 65.1364 -105.8485 0.2679
      vertex 65.4847 -108.0085 0.0681
      vertex 65.0016 -108.0058 0.2679
    endloop
  endfacet
  facet normal -0.1301714440394481 0.00813491330911838 -0.9914581273771161
    outer loop
      vertex 65.6749 -104.965 0.0681
      vertex 66.0032 -108.0115 0
      vertex 65.4847 -108.0085 0.0681
    endloop
  endfacet
  facet normal -0.6076730794165475 0.03797076489377924 -0.7932790489895669
    outer loop
      vertex 65.1364 -105.8485 0.2679
      vertex 65.0016 -108.0058 0.2679
      vertex 64.674 -106.6071 0.5858
    endloop
  endfacet
  facet normal -0.382203286252511 -0.019478940368136705 -0.9238729451931773
    outer loop
      vertex 65.4847 -108.0085 0.0681
      vertex 65.5568 -109.4232 0.0681
      vertex 65.0016 -108.0058 0.2679
    endloop
  endfacet
  facet normal -0.3821585764692323 -0.01945876036079861 -0.9238918654670745
    outer loop
      vertex 65.0016 -108.0058 0.2679
      vertex 65.5568 -109.4232 0.0681
      vertex 65.0762 -109.4709 0.2679
    endloop
  endfacet
  facet normal -0.13025689689632128 -0.006635403524636037 -0.9914580738644505
    outer loop
      vertex 65.4847 -108.0085 0.0681
      vertex 66.0032 -108.0115 0
      vertex 66.0725 -109.3719 0
    endloop
  endfacet
  facet normal -0.13026496712595942 -0.006638936968813625 -0.9914569899171608
    outer loop
      vertex 65.4847 -108.0085 0.0681
      vertex 66.0725 -109.3719 0
      vertex 65.5568 -109.4232 0.0681
    endloop
  endfacet
  facet normal -0.3785135279061777 -0.056174677450696445 -0.9238895576882172
    outer loop
      vertex 65.0762 -109.4709 0.2679
      vertex 65.5568 -109.4232 0.0681
      vertex 65.7657 -110.8308 0.0681
    endloop
  endfacet
  facet normal -0.3785220265815998 -0.05617954149677454 -0.9238857800127517
    outer loop
      vertex 65.0762 -109.4709 0.2679
      vertex 65.7657 -110.8308 0.0681
      vertex 65.292 -110.9249 0.2679
    endloop
  endfacet
  facet normal -0.12902086345291938 -0.019145521751058762 -0.991457041828209
    outer loop
      vertex 65.5568 -109.4232 0.0681
      vertex 66.0725 -109.3719 0
      vertex 66.274 -110.7298 0
    endloop
  endfacet
  facet normal -0.12902647588936475 -0.019148643658204206 -0.9914562511606967
    outer loop
      vertex 65.5568 -109.4232 0.0681
      vertex 66.274 -110.7298 0
      vertex 65.7657 -110.8308 0.0681
    endloop
  endfacet
  facet normal -0.6022861840279756 -0.08939020530484092 -0.7932595689461162
    outer loop
      vertex 64.6636 -109.512 0.5858
      vertex 65.0762 -109.4709 0.2679
      vertex 65.292 -110.9249 0.2679
    endloop
  endfacet
  facet normal -0.6022092487200545 -0.08934161445829873 -0.7933234502282233
    outer loop
      vertex 64.6636 -109.512 0.5858
      vertex 65.292 -110.9249 0.2679
      vertex 64.8852 -111.0057 0.5858
    endloop
  endfacet
  facet normal -0.37124745864562436 -0.09279843118844845 -0.9238851528291426
    outer loop
      vertex 65.292 -110.9249 0.2679
      vertex 65.7657 -110.8308 0.0681
      vertex 66.1111 -112.2126 0.0681
    endloop
  endfacet
  facet normal -0.12653477998204377 -0.031629116374148 -0.9914577895464265
    outer loop
      vertex 65.7657 -110.8308 0.0681
      vertex 66.6074 -112.0634 0
      vertex 66.1111 -112.2126 0.0681
    endloop
  endfacet
  facet normal -0.3712766932619062 -0.09281917331547747 -0.9238713211836028
    outer loop
      vertex 65.292 -110.9249 0.2679
      vertex 66.1111 -112.2126 0.0681
      vertex 65.6487 -112.3517 0.2679
    endloop
  endfacet
  facet normal -0.36088463732341425 -0.12736621171427961 -0.9238723540930863
    outer loop
      vertex 66.1111 -112.2126 0.0681
      vertex 66.7307 -113.9682 0.0681
      vertex 65.6487 -112.3517 0.2679
    endloop
  endfacet
  facet normal -0.5906252621875875 -0.14765631554689831 -0.7933217582702232
    outer loop
      vertex 64.8852 -111.0057 0.5858
      vertex 65.292 -110.9249 0.2679
      vertex 65.6487 -112.3517 0.2679
    endloop
  endfacet
  facet normal -0.5906634860544883 -0.14768602517426188 -0.7932877688520017
    outer loop
      vertex 64.8852 -111.0057 0.5858
      vertex 65.6487 -112.3517 0.2679
      vertex 65.2516 -112.4711 0.5858
    endloop
  endfacet
  facet normal -0.5741355648528431 -0.2026485378279423 -0.7932855244407929
    outer loop
      vertex 65.6487 -112.3517 0.2679
      vertex 66.2229 -113.9785 0.2679
      vertex 65.2516 -112.4711 0.5858
    endloop
  endfacet
  facet normal -0.12654515916063747 -0.031636289790159026 -0.9914562359788365
    outer loop
      vertex 65.7657 -110.8308 0.0681
      vertex 66.274 -110.7298 0
      vertex 66.6074 -112.0634 0
    endloop
  endfacet
  facet normal -0.12299206622050966 -0.04341354935666966 -0.9914576215749545
    outer loop
      vertex 66.1111 -112.2126 0.0681
      vertex 66.6074 -112.0634 0
      vertex 67.2758 -113.957 0
    endloop
  endfacet
  facet normal -0.7696666322635911 -0.19244239942483718 -0.6087521647465687
    outer loop
      vertex 64.5731 -111.0677 1
      vertex 65.2516 -112.4711 0.5858
      vertex 64.9469 -112.5627 1
    endloop
  endfacet
  facet normal -0.5741374196297968 -0.20265010023469748 -0.7932837829274627
    outer loop
      vertex 65.2516 -112.4711 0.5858
      vertex 66.2229 -113.9785 0.2679
      vertex 65.7868 -113.9874 0.5858
    endloop
  endfacet
  facet normal -0.5819314661783807 0.17901320340534502 -0.7932906413654689
    outer loop
      vertex 66.0937 -114.3985 0.2679
      vertex 65.7868 -113.9874 0.5858
      vertex 66.2229 -113.9785 0.2679
    endloop
  endfacet
  facet normal -0.5905735906658472 0.1478491246488088 -0.7933243159948077
    outer loop
      vertex 66.0937 -114.3985 0.2679
      vertex 66.0398 -114.6138 0.2679
      vertex 65.6945 -114.2873 0.5858
    endloop
  endfacet
  facet normal -0.6006552175845814 0.09985395254083905 -0.7932480682298515
    outer loop
      vertex 66.0398 -114.6138 0.2679
      vertex 66.0072 -114.8099 0.2679
      vertex 65.634 -114.5294 0.5858
    endloop
  endfacet
  facet normal -0.5907252331451879 0.1476203081589738 -0.7932540220790645
    outer loop
      vertex 66.0398 -114.6138 0.2679
      vertex 65.634 -114.5294 0.5858
      vertex 65.6945 -114.2873 0.5858
    endloop
  endfacet
  facet normal -0.6004722629117921 0.10020427975818277 -0.7933424000970422
    outer loop
      vertex 65.634 -114.5294 0.5858
      vertex 66.0072 -114.8099 0.2679
      vertex 65.5941 -114.7685 0.5858
    endloop
  endfacet
  facet normal -0.5818701810785771 0.17908175296281434 -0.7933201233596369
    outer loop
      vertex 66.0937 -114.3985 0.2679
      vertex 65.6945 -114.2873 0.5858
      vertex 65.7868 -113.9874 0.5858
    endloop
  endfacet
  facet normal -0.3824250730749751 0.013282491684219926 -0.9238910319395132
    outer loop
      vertex 66.0072 -114.8099 0.2679
      vertex 66.4824 -115.0256 0.0681
      vertex 66 -115.0172 0.2679
    endloop
  endfacet
  facet normal -0.6084012679608845 0.021131158366216735 -0.7933482030544281
    outer loop
      vertex 66.0072 -114.8099 0.2679
      vertex 66 -115.0172 0.2679
      vertex 65.5941 -114.7685 0.5858
    endloop
  endfacet
  facet normal -0.6084910510435386 0.020904286935663527 -0.7932853531911712
    outer loop
      vertex 66 -115.0172 0.2679
      vertex 65.5858 -115.0101 0.5858
      vertex 65.5941 -114.7685 0.5858
    endloop
  endfacet
  facet normal -0.12297263272335571 -0.043400457527564267 -0.9914606053129316
    outer loop
      vertex 66.1111 -112.2126 0.0681
      vertex 67.2758 -113.957 0
      vertex 66.7307 -113.9682 0.0681
    endloop
  endfacet
  facet normal -0.360918225160049 -0.12739073327200412 -0.9238558522971758
    outer loop
      vertex 65.6487 -112.3517 0.2679
      vertex 66.7307 -113.9682 0.0681
      vertex 66.2229 -113.9785 0.2679
    endloop
  endfacet
  facet normal -0.3712896397596399 0.09277199037990488 -0.9238708574298183
    outer loop
      vertex 66.0937 -114.3985 0.2679
      vertex 66.5585 -114.528 0.0681
      vertex 66.5125 -114.7121 0.0681
    endloop
  endfacet
  facet normal -0.3773884495148294 0.06311362692365996 -0.9239018499111982
    outer loop
      vertex 66.0398 -114.6138 0.2679
      vertex 66.5125 -114.7121 0.0681
      vertex 66.4881 -114.858 0.0681
    endloop
  endfacet
  facet normal -0.3657902293995604 0.11252068149804315 -0.923870447796136
    outer loop
      vertex 66.7307 -113.9682 0.0681
      vertex 66.5585 -114.528 0.0681
      vertex 66.2229 -113.9785 0.2679
    endloop
  endfacet
  facet normal -0.12467400118233518 0.03835095213218685 -0.9914563015583397
    outer loop
      vertex 66.7307 -113.9682 0.0681
      vertex 67.0573 -114.667 0
      vertex 66.5585 -114.528 0.0681
    endloop
  endfacet
  facet normal -0.1265427395475541 0.031618500918992314 -0.9914571122683197
    outer loop
      vertex 66.5585 -114.528 0.0681
      vertex 67.0197 -114.8176 0
      vertex 66.5125 -114.7121 0.0681
    endloop
  endfacet
  facet normal -0.36578696777235453 0.11252303865758818 -0.9238714520858242
    outer loop
      vertex 66.0937 -114.3985 0.2679
      vertex 66.2229 -113.9785 0.2679
      vertex 66.5585 -114.528 0.0681
    endloop
  endfacet
  facet normal -0.37118668796454274 0.09292597529627711 -0.9238967506129399
    outer loop
      vertex 66.0937 -114.3985 0.2679
      vertex 66.5125 -114.7121 0.0681
      vertex 66.0398 -114.6138 0.2679
    endloop
  endfacet
  facet normal -0.12465231920024628 0.03836131231725949 -0.9914586269912111
    outer loop
      vertex 66.7307 -113.9682 0.0681
      vertex 67.2758 -113.957 0
      vertex 67.0573 -114.667 0
    endloop
  endfacet
  facet normal -0.1265560873320493 0.031597004539740056 -0.9914560938656427
    outer loop
      vertex 66.5585 -114.528 0.0681
      vertex 67.0573 -114.667 0
      vertex 67.0197 -114.8176 0
    endloop
  endfacet
  facet normal -0.382531914626069 0.013009736953283972 -0.923850681136795
    outer loop
      vertex 66.0072 -114.8099 0.2679
      vertex 66.4881 -114.858 0.0681
      vertex 66.4824 -115.0256 0.0681
    endloop
  endfacet
  facet normal -0.12864388365816976 0.02151412447744615 -0.9914574593220389
    outer loop
      vertex 66.5125 -114.7121 0.0681
      vertex 67.0043 -114.9097 0
      vertex 66.4881 -114.858 0.0681
    endloop
  endfacet
  facet normal -0.13036837979749394 0.004433769479990036 -0.9914557111828923
    outer loop
      vertex 66.4881 -114.858 0.0681
      vertex 67 -115.0345 0
      vertex 66.4824 -115.0256 0.0681
    endloop
  endfacet
  facet normal -0.37755765163010585 0.06276583091862414 -0.9238564120926229
    outer loop
      vertex 66.0398 -114.6138 0.2679
      vertex 66.4881 -114.858 0.0681
      vertex 66.0072 -114.8099 0.2679
    endloop
  endfacet
  facet normal -0.12864524009922515 0.021510713328208135 -0.9914573573341037
    outer loop
      vertex 66.5125 -114.7121 0.0681
      vertex 67.0197 -114.8176 0
      vertex 67.0043 -114.9097 0
    endloop
  endfacet
  facet normal -0.13034888889780363 0.004491187678370728 -0.9914580154481307
    outer loop
      vertex 66.4881 -114.858 0.0681
      vertex 67.0043 -114.9097 0
      vertex 67 -115.0345 0
    endloop
  endfacet
  facet normal -0.7481292475496363 -0.26406303059326736 -0.6087473571480325
    outer loop
      vertex 65.2516 -112.4711 0.5858
      vertex 65.7868 -113.9874 0.5858
      vertex 64.9469 -112.5627 1
    endloop
  endfacet
  facet normal -0.7480801573206524 -0.2640098466492457 -0.6088307474950241
    outer loop
      vertex 64.9469 -112.5627 1
      vertex 65.7868 -113.9874 0.5858
      vertex 65.4521 -113.9942 1
    endloop
  endfacet
  facet normal -0.7824497848594584 0.13057192143828394 -0.6088705178486653
    outer loop
      vertex 65.634 -114.5294 0.5858
      vertex 65.5941 -114.7685 0.5858
      vertex 65.3225 -114.4646 1
    endloop
  endfacet
  facet normal -0.7582399110613691 0.23327650609931203 -0.6088138541259919
    outer loop
      vertex 65.6945 -114.2873 0.5858
      vertex 65.3882 -114.2019 1
      vertex 65.4521 -113.9942 1
    endloop
  endfacet
  facet normal -0.7695698341829416 0.19246569511157868 -0.6088671665649715
    outer loop
      vertex 65.634 -114.5294 0.5858
      vertex 65.3225 -114.4646 1
      vertex 65.3882 -114.2019 1
    endloop
  endfacet
  facet normal -0.7826102327579929 0.13024336349723162 -0.6087346629258169
    outer loop
      vertex 65.5941 -114.7685 0.5858
      vertex 65.2772 -114.7368 1
      vertex 65.3225 -114.4646 1
    endloop
  endfacet
  facet normal -0.7581963908251965 0.2333495394236732 -0.6088400655265761
    outer loop
      vertex 65.6945 -114.2873 0.5858
      vertex 65.4521 -113.9942 1
      vertex 65.7868 -113.9874 0.5858
    endloop
  endfacet
  facet normal -0.7696490247761824 0.19233277983876026 -0.608809067327817
    outer loop
      vertex 65.6945 -114.2873 0.5858
      vertex 65.634 -114.5294 0.5858
      vertex 65.3882 -114.2019 1
    endloop
  endfacet
  facet normal -0.8711751804205313 -0.3074521139702789 -0.38278845676752227
    outer loop
      vertex 64.7553 -112.6204 1.4824
      vertex 64.9469 -112.5627 1
      vertex 65.4521 -113.9942 1
    endloop
  endfacet
  facet normal -0.8830847408674213 0.27168567617445716 -0.3825548768591867
    outer loop
      vertex 65.4521 -113.9942 1
      vertex 65.3882 -114.2019 1
      vertex 65.2418 -113.9985 1.4824
    endloop
  endfacet
  facet normal -0.8963166365284889 0.22416445763194867 -0.38257911994361526
    outer loop
      vertex 65.3882 -114.2019 1
      vertex 65.3225 -114.4646 1
      vertex 65.1957 -114.1483 1.4824
    endloop
  endfacet
  facet normal -0.9114055654079949 0.1516777079830753 -0.3825359698699377
    outer loop
      vertex 65.3225 -114.4646 1
      vertex 65.2772 -114.7368 1
      vertex 65.1268 -114.4239 1.4824
    endloop
  endfacet
  facet normal -0.7929089696567847 0.027239836291989516 -0.6087309398713044
    outer loop
      vertex 65.5941 -114.7685 0.5858
      vertex 65.5858 -115.0101 0.5858
      vertex 65.2772 -114.7368 1
    endloop
  endfacet
  facet normal -0.7928083318609664 0.027532178813682046 -0.608848854857758
    outer loop
      vertex 65.5858 -115.0101 0.5858
      vertex 65.2679 -115.0046 1
      vertex 65.2772 -114.7368 1
    endloop
  endfacet
  facet normal -0.9233516989421627 0.03206561165107802 -0.382613952450853
    outer loop
      vertex 65.2772 -114.7368 1
      vertex 65.2679 -115.0046 1
      vertex 65.078 -114.7168 1.4824
    endloop
  endfacet
  facet normal -0.8712379729854429 -0.307566413074095 -0.38255365110916384
    outer loop
      vertex 64.7553 -112.6204 1.4824
      vertex 65.4521 -113.9942 1
      vertex 65.2418 -113.9985 1.4824
    endloop
  endfacet
  facet normal -0.8963529510068133 0.22408823775170333 -0.382538689445543
    outer loop
      vertex 65.3225 -114.4646 1
      vertex 65.1268 -114.4239 1.4824
      vertex 65.1957 -114.1483 1.4824
    endloop
  endfacet
  facet normal -0.9113431127678735 0.15183866132834314 -0.3826208981963474
    outer loop
      vertex 65.2772 -114.7368 1
      vertex 65.078 -114.7168 1.4824
      vertex 65.1268 -114.4239 1.4824
    endloop
  endfacet
  facet normal -0.8830548947471913 0.2717545437105599 -0.3825748565126726
    outer loop
      vertex 65.3882 -114.2019 1
      vertex 65.1957 -114.1483 1.4824
      vertex 65.2418 -113.9985 1.4824
    endloop
  endfacet
  facet normal -0.9349082807682142 -0.3299676285064314 -0.13064406105469747
    outer loop
      vertex 64.69 -112.64 2
      vertex 65.2418 -113.9985 1.4824
      vertex 65.17 -114 2
    endloop
  endfacet
  facet normal -0.9475791684043647 0.291611479729221 -0.13060040006151064
    outer loop
      vertex 65.1957 -114.1483 1.4824
      vertex 65.17 -114 2
      vertex 65.2418 -113.9985 1.4824
    endloop
  endfacet
  facet normal -0.9618347551575753 0.24045868878939383 -0.1305891372077041
    outer loop
      vertex 65.1957 -114.1483 1.4824
      vertex 65.1268 -114.4239 1.4824
      vertex 65.13 -114.13 2
    endloop
  endfacet
  facet normal -0.9779561937539293 0.1629370510590345 -0.13058790330850997
    outer loop
      vertex 65.1268 -114.4239 1.4824
      vertex 65.078 -114.7168 1.4824
      vertex 65.06 -114.41 2
    endloop
  endfacet
  facet normal -0.9475943384735939 0.29156748876116156 -0.13058854923117053
    outer loop
      vertex 65.1957 -114.1483 1.4824
      vertex 65.13 -114.13 2
      vertex 65.17 -114 2
    endloop
  endfacet
  facet normal -0.9779431123136306 0.16299051871893072 -0.13061914058078739
    outer loop
      vertex 65.078 -114.7168 1.4824
      vertex 65.01 -114.71 2
      vertex 65.06 -114.41 2
    endloop
  endfacet
  facet normal -0.9618347551575828 0.2404586887893713 -0.13058913720769127
    outer loop
      vertex 65.1268 -114.4239 1.4824
      vertex 65.06 -114.41 2
      vertex 65.13 -114.13 2
    endloop
  endfacet
  facet normal -0.9233333361929115 0.032141350310519595 -0.38265190954062184
    outer loop
      vertex 65.2679 -115.0046 1
      vertex 65.0681 -115.0012 1.4824
      vertex 65.078 -114.7168 1.4824
    endloop
  endfacet
  facet normal -0.9908318134310348 0.034490980847290215 -0.13062423103375237
    outer loop
      vertex 65.078 -114.7168 1.4824
      vertex 65.0681 -115.0012 1.4824
      vertex 65.01 -114.71 2
    endloop
  endfacet
  facet normal -0.9908664505251976 0.03416780863881666 -0.13044630342181915
    outer loop
      vertex 65.0681 -115.0012 1.4824
      vertex 65 -115 2
      vertex 65.01 -114.71 2
    endloop
  endfacet
  facet normal 0 0 -1
    outer loop
      vertex 67 -115.0345 0
      vertex 92.3437 -45.4035 0
      vertex 67 -144.9655 0
    endloop
  endfacet
  facet normal 0 0 -1
    outer loop
      vertex 67.0043 -145.0903 0
      vertex 92.3437 -45.4035 0
      vertex 67.0197 -145.1824 0
    endloop
  endfacet
  facet normal 0 0 -1
    outer loop
      vertex 67 -144.9655 0
      vertex 92.3437 -45.4035 0
      vertex 67.0043 -145.0903 0
    endloop
  endfacet
  facet normal 0 0 -1
    outer loop
      vertex 67.0197 -145.1824 0
      vertex 92.3437 -45.4035 0
      vertex 67.0465 -145.2897 0
    endloop
  endfacet
  facet normal 0 0 -1
    outer loop
      vertex 67.0834 -145.3931 0
      vertex 92.3437 -45.4035 0
      vertex 67.1159 -145.4635 0
    endloop
  endfacet
  facet normal 0 0 -1
    outer loop
      vertex 67.0465 -145.2897 0
      vertex 92.3437 -45.4035 0
      vertex 67.0834 -145.3931 0
    endloop
  endfacet
  facet normal 0 0 -1
    outer loop
      vertex 67.1688 -145.5495 0
      vertex 92.3437 -45.4035 0
      vertex 67.2281 -145.6297 0
    endloop
  endfacet
  facet normal 0 0 -1
    outer loop
      vertex 67.1159 -145.4635 0
      vertex 92.3437 -45.4035 0
      vertex 67.1688 -145.5495 0
    endloop
  endfacet
  facet normal 0 0 -1
    outer loop
      vertex 67.2958 -145.7042 0
      vertex 92.3437 -45.4035 0
      vertex 67.3703 -145.7719 0
    endloop
  endfacet
  facet normal 0 0 -1
    outer loop
      vertex 67.2281 -145.6297 0
      vertex 92.3437 -45.4035 0
      vertex 67.2958 -145.7042 0
    endloop
  endfacet
  facet normal 0 0 -1
    outer loop
      vertex 67.3703 -145.7719 0
      vertex 92.3437 -45.4035 0
      vertex 67.4505 -145.8312 0
    endloop
  endfacet
  facet normal 0 0 -1
    outer loop
      vertex 67.5365 -145.8841 0
      vertex 92.3437 -45.4035 0
      vertex 67.6069 -145.9166 0
    endloop
  endfacet
  facet normal 0 0 -1
    outer loop
      vertex 67.4505 -145.8312 0
      vertex 92.3437 -45.4035 0
      vertex 67.5365 -145.8841 0
    endloop
  endfacet
  facet normal 0 0 -1
    outer loop
      vertex 67.6069 -145.9166 0
      vertex 92.3437 -45.4035 0
      vertex 67.7103 -145.9535 0
    endloop
  endfacet
  facet normal 0 0 -1
    outer loop
      vertex 67.7103 -145.9535 0
      vertex 92.3437 -45.4035 0
      vertex 67.8176 -145.9803 0
    endloop
  endfacet
  facet normal 0 0 -1
    outer loop
      vertex 67.8176 -145.9803 0
      vertex 92.3437 -45.4035 0
      vertex 67.9097 -145.9957 0
    endloop
  endfacet
  facet normal 0 0 -1
    outer loop
      vertex 67.9097 -145.9957 0
      vertex 92.3437 -45.4035 0
      vertex 68.0345 -146 0
    endloop
  endfacet
  facet normal 0.33714221441261866 -0.941453730812596 0
    outer loop
      vertex 60.4 -109.31 2
      vertex 61.88 -108.78 2
      vertex 60.4 -109.31 20
    endloop
  endfacet
  facet normal 0.42671697029007816 -0.9043852206147868 0
    outer loop
      vertex 61.88 -108.78 2
      vertex 63.3 -108.11 2
      vertex 61.88 -108.78 20
    endloop
  endfacet
  facet normal 0.5127411190260129 -0.8585432690668258 0
    outer loop
      vertex 63.3 -108.11 2
      vertex 64.02 -107.68 2
      vertex 63.3 -108.11 20
    endloop
  endfacet
  facet normal -0.9980525784828893 0.06237828615516951 0
    outer loop
      vertex 64.02 -107.68 2
      vertex 64 -108 2
      vertex 64.02 -107.68 20
    endloop
  endfacet
  facet normal -0.9987042955241726 -0.05088939085473405 0
    outer loop
      vertex 64 -108 2
      vertex 64.08 -109.57 2
      vertex 64 -108 20
    endloop
  endfacet
  facet normal -0.9891691709581988 -0.1467799414970245 0
    outer loop
      vertex 64.08 -109.57 2
      vertex 64.31 -111.12 2
      vertex 64.08 -109.57 20
    endloop
  endfacet
  facet normal -0.9701425001453324 -0.24253562503633083 0
    outer loop
      vertex 64.31 -111.12 2
      vertex 64.69 -112.64 2
      vertex 64.31 -111.12 20
    endloop
  endfacet
  facet normal -0.9429903335828885 -0.33282011773514003 0
    outer loop
      vertex 64.69 -112.64 2
      vertex 65.17 -114 2
      vertex 64.69 -112.64 20
    endloop
  endfacet
  facet normal -0.9557790087219341 0.29408584883757444 0
    outer loop
      vertex 65.17 -114 2
      vertex 65.13 -114.13 2
      vertex 65.17 -114 20
    endloop
  endfacet
  facet normal -0.9701425001453376 0.2425356250363098 0
    outer loop
      vertex 65.13 -114.13 2
      vertex 65.06 -114.41 2
      vertex 65.13 -114.13 20
    endloop
  endfacet
  facet normal -0.986393923832145 0.16439898730534971 0
    outer loop
      vertex 65.06 -114.41 2
      vertex 65.01 -114.71 2
      vertex 65.06 -114.41 20
    endloop
  endfacet
  facet normal -0.9994059993535869 0.03446227583979575 0
    outer loop
      vertex 65.01 -114.71 2
      vertex 65 -115 2
      vertex 65.01 -114.71 20
    endloop
  endfacet
  facet normal -0.6088496186075982 0 -0.7932856622436726
    outer loop
      vertex 66 -115.0172 0.2679
      vertex 66 -144.9828 0.2679
      vertex 65.5858 -115.0101 0.5858
    endloop
  endfacet
  facet normal -0.3826562590438302 0 -0.9238907876013165
    outer loop
      vertex 66 -115.0172 0.2679
      vertex 66.4824 -115.0256 0.0681
      vertex 66.4824 -144.9744 0.0681
    endloop
  endfacet
  facet normal -0.13044460263003502 0 -0.9914555994318113
    outer loop
      vertex 66.4824 -115.0256 0.0681
      vertex 67 -115.0345 0
      vertex 67 -144.9655 0
    endloop
  endfacet
  facet normal -0.7932856622436688 0 -0.6088496186076032
    outer loop
      vertex 65.5858 -115.0101 0.5858
      vertex 65.5858 -144.9899 0.5858
      vertex 65.2679 -115.0046 1
    endloop
  endfacet
  facet normal -0.9238907876013197 0 -0.38265625904382294
    outer loop
      vertex 65.2679 -115.0046 1
      vertex 65.2679 -144.9954 1
      vertex 65.0681 -115.0012 1.4824
    endloop
  endfacet
  facet normal -0.9914555994318109 0 -0.13044460263003763
    outer loop
      vertex 65.0681 -115.0012 1.4824
      vertex 65.0681 -144.9988 1.4824
      vertex 65 -115 2
    endloop
  endfacet
  facet normal -0.3826562590438302 0 -0.9238907876013166
    outer loop
      vertex 66 -115.0172 0.2679
      vertex 66.4824 -144.9744 0.0681
      vertex 66 -144.9828 0.2679
    endloop
  endfacet
  facet normal -0.6088496186075983 0 -0.7932856622436726
    outer loop
      vertex 65.5858 -115.0101 0.5858
      vertex 66 -144.9828 0.2679
      vertex 65.5858 -144.9899 0.5858
    endloop
  endfacet
  facet normal -0.13044460263003502 0 -0.9914555994318113
    outer loop
      vertex 66.4824 -115.0256 0.0681
      vertex 67 -144.9655 0
      vertex 66.4824 -144.9744 0.0681
    endloop
  endfacet
  facet normal -0.7932856622436688 0 -0.6088496186076031
    outer loop
      vertex 65.2679 -115.0046 1
      vertex 65.5858 -144.9899 0.5858
      vertex 65.2679 -144.9954 1
    endloop
  endfacet
  facet normal -0.9238907876013196 0 -0.3826562590438229
    outer loop
      vertex 65.0681 -115.0012 1.4824
      vertex 65.2679 -144.9954 1
      vertex 65.0681 -144.9988 1.4824
    endloop
  endfacet
  facet normal -0.991455599431811 0 -0.13044460263003763
    outer loop
      vertex 65 -115 2
      vertex 65.0681 -144.9988 1.4824
      vertex 65 -145 2
    endloop
  endfacet
  facet normal -0.3825070044886049 -0.01328533734836915 -0.923857072998142
    outer loop
      vertex 66 -144.9828 0.2679
      vertex 66.4881 -145.142 0.0681
      vertex 66.0072 -145.1901 0.2679
    endloop
  endfacet
  facet normal -0.6084856300513849 -0.021134088453296347 -0.7932834224451041
    outer loop
      vertex 66 -144.9828 0.2679
      vertex 66.0072 -145.1901 0.2679
      vertex 65.5858 -144.9899 0.5858
    endloop
  endfacet
  facet normal -0.6005187540220626 -0.09983126660438767 -0.793354236313107
    outer loop
      vertex 66.0072 -145.1901 0.2679
      vertex 66.0398 -145.3862 0.2679
      vertex 65.5941 -145.2315 0.5858
    endloop
  endfacet
  facet normal -0.6084186633846492 -0.02090180010797673 -0.7933409385614001
    outer loop
      vertex 66.0072 -145.1901 0.2679
      vertex 65.5941 -145.2315 0.5858
      vertex 65.5858 -144.9899 0.5858
    endloop
  endfacet
  facet normal -0.6005841624947637 -0.10022295308885378 -0.7932553330640852
    outer loop
      vertex 66.0398 -145.3862 0.2679
      vertex 65.634 -145.4706 0.5858
      vertex 65.5941 -145.2315 0.5858
    endloop
  endfacet
  facet normal -0.5907284585134287 -0.14760587192591357 -0.7932543065595921
    outer loop
      vertex 66.0398 -145.3862 0.2679
      vertex 66.0882 -145.5799 0.2679
      vertex 65.634 -145.4706 0.5858
    endloop
  endfacet
  facet normal -0.5733423082653064 -0.20497885238087085 -0.7932605294792068
    outer loop
      vertex 66.0882 -145.5799 0.2679
      vertex 66.1567 -145.7715 0.2679
      vertex 65.6913 -145.7 0.5858
    endloop
  endfacet
  facet normal -0.552803814606063 -0.254985778892145 -0.7933411593505986
    outer loop
      vertex 66.1567 -145.7715 0.2679
      vertex 66.2329 -145.9367 0.2679
      vertex 65.7728 -145.9283 0.5858
    endloop
  endfacet
  facet normal -0.5184622890627802 -0.319168981417248 -0.7933019703245785
    outer loop
      vertex 65.8672 -146.1328 0.5858
      vertex 66.2329 -145.9367 0.2679
      vertex 66.3394 -146.1097 0.2679
    endloop
  endfacet
  facet normal -0.5907245760400528 -0.14755238974321722 -0.793267147651638
    outer loop
      vertex 66.0882 -145.5799 0.2679
      vertex 65.6913 -145.7 0.5858
      vertex 65.634 -145.4706 0.5858
    endloop
  endfacet
  facet normal -0.5733469019387334 -0.20467705872976816 -0.7933351320009644
    outer loop
      vertex 66.1567 -145.7715 0.2679
      vertex 65.7728 -145.9283 0.5858
      vertex 65.6913 -145.7 0.5858
    endloop
  endfacet
  facet normal -0.552778445441579 -0.2551700990204514 -0.7932995719279599
    outer loop
      vertex 65.7728 -145.9283 0.5858
      vertex 66.2329 -145.9367 0.2679
      vertex 65.8672 -146.1328 0.5858
    endloop
  endfacet
  facet normal -0.518443798750921 -0.31925223396769026 -0.7932805548123273
    outer loop
      vertex 65.8672 -146.1328 0.5858
      vertex 66.3394 -146.1097 0.2679
      vertex 65.9959 -146.3418 0.5858
    endloop
  endfacet
  facet normal -0.3824305680350263 -0.013006290201679295 -0.9238926869759262
    outer loop
      vertex 66 -144.9828 0.2679
      vertex 66.4824 -144.9744 0.0681
      vertex 66.4881 -145.142 0.0681
    endloop
  endfacet
  facet normal -0.3775171358680167 -0.06313514815064333 -0.9238478041290166
    outer loop
      vertex 66.0072 -145.1901 0.2679
      vertex 66.4881 -145.142 0.0681
      vertex 66.5125 -145.2879 0.0681
    endloop
  endfacet
  facet normal -0.3712129633644941 -0.0928032408411236 -0.9238985303157133
    outer loop
      vertex 66.0398 -145.3862 0.2679
      vertex 66.5125 -145.2879 0.0681
      vertex 66.5505 -145.4399 0.0681
    endloop
  endfacet
  facet normal -0.13035462142059134 -0.004433301563830461 -0.9914575222930826
    outer loop
      vertex 66.4824 -144.9744 0.0681
      vertex 67.0043 -145.0903 0
      vertex 66.4881 -145.142 0.0681
    endloop
  endfacet
  facet normal -0.12864451118986048 -0.021514229424484863 -0.9914573756208547
    outer loop
      vertex 66.4881 -145.142 0.0681
      vertex 67.0197 -145.1824 0
      vertex 66.5125 -145.2879 0.0681
    endloop
  endfacet
  facet normal -0.1265451591606407 -0.03163628979016018 -0.9914562359788359
    outer loop
      vertex 66.5125 -145.2879 0.0681
      vertex 67.0465 -145.2897 0
      vertex 66.5505 -145.4399 0.0681
    endloop
  endfacet
  facet normal -0.3774618788516469 -0.06274990948783495 -0.9238966278069496
    outer loop
      vertex 66.0072 -145.1901 0.2679
      vertex 66.5125 -145.2879 0.0681
      vertex 66.0398 -145.3862 0.2679
    endloop
  endfacet
  facet normal -0.3603625553740186 -0.12858006670622837 -0.9239080014428543
    outer loop
      vertex 66.0882 -145.5799 0.2679
      vertex 66.5505 -145.4399 0.0681
      vertex 66.6037 -145.589 0.0681
    endloop
  endfacet
  facet normal -0.3475303546542254 -0.16024202963555084 -0.9238750697644068
    outer loop
      vertex 66.1567 -145.7715 0.2679
      vertex 66.6037 -145.589 0.0681
      vertex 66.6588 -145.7085 0.0681
    endloop
  endfacet
  facet normal -0.12285003093272485 -0.043833813853931966 -0.9914567396830017
    outer loop
      vertex 66.5505 -145.4399 0.0681
      vertex 67.0834 -145.3931 0
      vertex 66.6037 -145.589 0.0681
    endloop
  endfacet
  facet normal -0.11843936431966007 -0.05461095375743469 -0.9914584008970111
    outer loop
      vertex 66.6037 -145.589 0.0681
      vertex 67.1159 -145.4635 0
      vertex 66.6588 -145.7085 0.0681
    endloop
  endfacet
  facet normal -0.325852191576959 -0.20073489969666358 -0.9238646271441846
    outer loop
      vertex 66.6588 -145.7085 0.0681
      vertex 66.7395 -145.8395 0.0681
      vertex 66.2329 -145.9367 0.2679
    endloop
  endfacet
  facet normal -0.30781380120934976 -0.22736834559915112 -0.9238800242480383
    outer loop
      vertex 66.7395 -145.8395 0.0681
      vertex 66.8274 -145.9585 0.0681
      vertex 66.3394 -146.1097 0.2679
    endloop
  endfacet
  facet normal -0.28306731359121845 -0.2575634789143492 -0.9238690114436073
    outer loop
      vertex 66.8274 -145.9585 0.0681
      vertex 66.9294 -146.0706 0.0681
      vertex 66.454 -146.2648 0.2679
    endloop
  endfacet
  facet normal -0.37121019714295245 -0.09275463883179448 -0.9239045224005962
    outer loop
      vertex 66.0398 -145.3862 0.2679
      vertex 66.5505 -145.4399 0.0681
      vertex 66.0882 -145.5799 0.2679
    endloop
  endfacet
  facet normal -0.36035458926770475 -0.12883240795844797 -0.9238759552306423
    outer loop
      vertex 66.0882 -145.5799 0.2679
      vertex 66.6037 -145.589 0.0681
      vertex 66.1567 -145.7715 0.2679
    endloop
  endfacet
  facet normal -0.3475210167831084 -0.1602972244483843 -0.923869007342588
    outer loop
      vertex 66.1567 -145.7715 0.2679
      vertex 66.6588 -145.7085 0.0681
      vertex 66.2329 -145.9367 0.2679
    endloop
  endfacet
  facet normal -0.3258814352478652 -0.20061487198783975 -0.92388038365261
    outer loop
      vertex 66.7395 -145.8395 0.0681
      vertex 66.3394 -146.1097 0.2679
      vertex 66.2329 -145.9367 0.2679
    endloop
  endfacet
  facet normal -0.3077942533906304 -0.22742244641240453 -0.9238732209819166
    outer loop
      vertex 66.3394 -146.1097 0.2679
      vertex 66.8274 -145.9585 0.0681
      vertex 66.454 -146.2648 0.2679
    endloop
  endfacet
  facet normal -0.28314813288979923 -0.2573899184925115 -0.9238926153506363
    outer loop
      vertex 66.9294 -146.0706 0.0681
      vertex 66.5879 -146.4121 0.2679
      vertex 66.454 -146.2648 0.2679
    endloop
  endfacet
  facet normal -0.13036736473943278 -0.004491824265861735 -0.9914555833347554
    outer loop
      vertex 66.4824 -144.9744 0.0681
      vertex 67 -144.9655 0
      vertex 67.0043 -145.0903 0
    endloop
  endfacet
  facet normal -0.12864424598792337 -0.021510547103303235 -0.9914574899296061
    outer loop
      vertex 66.4881 -145.142 0.0681
      vertex 67.0043 -145.0903 0
      vertex 67.0197 -145.1824 0
    endloop
  endfacet
  facet normal -0.12654517936670437 -0.031606810876297055 -0.9914571736011992
    outer loop
      vertex 66.5125 -145.2879 0.0681
      vertex 67.0197 -145.1824 0
      vertex 67.0465 -145.2897 0
    endloop
  endfacet
  facet normal -0.12284938491603509 -0.04384083465572848 -0.9914565093045892
    outer loop
      vertex 66.5505 -145.4399 0.0681
      vertex 67.0465 -145.2897 0
      vertex 67.0834 -145.3931 0
    endloop
  endfacet
  facet normal -0.11842458731926933 -0.054670441589144414 -0.9914568875824652
    outer loop
      vertex 66.6037 -145.589 0.0681
      vertex 67.0834 -145.3931 0
      vertex 67.1159 -145.4635 0
    endloop
  endfacet
  facet normal -0.11105894841615017 -0.06841570333728333 -0.991456101657337
    outer loop
      vertex 66.6588 -145.7085 0.0681
      vertex 67.1688 -145.5495 0
      vertex 66.7395 -145.8395 0.0681
    endloop
  endfacet
  facet normal -0.1049120852052949 -0.0774938847860878 -0.9914575897125592
    outer loop
      vertex 66.7395 -145.8395 0.0681
      vertex 67.2281 -145.6297 0
      vertex 66.8274 -145.9585 0.0681
    endloop
  endfacet
  facet normal -0.11108582943043945 -0.06833070205665374 -0.9914589520782976
    outer loop
      vertex 66.6588 -145.7085 0.0681
      vertex 67.1159 -145.4635 0
      vertex 67.1688 -145.5495 0
    endloop
  endfacet
  facet normal -0.10488637411855642 -0.07755314196045135 -0.9914556766171266
    outer loop
      vertex 66.7395 -145.8395 0.0681
      vertex 67.1688 -145.5495 0
      vertex 67.2281 -145.6297 0
    endloop
  endfacet
  facet normal -0.09648365594580238 -0.08779065929054315 -0.9914553465873608
    outer loop
      vertex 66.8274 -145.9585 0.0681
      vertex 67.2958 -145.7042 0
      vertex 66.9294 -146.0706 0.0681
    endloop
  endfacet
  facet normal -0.25752014973213416 -0.28301969397037946 -0.923895678800833
    outer loop
      vertex 66.9294 -146.0706 0.0681
      vertex 67.0415 -146.1726 0.0681
      vertex 66.5879 -146.4121 0.2679
    endloop
  endfacet
  facet normal -0.0965252022801692 -0.0877148482465787 -0.9914580125864393
    outer loop
      vertex 66.8274 -145.9585 0.0681
      vertex 67.2281 -145.6297 0
      vertex 67.2958 -145.7042 0
    endloop
  endfacet
  facet normal -0.08773111564618107 -0.09654310362836521 -0.9914548302818839
    outer loop
      vertex 66.9294 -146.0706 0.0681
      vertex 67.2958 -145.7042 0
      vertex 67.3703 -145.7719 0
    endloop
  endfacet
  facet normal -0.08777984686859076 -0.09647177288207083 -0.9914574602678204
    outer loop
      vertex 66.9294 -146.0706 0.0681
      vertex 67.3703 -145.7719 0
      vertex 67.0415 -146.1726 0.0681
    endloop
  endfacet
  facet normal -0.07750096738032651 -0.10492167370030542 -0.9914560214366749
    outer loop
      vertex 67.0415 -146.1726 0.0681
      vertex 67.4505 -145.8312 0
      vertex 67.1605 -146.2605 0.0681
    endloop
  endfacet
  facet normal -0.07754262980138714 -0.10487215699950848 -0.9914580027665092
    outer loop
      vertex 67.0415 -146.1726 0.0681
      vertex 67.3703 -145.7719 0
      vertex 67.4505 -145.8312 0
    endloop
  endfacet
  facet normal -0.06834394011668311 -0.1111073506622934 -0.9914556280934278
    outer loop
      vertex 67.1605 -146.2605 0.0681
      vertex 67.4505 -145.8312 0
      vertex 67.5365 -145.8841 0
    endloop
  endfacet
  facet normal -0.06840700678863877 -0.1110448313421814 -0.9914582829622262
    outer loop
      vertex 67.1605 -146.2605 0.0681
      vertex 67.5365 -145.8841 0
      vertex 67.2915 -146.3412 0.0681
    endloop
  endfacet
  facet normal -0.48968471340739883 -0.36181733176327696 -0.7932824842959891
    outer loop
      vertex 65.9959 -146.3418 0.5858
      vertex 66.3394 -146.1097 0.2679
      vertex 66.454 -146.2648 0.2679
    endloop
  endfacet
  facet normal -0.2574228903442386 -0.2831844043891827 -0.9238723118686705
    outer loop
      vertex 67.0415 -146.1726 0.0681
      vertex 66.7352 -146.546 0.2679
      vertex 66.5879 -146.4121 0.2679
    endloop
  endfacet
  facet normal -0.2273795233021001 -0.30782893370812314 -0.9238722314016315
    outer loop
      vertex 67.0415 -146.1726 0.0681
      vertex 67.1605 -146.2605 0.0681
      vertex 66.7352 -146.546 0.2679
    endloop
  endfacet
  facet normal -0.20071273751613275 -0.3258162157945515 -0.9238821302114779
    outer loop
      vertex 67.1605 -146.2605 0.0681
      vertex 67.2915 -146.3412 0.0681
      vertex 66.8903 -146.6606 0.2679
    endloop
  endfacet
  facet normal -0.16024931336469234 -0.3475461514896108 -0.9238678640102734
    outer loop
      vertex 67.2915 -146.3412 0.0681
      vertex 67.411 -146.3963 0.0681
      vertex 67.0633 -146.7671 0.2679
    endloop
  endfacet
  facet normal -0.12860914403904855 -0.36044404842521194 -0.9238721643303184
    outer loop
      vertex 67.411 -146.3963 0.0681
      vertex 67.5601 -146.4495 0.0681
      vertex 67.2285 -146.8433 0.2679
    endloop
  endfacet
  facet normal -0.22741386960262255 -0.3077826455093004 -0.9238791993738455
    outer loop
      vertex 66.7352 -146.546 0.2679
      vertex 67.1605 -146.2605 0.0681
      vertex 66.8903 -146.6606 0.2679
    endloop
  endfacet
  facet normal -0.2006316484869795 -0.3259086872135604 -0.9238671274724146
    outer loop
      vertex 67.2915 -146.3412 0.0681
      vertex 67.0633 -146.7671 0.2679
      vertex 66.8903 -146.6606 0.2679
    endloop
  endfacet
  facet normal -0.16029195438795496 -0.34750959140275517 -0.9238742193835586
    outer loop
      vertex 67.411 -146.3963 0.0681
      vertex 67.2285 -146.8433 0.2679
      vertex 67.0633 -146.7671 0.2679
    endloop
  endfacet
  facet normal -0.12880974566324255 -0.36029120100844153 -0.9239038369322132
    outer loop
      vertex 67.2285 -146.8433 0.2679
      vertex 67.5601 -146.4495 0.0681
      vertex 67.4201 -146.9118 0.2679
    endloop
  endfacet
  facet normal -0.45052216355128805 -0.4095377983674271 -0.7932897149575476
    outer loop
      vertex 66.1334 -146.5279 0.5858
      vertex 66.454 -146.2648 0.2679
      vertex 66.5879 -146.4121 0.2679
    endloop
  endfacet
  facet normal -0.40955539664891544 -0.45054152297530636 -0.7932696345826186
    outer loop
      vertex 66.5879 -146.4121 0.2679
      vertex 66.7352 -146.546 0.2679
      vertex 66.2947 -146.7053 0.5858
    endloop
  endfacet
  facet normal -0.36181502281335065 -0.48968158846727056 -0.7932854663882007
    outer loop
      vertex 66.7352 -146.546 0.2679
      vertex 66.8903 -146.6606 0.2679
      vertex 66.4721 -146.8666 0.5858
    endloop
  endfacet
  facet normal -0.4896884410912811 -0.36180634417008123 -0.7932851946052388
    outer loop
      vertex 65.9959 -146.3418 0.5858
      vertex 66.454 -146.2648 0.2679
      vertex 66.1334 -146.5279 0.5858
    endloop
  endfacet
  facet normal -0.45049161824942435 -0.40960709145228236 -0.7932712855757584
    outer loop
      vertex 66.1334 -146.5279 0.5858
      vertex 66.5879 -146.4121 0.2679
      vertex 66.2947 -146.7053 0.5858
    endloop
  endfacet
  facet normal -0.4095924787936955 -0.4504755470427342 -0.7932879570699316
    outer loop
      vertex 66.7352 -146.546 0.2679
      vertex 66.4721 -146.8666 0.5858
      vertex 66.2947 -146.7053 0.5858
    endloop
  endfacet
  facet normal -0.3618082684804522 -0.4896910455579369 -0.7932827092276443
    outer loop
      vertex 66.8903 -146.6606 0.2679
      vertex 66.6582 -147.0041 0.5858
      vertex 66.4721 -146.8666 0.5858
    endloop
  endfacet
  facet normal -0.3191847357063925 -0.5184878805370958 -0.7932789056997486
    outer loop
      vertex 66.8903 -146.6606 0.2679
      vertex 67.0633 -146.7671 0.2679
      vertex 66.6582 -147.0041 0.5858
    endloop
  endfacet
  facet normal -0.25501129026793073 -0.5528591227330943 -0.7932944171281419
    outer loop
      vertex 67.0633 -146.7671 0.2679
      vertex 67.2285 -146.8433 0.2679
      vertex 66.8672 -147.1328 0.5858
    endloop
  endfacet
  facet normal -0.20494342403325666 -0.5732432123324602 -0.7933412963285642
    outer loop
      vertex 67.2285 -146.8433 0.2679
      vertex 67.4201 -146.9118 0.2679
      vertex 67.0717 -147.2272 0.5858
    endloop
  endfacet
  facet normal -0.31923919158189057 -0.5184226188081693 -0.7932996450687597
    outer loop
      vertex 67.0633 -146.7671 0.2679
      vertex 66.8672 -147.1328 0.5858
      vertex 66.6582 -147.0041 0.5858
    endloop
  endfacet
  facet normal -0.2551494800811602 -0.5527337783537686 -0.7933373261615015
    outer loop
      vertex 67.2285 -146.8433 0.2679
      vertex 67.0717 -147.2272 0.5858
      vertex 66.8672 -147.1328 0.5858
    endloop
  endfacet
  facet normal -0.2047067577646827 -0.5734300956771561 -0.7932673374702625
    outer loop
      vertex 67.4201 -146.9118 0.2679
      vertex 67.3 -147.3087 0.5858
      vertex 67.0717 -147.2272 0.5858
    endloop
  endfacet
  facet normal -0.7928166499001275 -0.02723666471094382 -0.6088513149666035
    outer loop
      vertex 65.5858 -144.9899 0.5858
      vertex 65.5941 -145.2315 0.5858
      vertex 65.2679 -144.9954 1
    endloop
  endfacet
  facet normal -0.7825610130922066 -0.13059048273686347 -0.6087235715878369
    outer loop
      vertex 65.5941 -145.2315 0.5858
      vertex 65.634 -145.4706 0.5858
      vertex 65.2772 -145.2632 1
    endloop
  endfacet
  facet normal -0.7928916173602311 -0.027535071103235366 -0.6087402590425711
    outer loop
      vertex 65.5941 -145.2315 0.5858
      vertex 65.2772 -145.2632 1
      vertex 65.2679 -144.9954 1
    endloop
  endfacet
  facet normal -0.7825125157491557 -0.1302271012617419 -0.6088637489561122
    outer loop
      vertex 65.634 -145.4706 0.5858
      vertex 65.3225 -145.5354 1
      vertex 65.2772 -145.2632 1
    endloop
  endfacet
  facet normal -0.7696381225330616 -0.19263422062618468 -0.6087275395343359
    outer loop
      vertex 65.6913 -145.7 0.5858
      vertex 65.3868 -145.7923 1
      vertex 65.3225 -145.5354 1
    endloop
  endfacet
  facet normal -0.7696231731099568 -0.19223804629119112 -0.6088716654355887
    outer loop
      vertex 65.634 -145.4706 0.5858
      vertex 65.6913 -145.7 0.5858
      vertex 65.3225 -145.5354 1
    endloop
  endfacet
  facet normal -0.7471889056341527 -0.26673629351372125 -0.6087367978197137
    outer loop
      vertex 65.6913 -145.7 0.5858
      vertex 65.7728 -145.9283 0.5858
      vertex 65.3868 -145.7923 1
    endloop
  endfacet
  facet normal -0.7203296128725696 -0.3325140120057066 -0.608736133836922
    outer loop
      vertex 65.7728 -145.9283 0.5858
      vertex 65.8672 -146.1328 0.5858
      vertex 65.4783 -146.0486 1
    endloop
  endfacet
  facet normal -0.7471882676251693 -0.26674883530127097 -0.6087320852302053
    outer loop
      vertex 65.7728 -145.9283 0.5858
      vertex 65.4783 -146.0486 1
      vertex 65.3868 -145.7923 1
    endloop
  endfacet
  facet normal -0.720327106509452 -0.3325295210356922 -0.6087306278375466
    outer loop
      vertex 65.8672 -146.1328 0.5858
      vertex 65.5866 -146.2832 1
      vertex 65.4783 -146.0486 1
    endloop
  endfacet
  facet normal -0.9233357903365024 -0.03206505918642696 -0.38265238828868886
    outer loop
      vertex 65.2679 -144.9954 1
      vertex 65.2772 -145.2632 1
      vertex 65.0681 -144.9988 1.4824
    endloop
  endfacet
  facet normal -0.9113692881068823 -0.15167167065118553 -0.3826247835901809
    outer loop
      vertex 65.2772 -145.2632 1
      vertex 65.3225 -145.5354 1
      vertex 65.078 -145.2832 1.4824
    endloop
  endfacet
  facet normal -0.8962927934778503 -0.2243348642297208 -0.38253509257413765
    outer loop
      vertex 65.3225 -145.5354 1
      vertex 65.3868 -145.7923 1
      vertex 65.1268 -145.5761 1.4824
    endloop
  endfacet
  facet normal -0.8700931657017262 -0.3106263154963824 -0.3826867846167283
    outer loop
      vertex 65.3868 -145.7923 1
      vertex 65.4783 -146.0486 1
      vertex 65.1953 -145.8502 1.4824
    endloop
  endfacet
  facet normal -0.8388587318192031 -0.3872480846377639 -0.3825636535206415
    outer loop
      vertex 65.4783 -146.0486 1
      vertex 65.5866 -146.2832 1
      vertex 65.2932 -146.1242 1.4824
    endloop
  endfacet
  facet normal -0.6755697368226563 -0.4160087326750274 -0.6087218289395282
    outer loop
      vertex 65.8672 -146.1328 0.5858
      vertex 65.9959 -146.3418 0.5858
      vertex 65.5866 -146.2832 1
    endloop
  endfacet
  facet normal -0.6380084851053182 -0.47139262064472065 -0.6088794380953584
    outer loop
      vertex 65.9959 -146.3418 0.5858
      vertex 66.1334 -146.5279 0.5858
      vertex 65.7322 -146.5199 1
    endloop
  endfacet
  facet normal -0.5869823699728801 -0.5337105765311676 -0.6087731250965254
    outer loop
      vertex 66.1334 -146.5279 0.5858
      vertex 66.2947 -146.7053 0.5858
      vertex 65.8874 -146.7298 1
    endloop
  endfacet
  facet normal -0.6756697878061441 -0.4156211284519233 -0.6088755336112217
    outer loop
      vertex 65.9959 -146.3418 0.5858
      vertex 65.7322 -146.5199 1
      vertex 65.5866 -146.2832 1
    endloop
  endfacet
  facet normal -0.6379056366999905 -0.47166724543035826 -0.6087745134731889
    outer loop
      vertex 66.1334 -146.5279 0.5858
      vertex 65.8874 -146.7298 1
      vertex 65.7322 -146.5199 1
    endloop
  endfacet
  facet normal -0.5869858468049951 -0.533703341010283 -0.6087761160271354
    outer loop
      vertex 66.2947 -146.7053 0.5858
      vertex 66.0697 -146.9303 1
      vertex 65.8874 -146.7298 1
    endloop
  endfacet
  facet normal -0.7869524992686114 -0.4840738652028086 -0.38259411511744296
    outer loop
      vertex 65.5866 -146.2832 1
      vertex 65.7322 -146.5199 1
      vertex 65.4102 -146.3777 1.4824
    endloop
  endfacet
  facet normal -0.7428955162248342 -0.5492967323396234 -0.3825955459934805
    outer loop
      vertex 65.7322 -146.5199 1
      vertex 65.8874 -146.7298 1
      vertex 65.5665 -146.6318 1.4824
    endloop
  endfacet
  facet normal -0.6835624297846391 -0.6215133713204624 -0.3827055445859044
    outer loop
      vertex 65.8874 -146.7298 1
      vertex 66.0697 -146.9303 1
      vertex 65.7327 -146.8567 1.4824
    endloop
  endfacet
  facet normal -0.6214881877546636 -0.6835347320066634 -0.3827959020444218
    outer loop
      vertex 66.0697 -146.9303 1
      vertex 66.2702 -147.1126 1
      vertex 65.9282 -147.0718 1.4824
    endloop
  endfacet
  facet normal -0.5337089413609463 -0.5869805715897131 -0.6087762926458221
    outer loop
      vertex 66.2947 -146.7053 0.5858
      vertex 66.4721 -146.8666 0.5858
      vertex 66.0697 -146.9303 1
    endloop
  endfacet
  facet normal -0.47144362687438446 -0.6380775197187519 -0.6087675956463945
    outer loop
      vertex 66.4721 -146.8666 0.5858
      vertex 66.6582 -147.0041 0.5858
      vertex 66.2702 -147.1126 1
    endloop
  endfacet
  facet normal -0.533704787786643 -0.5869874380209869 -0.6087733133927379
    outer loop
      vertex 66.4721 -146.8666 0.5858
      vertex 66.2702 -147.1126 1
      vertex 66.0697 -146.9303 1
    endloop
  endfacet
  facet normal -0.4159437363554677 -0.6754641872438842 -0.6088833549520072
    outer loop
      vertex 66.6582 -147.0041 0.5858
      vertex 66.8672 -147.1328 0.5858
      vertex 66.4801 -147.2678 1
    endloop
  endfacet
  facet normal -0.4716220128002178 -0.6378444618992026 -0.6088736481954099
    outer loop
      vertex 66.6582 -147.0041 0.5858
      vertex 66.4801 -147.2678 1
      vertex 66.2702 -147.1126 1
    endloop
  endfacet
  facet normal -0.4156784905750966 -0.6757630406533633 -0.6087328686379028
    outer loop
      vertex 66.8672 -147.1328 0.5858
      vertex 66.7168 -147.4134 1
      vertex 66.4801 -147.2678 1
    endloop
  endfacet
  facet normal -0.3325159226958143 -0.7203337520263992 -0.6087301921584974
    outer loop
      vertex 66.8672 -147.1328 0.5858
      vertex 67.0717 -147.2272 0.5858
      vertex 66.7168 -147.4134 1
    endloop
  endfacet
  facet normal -0.2667375765128885 -0.7471924996062206 -0.6087318242118107
    outer loop
      vertex 67.0717 -147.2272 0.5858
      vertex 67.3 -147.3087 0.5858
      vertex 66.9514 -147.5217 1
    endloop
  endfacet
  facet normal -0.19226653638871793 -0.7697372329415584 -0.608718466295018
    outer loop
      vertex 67.3 -147.3087 0.5858
      vertex 67.5294 -147.366 0.5858
      vertex 67.2077 -147.6132 1
    endloop
  endfacet
  facet normal -0.33252785543973323 -0.7203234984870859 -0.6087358071314493
    outer loop
      vertex 67.0717 -147.2272 0.5858
      vertex 66.9514 -147.5217 1
      vertex 66.7168 -147.4134 1
    endloop
  endfacet
  facet normal -0.26674769242343793 -0.7471850663183475 -0.6087365154626571
    outer loop
      vertex 67.3 -147.3087 0.5858
      vertex 67.2077 -147.6132 1
      vertex 66.9514 -147.5217 1
    endloop
  endfacet
  facet normal -0.192608734456496 -0.7695362967631713 -0.6088643226327942
    outer loop
      vertex 67.2077 -147.6132 1
      vertex 67.5294 -147.366 0.5858
      vertex 67.4646 -147.6775 1
    endloop
  endfacet
  facet normal -0.5492672791124396 -0.7428556822531572 -0.3827151570562811
    outer loop
      vertex 66.2702 -147.1126 1
      vertex 66.4801 -147.2678 1
      vertex 66.1433 -147.2673 1.4824
    endloop
  endfacet
  facet normal -0.4840729078857613 -0.7869509429709116 -0.38259852745170947
    outer loop
      vertex 66.4801 -147.2678 1
      vertex 66.7168 -147.4134 1
      vertex 66.3682 -147.4335 1.4824
    endloop
  endfacet
  facet normal -0.3872416604803286 -0.8388448157772248 -0.3826006683633883
    outer loop
      vertex 66.7168 -147.4134 1
      vertex 66.9514 -147.5217 1
      vertex 66.6223 -147.5898 1.4824
    endloop
  endfacet
  facet normal -0.3106436887654038 -0.8701418298423489 -0.3825620140432548
    outer loop
      vertex 66.9514 -147.5217 1
      vertex 67.2077 -147.6132 1
      vertex 66.8758 -147.7068 1.4824
    endloop
  endfacet
  facet normal -0.2243181167054145 -0.8962258815181766 -0.3827016485654369
    outer loop
      vertex 67.2077 -147.6132 1
      vertex 67.4646 -147.6775 1
      vertex 67.1498 -147.8047 1.4824
    endloop
  endfacet
  facet normal -0.054664136085631566 -0.11841092862855918 -0.9914588666239936
    outer loop
      vertex 67.2915 -146.3412 0.0681
      vertex 67.5365 -145.8841 0
      vertex 67.6069 -145.9166 0
    endloop
  endfacet
  facet normal -0.04384014458685605 -0.12284745122712502 -0.9914567794158264
    outer loop
      vertex 67.411 -146.3963 0.0681
      vertex 67.6069 -145.9166 0
      vertex 67.7103 -145.9535 0
    endloop
  endfacet
  facet normal -0.05461466556522113 -0.11844741442908968 -0.991457234740996
    outer loop
      vertex 67.2915 -146.3412 0.0681
      vertex 67.6069 -145.9166 0
      vertex 67.411 -146.3963 0.0681
    endloop
  endfacet
  facet normal -0.031608873239263445 -0.1265534365138703 -0.991456053912161
    outer loop
      vertex 67.7103 -145.9535 0
      vertex 67.8176 -145.9803 0
      vertex 67.5601 -146.4495 0.0681
    endloop
  endfacet
  facet normal -0.021510713328207632 -0.1286452400992217 -0.991457357334104
    outer loop
      vertex 67.8176 -145.9803 0
      vertex 67.9097 -145.9957 0
      vertex 67.7121 -146.4875 0.0681
    endloop
  endfacet
  facet normal -0.0044911876783707404 -0.13034888889780366 -0.9914580154481307
    outer loop
      vertex 67.9097 -145.9957 0
      vertex 68.0345 -146 0
      vertex 67.858 -146.5119 0.0681
    endloop
  endfacet
  facet normal -0.04383429235138907 -0.12285137198480856 -0.9914565523589538
    outer loop
      vertex 67.411 -146.3963 0.0681
      vertex 67.7103 -145.9535 0
      vertex 67.5601 -146.4495 0.0681
    endloop
  endfacet
  facet normal -0.03163483272929011 -0.1265393309171249 -0.9914570263451847
    outer loop
      vertex 67.8176 -145.9803 0
      vertex 67.7121 -146.4875 0.0681
      vertex 67.5601 -146.4495 0.0681
    endloop
  endfacet
  facet normal -0.09279925850386732 -0.3711970340153647 -0.9239053304096305
    outer loop
      vertex 67.4201 -146.9118 0.2679
      vertex 67.5601 -146.4495 0.0681
      vertex 67.7121 -146.4875 0.0681
    endloop
  endfacet
  facet normal -0.06311362692362754 -0.37738844951485534 -0.9239018499111897
    outer loop
      vertex 67.7121 -146.4875 0.0681
      vertex 67.858 -146.5119 0.0681
      vertex 67.6138 -146.9602 0.2679
    endloop
  endfacet
  facet normal -0.02151412447743388 -0.128643883658171 -0.991457459322039
    outer loop
      vertex 67.9097 -145.9957 0
      vertex 67.858 -146.5119 0.0681
      vertex 67.7121 -146.4875 0.0681
    endloop
  endfacet
  facet normal -0.004433769479979071 -0.1303683797974976 -0.9914557111828918
    outer loop
      vertex 68.0345 -146 0
      vertex 68.0256 -146.5176 0.0681
      vertex 67.858 -146.5119 0.0681
    endloop
  endfacet
  facet normal -0.013009736953251982 -0.38253191462608155 -0.9238506811367904
    outer loop
      vertex 67.858 -146.5119 0.0681
      vertex 68.0256 -146.5176 0.0681
      vertex 67.8099 -146.9928 0.2679
    endloop
  endfacet
  facet normal -0.09275776242514835 -0.37122269797015495 -0.9238991860704493
    outer loop
      vertex 67.4201 -146.9118 0.2679
      vertex 67.7121 -146.4875 0.0681
      vertex 67.6138 -146.9602 0.2679
    endloop
  endfacet
  facet normal -0.06276583091862578 -0.37755765163011523 -0.923856412092619
    outer loop
      vertex 67.858 -146.5119 0.0681
      vertex 67.8099 -146.9928 0.2679
      vertex 67.6138 -146.9602 0.2679
    endloop
  endfacet
  facet normal -0.013282491684245763 -0.38242507307496504 -0.923891031939517
    outer loop
      vertex 68.0256 -146.5176 0.0681
      vertex 68.0172 -147 0.2679
      vertex 67.8099 -146.9928 0.2679
    endloop
  endfacet
  facet normal -0.14760143510695742 -0.5907107020707528 -0.7932683548544244
    outer loop
      vertex 67.4201 -146.9118 0.2679
      vertex 67.6138 -146.9602 0.2679
      vertex 67.3 -147.3087 0.5858
    endloop
  endfacet
  facet normal -0.0998539525408348 -0.6006552175845559 -0.7932480682298714
    outer loop
      vertex 67.6138 -146.9602 0.2679
      vertex 67.8099 -146.9928 0.2679
      vertex 67.5294 -147.366 0.5858
    endloop
  endfacet
  facet normal -0.021131158366257875 -0.6084012679608681 -0.7933482030544394
    outer loop
      vertex 67.8099 -146.9928 0.2679
      vertex 68.0172 -147 0.2679
      vertex 67.7685 -147.4059 0.5858
    endloop
  endfacet
  facet normal -0.14755613491457326 -0.590739569797335 -0.7932552853430804
    outer loop
      vertex 67.3 -147.3087 0.5858
      vertex 67.6138 -146.9602 0.2679
      vertex 67.5294 -147.366 0.5858
    endloop
  endfacet
  facet normal -0.10020427975814573 -0.6004722629117836 -0.7933424000970533
    outer loop
      vertex 67.8099 -146.9928 0.2679
      vertex 67.7685 -147.4059 0.5858
      vertex 67.5294 -147.366 0.5858
    endloop
  endfacet
  facet normal -0.020904286935663527 -0.6084910510435386 -0.7932853531911712
    outer loop
      vertex 68.0172 -147 0.2679
      vertex 68.0101 -147.4142 0.5858
      vertex 67.7685 -147.4059 0.5858
    endloop
  endfacet
  facet normal -0.13057192143823879 -0.7824497848594667 -0.6088705178486645
    outer loop
      vertex 67.5294 -147.366 0.5858
      vertex 67.7685 -147.4059 0.5858
      vertex 67.4646 -147.6775 1
    endloop
  endfacet
  facet normal -0.027239836291989516 -0.7929089696567847 -0.6087309398713044
    outer loop
      vertex 67.7685 -147.4059 0.5858
      vertex 68.0101 -147.4142 0.5858
      vertex 67.7368 -147.7228 1
    endloop
  endfacet
  facet normal -0.1302433634971917 -0.7826102327579987 -0.6087346629258182
    outer loop
      vertex 67.7685 -147.4059 0.5858
      vertex 67.7368 -147.7228 1
      vertex 67.4646 -147.6775 1
    endloop
  endfacet
  facet normal -0.027532178813682046 -0.7928083318609664 -0.608848854857758
    outer loop
      vertex 68.0101 -147.4142 0.5858
      vertex 68.0046 -147.7321 1
      vertex 67.7368 -147.7228 1
    endloop
  endfacet
  facet normal -0.15167770798303062 -0.9114055654080123 -0.3825359698699141
    outer loop
      vertex 67.4646 -147.6775 1
      vertex 67.7368 -147.7228 1
      vertex 67.4239 -147.8732 1.4824
    endloop
  endfacet
  facet normal -0.03206561165107802 -0.9233516989421627 -0.382613952450853
    outer loop
      vertex 67.7368 -147.7228 1
      vertex 68.0046 -147.7321 1
      vertex 67.7168 -147.922 1.4824
    endloop
  endfacet
  facet normal -0.9233483161676795 -0.03214187176533586 -0.3826157172800563
    outer loop
      vertex 65.2772 -145.2632 1
      vertex 65.078 -145.2832 1.4824
      vertex 65.0681 -144.9988 1.4824
    endloop
  endfacet
  facet normal -0.911376824161222 -0.15184427797564748 -0.38253836360273635
    outer loop
      vertex 65.3225 -145.5354 1
      vertex 65.1268 -145.5761 1.4824
      vertex 65.078 -145.2832 1.4824
    endloop
  endfacet
  facet normal -0.8963090105767445 -0.2239955024608035 -0.38269592686135234
    outer loop
      vertex 65.3868 -145.7923 1
      vertex 65.1953 -145.8502 1.4824
      vertex 65.1268 -145.5761 1.4824
    endloop
  endfacet
  facet normal -0.87005882333243 -0.31087138249722934 -0.3825658472546245
    outer loop
      vertex 65.4783 -146.0486 1
      vertex 65.2932 -146.1242 1.4824
      vertex 65.1953 -145.8502 1.4824
    endloop
  endfacet
  facet normal -0.9908553193249274 -0.034491799090430326 -0.13044559004045134
    outer loop
      vertex 65.0681 -144.9988 1.4824
      vertex 65.078 -145.2832 1.4824
      vertex 65 -145 2
    endloop
  endfacet
  facet normal -0.9908433981881756 -0.03416701373064517 -0.13062149685116328
    outer loop
      vertex 65.078 -145.2832 1.4824
      vertex 65.01 -145.29 2
      vertex 65 -145 2
    endloop
  endfacet
  facet normal -0.9779520742112938 -0.1629363647030065 -0.13061960650375973
    outer loop
      vertex 65.078 -145.2832 1.4824
      vertex 65.1268 -145.5761 1.4824
      vertex 65.01 -145.29 2
    endloop
  endfacet
  facet normal -0.9618553375726787 -0.24037610588736846 -0.13058957577606564
    outer loop
      vertex 65.1268 -145.5761 1.4824
      vertex 65.1953 -145.8502 1.4824
      vertex 65.06 -145.59 2
    endloop
  endfacet
  facet normal -0.9336362505859257 -0.33358755084802105 -0.13054768290197089
    outer loop
      vertex 65.1953 -145.8502 1.4824
      vertex 65.2932 -146.1242 1.4824
      vertex 65.13 -145.87 2
    endloop
  endfacet
  facet normal -0.9001800933461173 -0.4154677353905273 -0.13062297038745582
    outer loop
      vertex 65.2932 -146.1242 1.4824
      vertex 65.4102 -146.3777 1.4824
      vertex 65.23 -146.15 2
    endloop
  endfacet
  facet normal -0.9779471342835182 -0.1629911890472376 -0.1305881879789361
    outer loop
      vertex 65.1268 -145.5761 1.4824
      vertex 65.06 -145.59 2
      vertex 65.01 -145.29 2
    endloop
  endfacet
  facet normal -0.9618405893455971 -0.24046014733637486 -0.13054347256865526
    outer loop
      vertex 65.1953 -145.8502 1.4824
      vertex 65.13 -145.87 2
      vertex 65.06 -145.59 2
    endloop
  endfacet
  facet normal -0.9336729808736713 -0.3334546360263383 -0.1306245401868083
    outer loop
      vertex 65.2932 -146.1242 1.4824
      vertex 65.23 -146.15 2
      vertex 65.13 -145.87 2
    endloop
  endfacet
  facet normal -0.8388768061726474 -0.38717391054123274 -0.382599094434093
    outer loop
      vertex 65.5866 -146.2832 1
      vertex 65.4102 -146.3777 1.4824
      vertex 65.2932 -146.1242 1.4824
    endloop
  endfacet
  facet normal -0.7869553665462242 -0.4840658157858287 -0.38259840178926263
    outer loop
      vertex 65.7322 -146.5199 1
      vertex 65.5665 -146.6318 1.4824
      vertex 65.4102 -146.3777 1.4824
    endloop
  endfacet
  facet normal -0.7430008052786561 -0.5490739610373926 -0.38271084210664397
    outer loop
      vertex 65.8874 -146.7298 1
      vertex 65.7327 -146.8567 1.4824
      vertex 65.5665 -146.6318 1.4824
    endloop
  endfacet
  facet normal -0.6836538223092941 -0.6213590063294723 -0.3827929420654765
    outer loop
      vertex 66.0697 -146.9303 1
      vertex 65.9282 -147.0718 1.4824
      vertex 65.7327 -146.8567 1.4824
    endloop
  endfacet
  facet normal -0.6213824797018228 -0.6836796490222544 -0.3827087031051438
    outer loop
      vertex 66.2702 -147.1126 1
      vertex 66.1433 -147.2673 1.4824
      vertex 65.9282 -147.0718 1.4824
    endloop
  endfacet
  facet normal -0.844463189917823 -0.5194395772694225 -0.13063095513689868
    outer loop
      vertex 65.4102 -146.3777 1.4824
      vertex 65.5665 -146.6318 1.4824
      vertex 65.35 -146.41 2
    endloop
  endfacet
  facet normal -0.9001800933461273 -0.41546773539050136 -0.1306229703874707
    outer loop
      vertex 65.4102 -146.3777 1.4824
      vertex 65.35 -146.41 2
      vertex 65.23 -146.15 2
    endloop
  endfacet
  facet normal -0.8443731306826592 -0.519614234266305 -0.13051844210304722
    outer loop
      vertex 65.5665 -146.6318 1.4824
      vertex 65.51 -146.67 2
      vertex 65.35 -146.41 2
    endloop
  endfacet
  facet normal -0.7973481540313749 -0.5892363859493609 -0.1305235715727042
    outer loop
      vertex 65.5665 -146.6318 1.4824
      vertex 65.7327 -146.8567 1.4824
      vertex 65.51 -146.67 2
    endloop
  endfacet
  facet normal -0.7336908669747025 -0.6668366550142121 -0.13048596571036278
    outer loop
      vertex 65.7327 -146.8567 1.4824
      vertex 65.9282 -147.0718 1.4824
      vertex 65.68 -146.9 2
    endloop
  endfacet
  facet normal -0.7973015083096076 -0.5893098104896692 -0.13047701754659677
    outer loop
      vertex 65.7327 -146.8567 1.4824
      vertex 65.68 -146.9 2
      vertex 65.51 -146.67 2
    endloop
  endfacet
  facet normal -0.7336199394499484 -0.6669272176817367 -0.13042189523523776
    outer loop
      vertex 65.9282 -147.0718 1.4824
      vertex 65.88 -147.12 2
      vertex 65.68 -146.9 2
    endloop
  endfacet
  facet normal -0.6668423876932388 -0.7336971743877417 -0.13042118796815128
    outer loop
      vertex 65.9282 -147.0718 1.4824
      vertex 66.1433 -147.2673 1.4824
      vertex 65.88 -147.12 2
    endloop
  endfacet
  facet normal -0.6669216125618866 -0.7336137738181132 -0.1304852235396761
    outer loop
      vertex 66.1433 -147.2673 1.4824
      vertex 66.1 -147.32 2
      vertex 65.88 -147.12 2
    endloop
  endfacet
  facet normal -0.5491014454142387 -0.743037996833108 -0.38259918701721807
    outer loop
      vertex 66.4801 -147.2678 1
      vertex 66.3682 -147.4335 1.4824
      vertex 66.1433 -147.2673 1.4824
    endloop
  endfacet
  facet normal -0.4840667075405478 -0.7869568162895726 -0.3825942915755977
    outer loop
      vertex 66.7168 -147.4134 1
      vertex 66.6223 -147.5898 1.4824
      vertex 66.3682 -147.4335 1.4824
    endloop
  endfacet
  facet normal -0.3871798549139948 -0.8388896856470672 -0.3825648379866383
    outer loop
      vertex 66.9514 -147.5217 1
      vertex 66.8758 -147.7068 1.4824
      vertex 66.6223 -147.5898 1.4824
    endloop
  endfacet
  facet normal -0.3108551211056288 -0.8700133113680694 -0.3826825469299216
    outer loop
      vertex 67.2077 -147.6132 1
      vertex 67.1498 -147.8047 1.4824
      vertex 66.8758 -147.7068 1.4824
    endloop
  endfacet
  facet normal -0.22401117784928232 -0.8963717350144385 -0.382539808210574
    outer loop
      vertex 67.4646 -147.6775 1
      vertex 67.4239 -147.8732 1.4824
      vertex 67.1498 -147.8047 1.4824
    endloop
  endfacet
  facet normal -0.5892400728812802 -0.7973531431468124 -0.13047644088019236
    outer loop
      vertex 66.1433 -147.2673 1.4824
      vertex 66.3682 -147.4335 1.4824
      vertex 66.1 -147.32 2
    endloop
  endfacet
  facet normal -0.5194474161329843 -0.844475933713364 -0.13051735230117195
    outer loop
      vertex 66.3682 -147.4335 1.4824
      vertex 66.6223 -147.5898 1.4824
      vertex 66.33 -147.49 2
    endloop
  endfacet
  facet normal -0.4154677353904849 -0.9001800933461348 -0.13062297038747056
    outer loop
      vertex 66.6223 -147.5898 1.4824
      vertex 66.8758 -147.7068 1.4824
      vertex 66.59 -147.65 2
    endloop
  endfacet
  facet normal -0.5893062051163773 -0.7972966304515083 -0.1305231001853895
    outer loop
      vertex 66.3682 -147.4335 1.4824
      vertex 66.33 -147.49 2
      vertex 66.1 -147.32 2
    endloop
  endfacet
  facet normal -0.5196065717666318 -0.8443606791208113 -0.13062945353774827
    outer loop
      vertex 66.6223 -147.5898 1.4824
      vertex 66.59 -147.65 2
      vertex 66.33 -147.49 2
    endloop
  endfacet
  facet normal -0.41546773539054 -0.9001800933461044 -0.1306229703875043
    outer loop
      vertex 66.8758 -147.7068 1.4824
      vertex 66.85 -147.77 2
      vertex 66.59 -147.65 2
    endloop
  endfacet
  facet normal -0.3335841095856953 -0.9336266192693727 -0.13062533300842014
    outer loop
      vertex 66.8758 -147.7068 1.4824
      vertex 67.1498 -147.8047 1.4824
      vertex 66.85 -147.77 2
    endloop
  endfacet
  facet normal -0.24037759534933678 -0.961861297594949 -0.130542927204164
    outer loop
      vertex 67.1498 -147.8047 1.4824
      vertex 67.4239 -147.8732 1.4824
      vertex 67.13 -147.87 2
    endloop
  endfacet
  facet normal -0.3334580024076706 -0.9336824067415346 -0.13054855024710674
    outer loop
      vertex 67.1498 -147.8047 1.4824
      vertex 67.13 -147.87 2
      vertex 66.85 -147.77 2
    endloop
  endfacet
  facet normal -0.2404586887893713 -0.9618347551575828 -0.13058913720769127
    outer loop
      vertex 67.4239 -147.8732 1.4824
      vertex 67.41 -147.94 2
      vertex 67.13 -147.87 2
    endloop
  endfacet
  facet normal -0.15183866132834314 -0.9113431127678735 -0.3826208981963474
    outer loop
      vertex 67.7368 -147.7228 1
      vertex 67.7168 -147.922 1.4824
      vertex 67.4239 -147.8732 1.4824
    endloop
  endfacet
  facet normal -0.03214135031056535 -0.9233333361929005 -0.3826519095406448
    outer loop
      vertex 68.0046 -147.7321 1
      vertex 68.0012 -147.9319 1.4824
      vertex 67.7168 -147.922 1.4824
    endloop
  endfacet
  facet normal -0.1629370510590345 -0.9779561937539293 -0.13058790330850997
    outer loop
      vertex 67.4239 -147.8732 1.4824
      vertex 67.7168 -147.922 1.4824
      vertex 67.41 -147.94 2
    endloop
  endfacet
  facet normal -0.03449098084733954 -0.9908318134310293 -0.1306242310337795
    outer loop
      vertex 67.7168 -147.922 1.4824
      vertex 68.0012 -147.9319 1.4824
      vertex 67.71 -147.99 2
    endloop
  endfacet
  facet normal -0.16299051871897524 -0.9779431123136199 -0.13061914058081336
    outer loop
      vertex 67.41 -147.94 2
      vertex 67.7168 -147.922 1.4824
      vertex 67.71 -147.99 2
    endloop
  endfacet
  facet normal -0.03416780863876828 -0.9908664505252027 -0.13044630342179253
    outer loop
      vertex 68.0012 -147.9319 1.4824
      vertex 68 -148 2
      vertex 67.71 -147.99 2
    endloop
  endfacet
  facet normal 0 -1 0
    outer loop
      vertex 68 -148 2
      vertex 68.61500000208616 -148 2.199
      vertex 68 -148 2.199
    endloop
  endfacet
  facet normal 0 -1 0
    outer loop
      vertex 68 -148 2
      vertex 72.38499999791384 -148 2.199
      vertex 68.61500000208616 -148 2.199
    endloop
  endfacet
  facet normal 0 -0.13044460263003854 -0.9914555994318107
    outer loop
      vertex 68.0345 -146 0
      vertex 91.9655 -146 0
      vertex 68.0256 -146.5176 0.0681
    endloop
  endfacet
  facet normal 0 -0.38265625904382056 -0.9238907876013206
    outer loop
      vertex 68.0256 -146.5176 0.0681
      vertex 91.9744 -146.5176 0.0681
      vertex 68.0172 -147 0.2679
    endloop
  endfacet
  facet normal 0 -0.6088496186075982 -0.7932856622436726
    outer loop
      vertex 68.0172 -147 0.2679
      vertex 91.9828 -147 0.2679
      vertex 68.0101 -147.4142 0.5858
    endloop
  endfacet
  facet normal 0 -0.7932856622436688 -0.6088496186076031
    outer loop
      vertex 68.0101 -147.4142 0.5858
      vertex 91.9899 -147.4142 0.5858
      vertex 68.0046 -147.7321 1
    endloop
  endfacet
  facet normal 0 -0.9238907876013099 -0.38265625904384615
    outer loop
      vertex 68.0046 -147.7321 1
      vertex 91.9954 -147.7321 1
      vertex 68.0012 -147.9319 1.4824
    endloop
  endfacet
  facet normal 0 -0.9914555994318144 -0.13044460263001084
    outer loop
      vertex 68.0012 -147.9319 1.4824
      vertex 91.9988 -147.9319 1.4824
      vertex 68 -148 2
    endloop
  endfacet
  facet normal 0 -1 0
    outer loop
      vertex 68 -148 2
      vertex 87.61500000208616 -148 2.199
      vertex 72.38499999791384 -148 2.199
    endloop
  endfacet
  facet normal 0 -1 0
    outer loop
      vertex 72.38499999791384 -148 2.199
      vertex 87.61500000208616 -148 5.271
      vertex 72.38499999791384 -148 5.271
    endloop
  endfacet
  facet normal -1 0 0
    outer loop
      vertex 65 -115 2
      vertex 65 -145 2
      vertex 65 -115 20
    endloop
  endfacet
  facet normal -0.9994059993535869 -0.034462275839797434 0
    outer loop
      vertex 65 -145 2
      vertex 65.01 -145.29 2
      vertex 65 -145 20
    endloop
  endfacet
  facet normal -0.9863939238321463 -0.16439898730534214 0
    outer loop
      vertex 65.01 -145.29 2
      vertex 65.06 -145.59 2
      vertex 65.01 -145.29 20
    endloop
  endfacet
  facet normal -0.9701425001453376 -0.2425356250363098 0
    outer loop
      vertex 65.06 -145.59 2
      vertex 65.13 -145.87 2
      vertex 65.06 -145.59 20
    endloop
  endfacet
  facet normal -0.9417419115948288 -0.3363363969981804 0
    outer loop
      vertex 65.13 -145.87 2
      vertex 65.23 -146.15 2
      vertex 65.13 -145.87 20
    endloop
  endfacet
  facet normal -0.9079593845004589 -0.4190581774617312 0
    outer loop
      vertex 65.23 -146.15 2
      vertex 65.35 -146.41 2
      vertex 65.23 -146.15 20
    endloop
  endfacet
  facet normal -0.8516583167045199 -0.5240974256643736 0
    outer loop
      vertex 65.35 -146.41 2
      vertex 65.51 -146.67 2
      vertex 65.35 -146.41 20
    endloop
  endfacet
  facet normal -0.8041761414663451 -0.5943910610837793 0
    outer loop
      vertex 65.51 -146.67 2
      vertex 65.68 -146.9 2
      vertex 65.51 -146.67 20
    endloop
  endfacet
  facet normal -0.739940073395961 -0.6726727939962934 0
    outer loop
      vertex 65.68 -146.9 2
      vertex 65.88 -147.12 2
      vertex 65.68 -146.9 20
    endloop
  endfacet
  facet normal -0.6726727939962934 -0.739940073395961 0
    outer loop
      vertex 65.88 -147.12 2
      vertex 66.1 -147.32 2
      vertex 65.88 -147.12 20
    endloop
  endfacet
  facet normal -0.594391061083835 -0.8041761414663037 0
    outer loop
      vertex 66.1 -147.32 2
      vertex 66.33 -147.49 2
      vertex 66.1 -147.32 20
    endloop
  endfacet
  facet normal -0.524097425664319 -0.8516583167045534 0
    outer loop
      vertex 66.33 -147.49 2
      vertex 66.59 -147.65 2
      vertex 66.33 -147.49 20
    endloop
  endfacet
  facet normal -0.4190581774617721 -0.9079593845004401 0
    outer loop
      vertex 66.59 -147.65 2
      vertex 66.85 -147.77 2
      vertex 66.59 -147.65 20
    endloop
  endfacet
  facet normal -0.33633639699813805 -0.9417419115948439 0
    outer loop
      vertex 66.85 -147.77 2
      vertex 67.13 -147.87 2
      vertex 66.85 -147.77 20
    endloop
  endfacet
  facet normal -0.2425356250363098 -0.9701425001453376 0
    outer loop
      vertex 67.13 -147.87 2
      vertex 67.41 -147.94 2
      vertex 67.13 -147.87 20
    endloop
  endfacet
  facet normal -0.16439898730539518 -0.9863939238321375 0
    outer loop
      vertex 67.41 -147.94 2
      vertex 67.71 -147.99 2
      vertex 67.41 -147.94 20
    endloop
  endfacet
  facet normal -0.03446227583974683 -0.9994059993535885 0
    outer loop
      vertex 67.71 -147.99 2
      vertex 68 -148 2
      vertex 67.71 -147.99 20
    endloop
  endfacet
  facet normal -0.034462275839746835 -0.9994059993535886 0
    outer loop
      vertex 68 -148 2
      vertex 68 -148 2.199
      vertex 67.71 -147.99 20
    endloop
  endfacet
  facet normal -0.9987042955241725 0.050889390854738564 0
    outer loop
      vertex 39.76 -94 2
      vertex 39.76 -94 20
      vertex 39.84 -92.43 20
    endloop
  endfacet
  facet normal -0.9987042955241725 -0.050889390854738564 0
    outer loop
      vertex 39.84 -95.57 2
      vertex 39.84 -95.57 20
      vertex 39.76 -94 20
    endloop
  endfacet
  facet normal -0.9891691709581993 -0.14677994149702006 0
    outer loop
      vertex 40.07 -97.12 2
      vertex 40.07 -97.12 20
      vertex 39.84 -95.57 20
    endloop
  endfacet
  facet normal -0.9701425001453313 -0.2425356250363351 0
    outer loop
      vertex 40.45 -98.64 2
      vertex 40.45 -98.64 20
      vertex 40.07 -97.12 20
    endloop
  endfacet
  facet normal -0.9414537308125974 -0.33714221441261466 0
    outer loop
      vertex 40.98 -100.12 2
      vertex 40.98 -100.12 20
      vertex 40.45 -98.64 20
    endloop
  endfacet
  facet normal -0.9043852206147877 -0.42671697029007644 0
    outer loop
      vertex 41.65 -101.54 2
      vertex 41.65 -101.54 20
      vertex 40.98 -100.12 20
    endloop
  endfacet
  facet normal -0.8574929257125427 -0.5144957554275292 0
    outer loop
      vertex 42.46 -102.89 2
      vertex 42.46 -102.89 20
      vertex 41.65 -101.54 20
    endloop
  endfacet
  facet normal -0.8045740795857684 -0.5938522968371122 0
    outer loop
      vertex 43.39 -104.15 2
      vertex 43.39 -104.15 20
      vertex 42.46 -102.89 20
    endloop
  endfacet
  facet normal -0.7382098828926542 -0.6745710998846702 0
    outer loop
      vertex 44.45 -105.31 2
      vertex 44.45 -105.31 20
      vertex 43.39 -104.15 20
    endloop
  endfacet
  facet normal -0.6745710998846702 -0.7382098828926542 0
    outer loop
      vertex 45.61 -106.37 2
      vertex 45.61 -106.37 20
      vertex 44.45 -105.31 20
    endloop
  endfacet
  facet normal -0.5938522968371114 -0.8045740795857689 0
    outer loop
      vertex 46.87 -107.3 2
      vertex 46.87 -107.3 20
      vertex 45.61 -106.37 20
    endloop
  endfacet
  facet normal -0.5144957554275272 -0.8574929257125438 0
    outer loop
      vertex 48.22 -108.11 2
      vertex 48.22 -108.11 20
      vertex 46.87 -107.3 20
    endloop
  endfacet
  facet normal -0.42671697029007644 -0.9043852206147877 0
    outer loop
      vertex 49.64 -108.78 2
      vertex 49.64 -108.78 20
      vertex 48.22 -108.11 20
    endloop
  endfacet
  facet normal -0.3371422144126201 -0.9414537308125955 0
    outer loop
      vertex 51.12 -109.31 2
      vertex 51.12 -109.31 20
      vertex 49.64 -108.78 20
    endloop
  endfacet
  facet normal -0.24253562503632978 -0.9701425001453327 0
    outer loop
      vertex 52.64 -109.69 2
      vertex 52.64 -109.69 20
      vertex 51.12 -109.31 20
    endloop
  endfacet
  facet normal -0.1467799414970258 -0.9891691709581986 0
    outer loop
      vertex 54.19 -109.92 2
      vertex 54.19 -109.92 20
      vertex 52.64 -109.69 20
    endloop
  endfacet
  facet normal -0.050889390854733825 -0.9987042955241727 0
    outer loop
      vertex 55.76 -110 2
      vertex 55.76 -110 20
      vertex 54.19 -109.92 20
    endloop
  endfacet
  facet normal 0.050889390854733825 -0.9987042955241727 0
    outer loop
      vertex 57.33 -109.92 2
      vertex 57.33 -109.92 20
      vertex 55.76 -110 20
    endloop
  endfacet
  facet normal 0.14677994149702514 -0.9891691709581986 0
    outer loop
      vertex 58.88 -109.69 2
      vertex 58.88 -109.69 20
      vertex 57.33 -109.92 20
    endloop
  endfacet
  facet normal 0 0 1
    outer loop
      vertex 40.45 -98.64 20
      vertex 40.98 -100.12 20
      vertex 62.850000001490116 -80 20
    endloop
  endfacet
  facet normal 0 0 1
    outer loop
      vertex 40.98 -100.12 20
      vertex 41.65 -101.54 20
      vertex 62.850000001490116 -80 20
    endloop
  endfacet
  facet normal 0 0 1
    outer loop
      vertex 41.65 -101.54 20
      vertex 42.46 -102.89 20
      vertex 62.850000001490116 -80 20
    endloop
  endfacet
  facet normal 0 0 1
    outer loop
      vertex 42.46 -102.89 20
      vertex 43.39 -104.15 20
      vertex 64.1550000011921 -86.56300000101328 20
    endloop
  endfacet
  facet normal 0 0 1
    outer loop
      vertex 43.39 -104.15 20
      vertex 44.45 -105.31 20
      vertex 64.1550000011921 -86.56300000101328 20
    endloop
  endfacet
  facet normal 0 0 1
    outer loop
      vertex 44.45 -105.31 20
      vertex 45.61 -106.37 20
      vertex 64.1550000011921 -86.56300000101328 20
    endloop
  endfacet
  facet normal 0 0 1
    outer loop
      vertex 45.61 -106.37 20
      vertex 46.87 -107.3 20
      vertex 64.1550000011921 -86.56300000101328 20
    endloop
  endfacet
  facet normal 0 0 1
    outer loop
      vertex 46.87 -107.3 20
      vertex 48.22 -108.11 20
      vertex 64.1550000011921 -86.56300000101328 20
    endloop
  endfacet
  facet normal 0 0 1
    outer loop
      vertex 48.22 -108.11 20
      vertex 49.64 -108.78 20
      vertex 67.87300000339746 -92.12699999660254 20
    endloop
  endfacet
  facet normal 0 0 1
    outer loop
      vertex 49.64 -108.78 20
      vertex 51.12 -109.31 20
      vertex 67.87300000339746 -92.12699999660254 20
    endloop
  endfacet
  facet normal 0 0 1
    outer loop
      vertex 51.12 -109.31 20
      vertex 52.64 -109.69 20
      vertex 67.87300000339746 -92.12699999660254 20
    endloop
  endfacet
  facet normal 0 0 1
    outer loop
      vertex 52.64 -109.69 20
      vertex 54.19 -109.92 20
      vertex 67.87300000339746 -92.12699999660254 20
    endloop
  endfacet
  facet normal 0 0 1
    outer loop
      vertex 54.19 -109.92 20
      vertex 55.76 -110 20
      vertex 67.87300000339746 -92.12699999660254 20
    endloop
  endfacet
  facet normal 0.24253562503633083 -0.9701425001453324 0
    outer loop
      vertex 60.4 -109.31 2
      vertex 60.4 -109.31 20
      vertex 58.88 -109.69 20
    endloop
  endfacet
  facet normal 0.33714221441261866 -0.941453730812596 0
    outer loop
      vertex 61.88 -108.78 2
      vertex 61.88 -108.78 20
      vertex 60.4 -109.31 20
    endloop
  endfacet
  facet normal 0.42671697029007816 -0.9043852206147868 0
    outer loop
      vertex 63.3 -108.11 2
      vertex 63.3 -108.11 20
      vertex 61.88 -108.78 20
    endloop
  endfacet
  facet normal 0.5127411190260129 -0.8585432690668258 0
    outer loop
      vertex 64.02 -107.68 2
      vertex 64.02 -107.68 20
      vertex 63.3 -108.11 20
    endloop
  endfacet
  facet normal -0.9980525784828893 0.06237828615516951 0
    outer loop
      vertex 64 -108 2
      vertex 64 -108 20
      vertex 64.02 -107.68 20
    endloop
  endfacet
  facet normal -0.9987042955241726 -0.05088939085473405 0
    outer loop
      vertex 64.08 -109.57 2
      vertex 64.08 -109.57 20
      vertex 64 -108 20
    endloop
  endfacet
  facet normal -0.9891691709581988 -0.1467799414970245 0
    outer loop
      vertex 64.31 -111.12 2
      vertex 64.31 -111.12 20
      vertex 64.08 -109.57 20
    endloop
  endfacet
  facet normal -0.9701425001453324 -0.24253562503633083 0
    outer loop
      vertex 64.69 -112.64 2
      vertex 64.69 -112.64 20
      vertex 64.31 -111.12 20
    endloop
  endfacet
  facet normal -0.9429903335828885 -0.33282011773514003 0
    outer loop
      vertex 65.17 -114 2
      vertex 65.17 -114 20
      vertex 64.69 -112.64 20
    endloop
  endfacet
  facet normal -0.9557790087219341 0.29408584883757444 0
    outer loop
      vertex 65.13 -114.13 2
      vertex 65.13 -114.13 20
      vertex 65.17 -114 20
    endloop
  endfacet
  facet normal -0.986393923832145 0.16439898730534971 0
    outer loop
      vertex 65.01 -114.71 2
      vertex 65.01 -114.71 20
      vertex 65.06 -114.41 20
    endloop
  endfacet
  facet normal -0.9701425001453376 0.2425356250363098 0
    outer loop
      vertex 65.06 -114.41 2
      vertex 65.06 -114.41 20
      vertex 65.13 -114.13 20
    endloop
  endfacet
  facet normal -0.9994059993535869 0.03446227583979575 0
    outer loop
      vertex 65 -115 2
      vertex 65 -115 20
      vertex 65.01 -114.71 20
    endloop
  endfacet
  facet normal 0 0 1
    outer loop
      vertex 48.22 -108.11 20
      vertex 67.87300000339746 -92.12699999660254 20
      vertex 64.1550000011921 -86.56300000101328 20
    endloop
  endfacet
  facet normal 0 0 1
    outer loop
      vertex 55.76 -110 20
      vertex 57.33 -109.92 20
      vertex 67.87300000339746 -92.12699999660254 20
    endloop
  endfacet
  facet normal 0 0 1
    outer loop
      vertex 57.33 -109.92 20
      vertex 58.88 -109.69 20
      vertex 67.87300000339746 -92.12699999660254 20
    endloop
  endfacet
  facet normal 0 0 1
    outer loop
      vertex 58.88 -109.69 20
      vertex 60.4 -109.31 20
      vertex 73.43699999898672 -95.8449999988079 20
    endloop
  endfacet
  facet normal 0 0 1
    outer loop
      vertex 58.88 -109.69 20
      vertex 73.43699999898672 -95.8449999988079 20
      vertex 67.87300000339746 -92.12699999660254 20
    endloop
  endfacet
  facet normal 0 0 1
    outer loop
      vertex 60.4 -109.31 20
      vertex 61.88 -108.78 20
      vertex 73.43699999898672 -95.8449999988079 20
    endloop
  endfacet
  facet normal 0 0 1
    outer loop
      vertex 61.88 -108.78 20
      vertex 63.3 -108.11 20
      vertex 73.43699999898672 -95.8449999988079 20
    endloop
  endfacet
  facet normal 0 0 1
    outer loop
      vertex 63.3 -108.11 20
      vertex 64.02 -107.68 20
      vertex 73.43699999898672 -95.8449999988079 20
    endloop
  endfacet
  facet normal 0 0 1
    outer loop
      vertex 64.02 -107.68 20
      vertex 64 -108 20
      vertex 73.43699999898672 -95.8449999988079 20
    endloop
  endfacet
  facet normal 0 0 1
    outer loop
      vertex 64 -108 20
      vertex 64.08 -109.57 20
      vertex 73.43699999898672 -95.8449999988079 20
    endloop
  endfacet
  facet normal 0 0 1
    outer loop
      vertex 64.08 -109.57 20
      vertex 64.31 -111.12 20
      vertex 73.43699999898672 -95.8449999988079 20
    endloop
  endfacet
  facet normal 0 0 1
    outer loop
      vertex 64.31 -111.12 20
      vertex 64.69 -112.64 20
      vertex 73.43699999898672 -95.8449999988079 20
    endloop
  endfacet
  facet normal 0 0 1
    outer loop
      vertex 64.69 -112.64 20
      vertex 65.17 -114 20
      vertex 73.43699999898672 -95.8449999988079 20
    endloop
  endfacet
  facet normal 0 0 1
    outer loop
      vertex 65.13 -114.13 20
      vertex 65.06 -114.41 20
      vertex 73.43699999898672 -95.8449999988079 20
    endloop
  endfacet
  facet normal 0 0 1
    outer loop
      vertex 65.17 -114 20
      vertex 65.13 -114.13 20
      vertex 73.43699999898672 -95.8449999988079 20
    endloop
  endfacet
  facet normal 0 0 1
    outer loop
      vertex 65.06 -114.41 20
      vertex 65.01 -114.71 20
      vertex 73.43699999898672 -95.8449999988079 20
    endloop
  endfacet
  facet normal 0 0 1
    outer loop
      vertex 65.01 -114.71 20
      vertex 65 -115 20
      vertex 73.43699999898672 -95.8449999988079 20
    endloop
  endfacet
  facet normal 0 0 1
    outer loop
      vertex 65 -115 20
      vertex 80 -97.14999999850988 20
      vertex 73.43699999898672 -95.8449999988079 20
    endloop
  endfacet
  facet normal 0 0 1
    outer loop
      vertex 65 -115 20
      vertex 65 -145 20
      vertex 80 -97.14999999850988 20
    endloop
  endfacet
  facet normal 0 0 1
    outer loop
      vertex 66.33 -147.49 20
      vertex 86.56300000101328 -95.8449999988079 20
      vertex 80 -97.14999999850988 20
    endloop
  endfacet
  facet normal -0.03446227583974685 -0.9994059993535886 0
    outer loop
      vertex 67.71 -147.99 20
      vertex 68 -148 2.199
      vertex 68 -148 7.960999999999999
    endloop
  endfacet
  facet normal -1 0 0
    outer loop
      vertex 65 -145 2
      vertex 65 -145 20
      vertex 65 -115 20
    endloop
  endfacet
  facet normal -0.9994059993535869 -0.034462275839797434 0
    outer loop
      vertex 65.01 -145.29 2
      vertex 65.01 -145.29 20
      vertex 65 -145 20
    endloop
  endfacet
  facet normal -0.9863939238321463 -0.16439898730534214 0
    outer loop
      vertex 65.06 -145.59 2
      vertex 65.06 -145.59 20
      vertex 65.01 -145.29 20
    endloop
  endfacet
  facet normal -0.9701425001453376 -0.2425356250363098 0
    outer loop
      vertex 65.13 -145.87 2
      vertex 65.13 -145.87 20
      vertex 65.06 -145.59 20
    endloop
  endfacet
  facet normal -0.9417419115948288 -0.3363363969981804 0
    outer loop
      vertex 65.23 -146.15 2
      vertex 65.23 -146.15 20
      vertex 65.13 -145.87 20
    endloop
  endfacet
  facet normal -0.9079593845004589 -0.4190581774617312 0
    outer loop
      vertex 65.35 -146.41 2
      vertex 65.35 -146.41 20
      vertex 65.23 -146.15 20
    endloop
  endfacet
  facet normal -0.8516583167045199 -0.5240974256643736 0
    outer loop
      vertex 65.51 -146.67 2
      vertex 65.51 -146.67 20
      vertex 65.35 -146.41 20
    endloop
  endfacet
  facet normal -0.8041761414663451 -0.5943910610837793 0
    outer loop
      vertex 65.68 -146.9 2
      vertex 65.68 -146.9 20
      vertex 65.51 -146.67 20
    endloop
  endfacet
  facet normal -0.739940073395961 -0.6726727939962934 0
    outer loop
      vertex 65.88 -147.12 2
      vertex 65.88 -147.12 20
      vertex 65.68 -146.9 20
    endloop
  endfacet
  facet normal -0.6726727939962934 -0.739940073395961 0
    outer loop
      vertex 66.1 -147.32 2
      vertex 66.1 -147.32 20
      vertex 65.88 -147.12 20
    endloop
  endfacet
  facet normal -0.594391061083835 -0.8041761414663037 0
    outer loop
      vertex 66.33 -147.49 2
      vertex 66.33 -147.49 20
      vertex 66.1 -147.32 20
    endloop
  endfacet
  facet normal -0.524097425664319 -0.8516583167045534 0
    outer loop
      vertex 66.59 -147.65 2
      vertex 66.59 -147.65 20
      vertex 66.33 -147.49 20
    endloop
  endfacet
  facet normal -0.4190581774617721 -0.9079593845004401 0
    outer loop
      vertex 66.85 -147.77 2
      vertex 66.85 -147.77 20
      vertex 66.59 -147.65 20
    endloop
  endfacet
  facet normal -0.33633639699813805 -0.9417419115948439 0
    outer loop
      vertex 67.13 -147.87 2
      vertex 67.13 -147.87 20
      vertex 66.85 -147.77 20
    endloop
  endfacet
  facet normal -0.2425356250363098 -0.9701425001453376 0
    outer loop
      vertex 67.41 -147.94 2
      vertex 67.41 -147.94 20
      vertex 67.13 -147.87 20
    endloop
  endfacet
  facet normal -0.16439898730539518 -0.9863939238321375 0
    outer loop
      vertex 67.71 -147.99 2
      vertex 67.71 -147.99 20
      vertex 67.41 -147.94 20
    endloop
  endfacet
  facet normal -0.03446227583974683 -0.9994059993535886 0
    outer loop
      vertex 67.71 -147.99 20
      vertex 68 -148 7.960999999999999
      vertex 68 -148 20
    endloop
  endfacet
  facet normal 0 0 1
    outer loop
      vertex 65 -145 20
      vertex 65.01 -145.29 20
      vertex 80 -97.14999999850988 20
    endloop
  endfacet
  facet normal 0 0 1
    outer loop
      vertex 65.01 -145.29 20
      vertex 65.06 -145.59 20
      vertex 80 -97.14999999850988 20
    endloop
  endfacet
  facet normal 0 0 1
    outer loop
      vertex 65.06 -145.59 20
      vertex 65.13 -145.87 20
      vertex 80 -97.14999999850988 20
    endloop
  endfacet
  facet normal 0 0 1
    outer loop
      vertex 65.13 -145.87 20
      vertex 65.23 -146.15 20
      vertex 80 -97.14999999850988 20
    endloop
  endfacet
  facet normal 0 0 1
    outer loop
      vertex 65.23 -146.15 20
      vertex 65.35 -146.41 20
      vertex 80 -97.14999999850988 20
    endloop
  endfacet
  facet normal 0 0 1
    outer loop
      vertex 65.35 -146.41 20
      vertex 65.51 -146.67 20
      vertex 80 -97.14999999850988 20
    endloop
  endfacet
  facet normal 0 0 1
    outer loop
      vertex 65.51 -146.67 20
      vertex 65.68 -146.9 20
      vertex 80 -97.14999999850988 20
    endloop
  endfacet
  facet normal 0 0 1
    outer loop
      vertex 65.68 -146.9 20
      vertex 65.88 -147.12 20
      vertex 80 -97.14999999850988 20
    endloop
  endfacet
  facet normal 0 0 1
    outer loop
      vertex 65.88 -147.12 20
      vertex 66.1 -147.32 20
      vertex 80 -97.14999999850988 20
    endloop
  endfacet
  facet normal 0 0 1
    outer loop
      vertex 66.1 -147.32 20
      vertex 66.33 -147.49 20
      vertex 80 -97.14999999850988 20
    endloop
  endfacet
  facet normal 0 0 1
    outer loop
      vertex 66.33 -147.49 20
      vertex 66.59 -147.65 20
      vertex 86.56300000101328 -95.8449999988079 20
    endloop
  endfacet
  facet normal 0 0 1
    outer loop
      vertex 66.59 -147.65 20
      vertex 66.85 -147.77 20
      vertex 86.56300000101328 -95.8449999988079 20
    endloop
  endfacet
  facet normal 0 0 1
    outer loop
      vertex 66.85 -147.77 20
      vertex 67.13 -147.87 20
      vertex 86.56300000101328 -95.8449999988079 20
    endloop
  endfacet
  facet normal 0 0 1
    outer loop
      vertex 67.13 -147.87 20
      vertex 67.41 -147.94 20
      vertex 86.56300000101328 -95.8449999988079 20
    endloop
  endfacet
  facet normal 0 0 1
    outer loop
      vertex 67.41 -147.94 20
      vertex 67.71 -147.99 20
      vertex 86.56300000101328 -95.8449999988079 20
    endloop
  endfacet
  facet normal 0 0 1
    outer loop
      vertex 67.71 -147.99 20
      vertex 68 -148 20
      vertex 86.56300000101328 -95.8449999988079 20
    endloop
  endfacet
  facet normal 0 -1 0
    outer loop
      vertex 68 -148 20
      vertex 68 -148 7.960999999999999
      vertex 92 -148 20
    endloop
  endfacet
  facet normal 0.006636080652026914 0.13026855150295172 -0.9914565380907538
    outer loop
      vertex 80 -37.4843 0.0681
      vertex 81.4232 -37.5568 0.0681
      vertex 80 -38.0026 0
    endloop
  endfacet
  facet normal 0.0194609647236972 0.38217801084227493 -0.9238837799640521
    outer loop
      vertex 80 -37.4843 0.0681
      vertex 80 -37.0013 0.2679
      vertex 81.4709 -37.0762 0.2679
    endloop
  endfacet
  facet normal 0.019467704491586843 0.38215775217137005 -0.9238920180070581
    outer loop
      vertex 80 -37.4843 0.0681
      vertex 81.4709 -37.0762 0.2679
      vertex 81.4232 -37.5568 0.0681
    endloop
  endfacet
  facet normal 0.031003303863461184 0.6080025349098886 -0.7933295107915119
    outer loop
      vertex 80 -37.0013 0.2679
      vertex 80 -36.5865 0.5858
      vertex 81.512 -36.6636 0.5858
    endloop
  endfacet
  facet normal 0.030965296360190908 0.6081021951429253 -0.7932546064686173
    outer loop
      vertex 80 -37.0013 0.2679
      vertex 81.512 -36.6636 0.5858
      vertex 81.4709 -37.0762 0.2679
    endloop
  endfacet
  facet normal 0.0066371699008932784 0.13026514144543436 -0.9914569788447241
    outer loop
      vertex 80 -38.0026 0
      vertex 81.4232 -37.5568 0.0681
      vertex 81.3719 -38.0725 0
    endloop
  endfacet
  facet normal 0.056176038161645195 0.3785226965836857 -0.9238857185320467
    outer loop
      vertex 81.4232 -37.5568 0.0681
      vertex 82.9249 -37.292 0.2679
      vertex 82.8308 -37.7657 0.0681
    endloop
  endfacet
  facet normal 0.056178224127949726 0.37851315051917495 -0.9238894966487486
    outer loop
      vertex 81.4232 -37.5568 0.0681
      vertex 81.4709 -37.0762 0.2679
      vertex 82.9249 -37.292 0.2679
    endloop
  endfacet
  facet normal 0.08937781990637529 0.6022027346796486 -0.7933243168169851
    outer loop
      vertex 81.4709 -37.0762 0.2679
      vertex 83.0057 -36.8852 0.5858
      vertex 82.9249 -37.292 0.2679
    endloop
  endfacet
  facet normal 0.08935366587610585 0.6022904815845788 -0.793260422677898
    outer loop
      vertex 81.4709 -37.0762 0.2679
      vertex 81.512 -36.6636 0.5858
      vertex 83.0057 -36.8852 0.5858
    endloop
  endfacet
  facet normal 0.01914777715066681 0.12902063722967283 -0.99145702771176
    outer loop
      vertex 81.4232 -37.5568 0.0681
      vertex 82.8308 -37.7657 0.0681
      vertex 81.3719 -38.0725 0
    endloop
  endfacet
  facet normal 0.01914641987058376 0.12902691584250783 -0.9914562368527972
    outer loop
      vertex 81.3719 -38.0725 0
      vertex 82.8308 -37.7657 0.0681
      vertex 82.7298 -38.274 0
    endloop
  endfacet
  facet normal 0.04034964771923429 0.7923623569292918 -0.6087148768104745
    outer loop
      vertex 80 -36.5865 0.5858
      vertex 80 -36.2683 1
      vertex 81.5435 -36.3469 1
    endloop
  endfacet
  facet normal 0.04039910375847998 0.7922625795437168 -0.6088414551180359
    outer loop
      vertex 80 -36.5865 0.5858
      vertex 81.5435 -36.3469 1
      vertex 81.512 -36.6636 0.5858
    endloop
  endfacet
  facet normal 0.046988532441974415 0.9227328221907427 -0.3825653103338784
    outer loop
      vertex 80 -36.2683 1
      vertex 81.5632 -36.1479 1.4824
      vertex 81.5435 -36.3469 1
    endloop
  endfacet
  facet normal 0.11645365063534091 0.7846978527780222 -0.6088413809025003
    outer loop
      vertex 81.512 -36.6636 0.5858
      vertex 81.5435 -36.3469 1
      vertex 83.0677 -36.5731 1
    endloop
  endfacet
  facet normal 0 0 -1
    outer loop
      vertex 74.6457 -39.0702 0
      vertex 75.9411 -38.6063 0
      vertex 92.3437 -45.4035 0
    endloop
  endfacet
  facet normal 0 0 -1
    outer loop
      vertex 74.6457 -39.0702 0
      vertex 92.3437 -45.4035 0
      vertex 73.4035 -39.6563 0
    endloop
  endfacet
  facet normal 0 0 -1
    outer loop
      vertex 75.9411 -38.6063 0
      vertex 77.2702 -38.274 0
      vertex 92.3437 -45.4035 0
    endloop
  endfacet
  facet normal 0.09279881500525111 0.37124737954642706 -0.9238851460617452
    outer loop
      vertex 82.9249 -37.292 0.2679
      vertex 84.3495 -37.6481 0.2679
      vertex 82.8308 -37.7657 0.0681
    endloop
  endfacet
  facet normal 0.1476850101231023 0.5906190202710533 -0.7933210640585566
    outer loop
      vertex 82.9249 -37.292 0.2679
      vertex 83.0057 -36.8852 0.5858
      vertex 84.4698 -37.2513 0.5858
    endloop
  endfacet
  facet normal 0.03163410386105308 0.1265455953930986 -0.9914562500481372
    outer loop
      vertex 82.7298 -38.274 0
      vertex 82.8308 -37.7657 0.0681
      vertex 84.2093 -38.1103 0.0681
    endloop
  endfacet
  facet normal 0.031635588610510065 0.1265328342528717 -0.9914578313721678
    outer loop
      vertex 82.7298 -38.274 0
      vertex 84.2093 -38.1103 0.0681
      vertex 84.0589 -38.6063 0
    endloop
  endfacet
  facet normal 0.14766416088575693 0.5907395776406976 -0.7932351776105215
    outer loop
      vertex 82.9249 -37.292 0.2679
      vertex 84.4698 -37.2513 0.5858
      vertex 84.3495 -37.6481 0.2679
    endloop
  endfacet
  facet normal 0.2052821666889363 0.5732703515114687 -0.7932340991897745
    outer loop
      vertex 84.3495 -37.6481 0.2679
      vertex 84.4698 -37.2513 0.5858
      vertex 85.8957 -37.7619 0.5858
    endloop
  endfacet
  facet normal 0.09280095403695067 0.37123074619830765 -0.9238916148590588
    outer loop
      vertex 82.8308 -37.7657 0.0681
      vertex 84.3495 -37.6481 0.2679
      vertex 84.2093 -38.1103 0.0681
    endloop
  endfacet
  facet normal 0.04397187581140279 0.12279214883550255 -0.9914577965410258
    outer loop
      vertex 84.0589 -38.6063 0
      vertex 84.2093 -38.1103 0.0681
      vertex 85.5525 -38.5913 0.0681
    endloop
  endfacet
  facet normal 0.1290203902946706 0.3602446591789011 -0.9238925935525667
    outer loop
      vertex 84.3495 -37.6481 0.2679
      vertex 85.7372 -38.1451 0.2679
      vertex 84.2093 -38.1103 0.0681
    endloop
  endfacet
  facet normal 0.04397194404392411 0.12278779115003025 -0.9914583332049283
    outer loop
      vertex 84.0589 -38.6063 0
      vertex 85.5525 -38.5913 0.0681
      vertex 85.3543 -39.0702 0
    endloop
  endfacet
  facet normal 0.116425793541776 0.7847707933815663 -0.6087526890728571
    outer loop
      vertex 81.512 -36.6636 0.5858
      vertex 83.0677 -36.5731 1
      vertex 83.0057 -36.8852 0.5858
    endloop
  endfacet
  facet normal 0.19241827800626837 0.7696731120250659 -0.6087515970531434
    outer loop
      vertex 83.0057 -36.8852 0.5858
      vertex 83.0677 -36.5731 1
      vertex 84.5621 -36.9467 1
    endloop
  endfacet
  facet normal 0.13562533043712638 0.9138820895325832 -0.3826555842730901
    outer loop
      vertex 81.5435 -36.3469 1
      vertex 83.1067 -36.3769 1.4824
      vertex 83.0677 -36.5731 1
    endloop
  endfacet
  facet normal 0.1924388883518814 0.7695978596995018 -0.608840215981039
    outer loop
      vertex 83.0057 -36.8852 0.5858
      vertex 84.5621 -36.9467 1
      vertex 84.4698 -37.2513 0.5858
    endloop
  endfacet
  facet normal 0.26747548004703253 0.7468477860944832 -0.6088310537245768
    outer loop
      vertex 84.4698 -37.2513 0.5858
      vertex 84.5621 -36.9467 1
      vertex 86.0174 -37.4679 1
    endloop
  endfacet
  facet normal 0.22408027311877757 0.8963210924751016 -0.3826179953730016
    outer loop
      vertex 83.0677 -36.5731 1
      vertex 84.6202 -36.7553 1.4824
      vertex 84.5621 -36.9467 1
    endloop
  endfacet
  facet normal 0 0 -1
    outer loop
      vertex 77.2702 -38.274 0
      vertex 78.6281 -38.0725 0
      vertex 92.3437 -45.4035 0
    endloop
  endfacet
  facet normal 0 0 -1
    outer loop
      vertex 78.6281 -38.0725 0
      vertex 80 -38.0026 0
      vertex 92.3437 -45.4035 0
    endloop
  endfacet
  facet normal 0 0 -1
    outer loop
      vertex 80 -38.0026 0
      vertex 81.3719 -38.0725 0
      vertex 92.3437 -45.4035 0
    endloop
  endfacet
  facet normal 0.04704221957673285 0.9226649641448708 -0.38272234520189546
    outer loop
      vertex 80 -36.2683 1
      vertex 80 -36.0682 1.4824
      vertex 81.5632 -36.1479 1.4824
    endloop
  endfacet
  facet normal 0.050454424848117914 0.990168087644331 -0.1304665061386027
    outer loop
      vertex 80 -36.0682 1.4824
      vertex 80 -36 2
      vertex 81.57 -36.08 2
    endloop
  endfacet
  facet normal 0.05048321340592463 0.9901550714697441 -0.1305541252008451
    outer loop
      vertex 80 -36.0682 1.4824
      vertex 81.57 -36.08 2
      vertex 81.5632 -36.1479 1.4824
    endloop
  endfacet
  facet normal 0.13559439317256064 0.913929894593228 -0.382552360218802
    outer loop
      vertex 81.5435 -36.3469 1
      vertex 81.5632 -36.1479 1.4824
      vertex 83.1067 -36.3769 1.4824
    endloop
  endfacet
  facet normal 0.14552351435481362 0.9807019445650385 -0.1305626389752322
    outer loop
      vertex 81.5632 -36.1479 1.4824
      vertex 81.57 -36.08 2
      vertex 83.12 -36.31 2
    endloop
  endfacet
  facet normal 0.22409024949143289 0.8963017774981048 -0.3826573973368412
    outer loop
      vertex 83.0677 -36.5731 1
      vertex 83.1067 -36.3769 1.4824
      vertex 84.6202 -36.7553 1.4824
    endloop
  endfacet
  facet normal 0.14550273401656497 0.9807138425963758 -0.13049641119033017
    outer loop
      vertex 81.5632 -36.1479 1.4824
      vertex 83.12 -36.31 2
      vertex 83.1067 -36.3769 1.4824
    endloop
  endfacet
  facet normal 0.24046160539096426 0.961846421563866 -0.13049780709876288
    outer loop
      vertex 83.1067 -36.3769 1.4824
      vertex 83.12 -36.31 2
      vertex 84.64 -36.69 2
    endloop
  endfacet
  facet normal 0.24047509721568897 0.9618368383613753 -0.13054357123236063
    outer loop
      vertex 83.1067 -36.3769 1.4824
      vertex 84.64 -36.69 2
      vertex 84.6202 -36.7553 1.4824
    endloop
  endfacet
  facet normal 0.12901918679586008 0.3602880908611241 -0.9238758255426869
    outer loop
      vertex 84.2093 -38.1103 0.0681
      vertex 85.7372 -38.1451 0.2679
      vertex 85.5525 -38.5913 0.0681
    endloop
  endfacet
  facet normal 0.16329846138327156 0.3460991275495779 -0.9238771598103707
    outer loop
      vertex 85.5525 -38.5913 0.0681
      vertex 85.7372 -38.1451 0.2679
      vertex 87.0682 -38.7731 0.2679
    endloop
  endfacet
  facet normal 0.055652930225240045 0.11795344639051313 -0.9914583883562359
    outer loop
      vertex 85.5525 -38.5913 0.0681
      vertex 86.8407 -39.1991 0.0681
      vertex 85.3543 -39.0702 0
    endloop
  endfacet
  facet normal 0.0556528559118269 0.11795252962578362 -0.9914585015943613
    outer loop
      vertex 85.3543 -39.0702 0
      vertex 86.8407 -39.1991 0.0681
      vertex 86.5965 -39.6563 0
    endloop
  endfacet
  facet normal 0.20528757946461954 0.5731943139296813 -0.7932876453066943
    outer loop
      vertex 84.3495 -37.6481 0.2679
      vertex 85.8957 -37.7619 0.5858
      vertex 85.7372 -38.1451 0.2679
    endloop
  endfacet
  facet normal 0.16329873087374167 0.34610303572154155 -0.923875648103877
    outer loop
      vertex 85.5525 -38.5913 0.0681
      vertex 87.0682 -38.7731 0.2679
      vertex 86.8407 -39.1991 0.0681
    endloop
  endfacet
  facet normal 0.19688818789558366 0.3281642552658142 -0.9238740514989188
    outer loop
      vertex 86.8407 -39.1991 0.0681
      vertex 87.0682 -38.7731 0.2679
      vertex 88.3346 -39.5329 0.2679
    endloop
  endfacet
  facet normal 0.25980229739273036 0.550631939219307 -0.7932888715852787
    outer loop
      vertex 85.7372 -38.1451 0.2679
      vertex 87.2636 -38.4073 0.5858
      vertex 87.0682 -38.7731 0.2679
    endloop
  endfacet
  facet normal 0.2598025356079137 0.5506412898327576 -0.7932823031071697
    outer loop
      vertex 85.7372 -38.1451 0.2679
      vertex 85.8957 -37.7619 0.5858
      vertex 87.2636 -38.4073 0.5858
    endloop
  endfacet
  facet normal 0.26746362632823956 0.7469181057215805 -0.6087499913237239
    outer loop
      vertex 84.4698 -37.2513 0.5858
      vertex 86.0174 -37.4679 1
      vertex 85.8957 -37.7619 0.5858
    endloop
  endfacet
  facet normal 0.31149139790250885 0.8697494845884862 -0.38276486658365516
    outer loop
      vertex 84.5621 -36.9467 1
      vertex 86.0939 -37.283 1.4824
      vertex 86.0174 -37.4679 1
    endloop
  endfacet
  facet normal 0.3385134107032832 0.7174659040920618 -0.6088114217386124
    outer loop
      vertex 85.8957 -37.7619 0.5858
      vertex 87.4136 -38.1266 1
      vertex 87.2636 -38.4073 0.5858
    endloop
  endfacet
  facet normal 0.3385099012643333 0.7175155976093249 -0.6087548060864444
    outer loop
      vertex 85.8957 -37.7619 0.5858
      vertex 86.0174 -37.4679 1
      vertex 87.4136 -38.1266 1
    endloop
  endfacet
  facet normal 0.39422566140120574 0.8356123705000207 -0.38254162408830505
    outer loop
      vertex 86.0174 -37.4679 1
      vertex 87.5078 -37.9502 1.4824
      vertex 87.4136 -38.1266 1
    endloop
  endfacet
  facet normal 0 0 -1
    outer loop
      vertex 81.3719 -38.0725 0
      vertex 82.7298 -38.274 0
      vertex 92.3437 -45.4035 0
    endloop
  endfacet
  facet normal 0 0 -1
    outer loop
      vertex 82.7298 -38.274 0
      vertex 84.0589 -38.6063 0
      vertex 92.3437 -45.4035 0
    endloop
  endfacet
  facet normal 0.06710642532783358 0.1118349195342457 -0.9914583594142967
    outer loop
      vertex 86.8407 -39.1991 0.0681
      vertex 88.0666 -39.9347 0.0681
      vertex 86.5965 -39.6563 0
    endloop
  endfacet
  facet normal 0.06710717068272472 0.11183897977647919 -0.991457850967713
    outer loop
      vertex 86.5965 -39.6563 0
      vertex 88.0666 -39.9347 0.0681
      vertex 87.7791 -40.3659 0
    endloop
  endfacet
  facet normal 0 0 -1
    outer loop
      vertex 84.0589 -38.6063 0
      vertex 85.3543 -39.0702 0
      vertex 92.3437 -45.4035 0
    endloop
  endfacet
  facet normal 0.3132533511377711 0.5221164041601356 -0.7932633853316603
    outer loop
      vertex 87.0682 -38.7731 0.2679
      vertex 88.5646 -39.1879 0.5858
      vertex 88.3346 -39.5329 0.2679
    endloop
  endfacet
  facet normal 0.31324893448778807 0.5220815574796478 -0.7932880639350947
    outer loop
      vertex 87.0682 -38.7731 0.2679
      vertex 87.2636 -38.4073 0.5858
      vertex 88.5646 -39.1879 0.5858
    endloop
  endfacet
  facet normal 0.4081703702168164 0.6802497909865032 -0.6088162043998877
    outer loop
      vertex 87.2636 -38.4073 0.5858
      vertex 87.4136 -38.1266 1
      vertex 88.7412 -38.9232 1
    endloop
  endfacet
  facet normal 0.4081714578696606 0.6802857631161022 -0.6087752799532011
    outer loop
      vertex 87.2636 -38.4073 0.5858
      vertex 88.7412 -38.9232 1
      vertex 88.5646 -39.1879 0.5858
    endloop
  endfacet
  facet normal 0.47537473343001113 0.7922514387417603 -0.3825657075953838
    outer loop
      vertex 87.4136 -38.1266 1
      vertex 88.8521 -38.7568 1.4824
      vertex 88.7412 -38.9232 1
    endloop
  endfacet
  facet normal 0.4711391703746086 0.6382876584530316 -0.6087830050233594
    outer loop
      vertex 88.5646 -39.1879 0.5858
      vertex 88.7412 -38.9232 1
      vertex 89.9796 -39.8373 1
    endloop
  endfacet
  facet normal 0.5486447717936638 0.7432903242416303 -0.38276416795756957
    outer loop
      vertex 88.7412 -38.9232 1
      vertex 90.1067 -39.6827 1.4824
      vertex 89.9796 -39.8373 1
    endloop
  endfacet
  facet normal 0.1968776497252898 0.3281026519823716 -0.9238981766411171
    outer loop
      vertex 86.8407 -39.1991 0.0681
      vertex 88.3346 -39.5329 0.2679
      vertex 88.0666 -39.9347 0.0681
    endloop
  endfacet
  facet normal 0.07745249590110828 0.10494127814989274 -0.9914577343583314
    outer loop
      vertex 87.7791 -40.3659 0
      vertex 88.0666 -39.9347 0.0681
      vertex 89.2073 -40.7766 0.0681
    endloop
  endfacet
  facet normal 0.22723202392432876 0.30785684840195937 -0.9238992197178577
    outer loop
      vertex 88.0666 -39.9347 0.0681
      vertex 88.3346 -39.5329 0.2679
      vertex 89.5141 -40.4035 0.2679
    endloop
  endfacet
  facet normal 0.07745385470263973 0.10494610568142246 -0.9914571172239401
    outer loop
      vertex 87.7791 -40.3659 0
      vertex 89.2073 -40.7766 0.0681
      vertex 88.8781 -41.177 0
    endloop
  endfacet
  facet normal 0 0 -1
    outer loop
      vertex 85.3543 -39.0702 0
      vertex 86.5965 -39.6563 0
      vertex 92.3437 -45.4035 0
    endloop
  endfacet
  facet normal 0.22724150647960256 0.3078921326063476 -0.9238851294462943
    outer loop
      vertex 88.0666 -39.9347 0.0681
      vertex 89.5141 -40.4035 0.2679
      vertex 89.2073 -40.7766 0.0681
    endloop
  endfacet
  facet normal 0.0879918857038103 0.09628196987679818 -0.9914571147190033
    outer loop
      vertex 88.8781 -41.177 0
      vertex 89.2073 -40.7766 0.0681
      vertex 90.2607 -41.7393 0.0681
    endloop
  endfacet
  facet normal 0.2581361776018531 0.28248815734544597 -0.9238864404095771
    outer loop
      vertex 89.2073 -40.7766 0.0681
      vertex 89.5141 -40.4035 0.2679
      vertex 90.6022 -41.3978 0.2679
    endloop
  endfacet
  facet normal 0.36156769400190186 0.4898565300657515 -0.7932902259615258
    outer loop
      vertex 88.3346 -39.5329 0.2679
      vertex 89.7775 -40.0831 0.5858
      vertex 89.5141 -40.4035 0.2679
    endloop
  endfacet
  facet normal 0.361576928509962 0.4898979631252606 -0.7932604304356939
    outer loop
      vertex 88.5646 -39.1879 0.5858
      vertex 89.7775 -40.0831 0.5858
      vertex 88.3346 -39.5329 0.2679
    endloop
  endfacet
  facet normal 0 0 -1
    outer loop
      vertex 86.5965 -39.6563 0
      vertex 87.7791 -40.3659 0
      vertex 92.3437 -45.4035 0
    endloop
  endfacet
  facet normal 0.08800623589075007 0.09631783064373153 -0.9914523578793019
    outer loop
      vertex 88.8781 -41.177 0
      vertex 90.2607 -41.7393 0.0681
      vertex 89.8944 -42.1056 0
    endloop
  endfacet
  facet normal 0.25811485889424657 0.2824329410607655 -0.923909277700884
    outer loop
      vertex 89.2073 -40.7766 0.0681
      vertex 90.6022 -41.3978 0.2679
      vertex 90.2607 -41.7393 0.0681
    endloop
  endfacet
  facet normal 0 0 -1
    outer loop
      vertex 87.7791 -40.3659 0
      vertex 88.8781 -41.177 0
      vertex 92.3437 -45.4035 0
    endloop
  endfacet
  facet normal 0.47114741991262277 0.6383542287891206 -0.6087068155497568
    outer loop
      vertex 88.5646 -39.1879 0.5858
      vertex 89.9796 -39.8373 1
      vertex 89.7775 -40.0831 0.5858
    endloop
  endfacet
  facet normal 0.3114636125182807 0.8698198327992992 -0.3826275951183626
    outer loop
      vertex 84.5621 -36.9467 1
      vertex 84.6202 -36.7553 1.4824
      vertex 86.0939 -37.283 1.4824
    endloop
  endfacet
  facet normal 0.33423596938645594 0.933415857655524 -0.1304651426454533
    outer loop
      vertex 84.6202 -36.7553 1.4824
      vertex 86.12 -37.22 2
      vertex 86.0939 -37.283 1.4824
    endloop
  endfacet
  facet normal 0.3342571628695386 0.9333973604658818 -0.13054315970486993
    outer loop
      vertex 84.6202 -36.7553 1.4824
      vertex 84.64 -36.69 2
      vertex 86.12 -37.22 2
    endloop
  endfacet
  facet normal 0.3942590968523879 0.8354960087523826 -0.38276126228757523
    outer loop
      vertex 86.0174 -37.4679 1
      vertex 86.0939 -37.283 1.4824
      vertex 87.5078 -37.9502 1.4824
    endloop
  endfacet
  facet normal 0.42306949368890445 0.896654747818274 -0.1304701756140526
    outer loop
      vertex 86.0939 -37.283 1.4824
      vertex 86.12 -37.22 2
      vertex 87.54 -37.89 2
    endloop
  endfacet
  facet normal 0.42310254296899247 0.8966197324698092 -0.1306035737602145
    outer loop
      vertex 86.0939 -37.283 1.4824
      vertex 87.54 -37.89 2
      vertex 87.5078 -37.9502 1.4824
    endloop
  endfacet
  facet normal 0.47537193325712035 0.7922669103366542 -0.3825371457218236
    outer loop
      vertex 87.4136 -38.1266 1
      vertex 87.5078 -37.9502 1.4824
      vertex 88.8521 -38.7568 1.4824
    endloop
  endfacet
  facet normal 0.5100884953437341 0.8501474922395509 -0.1306099856701938
    outer loop
      vertex 87.5078 -37.9502 1.4824
      vertex 87.54 -37.89 2
      vertex 88.89 -38.7 2
    endloop
  endfacet
  facet normal 0.5100956019838497 0.8501382565669321 -0.13064234213328763
    outer loop
      vertex 87.5078 -37.9502 1.4824
      vertex 88.89 -38.7 2
      vertex 88.8521 -38.7568 1.4824
    endloop
  endfacet
  facet normal 0.5486349867672167 0.7434036660526588 -0.38255802251998694
    outer loop
      vertex 88.7412 -38.9232 1
      vertex 88.8521 -38.7568 1.4824
      vertex 90.1067 -39.6827 1.4824
    endloop
  endfacet
  facet normal 0.5887624599272893 0.7976781715143954 -0.13064570589888488
    outer loop
      vertex 88.8521 -38.7568 1.4824
      vertex 88.89 -38.7 2
      vertex 90.15 -39.63 2
    endloop
  endfacet
  facet normal 0.5887289876661811 0.7977312754357903 -0.13047218582188688
    outer loop
      vertex 88.8521 -38.7568 1.4824
      vertex 90.15 -39.63 2
      vertex 90.1067 -39.6827 1.4824
    endloop
  endfacet
  facet normal 0.4106956476282685 0.44943974070634596 -0.793305114374671
    outer loop
      vertex 89.5141 -40.4035 0.2679
      vertex 90.8954 -41.1046 0.5858
      vertex 90.6022 -41.3978 0.2679
    endloop
  endfacet
  facet normal 0.41070294961190207 0.44946140711810445 -0.7932890587241811
    outer loop
      vertex 89.5141 -40.4035 0.2679
      vertex 89.7775 -40.0831 0.5858
      vertex 90.8954 -41.1046 0.5858
    endloop
  endfacet
  facet normal 0 0 -1
    outer loop
      vertex 88.8781 -41.177 0
      vertex 89.8944 -42.1056 0
      vertex 92.3437 -45.4035 0
    endloop
  endfacet
  facet normal 0.09630821249143738 0.08801586877302667 -0.9914524371097353
    outer loop
      vertex 89.8944 -42.1056 0
      vertex 90.2607 -41.7393 0.0681
      vertex 91.2234 -42.7927 0.0681
    endloop
  endfacet
  facet normal 0.09629062488123366 0.08798137780646759 -0.9914572067009535
    outer loop
      vertex 89.8944 -42.1056 0
      vertex 91.2234 -42.7927 0.0681
      vertex 90.823 -43.1219 0
    endloop
  endfacet
  facet normal 0.28244806148109497 0.2580995382140009 -0.9239089354147902
    outer loop
      vertex 90.2607 -41.7393 0.0681
      vertex 90.6022 -41.3978 0.2679
      vertex 91.5965 -42.4859 0.2679
    endloop
  endfacet
  facet normal 0.282474353478957 0.25815270561438247 -0.9238860428703418
    outer loop
      vertex 90.2607 -41.7393 0.0681
      vertex 91.5965 -42.4859 0.2679
      vertex 91.2234 -42.7927 0.0681
    endloop
  endfacet
  facet normal 0.4494461565507198 0.4106890141484589 -0.7933049136489405
    outer loop
      vertex 90.8954 -41.1046 0.5858
      vertex 91.9169 -42.2225 0.5858
      vertex 90.6022 -41.3978 0.2679
    endloop
  endfacet
  facet normal 0.30788374033760685 0.22725187311396347 -0.9238853763329735
    outer loop
      vertex 91.2234 -42.7927 0.0681
      vertex 91.5965 -42.4859 0.2679
      vertex 92.4671 -43.6654 0.2679
    endloop
  endfacet
  facet normal 0.44945540851080473 0.4107099647847586 -0.7932888254519208
    outer loop
      vertex 90.6022 -41.3978 0.2679
      vertex 91.9169 -42.2225 0.5858
      vertex 91.5965 -42.4859 0.2679
    endloop
  endfacet
  facet normal 0.48986718380080624 0.361554211343459 -0.7932897922543038
    outer loop
      vertex 91.5965 -42.4859 0.2679
      vertex 91.9169 -42.2225 0.5858
      vertex 92.8121 -43.4354 0.5858
    endloop
  endfacet
  facet normal 0.535211021159365 0.5856822830357683 -0.6087079974565474
    outer loop
      vertex 89.7775 -40.0831 0.5858
      vertex 89.9796 -39.8373 1
      vertex 91.1203 -40.8797 1
    endloop
  endfacet
  facet normal 0.5352226513299719 0.5857321604716333 -0.6086497758913151
    outer loop
      vertex 89.7775 -40.0831 0.5858
      vertex 91.1203 -40.8797 1
      vertex 90.8954 -41.1046 0.5858
    endloop
  endfacet
  facet normal 0.6231921814854287 0.6819602085767701 -0.3828338789257826
    outer loop
      vertex 89.9796 -39.8373 1
      vertex 91.2618 -40.7382 1.4824
      vertex 91.1203 -40.8797 1
    endloop
  endfacet
  facet normal 0.5856988291878188 0.53519219430661 -0.6087086303325213
    outer loop
      vertex 90.8954 -41.1046 0.5858
      vertex 92.1627 -42.0204 1
      vertex 91.9169 -42.2225 0.5858
    endloop
  endfacet
  facet normal 0.5857149462178626 0.5352408695866564 -0.6086503210392041
    outer loop
      vertex 90.8954 -41.1046 0.5858
      vertex 91.1203 -40.8797 1
      vertex 92.1627 -42.0204 1
    endloop
  endfacet
  facet normal 0.6383341794875694 0.47117350893862325 -0.6087076472103801
    outer loop
      vertex 91.9169 -42.2225 0.5858
      vertex 92.1627 -42.0204 1
      vertex 93.0768 -43.2588 1
    endloop
  endfacet
  facet normal 0.6819820116946042 0.6232121057161868 -0.3827625987655758
    outer loop
      vertex 91.1203 -40.8797 1
      vertex 92.3173 -41.8933 1.4824
      vertex 92.1627 -42.0204 1
    endloop
  endfacet
  facet normal 0.6383067267887755 0.4711123603110819 -0.608783760048115
    outer loop
      vertex 91.9169 -42.2225 0.5858
      vertex 93.0768 -43.2588 1
      vertex 92.8121 -43.4354 0.5858
    endloop
  endfacet
  facet normal 0.7433594444336111 0.5486957914702586 -0.38255674715547683
    outer loop
      vertex 92.1627 -42.0204 1
      vertex 93.2432 -43.1479 1.4824
      vertex 93.0768 -43.2588 1
    endloop
  endfacet
  facet normal 0.623192964346515 0.6819992355439621 -0.38276307542193044
    outer loop
      vertex 89.9796 -39.8373 1
      vertex 90.1067 -39.6827 1.4824
      vertex 91.2618 -40.7382 1.4824
    endloop
  endfacet
  facet normal 0.6688051901696095 0.7319000194308947 -0.1304683071065486
    outer loop
      vertex 90.1067 -39.6827 1.4824
      vertex 90.15 -39.63 2
      vertex 91.31 -40.69 2
    endloop
  endfacet
  facet normal 0.6688002212527855 0.7319101237035381 -0.13043709162848033
    outer loop
      vertex 90.1067 -39.6827 1.4824
      vertex 91.31 -40.69 2
      vertex 91.2618 -40.7382 1.4824
    endloop
  endfacet
  facet normal 0.6819777031356593 0.623173288598123 -0.3828334687610411
    outer loop
      vertex 91.1203 -40.8797 1
      vertex 91.2618 -40.7382 1.4824
      vertex 92.3173 -41.8933 1.4824
    endloop
  endfacet
  facet normal 0.7319030455051142 0.6688079553753624 -0.1304371527095171
    outer loop
      vertex 91.2618 -40.7382 1.4824
      vertex 91.31 -40.69 2
      vertex 92.37 -41.85 2
    endloop
  endfacet
  facet normal 0.7433354301848377 0.5485846284139504 -0.3827627773175576
    outer loop
      vertex 92.1627 -42.0204 1
      vertex 92.3173 -41.8933 1.4824
      vertex 93.2432 -43.1479 1.4824
    endloop
  endfacet
  facet normal 0.7319070847336948 0.668797444322066 -0.1304683784865025
    outer loop
      vertex 91.2618 -40.7382 1.4824
      vertex 92.37 -41.85 2
      vertex 92.3173 -41.8933 1.4824
    endloop
  endfacet
  facet normal 0.7977128518829149 0.5887153910078047 -0.1306460651200581
    outer loop
      vertex 92.3173 -41.8933 1.4824
      vertex 93.3 -43.11 2
      vertex 93.2432 -43.1479 1.4824
    endloop
  endfacet
  facet normal 0.7976965145147391 0.5887759988084943 -0.13047257933411321
    outer loop
      vertex 92.3173 -41.8933 1.4824
      vertex 92.37 -41.85 2
      vertex 93.3 -43.11 2
    endloop
  endfacet
  facet normal 0 0 -1
    outer loop
      vertex 89.8944 -42.1056 0
      vertex 90.823 -43.1219 0
      vertex 92.3437 -45.4035 0
    endloop
  endfacet
  facet normal 0.10494497910990792 0.07745522741529882 -0.9914571292323563
    outer loop
      vertex 91.2234 -42.7927 0.0681
      vertex 92.0653 -43.9334 0.0681
      vertex 90.823 -43.1219 0
    endloop
  endfacet
  facet normal 0.10494226421638622 0.07745101956861843 -0.9914577453169247
    outer loop
      vertex 90.823 -43.1219 0
      vertex 92.0653 -43.9334 0.0681
      vertex 91.6341 -44.2209 0
    endloop
  endfacet
  facet normal 0.3078643245300657 0.22722098257373713 -0.9238994440737973
    outer loop
      vertex 91.2234 -42.7927 0.0681
      vertex 92.4671 -43.6654 0.2679
      vertex 92.0653 -43.9334 0.0681
    endloop
  endfacet
  facet normal 0 0 -1
    outer loop
      vertex 90.823 -43.1219 0
      vertex 91.6341 -44.2209 0
      vertex 92.3437 -45.4035 0
    endloop
  endfacet
  facet normal 0.11183817550327706 0.06710837906861163 -0.9914578599007029
    outer loop
      vertex 91.6341 -44.2209 0
      vertex 92.0653 -43.9334 0.0681
      vertex 92.8009 -45.1593 0.0681
    endloop
  endfacet
  facet normal 0.489888179651227 0.36159105485744575 -0.7932600333340176
    outer loop
      vertex 91.5965 -42.4859 0.2679
      vertex 92.8121 -43.4354 0.5858
      vertex 92.4671 -43.6654 0.2679
    endloop
  endfacet
  facet normal 0.1118356045476714 0.06710514543127598 -0.991458368774052
    outer loop
      vertex 91.6341 -44.2209 0
      vertex 92.8009 -45.1593 0.0681
      vertex 92.3437 -45.4035 0
    endloop
  endfacet
  facet normal 0.32815342511903023 0.19690811609230752 -0.923873651209746
    outer loop
      vertex 92.0653 -43.9334 0.0681
      vertex 93.2269 -44.9318 0.2679
      vertex 92.8009 -45.1593 0.0681
    endloop
  endfacet
  facet normal 0.3281151023875731 0.19685869772115971 -0.9238977934364394
    outer loop
      vertex 92.4671 -43.6654 0.2679
      vertex 93.2269 -44.9318 0.2679
      vertex 92.0653 -43.9334 0.0681
    endloop
  endfacet
  facet normal 0.5220884522467694 0.3132365808726257 -0.7932884043232952
    outer loop
      vertex 92.4671 -43.6654 0.2679
      vertex 93.5927 -44.7364 0.5858
      vertex 93.2269 -44.9318 0.2679
    endloop
  endfacet
  facet normal 0.5221087652562749 0.3132652591537615 -0.7932637106598881
    outer loop
      vertex 92.4671 -43.6654 0.2679
      vertex 92.8121 -43.4354 0.5858
      vertex 93.5927 -44.7364 0.5858
    endloop
  endfacet
  facet normal 0.11795268220494129 0.05565256966632762 -0.9914584995097852
    outer loop
      vertex 92.3437 -45.4035 0
      vertex 92.8009 -45.1593 0.0681
      vertex 93.4087 -46.4475 0.0681
    endloop
  endfacet
  facet normal 0.11795332210810838 0.05565322982415289 -0.9914583863248123
    outer loop
      vertex 92.3437 -45.4035 0
      vertex 93.4087 -46.4475 0.0681
      vertex 92.9298 -46.6457 0
    endloop
  endfacet
  facet normal 0.3461023734861298 0.16329999289954186 -0.9238756731218097
    outer loop
      vertex 92.8009 -45.1593 0.0681
      vertex 93.2269 -44.9318 0.2679
      vertex 93.8549 -46.2628 0.2679
    endloop
  endfacet
  facet normal 0.3460996819280807 0.1632971484830672 -0.9238771841898578
    outer loop
      vertex 92.8009 -45.1593 0.0681
      vertex 93.8549 -46.2628 0.2679
      vertex 93.4087 -46.4475 0.0681
    endloop
  endfacet
  facet normal 0.5506336568325347 0.25979893422013545 -0.7932887807988412
    outer loop
      vertex 93.5927 -44.7364 0.5858
      vertex 94.2381 -46.1043 0.5858
      vertex 93.2269 -44.9318 0.2679
    endloop
  endfacet
  facet normal 0.5506397837872237 0.2598059986614407 -0.7932822143287286
    outer loop
      vertex 93.2269 -44.9318 0.2679
      vertex 94.2381 -46.1043 0.5858
      vertex 93.8549 -46.2628 0.2679
    endloop
  endfacet
  facet normal 0.6802764525464908 0.4081863679561122 -0.6087756870355119
    outer loop
      vertex 92.8121 -43.4354 0.5858
      vertex 93.0768 -43.2588 1
      vertex 93.8734 -44.5864 1
    endloop
  endfacet
  facet normal 0.680258555715644 0.40815513342938187 -0.6088166262766727
    outer loop
      vertex 92.8121 -43.4354 0.5858
      vertex 93.8734 -44.5864 1
      vertex 93.5927 -44.7364 0.5858
    endloop
  endfacet
  facet normal 0.7922616442577486 0.4753808570470943 -0.3825369626469823
    outer loop
      vertex 93.0768 -43.2588 1
      vertex 94.0498 -44.4922 1.4824
      vertex 93.8734 -44.5864 1
    endloop
  endfacet
  facet normal 0.7175055909222449 0.3385321356687067 -0.6087542362192682
    outer loop
      vertex 93.5927 -44.7364 0.5858
      vertex 94.5321 -45.9826 1
      vertex 94.2381 -46.1043 0.5858
    endloop
  endfacet
  facet normal 0.7174767140759645 0.33849155676968545 -0.6088108333089939
    outer loop
      vertex 93.5927 -44.7364 0.5858
      vertex 93.8734 -44.5864 1
      vertex 94.5321 -45.9826 1
    endloop
  endfacet
  facet normal 0.8355295840692714 0.39418660437360387 -0.38276263542493044
    outer loop
      vertex 93.8734 -44.5864 1
      vertex 94.717 -45.9061 1.4824
      vertex 94.5321 -45.9826 1
    endloop
  endfacet
  facet normal 0 0 -1
    outer loop
      vertex 92.3437 -45.4035 0
      vertex 92.9298 -46.6457 0
      vertex 93.3937 -47.9411 0
    endloop
  endfacet
  facet normal 0 0 -1
    outer loop
      vertex 92.3437 -45.4035 0
      vertex 93.3937 -47.9411 0
      vertex 93.726 -49.2702 0
    endloop
  endfacet
  facet normal 0.12278837702195823 0.04397052512474899 -0.9914583235762194
    outer loop
      vertex 93.4087 -46.4475 0.0681
      vertex 93.8897 -47.7907 0.0681
      vertex 92.9298 -46.6457 0
    endloop
  endfacet
  facet normal 0.12279170210984651 0.043973344610743544 -0.9914577867245339
    outer loop
      vertex 92.9298 -46.6457 0
      vertex 93.8897 -47.7907 0.0681
      vertex 93.3937 -47.9411 0
    endloop
  endfacet
  facet normal 0 0 -1
    outer loop
      vertex 92.3437 -45.4035 0
      vertex 93.726 -49.2702 0
      vertex 93.9275 -50.6281 0
    endloop
  endfacet
  facet normal 0.1265447067167988 0.031638556949810076 -0.9914562213815056
    outer loop
      vertex 93.3937 -47.9411 0
      vertex 94.2343 -49.1692 0.0681
      vertex 93.726 -49.2702 0
    endloop
  endfacet
  facet normal 0 0 -1
    outer loop
      vertex 92.3437 -45.4035 0
      vertex 93.9275 -50.6281 0
      vertex 93.9968 -51.9885 0
    endloop
  endfacet
  facet normal 0.3602493513929364 0.1290053141899979 -0.9238928691854421
    outer loop
      vertex 93.4087 -46.4475 0.0681
      vertex 94.3519 -47.6505 0.2679
      vertex 93.8897 -47.7907 0.0681
    endloop
  endfacet
  facet normal 0.36028215526491014 0.1290338193893925 -0.9238760966988251
    outer loop
      vertex 93.4087 -46.4475 0.0681
      vertex 93.8549 -46.2628 0.2679
      vertex 94.3519 -47.6505 0.2679
    endloop
  endfacet
  facet normal 0.371232478558923 0.0927950902813645 -0.9238915077446442
    outer loop
      vertex 93.8897 -47.7907 0.0681
      vertex 94.3519 -47.6505 0.2679
      vertex 94.708 -49.0751 0.2679
    endloop
  endfacet
  facet normal 0.5732608919294564 0.2053114241471062 -0.7932333634555038
    outer loop
      vertex 93.8549 -46.2628 0.2679
      vertex 94.7487 -47.5302 0.5858
      vertex 94.3519 -47.6505 0.2679
    endloop
  endfacet
  facet normal 0.5732055548021698 0.2052589636594335 -0.793286927776698
    outer loop
      vertex 93.8549 -46.2628 0.2679
      vertex 94.2381 -46.1043 0.5858
      vertex 94.7487 -47.5302 0.5858
    endloop
  endfacet
  facet normal 0.5907260861871245 0.14771178208667968 -0.7932363585532495
    outer loop
      vertex 94.3519 -47.6505 0.2679
      vertex 94.7487 -47.5302 0.5858
      vertex 95.1148 -48.9943 0.5858
    endloop
  endfacet
  facet normal 0.1265341481921666 0.03163124226842274 -0.9914578023566304
    outer loop
      vertex 93.3937 -47.9411 0
      vertex 93.8897 -47.7907 0.0681
      vertex 94.2343 -49.1692 0.0681
    endloop
  endfacet
  facet normal 0.37124614538379896 0.09280480355404967 -0.9238850404541495
    outer loop
      vertex 93.8897 -47.7907 0.0681
      vertex 94.708 -49.0751 0.2679
      vertex 94.2343 -49.1692 0.0681
    endloop
  endfacet
  facet normal 0.12902647588936453 0.019148643658204168 -0.9914562511606967
    outer loop
      vertex 93.726 -49.2702 0
      vertex 94.2343 -49.1692 0.0681
      vertex 94.4432 -50.5768 0.0681
    endloop
  endfacet
  facet normal 0.3785220265815999 0.056179541496774274 -0.9238857800127518
    outer loop
      vertex 94.2343 -49.1692 0.0681
      vertex 94.708 -49.0751 0.2679
      vertex 94.9238 -50.5291 0.2679
    endloop
  endfacet
  facet normal 0.5906295386273305 0.14763665499451872 -0.7933222335236144
    outer loop
      vertex 94.3519 -47.6505 0.2679
      vertex 95.1148 -48.9943 0.5858
      vertex 94.708 -49.0751 0.2679
    endloop
  endfacet
  facet normal 0.6022092487200564 0.08934161445829943 -0.7933234502282217
    outer loop
      vertex 94.708 -49.0751 0.2679
      vertex 95.1148 -48.9943 0.5858
      vertex 95.3364 -50.488 0.5858
    endloop
  endfacet
  facet normal 0.7468589364854348 0.26744243843850257 -0.6088318906840483
    outer loop
      vertex 94.2381 -46.1043 0.5858
      vertex 95.0533 -47.4379 1
      vertex 94.7487 -47.5302 0.5858
    endloop
  endfacet
  facet normal 0.7469057581677515 0.2674962421198561 -0.6087508101576635
    outer loop
      vertex 94.2381 -46.1043 0.5858
      vertex 94.5321 -45.9826 1
      vertex 95.0533 -47.4379 1
    endloop
  endfacet
  facet normal 0.7696078142546029 0.19240195356365625 -0.6088393059774815
    outer loop
      vertex 94.7487 -47.5302 0.5858
      vertex 95.0533 -47.4379 1
      vertex 95.4269 -48.9323 1
    endloop
  endfacet
  facet normal 0.8698033552181853 0.31151069108755025 -0.3826267274895262
    outer loop
      vertex 94.5321 -45.9826 1
      vertex 95.2447 -47.3798 1.4824
      vertex 95.0533 -47.4379 1
    endloop
  endfacet
  facet normal 0.792256831466256 0.47536588578493344 -0.3825655337676852
    outer loop
      vertex 93.0768 -43.2588 1
      vertex 93.2432 -43.1479 1.4824
      vertex 94.0498 -44.4922 1.4824
    endloop
  endfacet
  facet normal 0.8501438442592759 0.5100863065555664 -0.13064227467615777
    outer loop
      vertex 93.2432 -43.1479 1.4824
      vertex 93.3 -43.11 2
      vertex 94.11 -44.46 2
    endloop
  endfacet
  facet normal 0.8501419199669872 0.5100978000783873 -0.13060991643069964
    outer loop
      vertex 93.2432 -43.1479 1.4824
      vertex 94.11 -44.46 2
      vertex 94.0498 -44.4922 1.4824
    endloop
  endfacet
  facet normal 0.8355777521471298 0.39429767043819075 -0.3825430266045448
    outer loop
      vertex 93.8734 -44.5864 1
      vertex 94.0498 -44.4922 1.4824
      vertex 94.717 -45.9061 1.4824
    endloop
  endfacet
  facet normal 0.8697666327181175 0.3114445627233132 -0.382764012101806
    outer loop
      vertex 94.5321 -45.9826 1
      vertex 94.717 -45.9061 1.4824
      vertex 95.2447 -47.3798 1.4824
    endloop
  endfacet
  facet normal 0.8966388983053112 0.423062015397577 -0.1306032816340326
    outer loop
      vertex 94.0498 -44.4922 1.4824
      vertex 94.11 -44.46 2
      vertex 94.78 -45.88 2
    endloop
  endfacet
  facet normal 0.8966356496839589 0.42311005408383184 -0.13046989633245645
    outer loop
      vertex 94.0498 -44.4922 1.4824
      vertex 94.78 -45.88 2
      vertex 94.717 -45.9061 1.4824
    endloop
  endfacet
  facet normal 0.9334070080728384 0.3342606177558151 -0.13046530840807122
    outer loop
      vertex 94.717 -45.9061 1.4824
      vertex 94.78 -45.88 2
      vertex 95.31 -47.36 2
    endloop
  endfacet
  facet normal 0.7696645072205576 0.19245555364623187 -0.6087506929734525
    outer loop
      vertex 94.7487 -47.5302 0.5858
      vertex 95.4269 -48.9323 1
      vertex 95.1148 -48.9943 0.5858
    endloop
  endfacet
  facet normal 0.7847027920109918 0.11641570510117982 -0.6088422717058577
    outer loop
      vertex 95.1148 -48.9943 0.5858
      vertex 95.6531 -50.4565 1
      vertex 95.3364 -50.488 0.5858
    endloop
  endfacet
  facet normal 0.7847644924534687 0.11646354034442191 -0.6087535914922333
    outer loop
      vertex 95.1148 -48.9943 0.5858
      vertex 95.4269 -48.9323 1
      vertex 95.6531 -50.4565 1
    endloop
  endfacet
  facet normal 0.8963051615822248 0.22407629039556262 -0.3826576451655257
    outer loop
      vertex 95.0533 -47.4379 1
      vertex 95.6231 -48.8933 1.4824
      vertex 95.4269 -48.9323 1
    endloop
  endfacet
  facet normal 0.9139246379190622 0.135631644861097 -0.38255171299679774
    outer loop
      vertex 95.4269 -48.9323 1
      vertex 95.8521 -50.4368 1.4824
      vertex 95.6531 -50.4565 1
    endloop
  endfacet
  facet normal 0.8963175072248049 0.22409418218293045 -0.3826182480672812
    outer loop
      vertex 95.0533 -47.4379 1
      vertex 95.2447 -47.3798 1.4824
      vertex 95.6231 -48.8933 1.4824
    endloop
  endfacet
  facet normal 0.9334061686221227 0.33423249995378296 -0.13054332749249983
    outer loop
      vertex 94.717 -45.9061 1.4824
      vertex 95.31 -47.36 2
      vertex 95.2447 -47.3798 1.4824
    endloop
  endfacet
  facet normal 0.9618405893455922 0.24046014733639468 -0.1305434725686554
    outer loop
      vertex 95.2447 -47.3798 1.4824
      vertex 95.31 -47.36 2
      vertex 95.69 -48.88 2
    endloop
  endfacet
  facet normal 0.9138878777262976 0.13558815937759774 -0.38265493330351646
    outer loop
      vertex 95.4269 -48.9323 1
      vertex 95.6231 -48.8933 1.4824
      vertex 95.8521 -50.4368 1.4824
    endloop
  endfacet
  facet normal 0.9618426955816639 0.24047656161750955 -0.13049770982212183
    outer loop
      vertex 95.2447 -47.3798 1.4824
      vertex 95.69 -48.88 2
      vertex 95.6231 -48.8933 1.4824
    endloop
  endfacet
  facet normal 0.9807051998541906 0.14550145174383522 -0.13056277616299447
    outer loop
      vertex 95.6231 -48.8933 1.4824
      vertex 95.92 -50.43 2
      vertex 95.8521 -50.4368 1.4824
    endloop
  endfacet
  facet normal 0.9807105510061448 0.14552479143962427 -0.13049655252794068
    outer loop
      vertex 95.6231 -48.8933 1.4824
      vertex 95.69 -48.88 2
      vertex 95.92 -50.43 2
    endloop
  endfacet
  facet normal 0 0 -1
    outer loop
      vertex 92.3437 -45.4035 0
      vertex 93.9968 -51.9885 0
      vertex 93.7472 -55.983 0
    endloop
  endfacet
  facet normal 0.1290208634529191 0.019145521751058724 -0.991457041828209
    outer loop
      vertex 93.726 -49.2702 0
      vertex 94.4432 -50.5768 0.0681
      vertex 93.9275 -50.6281 0
    endloop
  endfacet
  facet normal 0.13025689689632128 0.006635403524636034 -0.9914580738644505
    outer loop
      vertex 93.9275 -50.6281 0
      vertex 94.5153 -51.9915 0.0681
      vertex 93.9968 -51.9885 0
    endloop
  endfacet
  facet normal 0.1302649671259593 0.006638936968813587 -0.9914569899171607
    outer loop
      vertex 93.9275 -50.6281 0
      vertex 94.4432 -50.5768 0.0681
      vertex 94.5153 -51.9915 0.0681
    endloop
  endfacet
  facet normal 0.3785135279061783 0.05617467745069656 -0.9238895576882169
    outer loop
      vertex 94.2343 -49.1692 0.0681
      vertex 94.9238 -50.5291 0.2679
      vertex 94.4432 -50.5768 0.0681
    endloop
  endfacet
  facet normal 0.3822032862525108 0.019478940368136598 -0.9238729451931774
    outer loop
      vertex 94.4432 -50.5768 0.0681
      vertex 94.9984 -51.9942 0.2679
      vertex 94.5153 -51.9915 0.0681
    endloop
  endfacet
  facet normal 0.38215857646923257 0.01945876036079871 -0.9238918654670745
    outer loop
      vertex 94.4432 -50.5768 0.0681
      vertex 94.9238 -50.5291 0.2679
      vertex 94.9984 -51.9942 0.2679
    endloop
  endfacet
  facet normal 0.6022861840279756 0.08939020530484044 -0.7932595689461162
    outer loop
      vertex 94.708 -49.0751 0.2679
      vertex 95.3364 -50.488 0.5858
      vertex 94.9238 -50.5291 0.2679
    endloop
  endfacet
  facet normal 0.1301714440394481 -0.008134913309118382 -0.9914581273771162
    outer loop
      vertex 93.9968 -51.9885 0
      vertex 94.5153 -51.9915 0.0681
      vertex 94.3251 -55.035 0.0681
    endloop
  endfacet
  facet normal 0.3819600591213962 -0.023866970736366587 -0.9238705975101973
    outer loop
      vertex 94.5153 -51.9915 0.0681
      vertex 94.9984 -51.9942 0.2679
      vertex 94.8636 -54.1515 0.2679
    endloop
  endfacet
  facet normal 0.6076730794165472 -0.0379707648937791 -0.7932790489895672
    outer loop
      vertex 94.9984 -51.9942 0.2679
      vertex 95.326 -53.3929 0.5858
      vertex 94.8636 -54.1515 0.2679
    endloop
  endfacet
  facet normal 0.13017739860099076 -0.00813425427232585 -0.9914573509742675
    outer loop
      vertex 93.9968 -51.9885 0
      vertex 94.3251 -55.035 0.0681
      vertex 93.7472 -55.983 0
    endloop
  endfacet
  facet normal 0.3819478996402458 -0.02386939067243999 -0.9238755620479043
    outer loop
      vertex 94.5153 -51.9915 0.0681
      vertex 94.8636 -54.1515 0.2679
      vertex 94.3251 -55.035 0.0681
    endloop
  endfacet
  facet normal 0.6080238662665677 0.030959375075754733 -0.7933148776779456
    outer loop
      vertex 94.9238 -50.5291 0.2679
      vertex 95.4133 -51.9966 0.5858
      vertex 94.9984 -51.9942 0.2679
    endloop
  endfacet
  facet normal 0.6080995676663945 0.030997518728325093 -0.7932553621858671
    outer loop
      vertex 94.9238 -50.5291 0.2679
      vertex 95.3364 -50.488 0.5858
      vertex 95.4133 -51.9966 0.5858
    endloop
  endfacet
  facet normal 0.6076250502485957 -0.037990164639913046 -0.7933149095416169
    outer loop
      vertex 94.9984 -51.9942 0.2679
      vertex 95.4133 -51.9966 0.5858
      vertex 95.326 -53.3929 0.5858
    endloop
  endfacet
  facet normal -0.31217495965345965 0.5227157753918732 -0.7932937745386848
    outer loop
      vertex 94.8636 -54.1515 0.2679
      vertex 96.9758 -52.4076 0.5858
      vertex 97.1708 -52.7736 0.2679
    endloop
  endfacet
  facet normal -0.3121836162641014 0.5227245814599831 -0.7932845653822805
    outer loop
      vertex 94.8636 -54.1515 0.2679
      vertex 95.326 -53.3929 0.5858
      vertex 96.9758 -52.4076 0.5858
    endloop
  endfacet
  facet normal -0.2598003943344757 0.5506223318053686 -0.7932961633720846
    outer loop
      vertex 97.1708 -52.7736 0.2679
      vertex 96.9758 -52.4076 0.5858
      vertex 98.3443 -51.7619 0.5858
    endloop
  endfacet
  facet normal 0.7923581544094674 0.04038999209472039 -0.6087176715682
    outer loop
      vertex 95.3364 -50.488 0.5858
      vertex 95.7316 -51.9985 1
      vertex 95.4133 -51.9966 0.5858
    endloop
  endfacet
  facet normal 0.7922671574212463 0.04033266657430093 -0.6088399028305096
    outer loop
      vertex 95.3364 -50.488 0.5858
      vertex 95.6531 -50.4565 1
      vertex 95.7316 -51.9985 1
    endloop
  endfacet
  facet normal 0.922705874606972 0.04697302928446962 -0.3826322039316912
    outer loop
      vertex 95.6531 -50.4565 1
      vertex 95.9317 -51.9996 1.4824
      vertex 95.7316 -51.9985 1
    endloop
  endfacet
  facet normal 0.7918371408357937 -0.04942280320125519 -0.6087292739114206
    outer loop
      vertex 95.4133 -51.9966 0.5858
      vertex 95.7316 -51.9985 1
      vertex 95.6809 -52.8108 1
    endloop
  endfacet
  facet normal 0.7917535326018489 -0.049502315688714514 -0.6088315566344668
    outer loop
      vertex 95.4133 -51.9966 0.5858
      vertex 95.6809 -52.8108 1
      vertex 95.326 -53.3929 0.5858
    endloop
  endfacet
  facet normal -0.40680501316643153 0.6811604993852605 -0.6087117999019585
    outer loop
      vertex 95.326 -53.3929 0.5858
      vertex 95.6809 -52.8108 1
      vertex 96.8262 -52.1268 1
    endloop
  endfacet
  facet normal 0.9221185749321693 -0.05755436630440312 -0.38260270344622993
    outer loop
      vertex 95.6809 -52.8108 1
      vertex 95.7316 -51.9985 1
      vertex 95.9039 -52.4448 1.4824
    endloop
  endfacet
  facet normal -0.4068055686679089 0.6811608923052113 -0.6087109889715708
    outer loop
      vertex 95.326 -53.3929 0.5858
      vertex 96.8262 -52.1268 1
      vertex 96.9758 -52.4076 0.5858
    endloop
  endfacet
  facet normal -0.33856724696296053 0.7175220878116195 -0.6087152641312491
    outer loop
      vertex 96.9758 -52.4076 0.5858
      vertex 96.8262 -52.1268 1
      vertex 98.2226 -51.4679 1
    endloop
  endfacet
  facet normal -0.47369400945797885 0.793160451801503 -0.38276687827143546
    outer loop
      vertex 95.6809 -52.8108 1
      vertex 96.7321 -51.9502 1.4824
      vertex 96.8262 -52.1268 1
    endloop
  endfacet
  facet normal -0.19619717809431367 0.3285188542704118 -0.9238950317523544
    outer loop
      vertex 94.3251 -55.035 0.0681
      vertex 94.8636 -54.1515 0.2679
      vertex 97.1708 -52.7736 0.2679
    endloop
  endfacet
  facet normal -0.0668858625813026 0.11199518696931388 -0.9914551727044766
    outer loop
      vertex 93.7472 -55.983 0
      vertex 94.3251 -55.035 0.0681
      vertex 97.398 -53.1998 0.0681
    endloop
  endfacet
  facet normal -0.19620120553297088 0.3285236946830135 -0.9238924553102655
    outer loop
      vertex 94.3251 -55.035 0.0681
      vertex 97.1708 -52.7736 0.2679
      vertex 97.398 -53.1998 0.0681
    endloop
  endfacet
  facet normal -0.06688891653712642 0.11199917685792111 -0.9914545159651236
    outer loop
      vertex 93.7472 -55.983 0
      vertex 97.398 -53.1998 0.0681
      vertex 97.6417 -53.6571 0
    endloop
  endfacet
  facet normal 0 0 -1
    outer loop
      vertex 93.7472 -55.983 0
      vertex 97.6417 -53.6571 0
      vertex 98.8857 -53.0702 0
    endloop
  endfacet
  facet normal 0 0 -1
    outer loop
      vertex 93.7472 -55.983 0
      vertex 98.8857 -53.0702 0
      vertex 100.1811 -52.6063 0
    endloop
  endfacet
  facet normal -0.05567189769673217 0.11797684811821788 -0.9914545391065268
    outer loop
      vertex 97.398 -53.1998 0.0681
      vertex 98.6875 -52.5913 0.0681
      vertex 97.6417 -53.6571 0
    endloop
  endfacet
  facet normal -0.163316537138087 0.346091494888351 -0.9238768239669023
    outer loop
      vertex 97.398 -53.1998 0.0681
      vertex 98.5028 -52.1451 0.2679
      vertex 98.6875 -52.5913 0.0681
    endloop
  endfacet
  facet normal -0.16329058727433965 0.3460669248200771 -0.9238906145497834
    outer loop
      vertex 97.398 -53.1998 0.0681
      vertex 97.1708 -52.7736 0.2679
      vertex 98.5028 -52.1451 0.2679
    endloop
  endfacet
  facet normal -0.05564932172327701 0.117954943301681 -0.9914584128154021
    outer loop
      vertex 98.6875 -52.5913 0.0681
      vertex 98.8857 -53.0702 0
      vertex 97.6417 -53.6571 0
    endloop
  endfacet
  facet normal -0.25981566264375994 0.550635580972928 -0.7932819665236253
    outer loop
      vertex 97.1708 -52.7736 0.2679
      vertex 98.3443 -51.7619 0.5858
      vertex 98.5028 -52.1451 0.2679
    endloop
  endfacet
  facet normal -0.2053114241471052 0.5732608919294566 -0.7932333634555038
    outer loop
      vertex 98.5028 -52.1451 0.2679
      vertex 99.7702 -51.2513 0.5858
      vertex 99.8905 -51.6481 0.2679
    endloop
  endfacet
  facet normal -0.20525896365943425 0.5732055548021718 -0.7932869277766962
    outer loop
      vertex 98.5028 -52.1451 0.2679
      vertex 98.3443 -51.7619 0.5858
      vertex 99.7702 -51.2513 0.5858
    endloop
  endfacet
  facet normal -0.0439705251247475 0.12278837702195702 -0.9914583235762194
    outer loop
      vertex 98.6875 -52.5913 0.0681
      vertex 100.0307 -52.1103 0.0681
      vertex 98.8857 -53.0702 0
    endloop
  endfacet
  facet normal -0.12903381938939293 0.3602821552649131 -0.923876096698824
    outer loop
      vertex 98.6875 -52.5913 0.0681
      vertex 98.5028 -52.1451 0.2679
      vertex 99.8905 -51.6481 0.2679
    endloop
  endfacet
  facet normal 0 0 -1
    outer loop
      vertex 93.7472 -55.983 0
      vertex 101.5102 -52.274 0
      vertex 102.8681 -52.0725 0
    endloop
  endfacet
  facet normal -0.1290053141899941 0.36024935139293457 -0.9238928691854434
    outer loop
      vertex 98.6875 -52.5913 0.0681
      vertex 99.8905 -51.6481 0.2679
      vertex 100.0307 -52.1103 0.0681
    endloop
  endfacet
  facet normal -0.04397334461074509 0.12279170210984894 -0.9914577867245337
    outer loop
      vertex 98.8857 -53.0702 0
      vertex 100.0307 -52.1103 0.0681
      vertex 100.1811 -52.6063 0
    endloop
  endfacet
  facet normal -0.2674962421198605 0.7469057581677498 -0.6087508101576636
    outer loop
      vertex 98.3443 -51.7619 0.5858
      vertex 98.2226 -51.4679 1
      vertex 99.6779 -50.9467 1
    endloop
  endfacet
  facet normal -0.39423847932164624 0.8355055585441563 -0.382761653074042
    outer loop
      vertex 96.8262 -52.1268 1
      vertex 98.1461 -51.283 1.4824
      vertex 98.2226 -51.4679 1
    endloop
  endfacet
  facet normal -0.33853944826160975 0.7175022997460253 -0.6087540487174519
    outer loop
      vertex 96.9758 -52.4076 0.5858
      vertex 98.2226 -51.4679 1
      vertex 98.3443 -51.7619 0.5858
    endloop
  endfacet
  facet normal -0.26744243843849974 0.7468589364854269 -0.6088318906840593
    outer loop
      vertex 98.3443 -51.7619 0.5858
      vertex 99.6779 -50.9467 1
      vertex 99.7702 -51.2513 0.5858
    endloop
  endfacet
  facet normal -0.3115106910875554 0.8698033552181835 -0.3826267274895262
    outer loop
      vertex 98.2226 -51.4679 1
      vertex 99.6198 -50.7553 1.4824
      vertex 99.6779 -50.9467 1
    endloop
  endfacet
  facet normal 0 0 -1
    outer loop
      vertex 93.7472 -55.983 0
      vertex 100.1811 -52.6063 0
      vertex 101.5102 -52.274 0
    endloop
  endfacet
  facet normal 0.9227322360463663 0.04699864729287371 -0.38256548160218656
    outer loop
      vertex 95.6531 -50.4565 1
      vertex 95.8521 -50.4368 1.4824
      vertex 95.9317 -51.9996 1.4824
    endloop
  endfacet
  facet normal 0.9901494469210136 0.050432490385798466 -0.13061637215715727
    outer loop
      vertex 95.8521 -50.4368 1.4824
      vertex 96 -52 2
      vertex 95.9317 -51.9996 1.4824
    endloop
  endfacet
  facet normal 0.9901565932450245 0.050453839146242185 -0.13055393892492304
    outer loop
      vertex 95.8521 -50.4368 1.4824
      vertex 95.92 -50.43 2
      vertex 96 -52 2
    endloop
  endfacet
  facet normal 0.9221086081631603 -0.0575800074280058 -0.3826228658823071
    outer loop
      vertex 95.7316 -51.9985 1
      vertex 95.9317 -51.9996 1.4824
      vertex 95.9039 -52.4448 1.4824
    endloop
  endfacet
  facet normal -0.473671082208008 0.793154852981557 -0.3828068508682925
    outer loop
      vertex 95.6809 -52.8108 1
      vertex 95.9039 -52.4448 1.4824
      vertex 96.7321 -51.9502 1.4824
    endloop
  endfacet
  facet normal 0.9895099141156507 -0.061788804160890234 -0.13058435414399672
    outer loop
      vertex 95.9317 -51.9996 1.4824
      vertex 95.98 -52.32 2
      vertex 95.9039 -52.4448 1.4824
    endloop
  endfacet
  facet normal 0.9895020703735503 -0.06184387939833452 -0.13061771437068473
    outer loop
      vertex 95.9317 -51.9996 1.4824
      vertex 96 -52 2
      vertex 95.98 -52.32 2
    endloop
  endfacet
  facet normal -0.5083566740202711 0.8512018727781275 -0.1304946886200976
    outer loop
      vertex 95.9039 -52.4448 1.4824
      vertex 95.98 -52.32 2
      vertex 96.7 -51.89 2
    endloop
  endfacet
  facet normal -0.42306653020180773 0.8966484669948748 -0.13052293920512176
    outer loop
      vertex 96.7321 -51.9502 1.4824
      vertex 96.7 -51.89 2
      vertex 98.12 -51.22 2
    endloop
  endfacet
  facet normal -0.39423501011360046 0.8355040532083792 -0.38276851212331886
    outer loop
      vertex 96.8262 -52.1268 1
      vertex 96.7321 -51.9502 1.4824
      vertex 98.1461 -51.283 1.4824
    endloop
  endfacet
  facet normal -0.5083398145741542 0.8512071056011339 -0.13052622837136793
    outer loop
      vertex 95.9039 -52.4448 1.4824
      vertex 96.7 -51.89 2
      vertex 96.7321 -51.9502 1.4824
    endloop
  endfacet
  facet normal -0.3114445627233183 0.8697666327181157 -0.382764012101806
    outer loop
      vertex 98.2226 -51.4679 1
      vertex 98.1461 -51.283 1.4824
      vertex 99.6198 -50.7553 1.4824
    endloop
  endfacet
  facet normal -0.42308557085466836 0.8966471780403188 -0.13047006494561217
    outer loop
      vertex 96.7321 -51.9502 1.4824
      vertex 98.12 -51.22 2
      vertex 98.1461 -51.283 1.4824
    endloop
  endfacet
  facet normal -0.33426061775581656 0.9334070080728379 -0.13046530840807125
    outer loop
      vertex 98.1461 -51.283 1.4824
      vertex 98.12 -51.22 2
      vertex 99.6 -50.69 2
    endloop
  endfacet
  facet normal -0.33423249995378895 0.9334061686221221 -0.1305433274924871
    outer loop
      vertex 98.1461 -51.283 1.4824
      vertex 99.6 -50.69 2
      vertex 99.6198 -50.7553 1.4824
    endloop
  endfacet
  facet normal -0.24046014733639398 0.9618405893455941 -0.1305434725686424
    outer loop
      vertex 99.6198 -50.7553 1.4824
      vertex 99.6 -50.69 2
      vertex 101.12 -50.31 2
    endloop
  endfacet
  facet normal 0.05088939085473405 0.9987042955241726 0
    outer loop
      vertex 80 -36 2
      vertex 81.57 -36.08 20
      vertex 81.57 -36.08 2
    endloop
  endfacet
  facet normal 0.1467799414970245 0.9891691709581988 0
    outer loop
      vertex 81.57 -36.08 2
      vertex 83.12 -36.31 20
      vertex 83.12 -36.31 2
    endloop
  endfacet
  facet normal 0.24253562503633083 0.9701425001453324 0
    outer loop
      vertex 83.12 -36.31 2
      vertex 84.64 -36.69 20
      vertex 84.64 -36.69 2
    endloop
  endfacet
  facet normal 0.33714221441261866 0.941453730812596 0
    outer loop
      vertex 84.64 -36.69 2
      vertex 86.12 -37.22 20
      vertex 86.12 -37.22 2
    endloop
  endfacet
  facet normal 0.42671697029007644 0.9043852206147877 0
    outer loop
      vertex 86.12 -37.22 2
      vertex 87.54 -37.89 20
      vertex 87.54 -37.89 2
    endloop
  endfacet
  facet normal 0.5144957554275292 0.8574929257125427 0
    outer loop
      vertex 87.54 -37.89 2
      vertex 88.89 -38.7 20
      vertex 88.89 -38.7 2
    endloop
  endfacet
  facet normal 0.5938522968371122 0.8045740795857684 0
    outer loop
      vertex 88.89 -38.7 2
      vertex 90.15 -39.63 20
      vertex 90.15 -39.63 2
    endloop
  endfacet
  facet normal 0.6745710998846677 0.7382098828926564 0
    outer loop
      vertex 90.15 -39.63 2
      vertex 91.31 -40.69 20
      vertex 91.31 -40.69 2
    endloop
  endfacet
  facet normal 0.7382098828926563 0.674571099884668 0
    outer loop
      vertex 91.31 -40.69 2
      vertex 92.37 -41.85 20
      vertex 92.37 -41.85 2
    endloop
  endfacet
  facet normal 0.8045740795857689 0.5938522968371114 0
    outer loop
      vertex 92.37 -41.85 2
      vertex 93.3 -43.11 20
      vertex 93.3 -43.11 2
    endloop
  endfacet
  facet normal 0.8574929257125438 0.5144957554275272 0
    outer loop
      vertex 93.3 -43.11 2
      vertex 94.11 -44.46 20
      vertex 94.11 -44.46 2
    endloop
  endfacet
  facet normal 0.9043852206147877 0.42671697029007644 0
    outer loop
      vertex 94.11 -44.46 2
      vertex 94.78 -45.88 20
      vertex 94.78 -45.88 2
    endloop
  endfacet
  facet normal 0.9414537308125955 0.3371422144126201 0
    outer loop
      vertex 94.78 -45.88 2
      vertex 95.31 -47.36 20
      vertex 95.31 -47.36 2
    endloop
  endfacet
  facet normal 0.9701425001453327 0.24253562503632978 0
    outer loop
      vertex 95.31 -47.36 2
      vertex 95.69 -48.88 20
      vertex 95.69 -48.88 2
    endloop
  endfacet
  facet normal 0.9891691709581986 0.1467799414970258 0
    outer loop
      vertex 95.69 -48.88 2
      vertex 95.92 -50.43 20
      vertex 95.92 -50.43 2
    endloop
  endfacet
  facet normal 0.9987042955241727 0.050889390854733825 0
    outer loop
      vertex 95.92 -50.43 2
      vertex 96 -52 20
      vertex 96 -52 2
    endloop
  endfacet
  facet normal 0.9980525784828892 -0.06237828615516811 0
    outer loop
      vertex 96 -52 2
      vertex 95.98 -52.32 20
      vertex 95.98 -52.32 2
    endloop
  endfacet
  facet normal -0.5127411190260192 0.8585432690668221 0
    outer loop
      vertex 95.98 -52.32 2
      vertex 96.7 -51.89 20
      vertex 96.7 -51.89 2
    endloop
  endfacet
  facet normal -0.42671697029007644 0.9043852206147877 0
    outer loop
      vertex 96.7 -51.89 2
      vertex 98.12 -51.22 20
      vertex 98.12 -51.22 2
    endloop
  endfacet
  facet normal -0.33714221441262154 0.941453730812595 0
    outer loop
      vertex 98.12 -51.22 2
      vertex 99.6 -50.69 20
      vertex 99.6 -50.69 2
    endloop
  endfacet
  facet normal 0 0 1
    outer loop
      vertex 92.3437 -45.4035 0
      vertex 93.7472 -55.983 0
      vertex 108.2989 -107.3937 0
    endloop
  endfacet
  facet normal 0 0 -1
    outer loop
      vertex 92.3437 -45.4035 0
      vertex 93.7472 -104.017 0
      vertex 93.726 -110.7298 0
    endloop
  endfacet
  facet normal 0 0 -1
    outer loop
      vertex 92.3437 -45.4035 0
      vertex 97.6417 -106.3429 0
      vertex 93.7472 -104.017 0
    endloop
  endfacet
  facet normal 0 0 -1
    outer loop
      vertex 92.3437 -45.4035 0
      vertex 93.726 -110.7298 0
      vertex 93.3926 -112.0634 0
    endloop
  endfacet
  facet normal 0 0 -1
    outer loop
      vertex 92.3437 -45.4035 0
      vertex 93.3926 -112.0634 0
      vertex 92.7242 -113.957 0
    endloop
  endfacet
  facet normal 0 0 -1
    outer loop
      vertex 92.3437 -45.4035 0
      vertex 98.8857 -106.9298 0
      vertex 97.6417 -106.3429 0
    endloop
  endfacet
  facet normal 0 0 -1
    outer loop
      vertex 92.3437 -45.4035 0
      vertex 100.1811 -107.3937 0
      vertex 98.8857 -106.9298 0
    endloop
  endfacet
  facet normal 0 0 -1
    outer loop
      vertex 92.3437 -45.4035 0
      vertex 101.5102 -107.726 0
      vertex 100.1811 -107.3937 0
    endloop
  endfacet
  facet normal 0 0 -1
    outer loop
      vertex 92.3437 -45.4035 0
      vertex 102.8681 -107.9275 0
      vertex 101.5102 -107.726 0
    endloop
  endfacet
  facet normal 0 0 -1
    outer loop
      vertex 92.3437 -45.4035 0
      vertex 104.24 -107.9974 0
      vertex 102.8681 -107.9275 0
    endloop
  endfacet
  facet normal -0.09279509028136365 0.3712324785589196 -0.9238915077446457
    outer loop
      vertex 99.8905 -51.6481 0.2679
      vertex 101.3151 -51.292 0.2679
      vertex 100.0307 -52.1103 0.0681
    endloop
  endfacet
  facet normal -0.09280480355404806 0.37124614538379447 -0.9238850404541514
    outer loop
      vertex 100.0307 -52.1103 0.0681
      vertex 101.3151 -51.292 0.2679
      vertex 101.4092 -51.7657 0.0681
    endloop
  endfacet
  facet normal -0.14771178208667968 0.5907260861871245 -0.7932363585532495
    outer loop
      vertex 99.8905 -51.6481 0.2679
      vertex 99.7702 -51.2513 0.5858
      vertex 101.2343 -50.8852 0.5858
    endloop
  endfacet
  facet normal -0.14763665499451872 0.5906295386273305 -0.7933222335236144
    outer loop
      vertex 99.8905 -51.6481 0.2679
      vertex 101.2343 -50.8852 0.5858
      vertex 101.3151 -51.292 0.2679
    endloop
  endfacet
  facet normal -0.0316312422684233 0.12653414819216954 -0.99145780235663
    outer loop
      vertex 100.0307 -52.1103 0.0681
      vertex 101.4092 -51.7657 0.0681
      vertex 100.1811 -52.6063 0
    endloop
  endfacet
  facet normal 0 0 -1
    outer loop
      vertex 93.7472 -55.983 0
      vertex 102.8681 -52.0725 0
      vertex 104.24 -52.0026 0
    endloop
  endfacet
  facet normal -0.031638556949810104 0.12654470671680096 -0.9914562213815052
    outer loop
      vertex 100.1811 -52.6063 0
      vertex 101.4092 -51.7657 0.0681
      vertex 101.5102 -52.274 0
    endloop
  endfacet
  facet normal 0 0 -1
    outer loop
      vertex 93.7472 -55.983 0
      vertex 104.24 -52.0026 0
      vertex 105.6119 -52.0725 0
    endloop
  endfacet
  facet normal -0.05617954149677384 0.37852202658159506 -0.9238857800127537
    outer loop
      vertex 101.3151 -51.292 0.2679
      vertex 102.7691 -51.0762 0.2679
      vertex 101.4092 -51.7657 0.0681
    endloop
  endfacet
  facet normal -0.05617467745069576 0.3785135279061729 -0.9238895576882192
    outer loop
      vertex 101.4092 -51.7657 0.0681
      vertex 102.7691 -51.0762 0.2679
      vertex 102.8168 -51.5568 0.0681
    endloop
  endfacet
  facet normal -0.08934161445829984 0.6022092487200564 -0.7933234502282217
    outer loop
      vertex 101.3151 -51.292 0.2679
      vertex 101.2343 -50.8852 0.5858
      vertex 102.728 -50.6636 0.5858
    endloop
  endfacet
  facet normal -0.08939020530484089 0.6022861840279756 -0.7932595689461162
    outer loop
      vertex 101.3151 -51.292 0.2679
      vertex 102.728 -50.6636 0.5858
      vertex 102.7691 -51.0762 0.2679
    endloop
  endfacet
  facet normal -0.019148643658204463 0.12902647588936647 -0.9914562511606964
    outer loop
      vertex 101.4092 -51.7657 0.0681
      vertex 102.8168 -51.5568 0.0681
      vertex 101.5102 -52.274 0
    endloop
  endfacet
  facet normal -0.019145521751059942 0.12902086345292274 -0.9914570418282085
    outer loop
      vertex 101.5102 -52.274 0
      vertex 102.8168 -51.5568 0.0681
      vertex 102.8681 -52.0725 0
    endloop
  endfacet
  facet normal 0 0 -1
    outer loop
      vertex 93.7472 -55.983 0
      vertex 105.6119 -52.0725 0
      vertex 106.9698 -52.274 0
    endloop
  endfacet
  facet normal -0.19245555364623224 0.7696645072205591 -0.6087506929734504
    outer loop
      vertex 99.7702 -51.2513 0.5858
      vertex 101.1723 -50.5731 1
      vertex 101.2343 -50.8852 0.5858
    endloop
  endfacet
  facet normal -0.19240195356364911 0.7696078142545965 -0.6088393059774917
    outer loop
      vertex 99.7702 -51.2513 0.5858
      vertex 99.6779 -50.9467 1
      vertex 101.1723 -50.5731 1
    endloop
  endfacet
  facet normal -0.22407629039555516 0.8963051615822206 -0.38265764516553985
    outer loop
      vertex 99.6779 -50.9467 1
      vertex 101.1333 -50.3769 1.4824
      vertex 101.1723 -50.5731 1
    endloop
  endfacet
  facet normal -0.11646354034442616 0.7847644924534689 -0.6087535914922321
    outer loop
      vertex 101.2343 -50.8852 0.5858
      vertex 101.1723 -50.5731 1
      vertex 102.6965 -50.3469 1
    endloop
  endfacet
  facet normal -0.11641570510117957 0.7847027920109862 -0.6088422717058649
    outer loop
      vertex 101.2343 -50.8852 0.5858
      vertex 102.6965 -50.3469 1
      vertex 102.728 -50.6636 0.5858
    endloop
  endfacet
  facet normal -0.1356316448611018 0.9139246379190615 -0.3825517129967978
    outer loop
      vertex 101.1723 -50.5731 1
      vertex 102.6768 -50.1479 1.4824
      vertex 102.6965 -50.3469 1
    endloop
  endfacet
  facet normal -0.006635913253501961 0.13026526541218328 -0.9914569709686777
    outer loop
      vertex 102.8168 -51.5568 0.0681
      vertex 104.24 -51.4843 0.0681
      vertex 102.8681 -52.0725 0
    endloop
  endfacet
  facet normal -0.019468733554324196 0.3821779530277535 -0.923883640202221
    outer loop
      vertex 102.8168 -51.5568 0.0681
      vertex 104.24 -51.0013 0.2679
      vertex 104.24 -51.4843 0.0681
    endloop
  endfacet
  facet normal -0.019459969428025168 0.3821584650424887 -0.9238918860917814
    outer loop
      vertex 102.8168 -51.5568 0.0681
      vertex 102.7691 -51.0762 0.2679
      vertex 104.24 -51.0013 0.2679
    endloop
  endfacet
  facet normal -0.03100820731366382 0.6080986959566638 -0.7932556126842077
    outer loop
      vertex 102.7691 -51.0762 0.2679
      vertex 102.728 -50.6636 0.5858
      vertex 104.24 -50.5865 0.5858
    endloop
  endfacet
  facet normal -0.030960262865806294 0.6080033464528007 -0.7933305697031192
    outer loop
      vertex 102.7691 -51.0762 0.2679
      vertex 104.24 -50.5865 0.5858
      vertex 104.24 -51.0013 0.2679
    endloop
  endfacet
  facet normal -0.00663734359190183 0.1302685504110228 -0.9914565297802288
    outer loop
      vertex 102.8681 -52.0725 0
      vertex 104.24 -51.4843 0.0681
      vertex 104.24 -52.0026 0
    endloop
  endfacet
  facet normal 0.006636080652026847 0.13026855150295172 -0.991456538090754
    outer loop
      vertex 104.24 -51.4843 0.0681
      vertex 105.6632 -51.5568 0.0681
      vertex 104.24 -52.0026 0
    endloop
  endfacet
  facet normal 0.0194609647236972 0.38217801084227493 -0.9238837799640521
    outer loop
      vertex 104.24 -51.4843 0.0681
      vertex 104.24 -51.0013 0.2679
      vertex 105.7109 -51.0762 0.2679
    endloop
  endfacet
  facet normal 0.031003303863461184 0.6080025349098886 -0.7933295107915119
    outer loop
      vertex 104.24 -51.0013 0.2679
      vertex 104.24 -50.5865 0.5858
      vertex 105.752 -50.6636 0.5858
    endloop
  endfacet
  facet normal -0.04034475744106694 0.7922663245584093 -0.6088401855312532
    outer loop
      vertex 102.728 -50.6636 0.5858
      vertex 102.6965 -50.3469 1
      vertex 104.24 -50.2683 1
    endloop
  endfacet
  facet normal -0.04040410263082013 0.7923606119040061 -0.6087135362333478
    outer loop
      vertex 102.728 -50.6636 0.5858
      vertex 104.24 -50.2683 1
      vertex 104.24 -50.5865 0.5858
    endloop
  endfacet
  facet normal -0.04698520311660426 0.92266744288147 -0.3827233733843031
    outer loop
      vertex 102.6965 -50.3469 1
      vertex 104.24 -50.0682 1.4824
      vertex 104.24 -50.2683 1
    endloop
  endfacet
  facet normal 0.04034964771923393 0.7923623569292919 -0.6087148768104746
    outer loop
      vertex 104.24 -50.5865 0.5858
      vertex 104.24 -50.2683 1
      vertex 105.7835 -50.3469 1
    endloop
  endfacet
  facet normal 0 0 -1
    outer loop
      vertex 93.7472 -55.983 0
      vertex 106.9698 -52.274 0
      vertex 108.2989 -52.6063 0
    endloop
  endfacet
  facet normal 0 0 -1
    outer loop
      vertex 93.7472 -55.983 0
      vertex 108.2989 -52.6063 0
      vertex 109.5943 -53.0702 0
    endloop
  endfacet
  facet normal 0 0 -1
    outer loop
      vertex 93.7472 -55.983 0
      vertex 109.5943 -53.0702 0
      vertex 110.8365 -53.6563 0
    endloop
  endfacet
  facet normal -0.22409418218292948 0.8963175072248052 -0.3826182480672812
    outer loop
      vertex 99.6779 -50.9467 1
      vertex 99.6198 -50.7553 1.4824
      vertex 101.1333 -50.3769 1.4824
    endloop
  endfacet
  facet normal -0.24047656161750888 0.9618426955816658 -0.13049770982210881
    outer loop
      vertex 99.6198 -50.7553 1.4824
      vertex 101.12 -50.31 2
      vertex 101.1333 -50.3769 1.4824
    endloop
  endfacet
  facet normal -0.13558815937759697 0.9138878777262923 -0.38265493330352973
    outer loop
      vertex 101.1723 -50.5731 1
      vertex 101.1333 -50.3769 1.4824
      vertex 102.6768 -50.1479 1.4824
    endloop
  endfacet
  facet normal -0.14552479143962452 0.9807105510061465 -0.13049655252792744
    outer loop
      vertex 101.1333 -50.3769 1.4824
      vertex 101.12 -50.31 2
      vertex 102.67 -50.08 2
    endloop
  endfacet
  facet normal -0.1455014517438355 0.9807051998541924 -0.13056277616298126
    outer loop
      vertex 101.1333 -50.3769 1.4824
      vertex 102.67 -50.08 2
      vertex 102.6768 -50.1479 1.4824
    endloop
  endfacet
  facet normal -0.04704551092192339 0.9227295191110173 -0.38256627460251363
    outer loop
      vertex 102.6965 -50.3469 1
      vertex 102.6768 -50.1479 1.4824
      vertex 104.24 -50.0682 1.4824
    endloop
  endfacet
  facet normal -0.0504538391462425 0.9901565932450261 -0.13055393892490966
    outer loop
      vertex 102.6768 -50.1479 1.4824
      vertex 102.67 -50.08 2
      vertex 104.24 -50 2
    endloop
  endfacet
  facet normal -0.05048380199722041 0.9901666158350334 -0.1304663122100979
    outer loop
      vertex 102.6768 -50.1479 1.4824
      vertex 104.24 -50 2
      vertex 104.24 -50.0682 1.4824
    endloop
  endfacet
  facet normal 0.04704221957673242 0.9226649641448708 -0.38272234520189546
    outer loop
      vertex 104.24 -50.2683 1
      vertex 104.24 -50.0682 1.4824
      vertex 105.8032 -50.1479 1.4824
    endloop
  endfacet
  facet normal 0.05045442484811746 0.9901680876443311 -0.13046650613860272
    outer loop
      vertex 104.24 -50.0682 1.4824
      vertex 104.24 -50 2
      vertex 105.81 -50.08 2
    endloop
  endfacet
  facet normal 0.019467704491586676 0.38215775217137055 -0.9238920180070579
    outer loop
      vertex 104.24 -51.4843 0.0681
      vertex 105.7109 -51.0762 0.2679
      vertex 105.6632 -51.5568 0.0681
    endloop
  endfacet
  facet normal 0.05617822412794939 0.37851315051917644 -0.9238894966487481
    outer loop
      vertex 105.6632 -51.5568 0.0681
      vertex 105.7109 -51.0762 0.2679
      vertex 107.1649 -51.292 0.2679
    endloop
  endfacet
  facet normal 0.030965296360190908 0.6081021951429253 -0.7932546064686173
    outer loop
      vertex 104.24 -51.0013 0.2679
      vertex 105.752 -50.6636 0.5858
      vertex 105.7109 -51.0762 0.2679
    endloop
  endfacet
  facet normal 0.08935366587610585 0.6022904815845788 -0.793260422677898
    outer loop
      vertex 105.7109 -51.0762 0.2679
      vertex 105.752 -50.6636 0.5858
      vertex 107.2457 -50.8852 0.5858
    endloop
  endfacet
  facet normal 0.006637169900893211 0.13026514144543436 -0.9914569788447242
    outer loop
      vertex 104.24 -52.0026 0
      vertex 105.6632 -51.5568 0.0681
      vertex 105.6119 -52.0725 0
    endloop
  endfacet
  facet normal 0.01914777715066681 0.12902063722967283 -0.99145702771176
    outer loop
      vertex 105.6632 -51.5568 0.0681
      vertex 107.0708 -51.7657 0.0681
      vertex 105.6119 -52.0725 0
    endloop
  endfacet
  facet normal 0.056176038161645195 0.3785226965836857 -0.9238857185320467
    outer loop
      vertex 105.6632 -51.5568 0.0681
      vertex 107.1649 -51.292 0.2679
      vertex 107.0708 -51.7657 0.0681
    endloop
  endfacet
  facet normal 0.092798815005252 0.37124737954642695 -0.9238851460617452
    outer loop
      vertex 107.1649 -51.292 0.2679
      vertex 108.5895 -51.6481 0.2679
      vertex 107.0708 -51.7657 0.0681
    endloop
  endfacet
  facet normal 0.08937781990637474 0.6022027346796507 -0.7933243168169837
    outer loop
      vertex 105.7109 -51.0762 0.2679
      vertex 107.2457 -50.8852 0.5858
      vertex 107.1649 -51.292 0.2679
    endloop
  endfacet
  facet normal 0.01914641987058376 0.12902691584250783 -0.9914562368527972
    outer loop
      vertex 105.6119 -52.0725 0
      vertex 107.0708 -51.7657 0.0681
      vertex 106.9698 -52.274 0
    endloop
  endfacet
  facet normal 0.031634103861053385 0.1265455953930985 -0.9914562500481372
    outer loop
      vertex 106.9698 -52.274 0
      vertex 107.0708 -51.7657 0.0681
      vertex 108.4493 -52.1103 0.0681
    endloop
  endfacet
  facet normal 0.04039910375847995 0.7922625795437161 -0.6088414551180368
    outer loop
      vertex 104.24 -50.5865 0.5858
      vertex 105.7835 -50.3469 1
      vertex 105.752 -50.6636 0.5858
    endloop
  endfacet
  facet normal 0.1164536506353417 0.7846978527780201 -0.6088413809025027
    outer loop
      vertex 105.752 -50.6636 0.5858
      vertex 105.7835 -50.3469 1
      vertex 107.3077 -50.5731 1
    endloop
  endfacet
  facet normal 0.046988532441973985 0.9227328221907427 -0.38256531033387847
    outer loop
      vertex 104.24 -50.2683 1
      vertex 105.8032 -50.1479 1.4824
      vertex 105.7835 -50.3469 1
    endloop
  endfacet
  facet normal 0.116425793541776 0.7847707933815663 -0.6087526890728571
    outer loop
      vertex 105.752 -50.6636 0.5858
      vertex 107.3077 -50.5731 1
      vertex 107.2457 -50.8852 0.5858
    endloop
  endfacet
  facet normal 0.1356253304371276 0.913882089532583 -0.3826555842730901
    outer loop
      vertex 105.7835 -50.3469 1
      vertex 107.3467 -50.3769 1.4824
      vertex 107.3077 -50.5731 1
    endloop
  endfacet
  facet normal 0 0 -1
    outer loop
      vertex 93.7472 -55.983 0
      vertex 110.8365 -53.6563 0
      vertex 112.0191 -54.3659 0
    endloop
  endfacet
  facet normal 0 0 -1
    outer loop
      vertex 93.7472 -55.983 0
      vertex 112.0191 -54.3659 0
      vertex 113.1181 -55.177 0
    endloop
  endfacet
  facet normal 0 0 -1
    outer loop
      vertex 93.7472 -55.983 0
      vertex 113.1181 -55.177 0
      vertex 114.1344 -56.1056 0
    endloop
  endfacet
  facet normal 0 0 -1
    outer loop
      vertex 93.7472 -55.983 0
      vertex 114.1344 -56.1056 0
      vertex 115.063 -57.1219 0
    endloop
  endfacet
  facet normal 0.14766416088575832 0.5907395776406972 -0.7932351776105215
    outer loop
      vertex 107.1649 -51.292 0.2679
      vertex 108.7098 -51.2513 0.5858
      vertex 108.5895 -51.6481 0.2679
    endloop
  endfacet
  facet normal 0.14768501012310312 0.5906190202710565 -0.7933210640585541
    outer loop
      vertex 107.1649 -51.292 0.2679
      vertex 107.2457 -50.8852 0.5858
      vertex 108.7098 -51.2513 0.5858
    endloop
  endfacet
  facet normal 0.031635588610510273 0.12653283425287254 -0.9914578313721676
    outer loop
      vertex 106.9698 -52.274 0
      vertex 108.4493 -52.1103 0.0681
      vertex 108.2989 -52.6063 0
    endloop
  endfacet
  facet normal 0.09280095403695156 0.3712307461983073 -0.9238916148590589
    outer loop
      vertex 107.0708 -51.7657 0.0681
      vertex 108.5895 -51.6481 0.2679
      vertex 108.4493 -52.1103 0.0681
    endloop
  endfacet
  facet normal 0.043971875811402786 0.12279214883550381 -0.9914577965410258
    outer loop
      vertex 108.4493 -52.1103 0.0681
      vertex 109.7925 -52.5913 0.0681
      vertex 108.2989 -52.6063 0
    endloop
  endfacet
  facet normal 0.2052821666889363 0.5732703515114687 -0.7932340991897745
    outer loop
      vertex 108.5895 -51.6481 0.2679
      vertex 108.7098 -51.2513 0.5858
      vertex 110.1357 -51.7619 0.5858
    endloop
  endfacet
  facet normal 0.12901918679585997 0.3602880908611276 -0.9238758255426857
    outer loop
      vertex 108.4493 -52.1103 0.0681
      vertex 109.9772 -52.1451 0.2679
      vertex 109.7925 -52.5913 0.0681
    endloop
  endfacet
  facet normal 0.1290203902946706 0.3602446591789011 -0.9238925935525667
    outer loop
      vertex 108.5895 -51.6481 0.2679
      vertex 109.9772 -52.1451 0.2679
      vertex 108.4493 -52.1103 0.0681
    endloop
  endfacet
  facet normal 0.04397194404392411 0.12278779115003025 -0.9914583332049283
    outer loop
      vertex 108.2989 -52.6063 0
      vertex 109.7925 -52.5913 0.0681
      vertex 109.5943 -53.0702 0
    endloop
  endfacet
  facet normal 0.05565293022524056 0.11795344639051292 -0.991458388356236
    outer loop
      vertex 109.7925 -52.5913 0.0681
      vertex 111.0807 -53.1991 0.0681
      vertex 109.5943 -53.0702 0
    endloop
  endfacet
  facet normal 0.20528757946461954 0.5731943139296813 -0.7932876453066943
    outer loop
      vertex 108.5895 -51.6481 0.2679
      vertex 110.1357 -51.7619 0.5858
      vertex 109.9772 -52.1451 0.2679
    endloop
  endfacet
  facet normal 0.19241827800626837 0.7696731120250659 -0.6087515970531434
    outer loop
      vertex 107.2457 -50.8852 0.5858
      vertex 107.3077 -50.5731 1
      vertex 108.8021 -50.9467 1
    endloop
  endfacet
  facet normal 0.1924388883518814 0.7695978596995018 -0.608840215981039
    outer loop
      vertex 107.2457 -50.8852 0.5858
      vertex 108.8021 -50.9467 1
      vertex 108.7098 -51.2513 0.5858
    endloop
  endfacet
  facet normal 0.22408027311877698 0.8963210924750994 -0.38261799537300734
    outer loop
      vertex 107.3077 -50.5731 1
      vertex 108.8602 -50.7553 1.4824
      vertex 108.8021 -50.9467 1
    endloop
  endfacet
  facet normal 0.26747548004703026 0.746847786094484 -0.6088310537245769
    outer loop
      vertex 108.7098 -51.2513 0.5858
      vertex 108.8021 -50.9467 1
      vertex 110.2574 -51.4679 1
    endloop
  endfacet
  facet normal 0.26746362632823806 0.7469181057215762 -0.6087499913237295
    outer loop
      vertex 108.7098 -51.2513 0.5858
      vertex 110.2574 -51.4679 1
      vertex 110.1357 -51.7619 0.5858
    endloop
  endfacet
  facet normal 0.3114913979025073 0.8697494845884903 -0.3827648665836473
    outer loop
      vertex 108.8021 -50.9467 1
      vertex 110.3339 -51.283 1.4824
      vertex 110.2574 -51.4679 1
    endloop
  endfacet
  facet normal 0.13559439317256186 0.9139298945932278 -0.382552360218802
    outer loop
      vertex 105.7835 -50.3469 1
      vertex 105.8032 -50.1479 1.4824
      vertex 107.3467 -50.3769 1.4824
    endloop
  endfacet
  facet normal 0.050483213405924175 0.9901550714697441 -0.1305541252008451
    outer loop
      vertex 104.24 -50.0682 1.4824
      vertex 105.81 -50.08 2
      vertex 105.8032 -50.1479 1.4824
    endloop
  endfacet
  facet normal 0.1455235143548149 0.9807019445650381 -0.13056263897523218
    outer loop
      vertex 105.8032 -50.1479 1.4824
      vertex 105.81 -50.08 2
      vertex 107.36 -50.31 2
    endloop
  endfacet
  facet normal 0.14550273401656624 0.9807138425963755 -0.13049641119033017
    outer loop
      vertex 105.8032 -50.1479 1.4824
      vertex 107.36 -50.31 2
      vertex 107.3467 -50.3769 1.4824
    endloop
  endfacet
  facet normal 0.2240902494914309 0.8963017774981054 -0.3826573973368412
    outer loop
      vertex 107.3077 -50.5731 1
      vertex 107.3467 -50.3769 1.4824
      vertex 108.8602 -50.7553 1.4824
    endloop
  endfacet
  facet normal 0.24046160539096426 0.961846421563866 -0.13049780709876288
    outer loop
      vertex 107.3467 -50.3769 1.4824
      vertex 107.36 -50.31 2
      vertex 108.88 -50.69 2
    endloop
  endfacet
  facet normal 0.24047509721568702 0.9618368383613768 -0.13054357123235405
    outer loop
      vertex 107.3467 -50.3769 1.4824
      vertex 108.88 -50.69 2
      vertex 108.8602 -50.7553 1.4824
    endloop
  endfacet
  facet normal 0.3114636125182822 0.8698198327992952 -0.3826275951183703
    outer loop
      vertex 108.8021 -50.9467 1
      vertex 108.8602 -50.7553 1.4824
      vertex 110.3339 -51.283 1.4824
    endloop
  endfacet
  facet normal 0.334257162869539 0.9333973604658831 -0.13054315970486094
    outer loop
      vertex 108.8602 -50.7553 1.4824
      vertex 108.88 -50.69 2
      vertex 110.36 -51.22 2
    endloop
  endfacet
  facet normal 0.33423596938645883 0.933415857655523 -0.13046514264545322
    outer loop
      vertex 108.8602 -50.7553 1.4824
      vertex 110.36 -51.22 2
      vertex 110.3339 -51.283 1.4824
    endloop
  endfacet
  facet normal 0 0 -1
    outer loop
      vertex 93.7472 -55.983 0
      vertex 115.063 -57.1219 0
      vertex 115.8741 -58.2209 0
    endloop
  endfacet
  facet normal 0 0 -1
    outer loop
      vertex 93.7472 -55.983 0
      vertex 115.8741 -58.2209 0
      vertex 116.5837 -59.4035 0
    endloop
  endfacet
  facet normal 0 0 -1
    outer loop
      vertex 93.7472 -55.983 0
      vertex 116.5837 -59.4035 0
      vertex 117.1698 -60.6457 0
    endloop
  endfacet
  facet normal 0 0 -1
    outer loop
      vertex 93.7472 -55.983 0
      vertex 117.1698 -60.6457 0
      vertex 117.6337 -61.9411 0
    endloop
  endfacet
  facet normal 0 0 -1
    outer loop
      vertex 93.7472 -55.983 0
      vertex 117.6337 -61.9411 0
      vertex 117.966 -63.2702 0
    endloop
  endfacet
  facet normal 0 0 -1
    outer loop
      vertex 93.7472 -55.983 0
      vertex 117.966 -63.2702 0
      vertex 118.1675 -64.6281 0
    endloop
  endfacet
  facet normal 0 0 -1
    outer loop
      vertex 93.7472 -55.983 0
      vertex 118.1675 -64.6281 0
      vertex 118.2374 -66 0
    endloop
  endfacet
  facet normal 0 0 -1
    outer loop
      vertex 93.7472 -55.983 0
      vertex 118.2374 -66 0
      vertex 118.1675 -67.3719 0
    endloop
  endfacet
  facet normal 0.1632984613832733 0.3460991275495816 -0.923877159810369
    outer loop
      vertex 109.7925 -52.5913 0.0681
      vertex 109.9772 -52.1451 0.2679
      vertex 111.3082 -52.7731 0.2679
    endloop
  endfacet
  facet normal 0.16329873087374308 0.34610303572154083 -0.9238756481038769
    outer loop
      vertex 109.7925 -52.5913 0.0681
      vertex 111.3082 -52.7731 0.2679
      vertex 111.0807 -53.1991 0.0681
    endloop
  endfacet
  facet normal 0.055652855911827406 0.11795252962578334 -0.9914585015943613
    outer loop
      vertex 109.5943 -53.0702 0
      vertex 111.0807 -53.1991 0.0681
      vertex 110.8365 -53.6563 0
    endloop
  endfacet
  facet normal 0.2598025356079115 0.5506412898327587 -0.7932823031071699
    outer loop
      vertex 109.9772 -52.1451 0.2679
      vertex 110.1357 -51.7619 0.5858
      vertex 111.5036 -52.4073 0.5858
    endloop
  endfacet
  facet normal 0.2598022973927279 0.550631939219302 -0.7932888715852829
    outer loop
      vertex 109.9772 -52.1451 0.2679
      vertex 111.5036 -52.4073 0.5858
      vertex 111.3082 -52.7731 0.2679
    endloop
  endfacet
  facet normal 0.19688818789558196 0.32816425526581516 -0.9238740514989189
    outer loop
      vertex 111.0807 -53.1991 0.0681
      vertex 111.3082 -52.7731 0.2679
      vertex 112.5746 -53.5329 0.2679
    endloop
  endfacet
  facet normal 0.3132489344877872 0.5220815574796405 -0.7932880639350998
    outer loop
      vertex 111.3082 -52.7731 0.2679
      vertex 111.5036 -52.4073 0.5858
      vertex 112.8046 -53.1879 0.5858
    endloop
  endfacet
  facet normal 0.31325335113777203 0.522116404160143 -0.7932633853316551
    outer loop
      vertex 111.3082 -52.7731 0.2679
      vertex 112.8046 -53.1879 0.5858
      vertex 112.5746 -53.5329 0.2679
    endloop
  endfacet
  facet normal 0.3385099012643337 0.7175155976093186 -0.6087548060864517
    outer loop
      vertex 110.1357 -51.7619 0.5858
      vertex 110.2574 -51.4679 1
      vertex 111.6536 -52.1266 1
    endloop
  endfacet
  facet normal 0.3385134107032828 0.7174659040920683 -0.608811421738605
    outer loop
      vertex 110.1357 -51.7619 0.5858
      vertex 111.6536 -52.1266 1
      vertex 111.5036 -52.4073 0.5858
    endloop
  endfacet
  facet normal 0.3942256614012089 0.8356123705000189 -0.38254162408830517
    outer loop
      vertex 110.2574 -51.4679 1
      vertex 111.7478 -51.9502 1.4824
      vertex 111.6536 -52.1266 1
    endloop
  endfacet
  facet normal 0.4081703702168199 0.680249790986509 -0.6088162043998788
    outer loop
      vertex 111.5036 -52.4073 0.5858
      vertex 111.6536 -52.1266 1
      vertex 112.9812 -52.9232 1
    endloop
  endfacet
  facet normal 0.4081714578696638 0.6802857631161002 -0.6087752799532011
    outer loop
      vertex 111.5036 -52.4073 0.5858
      vertex 112.9812 -52.9232 1
      vertex 112.8046 -53.1879 0.5858
    endloop
  endfacet
  facet normal 0.47537473343000863 0.7922514387417561 -0.3825657075953957
    outer loop
      vertex 111.6536 -52.1266 1
      vertex 113.0921 -52.7568 1.4824
      vertex 112.9812 -52.9232 1
    endloop
  endfacet
  facet normal 0.067106425327833 0.111834919534246 -0.9914583594142966
    outer loop
      vertex 111.0807 -53.1991 0.0681
      vertex 112.3066 -53.9347 0.0681
      vertex 110.8365 -53.6563 0
    endloop
  endfacet
  facet normal 0.06710717068272379 0.11183897977647762 -0.9914578509677133
    outer loop
      vertex 110.8365 -53.6563 0
      vertex 112.3066 -53.9347 0.0681
      vertex 112.0191 -54.3659 0
    endloop
  endfacet
  facet normal 0.19687764972528815 0.32810265198237265 -0.9238981766411172
    outer loop
      vertex 111.0807 -53.1991 0.0681
      vertex 112.5746 -53.5329 0.2679
      vertex 112.3066 -53.9347 0.0681
    endloop
  endfacet
  facet normal 0.07745249590110767 0.10494127814989063 -0.9914577343583316
    outer loop
      vertex 112.0191 -54.3659 0
      vertex 112.3066 -53.9347 0.0681
      vertex 113.4473 -54.7766 0.0681
    endloop
  endfacet
  facet normal 0.4711391703746086 0.6382876584530316 -0.6087830050233594
    outer loop
      vertex 112.8046 -53.1879 0.5858
      vertex 112.9812 -52.9232 1
      vertex 114.2196 -53.8373 1
    endloop
  endfacet
  facet normal 0.5486447717936638 0.7432903242416303 -0.38276416795756957
    outer loop
      vertex 112.9812 -52.9232 1
      vertex 114.3467 -53.6827 1.4824
      vertex 114.2196 -53.8373 1
    endloop
  endfacet
  facet normal 0.22724150647960437 0.3078921326063462 -0.9238851294462944
    outer loop
      vertex 112.3066 -53.9347 0.0681
      vertex 113.7541 -54.4035 0.2679
      vertex 113.4473 -54.7766 0.0681
    endloop
  endfacet
  facet normal 0.2272320239243306 0.3078568484019581 -0.9238992197178576
    outer loop
      vertex 112.3066 -53.9347 0.0681
      vertex 112.5746 -53.5329 0.2679
      vertex 113.7541 -54.4035 0.2679
    endloop
  endfacet
  facet normal 0.07745385470263973 0.10494610568142246 -0.9914571172239401
    outer loop
      vertex 112.0191 -54.3659 0
      vertex 113.4473 -54.7766 0.0681
      vertex 113.1181 -55.177 0
    endloop
  endfacet
  facet normal 0.0879918857038103 0.09628196987679818 -0.9914571147190033
    outer loop
      vertex 113.1181 -55.177 0
      vertex 113.4473 -54.7766 0.0681
      vertex 114.5007 -55.7393 0.0681
    endloop
  endfacet
  facet normal 0.3615769285099667 0.48989796312526707 -0.7932604304356881
    outer loop
      vertex 112.5746 -53.5329 0.2679
      vertex 112.8046 -53.1879 0.5858
      vertex 114.0175 -54.0831 0.5858
    endloop
  endfacet
  facet normal 0.3615676940019046 0.48985653006574936 -0.7932902259615258
    outer loop
      vertex 112.5746 -53.5329 0.2679
      vertex 114.0175 -54.0831 0.5858
      vertex 113.7541 -54.4035 0.2679
    endloop
  endfacet
  facet normal 0.08800623589075007 0.09631783064373153 -0.9914523578793019
    outer loop
      vertex 113.1181 -55.177 0
      vertex 114.5007 -55.7393 0.0681
      vertex 114.1344 -56.1056 0
    endloop
  endfacet
  facet normal 0.25813617760185126 0.2824881573454476 -0.9238864404095772
    outer loop
      vertex 113.4473 -54.7766 0.0681
      vertex 113.7541 -54.4035 0.2679
      vertex 114.8422 -55.3978 0.2679
    endloop
  endfacet
  facet normal 0.4106956476282655 0.44943974070634857 -0.7933051143746709
    outer loop
      vertex 113.7541 -54.4035 0.2679
      vertex 115.1354 -55.1046 0.5858
      vertex 114.8422 -55.3978 0.2679
    endloop
  endfacet
  facet normal 0.4107029496118991 0.4494614071181069 -0.7932890587241811
    outer loop
      vertex 113.7541 -54.4035 0.2679
      vertex 114.0175 -54.0831 0.5858
      vertex 115.1354 -55.1046 0.5858
    endloop
  endfacet
  facet normal 0.2581148588942423 0.2824329410607608 -0.9239092777008868
    outer loop
      vertex 113.4473 -54.7766 0.0681
      vertex 114.8422 -55.3978 0.2679
      vertex 114.5007 -55.7393 0.0681
    endloop
  endfacet
  facet normal 0.28244806148109164 0.2580995382139942 -0.9239089354147931
    outer loop
      vertex 114.5007 -55.7393 0.0681
      vertex 114.8422 -55.3978 0.2679
      vertex 115.8365 -56.4859 0.2679
    endloop
  endfacet
  facet normal 0.09630821249143738 0.08801586877302667 -0.9914524371097353
    outer loop
      vertex 114.1344 -56.1056 0
      vertex 114.5007 -55.7393 0.0681
      vertex 115.4634 -56.7927 0.0681
    endloop
  endfacet
  facet normal 0.09629062488123494 0.08798137780647011 -0.991457206700953
    outer loop
      vertex 114.1344 -56.1056 0
      vertex 115.4634 -56.7927 0.0681
      vertex 115.063 -57.1219 0
    endloop
  endfacet
  facet normal 0.47114741991262277 0.6383542287891206 -0.6087068155497568
    outer loop
      vertex 112.8046 -53.1879 0.5858
      vertex 114.2196 -53.8373 1
      vertex 114.0175 -54.0831 0.5858
    endloop
  endfacet
  facet normal 0.535211021159365 0.5856822830357683 -0.6087079974565474
    outer loop
      vertex 114.0175 -54.0831 0.5858
      vertex 114.2196 -53.8373 1
      vertex 115.3603 -54.8797 1
    endloop
  endfacet
  facet normal 0.5352226513299743 0.5857321604716433 -0.6086497758913034
    outer loop
      vertex 114.0175 -54.0831 0.5858
      vertex 115.3603 -54.8797 1
      vertex 115.1354 -55.1046 0.5858
    endloop
  endfacet
  facet normal 0.6231921814854244 0.6819602085767653 -0.38283387892579834
    outer loop
      vertex 114.2196 -53.8373 1
      vertex 115.5018 -54.7382 1.4824
      vertex 115.3603 -54.8797 1
    endloop
  endfacet
  facet normal 0.39425909685238963 0.8354960087523864 -0.38276126228756535
    outer loop
      vertex 110.2574 -51.4679 1
      vertex 110.3339 -51.283 1.4824
      vertex 111.7478 -51.9502 1.4824
    endloop
  endfacet
  facet normal 0.42310254296899247 0.8966197324698092 -0.1306035737602145
    outer loop
      vertex 110.3339 -51.283 1.4824
      vertex 111.78 -51.89 2
      vertex 111.7478 -51.9502 1.4824
    endloop
  endfacet
  facet normal 0.42306949368890445 0.896654747818274 -0.1304701756140526
    outer loop
      vertex 110.3339 -51.283 1.4824
      vertex 110.36 -51.22 2
      vertex 111.78 -51.89 2
    endloop
  endfacet
  facet normal 0.4753719332571167 0.7922669103366564 -0.38253714572182373
    outer loop
      vertex 111.6536 -52.1266 1
      vertex 111.7478 -51.9502 1.4824
      vertex 113.0921 -52.7568 1.4824
    endloop
  endfacet
  facet normal 0.5100956019838467 0.8501382565669361 -0.13064234213327383
    outer loop
      vertex 111.7478 -51.9502 1.4824
      vertex 113.13 -52.7 2
      vertex 113.0921 -52.7568 1.4824
    endloop
  endfacet
  facet normal 0.5100884953437341 0.8501474922395509 -0.1306099856701938
    outer loop
      vertex 111.7478 -51.9502 1.4824
      vertex 111.78 -51.89 2
      vertex 113.13 -52.7 2
    endloop
  endfacet
  facet normal 0.5486349867672173 0.7434036660526514 -0.38255802252000065
    outer loop
      vertex 112.9812 -52.9232 1
      vertex 113.0921 -52.7568 1.4824
      vertex 114.3467 -53.6827 1.4824
    endloop
  endfacet
  facet normal 0.5887289876661854 0.797731275435787 -0.130472185821887
    outer loop
      vertex 113.0921 -52.7568 1.4824
      vertex 114.39 -53.63 2
      vertex 114.3467 -53.6827 1.4824
    endloop
  endfacet
  facet normal 0.5887624599272905 0.7976781715143971 -0.130645705898869
    outer loop
      vertex 113.0921 -52.7568 1.4824
      vertex 113.13 -52.7 2
      vertex 114.39 -53.63 2
    endloop
  endfacet
  facet normal 0.6231929643465108 0.6819992355439659 -0.3827630754219305
    outer loop
      vertex 114.2196 -53.8373 1
      vertex 114.3467 -53.6827 1.4824
      vertex 115.5018 -54.7382 1.4824
    endloop
  endfacet
  facet normal 0.6688002212527826 0.731910123703544 -0.13043709162846237
    outer loop
      vertex 114.3467 -53.6827 1.4824
      vertex 115.55 -54.69 2
      vertex 115.5018 -54.7382 1.4824
    endloop
  endfacet
  facet normal 0.6688051901696095 0.7319000194308947 -0.1304683071065486
    outer loop
      vertex 114.3467 -53.6827 1.4824
      vertex 114.39 -53.63 2
      vertex 115.55 -54.69 2
    endloop
  endfacet
  facet normal 0.282474353478957 0.25815270561438247 -0.9238860428703418
    outer loop
      vertex 114.5007 -55.7393 0.0681
      vertex 115.8365 -56.4859 0.2679
      vertex 115.4634 -56.7927 0.0681
    endloop
  endfacet
  facet normal 0.30788374033760685 0.22725187311396347 -0.9238853763329735
    outer loop
      vertex 115.4634 -56.7927 0.0681
      vertex 115.8365 -56.4859 0.2679
      vertex 116.7071 -57.6654 0.2679
    endloop
  endfacet
  facet normal 0.4494554085108076 0.41070996478475535 -0.7932888254519207
    outer loop
      vertex 114.8422 -55.3978 0.2679
      vertex 116.1569 -56.2225 0.5858
      vertex 115.8365 -56.4859 0.2679
    endloop
  endfacet
  facet normal 0.44944615655072273 0.4106890141484558 -0.7933049136489403
    outer loop
      vertex 115.1354 -55.1046 0.5858
      vertex 116.1569 -56.2225 0.5858
      vertex 114.8422 -55.3978 0.2679
    endloop
  endfacet
  facet normal 0.48986718380080624 0.361554211343459 -0.7932897922543038
    outer loop
      vertex 115.8365 -56.4859 0.2679
      vertex 116.1569 -56.2225 0.5858
      vertex 117.0521 -57.4354 0.5858
    endloop
  endfacet
  facet normal 0.5857149462178697 0.535240869586663 -0.6086503210391915
    outer loop
      vertex 115.1354 -55.1046 0.5858
      vertex 115.3603 -54.8797 1
      vertex 116.4027 -56.0204 1
    endloop
  endfacet
  facet normal 0.5856988291878223 0.5351921943066059 -0.6087086303325212
    outer loop
      vertex 115.1354 -55.1046 0.5858
      vertex 116.4027 -56.0204 1
      vertex 116.1569 -56.2225 0.5858
    endloop
  endfacet
  facet normal 0.6819820116946042 0.6232121057161868 -0.3827625987655758
    outer loop
      vertex 115.3603 -54.8797 1
      vertex 116.5573 -55.8933 1.4824
      vertex 116.4027 -56.0204 1
    endloop
  endfacet
  facet normal 0.6383067267887755 0.4711123603110819 -0.608783760048115
    outer loop
      vertex 116.1569 -56.2225 0.5858
      vertex 117.3168 -57.2588 1
      vertex 117.0521 -57.4354 0.5858
    endloop
  endfacet
  facet normal 0.6383341794875694 0.47117350893862325 -0.6087076472103801
    outer loop
      vertex 116.1569 -56.2225 0.5858
      vertex 116.4027 -56.0204 1
      vertex 117.3168 -57.2588 1
    endloop
  endfacet
  facet normal 0.7433594444336111 0.5486957914702586 -0.38255674715547683
    outer loop
      vertex 116.4027 -56.0204 1
      vertex 117.4832 -57.1479 1.4824
      vertex 117.3168 -57.2588 1
    endloop
  endfacet
  facet normal 0.6819777031356583 0.6231732885981136 -0.3828334687610581
    outer loop
      vertex 115.3603 -54.8797 1
      vertex 115.5018 -54.7382 1.4824
      vertex 116.5573 -55.8933 1.4824
    endloop
  endfacet
  facet normal 0.7319030455051162 0.6688079553753642 -0.13043715270949738
    outer loop
      vertex 115.5018 -54.7382 1.4824
      vertex 115.55 -54.69 2
      vertex 116.61 -55.85 2
    endloop
  endfacet
  facet normal 0.7319070847336991 0.668797444322061 -0.13046837848650247
    outer loop
      vertex 115.5018 -54.7382 1.4824
      vertex 116.61 -55.85 2
      vertex 116.5573 -55.8933 1.4824
    endloop
  endfacet
  facet normal 0.7433354301848377 0.5485846284139504 -0.3827627773175576
    outer loop
      vertex 116.4027 -56.0204 1
      vertex 116.5573 -55.8933 1.4824
      vertex 117.4832 -57.1479 1.4824
    endloop
  endfacet
  facet normal 0.7976965145147348 0.5887759988085001 -0.13047257933411327
    outer loop
      vertex 116.5573 -55.8933 1.4824
      vertex 116.61 -55.85 2
      vertex 117.54 -57.11 2
    endloop
  endfacet
  facet normal 0.7977128518829125 0.588715391007803 -0.13064606512007956
    outer loop
      vertex 116.5573 -55.8933 1.4824
      vertex 117.54 -57.11 2
      vertex 117.4832 -57.1479 1.4824
    endloop
  endfacet
  facet normal 0.1049449791099095 0.07745522741530131 -0.9914571292323558
    outer loop
      vertex 115.063 -57.1219 0
      vertex 115.4634 -56.7927 0.0681
      vertex 116.3053 -57.9334 0.0681
    endloop
  endfacet
  facet normal 0.10494226421638454 0.07745101956861583 -0.9914577453169249
    outer loop
      vertex 115.063 -57.1219 0
      vertex 116.3053 -57.9334 0.0681
      vertex 115.8741 -58.2209 0
    endloop
  endfacet
  facet normal 0.3078643245300702 0.2272209825737443 -0.9238994440737941
    outer loop
      vertex 115.4634 -56.7927 0.0681
      vertex 116.7071 -57.6654 0.2679
      vertex 116.3053 -57.9334 0.0681
    endloop
  endfacet
  facet normal 0.11183817550327509 0.06710837906860914 -0.9914578599007033
    outer loop
      vertex 115.8741 -58.2209 0
      vertex 116.3053 -57.9334 0.0681
      vertex 117.0409 -59.1593 0.0681
    endloop
  endfacet
  facet normal 0.3281534251190317 0.19690811609230463 -0.9238736512097461
    outer loop
      vertex 116.3053 -57.9334 0.0681
      vertex 117.4669 -58.9318 0.2679
      vertex 117.0409 -59.1593 0.0681
    endloop
  endfacet
  facet normal 0.3281151023875802 0.19685869772116393 -0.923897793436436
    outer loop
      vertex 116.3053 -57.9334 0.0681
      vertex 116.7071 -57.6654 0.2679
      vertex 117.4669 -58.9318 0.2679
    endloop
  endfacet
  facet normal 0.489888179651227 0.36159105485744575 -0.7932600333340176
    outer loop
      vertex 115.8365 -56.4859 0.2679
      vertex 117.0521 -57.4354 0.5858
      vertex 116.7071 -57.6654 0.2679
    endloop
  endfacet
  facet normal 0.5220884522467598 0.3132365808726199 -0.7932884043233038
    outer loop
      vertex 116.7071 -57.6654 0.2679
      vertex 117.8327 -58.7364 0.5858
      vertex 117.4669 -58.9318 0.2679
    endloop
  endfacet
  facet normal 0.5221087652562721 0.31326525915376563 -0.7932637106598882
    outer loop
      vertex 116.7071 -57.6654 0.2679
      vertex 117.0521 -57.4354 0.5858
      vertex 117.8327 -58.7364 0.5858
    endloop
  endfacet
  facet normal 0.1118356045476714 0.06710514543127598 -0.991458368774052
    outer loop
      vertex 115.8741 -58.2209 0
      vertex 117.0409 -59.1593 0.0681
      vertex 116.5837 -59.4035 0
    endloop
  endfacet
  facet normal 0.11795268220494076 0.05565256966632867 -0.9914584995097852
    outer loop
      vertex 116.5837 -59.4035 0
      vertex 117.0409 -59.1593 0.0681
      vertex 117.6487 -60.4475 0.0681
    endloop
  endfacet
  facet normal 0.3461023734861298 0.16329999289954186 -0.9238756731218097
    outer loop
      vertex 117.0409 -59.1593 0.0681
      vertex 117.4669 -58.9318 0.2679
      vertex 118.0949 -60.2628 0.2679
    endloop
  endfacet
  facet normal 0.11795332210810548 0.055653229824151516 -0.9914583863248128
    outer loop
      vertex 116.5837 -59.4035 0
      vertex 117.6487 -60.4475 0.0681
      vertex 117.1698 -60.6457 0
    endloop
  endfacet
  facet normal 0.34609968192808727 0.16329714848307414 -0.9238771841898542
    outer loop
      vertex 117.0409 -59.1593 0.0681
      vertex 118.0949 -60.2628 0.2679
      vertex 117.6487 -60.4475 0.0681
    endloop
  endfacet
  facet normal 0.6802764525464908 0.4081863679561122 -0.6087756870355119
    outer loop
      vertex 117.0521 -57.4354 0.5858
      vertex 117.3168 -57.2588 1
      vertex 118.1134 -58.5864 1
    endloop
  endfacet
  facet normal 0.6802585557156504 0.4081551334293932 -0.6088166262766577
    outer loop
      vertex 117.0521 -57.4354 0.5858
      vertex 118.1134 -58.5864 1
      vertex 117.8327 -58.7364 0.5858
    endloop
  endfacet
  facet normal 0.12278837702195558 0.043970525124746744 -0.9914583235762199
    outer loop
      vertex 117.6487 -60.4475 0.0681
      vertex 118.1297 -61.7907 0.0681
      vertex 117.1698 -60.6457 0
    endloop
  endfacet
  facet normal 0.12279170210984929 0.04397334461074589 -0.9914577867245336
    outer loop
      vertex 117.1698 -60.6457 0
      vertex 118.1297 -61.7907 0.0681
      vertex 117.6337 -61.9411 0
    endloop
  endfacet
  facet normal 0.5506336568325263 0.2597989342201258 -0.7932887807988503
    outer loop
      vertex 117.4669 -58.9318 0.2679
      vertex 117.8327 -58.7364 0.5858
      vertex 118.4781 -60.1043 0.5858
    endloop
  endfacet
  facet normal 0.5506397837872237 0.2598059986614407 -0.7932822143287286
    outer loop
      vertex 117.4669 -58.9318 0.2679
      vertex 118.4781 -60.1043 0.5858
      vertex 118.0949 -60.2628 0.2679
    endloop
  endfacet
  facet normal 0.7922616442577486 0.4753808570470943 -0.3825369626469823
    outer loop
      vertex 117.3168 -57.2588 1
      vertex 118.2898 -58.4922 1.4824
      vertex 118.1134 -58.5864 1
    endloop
  endfacet
  facet normal 0.7174767140759754 0.33849155676969056 -0.6088108333089783
    outer loop
      vertex 117.8327 -58.7364 0.5858
      vertex 118.1134 -58.5864 1
      vertex 118.7721 -59.9826 1
    endloop
  endfacet
  facet normal 0.7175055909222477 0.3385321356687006 -0.6087542362192682
    outer loop
      vertex 117.8327 -58.7364 0.5858
      vertex 118.7721 -59.9826 1
      vertex 118.4781 -60.1043 0.5858
    endloop
  endfacet
  facet normal 0.8355295840692714 0.39418660437360387 -0.38276263542493044
    outer loop
      vertex 118.1134 -58.5864 1
      vertex 118.957 -59.9061 1.4824
      vertex 118.7721 -59.9826 1
    endloop
  endfacet
  facet normal 0.3602493513929375 0.12900531418999447 -0.9238928691854422
    outer loop
      vertex 117.6487 -60.4475 0.0681
      vertex 118.5919 -61.6505 0.2679
      vertex 118.1297 -61.7907 0.0681
    endloop
  endfacet
  facet normal 0.36028215526491864 0.12903381938939557 -0.9238760966988213
    outer loop
      vertex 117.6487 -60.4475 0.0681
      vertex 118.0949 -60.2628 0.2679
      vertex 118.5919 -61.6505 0.2679
    endloop
  endfacet
  facet normal 0.371232478558923 0.0927950902813645 -0.9238915077446442
    outer loop
      vertex 118.1297 -61.7907 0.0681
      vertex 118.5919 -61.6505 0.2679
      vertex 118.948 -63.0751 0.2679
    endloop
  endfacet
  facet normal 0.5732608919294564 0.2053114241471062 -0.7932333634555038
    outer loop
      vertex 118.0949 -60.2628 0.2679
      vertex 118.9887 -61.5302 0.5858
      vertex 118.5919 -61.6505 0.2679
    endloop
  endfacet
  facet normal 0.5732055548021698 0.2052589636594335 -0.793286927776698
    outer loop
      vertex 118.0949 -60.2628 0.2679
      vertex 118.4781 -60.1043 0.5858
      vertex 118.9887 -61.5302 0.5858
    endloop
  endfacet
  facet normal 0.5907260861871245 0.14771178208667968 -0.7932363585532495
    outer loop
      vertex 118.5919 -61.6505 0.2679
      vertex 118.9887 -61.5302 0.5858
      vertex 119.3548 -62.9943 0.5858
    endloop
  endfacet
  facet normal 0.12654470671679904 0.031638556949808785 -0.9914562213815056
    outer loop
      vertex 117.6337 -61.9411 0
      vertex 118.4743 -63.1692 0.0681
      vertex 117.966 -63.2702 0
    endloop
  endfacet
  facet normal 0.12653414819216993 0.031631242268423565 -0.9914578023566301
    outer loop
      vertex 117.6337 -61.9411 0
      vertex 118.1297 -61.7907 0.0681
      vertex 118.4743 -63.1692 0.0681
    endloop
  endfacet
  facet normal 0.37124614538379896 0.09280480355404967 -0.9238850404541495
    outer loop
      vertex 118.1297 -61.7907 0.0681
      vertex 118.948 -63.0751 0.2679
      vertex 118.4743 -63.1692 0.0681
    endloop
  endfacet
  facet normal 0.12902647588936453 0.019148643658204074 -0.9914562511606966
    outer loop
      vertex 117.966 -63.2702 0
      vertex 118.4743 -63.1692 0.0681
      vertex 118.6832 -64.5768 0.0681
    endloop
  endfacet
  facet normal 0.37852202658159995 0.05617954149677429 -0.9238857800127519
    outer loop
      vertex 118.948 -63.0751 0.2679
      vertex 119.1638 -64.5291 0.2679
      vertex 118.4743 -63.1692 0.0681
    endloop
  endfacet
  facet normal 0.5906295386273305 0.14763665499451872 -0.7933222335236144
    outer loop
      vertex 118.5919 -61.6505 0.2679
      vertex 119.3548 -62.9943 0.5858
      vertex 118.948 -63.0751 0.2679
    endloop
  endfacet
  facet normal 0.6022092487200554 0.08934161445830499 -0.7933234502282219
    outer loop
      vertex 118.948 -63.0751 0.2679
      vertex 119.3548 -62.9943 0.5858
      vertex 119.5764 -64.488 0.5858
    endloop
  endfacet
  facet normal 0.7468589364854231 0.2674424384384984 -0.6088318906840646
    outer loop
      vertex 118.4781 -60.1043 0.5858
      vertex 119.2933 -61.4379 1
      vertex 118.9887 -61.5302 0.5858
    endloop
  endfacet
  facet normal 0.746905758167749 0.26749624211986256 -0.6087508101576636
    outer loop
      vertex 118.4781 -60.1043 0.5858
      vertex 118.7721 -59.9826 1
      vertex 119.2933 -61.4379 1
    endloop
  endfacet
  facet normal 0.7696078142545923 0.19240195356364628 -0.6088393059774979
    outer loop
      vertex 118.9887 -61.5302 0.5858
      vertex 119.2933 -61.4379 1
      vertex 119.6669 -62.9323 1
    endloop
  endfacet
  facet normal 0.8698033552181827 0.31151069108755786 -0.38262672748952603
    outer loop
      vertex 118.7721 -59.9826 1
      vertex 119.4847 -61.3798 1.4824
      vertex 119.2933 -61.4379 1
    endloop
  endfacet
  facet normal 0.7696645072205576 0.19245555364623187 -0.6087506929734525
    outer loop
      vertex 118.9887 -61.5302 0.5858
      vertex 119.6669 -62.9323 1
      vertex 119.3548 -62.9943 0.5858
    endloop
  endfacet
  facet normal 0.7847027920109918 0.11641570510118729 -0.6088422717058563
    outer loop
      vertex 119.3548 -62.9943 0.5858
      vertex 119.8931 -64.4565 1
      vertex 119.5764 -64.488 0.5858
    endloop
  endfacet
  facet normal 0.7847644924534676 0.11646354034442855 -0.6087535914922335
    outer loop
      vertex 119.3548 -62.9943 0.5858
      vertex 119.6669 -62.9323 1
      vertex 119.8931 -64.4565 1
    endloop
  endfacet
  facet normal 0.8963051615822177 0.22407629039555235 -0.38265764516554834
    outer loop
      vertex 119.2933 -61.4379 1
      vertex 119.8631 -62.8933 1.4824
      vertex 119.6669 -62.9323 1
    endloop
  endfacet
  facet normal 0.913924637919061 0.1356316448611047 -0.38255171299679763
    outer loop
      vertex 119.6669 -62.9323 1
      vertex 120.0921 -64.4368 1.4824
      vertex 119.8931 -64.4565 1
    endloop
  endfacet
  facet normal 0.792256831466256 0.47536588578493344 -0.3825655337676852
    outer loop
      vertex 117.3168 -57.2588 1
      vertex 117.4832 -57.1479 1.4824
      vertex 118.2898 -58.4922 1.4824
    endloop
  endfacet
  facet normal 0.8501438442592774 0.5100863065555583 -0.1306422746761807
    outer loop
      vertex 117.4832 -57.1479 1.4824
      vertex 117.54 -57.11 2
      vertex 118.35 -58.46 2
    endloop
  endfacet
  facet normal 0.8501419199669872 0.5100978000783873 -0.13060991643069964
    outer loop
      vertex 117.4832 -57.1479 1.4824
      vertex 118.35 -58.46 2
      vertex 118.2898 -58.4922 1.4824
    endloop
  endfacet
  facet normal 0.8355777521471298 0.39429767043819075 -0.3825430266045448
    outer loop
      vertex 118.1134 -58.5864 1
      vertex 118.2898 -58.4922 1.4824
      vertex 118.957 -59.9061 1.4824
    endloop
  endfacet
  facet normal 0.8966356496839589 0.42311005408383184 -0.13046989633245645
    outer loop
      vertex 118.2898 -58.4922 1.4824
      vertex 119.02 -59.88 2
      vertex 118.957 -59.9061 1.4824
    endloop
  endfacet
  facet normal 0.8966388983053112 0.423062015397577 -0.1306032816340326
    outer loop
      vertex 118.2898 -58.4922 1.4824
      vertex 118.35 -58.46 2
      vertex 119.02 -59.88 2
    endloop
  endfacet
  facet normal 0.8697666327181149 0.3114445627233207 -0.38276401210180616
    outer loop
      vertex 118.7721 -59.9826 1
      vertex 118.957 -59.9061 1.4824
      vertex 119.4847 -61.3798 1.4824
    endloop
  endfacet
  facet normal 0.9334070080728384 0.3342606177558151 -0.13046530840807122
    outer loop
      vertex 118.957 -59.9061 1.4824
      vertex 119.02 -59.88 2
      vertex 119.55 -61.36 2
    endloop
  endfacet
  facet normal 0.8963175072248049 0.22409418218293045 -0.3826182480672812
    outer loop
      vertex 119.2933 -61.4379 1
      vertex 119.4847 -61.3798 1.4824
      vertex 119.8631 -62.8933 1.4824
    endloop
  endfacet
  facet normal 0.933406168622123 0.33423249995379206 -0.13054332749247446
    outer loop
      vertex 118.957 -59.9061 1.4824
      vertex 119.55 -61.36 2
      vertex 119.4847 -61.3798 1.4824
    endloop
  endfacet
  facet normal 0.9618405893455934 0.24046014733640395 -0.13054347256862947
    outer loop
      vertex 119.4847 -61.3798 1.4824
      vertex 119.55 -61.36 2
      vertex 119.93 -62.88 2
    endloop
  endfacet
  facet normal 0.9138878777262884 0.13558815937759577 -0.38265493330353956
    outer loop
      vertex 119.6669 -62.9323 1
      vertex 119.8631 -62.8933 1.4824
      vertex 120.0921 -64.4368 1.4824
    endloop
  endfacet
  facet normal 0.9618426955816639 0.24047656161750955 -0.13049770982212183
    outer loop
      vertex 119.4847 -61.3798 1.4824
      vertex 119.93 -62.88 2
      vertex 119.8631 -62.8933 1.4824
    endloop
  endfacet
  facet normal 0.9807051998541942 0.14550145174383508 -0.13056277616296805
    outer loop
      vertex 119.8631 -62.8933 1.4824
      vertex 120.16 -64.43 2
      vertex 120.0921 -64.4368 1.4824
    endloop
  endfacet
  facet normal 0.9807105510061463 0.14552479143961486 -0.13049655252794065
    outer loop
      vertex 119.8631 -62.8933 1.4824
      vertex 119.93 -62.88 2
      vertex 120.16 -64.43 2
    endloop
  endfacet
  facet normal -0.2425356250363287 0.970142500145333 0
    outer loop
      vertex 99.6 -50.69 2
      vertex 101.12 -50.31 20
      vertex 101.12 -50.31 2
    endloop
  endfacet
  facet normal -0.1467799414970258 0.9891691709581986 0
    outer loop
      vertex 101.12 -50.31 2
      vertex 102.67 -50.08 20
      vertex 102.67 -50.08 2
    endloop
  endfacet
  facet normal -0.05088939085473405 0.9987042955241726 0
    outer loop
      vertex 102.67 -50.08 2
      vertex 104.24 -50 20
      vertex 104.24 -50 2
    endloop
  endfacet
  facet normal 0.05088939085473359 0.9987042955241726 0
    outer loop
      vertex 104.24 -50 2
      vertex 105.81 -50.08 20
      vertex 105.81 -50.08 2
    endloop
  endfacet
  facet normal 0.1467799414970258 0.9891691709581986 0
    outer loop
      vertex 105.81 -50.08 2
      vertex 107.36 -50.31 20
      vertex 107.36 -50.31 2
    endloop
  endfacet
  facet normal 0.24253562503633083 0.9701425001453324 0
    outer loop
      vertex 107.36 -50.31 2
      vertex 108.88 -50.69 20
      vertex 108.88 -50.69 2
    endloop
  endfacet
  facet normal 0.33714221441261866 0.941453730812596 0
    outer loop
      vertex 108.88 -50.69 2
      vertex 110.36 -51.22 20
      vertex 110.36 -51.22 2
    endloop
  endfacet
  facet normal 0.42671697029007644 0.9043852206147877 0
    outer loop
      vertex 110.36 -51.22 2
      vertex 111.78 -51.89 20
      vertex 111.78 -51.89 2
    endloop
  endfacet
  facet normal 0.5144957554275292 0.8574929257125427 0
    outer loop
      vertex 111.78 -51.89 2
      vertex 113.13 -52.7 20
      vertex 113.13 -52.7 2
    endloop
  endfacet
  facet normal 0.5938522968371122 0.8045740795857684 0
    outer loop
      vertex 113.13 -52.7 2
      vertex 114.39 -53.63 20
      vertex 114.39 -53.63 2
    endloop
  endfacet
  facet normal 0.6745710998846677 0.7382098828926564 0
    outer loop
      vertex 114.39 -53.63 2
      vertex 115.55 -54.69 20
      vertex 115.55 -54.69 2
    endloop
  endfacet
  facet normal 0.7382098828926563 0.674571099884668 0
    outer loop
      vertex 115.55 -54.69 2
      vertex 116.61 -55.85 20
      vertex 116.61 -55.85 2
    endloop
  endfacet
  facet normal 0.8045740795857647 0.5938522968371173 0
    outer loop
      vertex 116.61 -55.85 2
      vertex 117.54 -57.11 20
      vertex 117.54 -57.11 2
    endloop
  endfacet
  facet normal 0.8574929257125478 0.5144957554275206 0
    outer loop
      vertex 117.54 -57.11 2
      vertex 118.35 -58.46 20
      vertex 118.35 -58.46 2
    endloop
  endfacet
  facet normal 0.9043852206147877 0.42671697029007644 0
    outer loop
      vertex 118.35 -58.46 2
      vertex 119.02 -59.88 20
      vertex 119.02 -59.88 2
    endloop
  endfacet
  facet normal 0.9414537308125955 0.3371422144126201 0
    outer loop
      vertex 119.02 -59.88 2
      vertex 119.55 -61.36 20
      vertex 119.55 -61.36 2
    endloop
  endfacet
  facet normal 0.9701425001453305 0.2425356250363383 0
    outer loop
      vertex 119.55 -61.36 2
      vertex 119.93 -62.88 20
      vertex 119.93 -62.88 2
    endloop
  endfacet
  facet normal 0.9891691709581998 0.14677994149701626 0
    outer loop
      vertex 119.93 -62.88 2
      vertex 120.16 -64.43 20
      vertex 120.16 -64.43 2
    endloop
  endfacet
  facet normal 0 0 -1
    outer loop
      vertex 93.7472 -55.983 0
      vertex 112.0171 -77.6357 0
      vertex 108.099 -80 0
    endloop
  endfacet
  facet normal 0 0 -1
    outer loop
      vertex 93.7472 -55.983 0
      vertex 113.1181 -76.823 0
      vertex 112.0171 -77.6357 0
    endloop
  endfacet
  facet normal 0 0 -1
    outer loop
      vertex 93.7472 -55.983 0
      vertex 115.063 -74.8781 0
      vertex 114.1344 -75.8944 0
    endloop
  endfacet
  facet normal 0 0 -1
    outer loop
      vertex 93.7472 -55.983 0
      vertex 114.1344 -75.8944 0
      vertex 113.1181 -76.823 0
    endloop
  endfacet
  facet normal 0 0 -1
    outer loop
      vertex 93.7472 -55.983 0
      vertex 116.5837 -72.5965 0
      vertex 115.8741 -73.7791 0
    endloop
  endfacet
  facet normal 0 0 -1
    outer loop
      vertex 93.7472 -55.983 0
      vertex 118.1675 -67.3719 0
      vertex 117.966 -68.7298 0
    endloop
  endfacet
  facet normal 0 0 -1
    outer loop
      vertex 93.7472 -55.983 0
      vertex 117.966 -68.7298 0
      vertex 117.6337 -70.0589 0
    endloop
  endfacet
  facet normal 0 0 -1
    outer loop
      vertex 93.7472 -55.983 0
      vertex 117.6337 -70.0589 0
      vertex 117.1698 -71.3543 0
    endloop
  endfacet
  facet normal 0 0 -1
    outer loop
      vertex 93.7472 -55.983 0
      vertex 117.1698 -71.3543 0
      vertex 116.5837 -72.5965 0
    endloop
  endfacet
  facet normal 0 0 -1
    outer loop
      vertex 93.7472 -55.983 0
      vertex 115.8741 -73.7791 0
      vertex 115.063 -74.8781 0
    endloop
  endfacet
  facet normal 0 0 -1
    outer loop
      vertex 93.7472 -55.983 0
      vertex 108.099 -80 0
      vertex 117.966 -96.7298 0
    endloop
  endfacet
  facet normal 0 0 -1
    outer loop
      vertex 92.3437 -45.4035 0
      vertex 105.6119 -107.9275 0
      vertex 104.24 -107.9974 0
    endloop
  endfacet
  facet normal 0 0 -1
    outer loop
      vertex 92.3437 -45.4035 0
      vertex 106.9698 -107.726 0
      vertex 105.6119 -107.9275 0
    endloop
  endfacet
  facet normal 0 0 -1
    outer loop
      vertex 92.3437 -45.4035 0
      vertex 108.2989 -107.3937 0
      vertex 106.9698 -107.726 0
    endloop
  endfacet
  facet normal 0 0 -1
    outer loop
      vertex 93.7472 -55.983 0
      vertex 109.5943 -106.9298 0
      vertex 108.2989 -107.3937 0
    endloop
  endfacet
  facet normal 0 0 -1
    outer loop
      vertex 93.7472 -55.983 0
      vertex 110.8365 -106.3437 0
      vertex 109.5943 -106.9298 0
    endloop
  endfacet
  facet normal 0.06739016332458132 -0.11167846674366272 -0.9914567494111232
    outer loop
      vertex 108.099 -80 0
      vertex 112.0171 -77.6357 0
      vertex 109.1009 -80 0.0681
    endloop
  endfacet
  facet normal 0.06739020194239298 0.11167339939171275 -0.9914573175636269
    outer loop
      vertex 108.099 -80 0
      vertex 109.1009 -80 0.0681
      vertex 112.3051 -81.9336 0.0681
    endloop
  endfacet
  facet normal 0 0 -1
    outer loop
      vertex 93.7472 -55.983 0
      vertex 117.6337 -98.0589 0
      vertex 117.1698 -99.3543 0
    endloop
  endfacet
  facet normal 0 0 -1
    outer loop
      vertex 93.7472 -55.983 0
      vertex 117.966 -96.7298 0
      vertex 117.6337 -98.0589 0
    endloop
  endfacet
  facet normal 0 0 -1
    outer loop
      vertex 93.7472 -55.983 0
      vertex 114.1344 -103.8944 0
      vertex 113.1181 -104.823 0
    endloop
  endfacet
  facet normal 0 0 -1
    outer loop
      vertex 93.7472 -55.983 0
      vertex 115.063 -102.8781 0
      vertex 114.1344 -103.8944 0
    endloop
  endfacet
  facet normal 0 0 -1
    outer loop
      vertex 93.7472 -55.983 0
      vertex 112.0191 -105.6341 0
      vertex 110.8365 -106.3437 0
    endloop
  endfacet
  facet normal 0 0 -1
    outer loop
      vertex 93.7472 -55.983 0
      vertex 113.1181 -104.823 0
      vertex 112.0191 -105.6341 0
    endloop
  endfacet
  facet normal 0 0 -1
    outer loop
      vertex 93.7472 -55.983 0
      vertex 116.5837 -100.5965 0
      vertex 115.8741 -101.7791 0
    endloop
  endfacet
  facet normal 0 0 -1
    outer loop
      vertex 93.7472 -55.983 0
      vertex 115.8741 -101.7791 0
      vertex 115.063 -102.8781 0
    endloop
  endfacet
  facet normal 0 0 -1
    outer loop
      vertex 93.7472 -55.983 0
      vertex 117.1698 -99.3543 0
      vertex 116.5837 -100.5965 0
    endloop
  endfacet
  facet normal 0.07747442814096649 -0.10495797389344573 -0.9914542534582282
    outer loop
      vertex 112.0171 -77.6357 0
      vertex 113.1181 -76.823 0
      vertex 112.3051 -78.0664 0.0681
    endloop
  endfacet
  facet normal 0.07745482210058982 -0.10494531174767914 -0.9914571256870105
    outer loop
      vertex 113.1181 -76.823 0
      vertex 113.4473 -77.2234 0.0681
      vertex 112.3051 -78.0664 0.0681
    endloop
  endfacet
  facet normal 0.2272536075604971 -0.30791111572431706 -0.9238758264313153
    outer loop
      vertex 113.4473 -77.2234 0.0681
      vertex 112.5735 -78.4678 0.2679
      vertex 112.3051 -78.0664 0.0681
    endloop
  endfacet
  facet normal 0.22723360202745213 -0.30789853156617975 -0.9238849410879147
    outer loop
      vertex 113.4473 -77.2234 0.0681
      vertex 113.7541 -77.5965 0.2679
      vertex 112.5735 -78.4678 0.2679
    endloop
  endfacet
  facet normal 0.08798137780646642 -0.09629062488123304 -0.9914572067009536
    outer loop
      vertex 113.1181 -76.823 0
      vertex 114.1344 -75.8944 0
      vertex 113.4473 -77.2234 0.0681
    endloop
  endfacet
  facet normal 0.2581527056143857 -0.2824743534789586 -0.9238860428703406
    outer loop
      vertex 113.4473 -77.2234 0.0681
      vertex 114.5007 -76.2607 0.0681
      vertex 113.7541 -77.5965 0.2679
    endloop
  endfacet
  facet normal 0.09631783064373248 -0.08800623589075095 -0.9914523578793016
    outer loop
      vertex 114.1344 -75.8944 0
      vertex 115.063 -74.8781 0
      vertex 114.5007 -76.2607 0.0681
    endloop
  endfacet
  facet normal 0.09628196987679913 -0.08799188570381115 -0.9914571147190031
    outer loop
      vertex 115.063 -74.8781 0
      vertex 115.4634 -75.2073 0.0681
      vertex 114.5007 -76.2607 0.0681
    endloop
  endfacet
  facet normal 0.28243294106076283 -0.2581148588942442 -0.9239092777008855
    outer loop
      vertex 114.5007 -76.2607 0.0681
      vertex 115.4634 -75.2073 0.0681
      vertex 114.8422 -76.6022 0.2679
    endloop
  endfacet
  facet normal 0.08801586877302779 -0.09630821249143796 -0.9914524371097352
    outer loop
      vertex 113.4473 -77.2234 0.0681
      vertex 114.1344 -75.8944 0
      vertex 114.5007 -76.2607 0.0681
    endloop
  endfacet
  facet normal 0.25809953821399784 -0.28244806148109347 -0.9239089354147916
    outer loop
      vertex 113.7541 -77.5965 0.2679
      vertex 114.5007 -76.2607 0.0681
      vertex 114.8422 -76.6022 0.2679
    endloop
  endfacet
  facet normal 0.4107099647847571 -0.44945540851080606 -0.7932888254519208
    outer loop
      vertex 113.7541 -77.5965 0.2679
      vertex 114.8422 -76.6022 0.2679
      vertex 114.0175 -77.9169 0.5858
    endloop
  endfacet
  facet normal 0.41068901414845743 -0.449446156550721 -0.7933049136489404
    outer loop
      vertex 114.8422 -76.6022 0.2679
      vertex 115.1354 -76.8954 0.5858
      vertex 114.0175 -77.9169 0.5858
    endloop
  endfacet
  facet normal 0.5351921943066053 -0.5856988291878172 -0.6087086303325272
    outer loop
      vertex 114.0175 -77.9169 0.5858
      vertex 115.1354 -76.8954 0.5858
      vertex 114.2196 -78.1627 1
    endloop
  endfacet
  facet normal 0.5352408695866612 -0.5857149462178641 -0.6086503210391984
    outer loop
      vertex 115.1354 -76.8954 0.5858
      vertex 115.3603 -77.1203 1
      vertex 114.2196 -78.1627 1
    endloop
  endfacet
  facet normal 0.623212105716189 -0.6819820116946023 -0.3827625987655757
    outer loop
      vertex 115.3603 -77.1203 1
      vertex 114.3467 -78.3173 1.4824
      vertex 114.2196 -78.1627 1
    endloop
  endfacet
  facet normal 0.6231732885981208 -0.6819777031356569 -0.38283346876104885
    outer loop
      vertex 115.3603 -77.1203 1
      vertex 115.5018 -77.2618 1.4824
      vertex 114.3467 -78.3173 1.4824
    endloop
  endfacet
  facet normal 0.668797444322066 -0.7319070847336948 -0.1304683784865025
    outer loop
      vertex 115.5018 -77.2618 1.4824
      vertex 114.39 -78.37 2
      vertex 114.3467 -78.3173 1.4824
    endloop
  endfacet
  facet normal 0.6688079553753654 -0.7319030455051131 -0.13043715270950812
    outer loop
      vertex 115.5018 -77.2618 1.4824
      vertex 115.55 -77.31 2
      vertex 114.39 -78.37 2
    endloop
  endfacet
  facet normal 0.12278779115002843 -0.043971944043924134 -0.9914583332049284
    outer loop
      vertex 117.6337 -70.0589 0
      vertex 117.6487 -71.5525 0.0681
      vertex 117.1698 -71.3543 0
    endloop
  endfacet
  facet normal 0.12902086345292268 0.019145521751060608 -0.9914570418282086
    outer loop
      vertex 117.966 -63.2702 0
      vertex 118.6832 -64.5768 0.0681
      vertex 118.1675 -64.6281 0
    endloop
  endfacet
  facet normal 0.37851352790617765 0.056174677450696174 -0.9238895576882171
    outer loop
      vertex 118.4743 -63.1692 0.0681
      vertex 119.1638 -64.5291 0.2679
      vertex 118.6832 -64.5768 0.0681
    endloop
  endfacet
  facet normal 0.13026526541218328 0.006635913253501956 -0.9914569709686777
    outer loop
      vertex 118.1675 -64.6281 0
      vertex 118.6832 -64.5768 0.0681
      vertex 118.7557 -66 0.0681
    endloop
  endfacet
  facet normal 0.13026855041102106 0.006637343591901066 -0.9914565297802291
    outer loop
      vertex 118.1675 -64.6281 0
      vertex 118.7557 -66 0.0681
      vertex 118.2374 -66 0
    endloop
  endfacet
  facet normal 0.3821779530277583 0.019468733554324442 -0.923883640202219
    outer loop
      vertex 118.6832 -64.5768 0.0681
      vertex 119.2387 -66 0.2679
      vertex 118.7557 -66 0.0681
    endloop
  endfacet
  facet normal 0.13026855150294997 -0.006636080652026824 -0.9914565380907542
    outer loop
      vertex 118.2374 -66 0
      vertex 118.7557 -66 0.0681
      vertex 118.6832 -67.4232 0.0681
    endloop
  endfacet
  facet normal 0.13026514144543444 -0.006637169900892607 -0.9914569788447241
    outer loop
      vertex 118.2374 -66 0
      vertex 118.6832 -67.4232 0.0681
      vertex 118.1675 -67.3719 0
    endloop
  endfacet
  facet normal 0.38215775217137476 -0.019467704491587086 -0.9238920180070559
    outer loop
      vertex 118.7557 -66 0.0681
      vertex 119.1638 -67.4709 0.2679
      vertex 118.6832 -67.4232 0.0681
    endloop
  endfacet
  facet normal 0.3821584650424935 0.019459969428025397 -0.9238918860917795
    outer loop
      vertex 118.6832 -64.5768 0.0681
      vertex 119.1638 -64.5291 0.2679
      vertex 119.2387 -66 0.2679
    endloop
  endfacet
  facet normal 0.6022861840279629 0.08939020530483854 -0.7932595689461261
    outer loop
      vertex 118.948 -63.0751 0.2679
      vertex 119.5764 -64.488 0.5858
      vertex 119.1638 -64.5291 0.2679
    endloop
  endfacet
  facet normal 0.6080033464528007 0.030960262865806294 -0.7933305697031192
    outer loop
      vertex 119.1638 -64.5291 0.2679
      vertex 119.6535 -66 0.5858
      vertex 119.2387 -66 0.2679
    endloop
  endfacet
  facet normal 0.608098695956651 0.031008207313657447 -0.7932556126842176
    outer loop
      vertex 119.1638 -64.5291 0.2679
      vertex 119.5764 -64.488 0.5858
      vertex 119.6535 -66 0.5858
    endloop
  endfacet
  facet normal 0.38217801084227976 -0.01946096472369743 -0.9238837799640501
    outer loop
      vertex 118.7557 -66 0.0681
      vertex 119.2387 -66 0.2679
      vertex 119.1638 -67.4709 0.2679
    endloop
  endfacet
  facet normal 0.6080025349098888 -0.031003303863455484 -0.793329510791512
    outer loop
      vertex 119.2387 -66 0.2679
      vertex 119.6535 -66 0.5858
      vertex 119.5764 -67.512 0.5858
    endloop
  endfacet
  facet normal 0.6081021951429123 -0.030965296360190242 -0.7932546064686274
    outer loop
      vertex 119.2387 -66 0.2679
      vertex 119.5764 -67.512 0.5858
      vertex 119.1638 -67.4709 0.2679
    endloop
  endfacet
  facet normal 0.7923606119039998 0.04040410263081236 -0.6087135362333564
    outer loop
      vertex 119.5764 -64.488 0.5858
      vertex 119.9717 -66 1
      vertex 119.6535 -66 0.5858
    endloop
  endfacet
  facet normal 0.792266324558416 0.040344757441067275 -0.6088401855312446
    outer loop
      vertex 119.5764 -64.488 0.5858
      vertex 119.8931 -64.4565 1
      vertex 119.9717 -66 1
    endloop
  endfacet
  facet normal 0.92266744288147 0.04698520311660426 -0.3827233733843031
    outer loop
      vertex 119.8931 -64.4565 1
      vertex 120.1718 -66 1.4824
      vertex 119.9717 -66 1
    endloop
  endfacet
  facet normal 0.7923623569292852 -0.04034964771923396 -0.6087148768104831
    outer loop
      vertex 119.6535 -66 0.5858
      vertex 119.9717 -66 1
      vertex 119.8931 -67.5435 1
    endloop
  endfacet
  facet normal 0.7922625795437239 -0.040399103758472894 -0.6088414551180272
    outer loop
      vertex 119.6535 -66 0.5858
      vertex 119.8931 -67.5435 1
      vertex 119.5764 -67.512 0.5858
    endloop
  endfacet
  facet normal 0.9227328221907427 -0.046988532441974415 -0.3825653103338784
    outer loop
      vertex 119.9717 -66 1
      vertex 120.0921 -67.5632 1.4824
      vertex 119.8931 -67.5435 1
    endloop
  endfacet
  facet normal 0.129026915842506 -0.01914641987058416 -0.9914562368527974
    outer loop
      vertex 118.1675 -67.3719 0
      vertex 118.4743 -68.8308 0.0681
      vertex 117.966 -68.7298 0
    endloop
  endfacet
  facet normal 0.12902063722967283 -0.01914777715066681 -0.99145702771176
    outer loop
      vertex 118.1675 -67.3719 0
      vertex 118.6832 -67.4232 0.0681
      vertex 118.4743 -68.8308 0.0681
    endloop
  endfacet
  facet normal 0.37851315051917966 -0.056178224127950434 -0.9238894966487468
    outer loop
      vertex 118.6832 -67.4232 0.0681
      vertex 119.1638 -67.4709 0.2679
      vertex 118.948 -68.9249 0.2679
    endloop
  endfacet
  facet normal 0.3785226965836905 -0.056176038161645896 -0.9238857185320448
    outer loop
      vertex 118.6832 -67.4232 0.0681
      vertex 118.948 -68.9249 0.2679
      vertex 118.4743 -68.8308 0.0681
    endloop
  endfacet
  facet normal 0.1265328342528719 -0.031635588610509434 -0.9914578313721678
    outer loop
      vertex 117.6337 -70.0589 0
      vertex 117.966 -68.7298 0
      vertex 118.1297 -70.2093 0.0681
    endloop
  endfacet
  facet normal 0.12654559539309693 -0.03163410386105266 -0.9914562500481375
    outer loop
      vertex 117.966 -68.7298 0
      vertex 118.4743 -68.8308 0.0681
      vertex 118.1297 -70.2093 0.0681
    endloop
  endfacet
  facet normal 0.12279214883550255 -0.04397187581140279 -0.9914577965410258
    outer loop
      vertex 117.6337 -70.0589 0
      vertex 118.1297 -70.2093 0.0681
      vertex 117.6487 -71.5525 0.0681
    endloop
  endfacet
  facet normal 0.36024465917890536 -0.12902039029467213 -0.9238925935525648
    outer loop
      vertex 118.1297 -70.2093 0.0681
      vertex 118.5919 -70.3495 0.2679
      vertex 118.0949 -71.7372 0.2679
    endloop
  endfacet
  facet normal 0.37123074619831214 -0.0928009540369518 -0.9238916148590569
    outer loop
      vertex 118.4743 -68.8308 0.0681
      vertex 118.5919 -70.3495 0.2679
      vertex 118.1297 -70.2093 0.0681
    endloop
  endfacet
  facet normal 0.37124737954643167 -0.09279881500525225 -0.9238851460617433
    outer loop
      vertex 118.4743 -68.8308 0.0681
      vertex 118.948 -68.9249 0.2679
      vertex 118.5919 -70.3495 0.2679
    endloop
  endfacet
  facet normal 0.5907395776406976 -0.14766416088575693 -0.7932351776105215
    outer loop
      vertex 118.948 -68.9249 0.2679
      vertex 118.9887 -70.4698 0.5858
      vertex 118.5919 -70.3495 0.2679
    endloop
  endfacet
  facet normal 0.5732703515114687 -0.2052821666889363 -0.7932340991897745
    outer loop
      vertex 118.5919 -70.3495 0.2679
      vertex 118.9887 -70.4698 0.5858
      vertex 118.4781 -71.8957 0.5858
    endloop
  endfacet
  facet normal 0.6022904815845652 -0.08935366587610959 -0.7932604226779079
    outer loop
      vertex 119.1638 -67.4709 0.2679
      vertex 119.5764 -67.512 0.5858
      vertex 119.3548 -69.0057 0.5858
    endloop
  endfacet
  facet normal 0.6022027346796486 -0.08937781990637529 -0.7933243168169851
    outer loop
      vertex 119.1638 -67.4709 0.2679
      vertex 119.3548 -69.0057 0.5858
      vertex 118.948 -68.9249 0.2679
    endloop
  endfacet
  facet normal 0.5906190202710533 -0.1476850101231023 -0.7933210640585566
    outer loop
      vertex 118.948 -68.9249 0.2679
      vertex 119.3548 -69.0057 0.5858
      vertex 118.9887 -70.4698 0.5858
    endloop
  endfacet
  facet normal 0.7847707933815651 -0.11642579354178328 -0.6087526890728573
    outer loop
      vertex 119.5764 -67.512 0.5858
      vertex 119.6669 -69.0677 1
      vertex 119.3548 -69.0057 0.5858
    endloop
  endfacet
  facet normal 0.7846978527780281 -0.11645365063534545 -0.6088413809024917
    outer loop
      vertex 119.5764 -67.512 0.5858
      vertex 119.8931 -67.5435 1
      vertex 119.6669 -69.0677 1
    endloop
  endfacet
  facet normal 0.9138820895325778 -0.13562533043712982 -0.38265558427310165
    outer loop
      vertex 119.8931 -67.5435 1
      vertex 119.8631 -69.1067 1.4824
      vertex 119.6669 -69.0677 1
    endloop
  endfacet
  facet normal 0.7695978596994956 -0.19243888835187986 -0.6088402159810472
    outer loop
      vertex 119.3548 -69.0057 0.5858
      vertex 119.2933 -70.5621 1
      vertex 118.9887 -70.4698 0.5858
    endloop
  endfacet
  facet normal 0.7696731120250668 -0.1924182780062649 -0.6087515970531435
    outer loop
      vertex 119.3548 -69.0057 0.5858
      vertex 119.6669 -69.0677 1
      vertex 119.2933 -70.5621 1
    endloop
  endfacet
  facet normal 0.8963210924751027 -0.2240802731187736 -0.3826179953730016
    outer loop
      vertex 119.6669 -69.0677 1
      vertex 119.4847 -70.6202 1.4824
      vertex 119.2933 -70.5621 1
    endloop
  endfacet
  facet normal 0.9227295191110173 0.04704551092192339 -0.38256627460251363
    outer loop
      vertex 119.8931 -64.4565 1
      vertex 120.0921 -64.4368 1.4824
      vertex 120.1718 -66 1.4824
    endloop
  endfacet
  facet normal 0.9901666158350351 0.050483801997220495 -0.13046631221008453
    outer loop
      vertex 120.0921 -64.4368 1.4824
      vertex 120.24 -66 2
      vertex 120.1718 -66 1.4824
    endloop
  endfacet
  facet normal 0.9901565932450279 0.050453839146242595 -0.1305539389248963
    outer loop
      vertex 120.0921 -64.4368 1.4824
      vertex 120.16 -64.43 2
      vertex 120.24 -66 2
    endloop
  endfacet
  facet normal 0.9226649641448708 -0.04704221957673285 -0.38272234520189546
    outer loop
      vertex 119.9717 -66 1
      vertex 120.1718 -66 1.4824
      vertex 120.0921 -67.5632 1.4824
    endloop
  endfacet
  facet normal 0.9901680876443328 -0.05045442484811801 -0.13046650613858934
    outer loop
      vertex 120.1718 -66 1.4824
      vertex 120.24 -66 2
      vertex 120.16 -67.57 2
    endloop
  endfacet
  facet normal 0.9901550714697458 -0.050483213405924716 -0.13055412520083173
    outer loop
      vertex 120.1718 -66 1.4824
      vertex 120.16 -67.57 2
      vertex 120.0921 -67.5632 1.4824
    endloop
  endfacet
  facet normal 0.913929894593228 -0.13559439317256064 -0.382552360218802
    outer loop
      vertex 119.8931 -67.5435 1
      vertex 120.0921 -67.5632 1.4824
      vertex 119.8631 -69.1067 1.4824
    endloop
  endfacet
  facet normal 0.9807019445650413 -0.14552351435480504 -0.13056263897521903
    outer loop
      vertex 120.0921 -67.5632 1.4824
      vertex 120.16 -67.57 2
      vertex 119.93 -69.12 2
    endloop
  endfacet
  facet normal 0.9807138425963741 -0.14550273401656472 -0.13049641119034336
    outer loop
      vertex 120.0921 -67.5632 1.4824
      vertex 119.93 -69.12 2
      vertex 119.8631 -69.1067 1.4824
    endloop
  endfacet
  facet normal 0.8963017774981004 -0.22409024949143175 -0.3826573973368524
    outer loop
      vertex 119.6669 -69.0677 1
      vertex 119.8631 -69.1067 1.4824
      vertex 119.4847 -70.6202 1.4824
    endloop
  endfacet
  facet normal 0.9618368383613771 -0.24047509721568938 -0.13054357123234764
    outer loop
      vertex 119.8631 -69.1067 1.4824
      vertex 119.55 -70.64 2
      vertex 119.4847 -70.6202 1.4824
    endloop
  endfacet
  facet normal 0.9618464215638622 -0.2404616053909723 -0.1304978070987758
    outer loop
      vertex 119.8631 -69.1067 1.4824
      vertex 119.93 -69.12 2
      vertex 119.55 -70.64 2
    endloop
  endfacet
  facet normal 0.11183897977647951 -0.06710717068272425 -0.9914578509677131
    outer loop
      vertex 115.8741 -73.7791 0
      vertex 116.5837 -72.5965 0
      vertex 116.3053 -74.0666 0.0681
    endloop
  endfacet
  facet normal 0.10494127814989243 -0.07745249590110871 -0.9914577343583314
    outer loop
      vertex 115.8741 -73.7791 0
      vertex 116.3053 -74.0666 0.0681
      vertex 115.4634 -75.2073 0.0681
    endloop
  endfacet
  facet normal 0.11795252962578363 -0.05565285591182691 -0.9914585015943613
    outer loop
      vertex 116.5837 -72.5965 0
      vertex 117.1698 -71.3543 0
      vertex 117.0409 -72.8407 0.0681
    endloop
  endfacet
  facet normal 0.11795344639051146 -0.055652930225239906 -0.9914583883562362
    outer loop
      vertex 117.1698 -71.3543 0
      vertex 117.6487 -71.5525 0.0681
      vertex 117.0409 -72.8407 0.0681
    endloop
  endfacet
  facet normal 0.3461030357215408 -0.16329873087374322 -0.923875648103877
    outer loop
      vertex 117.6487 -71.5525 0.0681
      vertex 117.4669 -73.0682 0.2679
      vertex 117.0409 -72.8407 0.0681
    endloop
  endfacet
  facet normal 0.11183491953424594 -0.06710642532783309 -0.9914583594142967
    outer loop
      vertex 116.3053 -74.0666 0.0681
      vertex 116.5837 -72.5965 0
      vertex 117.0409 -72.8407 0.0681
    endloop
  endfacet
  facet normal 0.3281642552658142 -0.19688818789558366 -0.9238740514989188
    outer loop
      vertex 117.0409 -72.8407 0.0681
      vertex 117.4669 -73.0682 0.2679
      vertex 116.7071 -74.3346 0.2679
    endloop
  endfacet
  facet normal 0.32810265198237604 -0.19687764972529057 -0.9238981766411153
    outer loop
      vertex 116.3053 -74.0666 0.0681
      vertex 117.0409 -72.8407 0.0681
      vertex 116.7071 -74.3346 0.2679
    endloop
  endfacet
  facet normal 0.5221164041601356 -0.3132533511377711 -0.7932633853316604
    outer loop
      vertex 116.7071 -74.3346 0.2679
      vertex 117.4669 -73.0682 0.2679
      vertex 117.0521 -74.5646 0.5858
    endloop
  endfacet
  facet normal 0.5220815574796417 -0.3132489344877873 -0.7932880639350989
    outer loop
      vertex 117.4669 -73.0682 0.2679
      vertex 117.8327 -73.2636 0.5858
      vertex 117.0521 -74.5646 0.5858
    endloop
  endfacet
  facet normal 0.6802857631160957 -0.40817145786966036 -0.6087752799532085
    outer loop
      vertex 117.0521 -74.5646 0.5858
      vertex 117.8327 -73.2636 0.5858
      vertex 117.3168 -74.7412 1
    endloop
  endfacet
  facet normal 0.7922514387417638 -0.47537473343001324 -0.3825657075953739
    outer loop
      vertex 117.3168 -74.7412 1
      vertex 118.1134 -73.4136 1
      vertex 117.4832 -74.8521 1.4824
    endloop
  endfacet
  facet normal 0.10494610568142361 -0.07745385470264059 -0.9914571172239401
    outer loop
      vertex 115.063 -74.8781 0
      vertex 115.8741 -73.7791 0
      vertex 115.4634 -75.2073 0.0681
    endloop
  endfacet
  facet normal 0.2824881573454434 -0.25813617760185076 -0.9238864404095787
    outer loop
      vertex 114.8422 -76.6022 0.2679
      vertex 115.4634 -75.2073 0.0681
      vertex 115.8365 -75.5141 0.2679
    endloop
  endfacet
  facet normal 0.3078921326063435 -0.22724150647960148 -0.9238851294462959
    outer loop
      vertex 116.3053 -74.0666 0.0681
      vertex 115.8365 -75.5141 0.2679
      vertex 115.4634 -75.2073 0.0681
    endloop
  endfacet
  facet normal 0.30785684840196337 -0.22723202392432984 -0.9238992197178562
    outer loop
      vertex 116.3053 -74.0666 0.0681
      vertex 116.7071 -74.3346 0.2679
      vertex 115.8365 -75.5141 0.2679
    endloop
  endfacet
  facet normal 0.4494614071181093 -0.4107029496119037 -0.7932890587241774
    outer loop
      vertex 115.1354 -76.8954 0.5858
      vertex 115.8365 -75.5141 0.2679
      vertex 116.1569 -75.7775 0.5858
    endloop
  endfacet
  facet normal 0.48985653006575736 -0.3615676940019032 -0.7932902259615215
    outer loop
      vertex 116.7071 -74.3346 0.2679
      vertex 116.1569 -75.7775 0.5858
      vertex 115.8365 -75.5141 0.2679
    endloop
  endfacet
  facet normal 0.44943974070634585 -0.4106956476282684 -0.7933051143746709
    outer loop
      vertex 114.8422 -76.6022 0.2679
      vertex 115.8365 -75.5141 0.2679
      vertex 115.1354 -76.8954 0.5858
    endloop
  endfacet
  facet normal 0.4898979631252606 -0.361576928509962 -0.7932604304356939
    outer loop
      vertex 116.7071 -74.3346 0.2679
      vertex 117.0521 -74.5646 0.5858
      vertex 116.1569 -75.7775 0.5858
    endloop
  endfacet
  facet normal 0.5857321604716388 -0.5352226513299733 -0.6086497758913086
    outer loop
      vertex 115.1354 -76.8954 0.5858
      vertex 116.1569 -75.7775 0.5858
      vertex 115.3603 -77.1203 1
    endloop
  endfacet
  facet normal 0.5856822830357683 -0.535211021159365 -0.6087079974565474
    outer loop
      vertex 116.1569 -75.7775 0.5858
      vertex 116.4027 -75.9796 1
      vertex 115.3603 -77.1203 1
    endloop
  endfacet
  facet normal 0.6819602085767675 -0.6231921814854263 -0.382833878925791
    outer loop
      vertex 116.4027 -75.9796 1
      vertex 115.5018 -77.2618 1.4824
      vertex 115.3603 -77.1203 1
    endloop
  endfacet
  facet normal 0.6382876584530256 -0.4711391703746079 -0.6087830050233662
    outer loop
      vertex 117.0521 -74.5646 0.5858
      vertex 117.3168 -74.7412 1
      vertex 116.4027 -75.9796 1
    endloop
  endfacet
  facet normal 0.6383542287891206 -0.47114741991262277 -0.6087068155497568
    outer loop
      vertex 116.1569 -75.7775 0.5858
      vertex 117.0521 -74.5646 0.5858
      vertex 116.4027 -75.9796 1
    endloop
  endfacet
  facet normal 0.7432903242416283 -0.5486447717936667 -0.3827641679575696
    outer loop
      vertex 116.4027 -75.9796 1
      vertex 117.3168 -74.7412 1
      vertex 116.5573 -76.1067 1.4824
    endloop
  endfacet
  facet normal 0.3602880908611284 -0.1290191867958616 -0.9238758255426851
    outer loop
      vertex 118.1297 -70.2093 0.0681
      vertex 118.0949 -71.7372 0.2679
      vertex 117.6487 -71.5525 0.0681
    endloop
  endfacet
  facet normal 0.34609912754958183 -0.16329846138327342 -0.9238771598103689
    outer loop
      vertex 117.6487 -71.5525 0.0681
      vertex 118.0949 -71.7372 0.2679
      vertex 117.4669 -73.0682 0.2679
    endloop
  endfacet
  facet normal 0.5506319392193016 -0.2598022973927278 -0.7932888715852832
    outer loop
      vertex 117.4669 -73.0682 0.2679
      vertex 118.0949 -71.7372 0.2679
      vertex 117.8327 -73.2636 0.5858
    endloop
  endfacet
  facet normal 0.5506412898327586 -0.25980253560791133 -0.7932823031071699
    outer loop
      vertex 118.0949 -71.7372 0.2679
      vertex 118.4781 -71.8957 0.5858
      vertex 117.8327 -73.2636 0.5858
    endloop
  endfacet
  facet normal 0.5731943139296813 -0.20528757946461954 -0.7932876453066943
    outer loop
      vertex 118.5919 -70.3495 0.2679
      vertex 118.4781 -71.8957 0.5858
      vertex 118.0949 -71.7372 0.2679
    endloop
  endfacet
  facet normal 0.7469181057215805 -0.26746362632823956 -0.6087499913237239
    outer loop
      vertex 118.9887 -70.4698 0.5858
      vertex 118.7721 -72.0174 1
      vertex 118.4781 -71.8957 0.5858
    endloop
  endfacet
  facet normal 0.7175155976093263 -0.3385099012643303 -0.6087548060864445
    outer loop
      vertex 118.4781 -71.8957 0.5858
      vertex 118.7721 -72.0174 1
      vertex 118.1134 -73.4136 1
    endloop
  endfacet
  facet normal 0.7174659040920633 -0.3385134107032802 -0.6088114217386124
    outer loop
      vertex 118.4781 -71.8957 0.5858
      vertex 118.1134 -73.4136 1
      vertex 117.8327 -73.2636 0.5858
    endloop
  endfacet
  facet normal 0.6802497909865032 -0.4081703702168164 -0.6088162043998877
    outer loop
      vertex 117.3168 -74.7412 1
      vertex 117.8327 -73.2636 0.5858
      vertex 118.1134 -73.4136 1
    endloop
  endfacet
  facet normal 0.8356123705000224 -0.3942256614012022 -0.382541624088305
    outer loop
      vertex 118.7721 -72.0174 1
      vertex 118.2898 -73.5078 1.4824
      vertex 118.1134 -73.4136 1
    endloop
  endfacet
  facet normal 0.7468477860944762 -0.2674754800470337 -0.6088310537245848
    outer loop
      vertex 118.9887 -70.4698 0.5858
      vertex 119.2933 -70.5621 1
      vertex 118.7721 -72.0174 1
    endloop
  endfacet
  facet normal 0.8697494845884849 -0.3114913979025127 -0.38276486658365527
    outer loop
      vertex 119.2933 -70.5621 1
      vertex 118.957 -72.0939 1.4824
      vertex 118.7721 -72.0174 1
    endloop
  endfacet
  facet normal 0.6819992355439642 -0.6231929643465128 -0.3827630754219305
    outer loop
      vertex 116.4027 -75.9796 1
      vertex 116.5573 -76.1067 1.4824
      vertex 115.5018 -77.2618 1.4824
    endloop
  endfacet
  facet normal 0.7319101237035414 -0.668800221252784 -0.1304370916284705
    outer loop
      vertex 115.5018 -77.2618 1.4824
      vertex 116.5573 -76.1067 1.4824
      vertex 115.55 -77.31 2
    endloop
  endfacet
  facet normal 0.7319000194308913 -0.6688051901696109 -0.13046830710655843
    outer loop
      vertex 116.5573 -76.1067 1.4824
      vertex 116.61 -76.15 2
      vertex 115.55 -77.31 2
    endloop
  endfacet
  facet normal 0.743403666052662 -0.5486349867672189 -0.3825580225199776
    outer loop
      vertex 117.3168 -74.7412 1
      vertex 117.4832 -74.8521 1.4824
      vertex 116.5573 -76.1067 1.4824
    endloop
  endfacet
  facet normal 0.7977312754357891 -0.5887289876661802 -0.13047218582189749
    outer loop
      vertex 116.5573 -76.1067 1.4824
      vertex 117.4832 -74.8521 1.4824
      vertex 116.61 -76.15 2
    endloop
  endfacet
  facet normal 0.7976781715143909 -0.5887624599272905 -0.13064570589890637
    outer loop
      vertex 117.4832 -74.8521 1.4824
      vertex 117.54 -74.89 2
      vertex 116.61 -76.15 2
    endloop
  endfacet
  facet normal 0.8354960087523843 -0.3942590968523845 -0.38276126228757534
    outer loop
      vertex 118.7721 -72.0174 1
      vertex 118.957 -72.0939 1.4824
      vertex 118.2898 -73.5078 1.4824
    endloop
  endfacet
  facet normal 0.896654747818274 -0.42306949368890445 -0.1304701756140526
    outer loop
      vertex 118.957 -72.0939 1.4824
      vertex 119.02 -72.12 2
      vertex 118.35 -73.54 2
    endloop
  endfacet
  facet normal 0.7922669103366523 -0.47537193325712346 -0.38253714572182357
    outer loop
      vertex 118.1134 -73.4136 1
      vertex 118.2898 -73.5078 1.4824
      vertex 117.4832 -74.8521 1.4824
    endloop
  endfacet
  facet normal 0.8501382565669275 -0.5100956019838516 -0.13064234213331066
    outer loop
      vertex 117.4832 -74.8521 1.4824
      vertex 118.2898 -73.5078 1.4824
      vertex 117.54 -74.89 2
    endloop
  endfacet
  facet normal 0.8501474922395561 -0.5100884953437282 -0.13060998567018228
    outer loop
      vertex 117.54 -74.89 2
      vertex 118.2898 -73.5078 1.4824
      vertex 118.35 -73.54 2
    endloop
  endfacet
  facet normal 0.8966197324698124 -0.4231025429689895 -0.13060357376020246
    outer loop
      vertex 118.957 -72.0939 1.4824
      vertex 118.35 -73.54 2
      vertex 118.2898 -73.5078 1.4824
    endloop
  endfacet
  facet normal 0.8698198327992979 -0.3114636125182844 -0.3826275951183626
    outer loop
      vertex 119.2933 -70.5621 1
      vertex 119.4847 -70.6202 1.4824
      vertex 118.957 -72.0939 1.4824
    endloop
  endfacet
  facet normal 0.9334158576555226 -0.33423596938645994 -0.13046514264545325
    outer loop
      vertex 119.4847 -70.6202 1.4824
      vertex 119.02 -72.12 2
      vertex 118.957 -72.0939 1.4824
    endloop
  endfacet
  facet normal 0.9333973604658835 -0.33425716286953916 -0.13054315970485736
    outer loop
      vertex 119.4847 -70.6202 1.4824
      vertex 119.55 -70.64 2
      vertex 119.02 -72.12 2
    endloop
  endfacet
  facet normal 0.1977199732959039 -0.3276449826410508 -0.923880716061339
    outer loop
      vertex 109.1009 -80 0.0681
      vertex 112.3051 -78.0664 0.0681
      vertex 110.0345 -80 0.2679
    endloop
  endfacet
  facet normal 0.06740210706475767 -0.11169312756355851 -0.9914542859952251
    outer loop
      vertex 109.1009 -80 0.0681
      vertex 112.0171 -77.6357 0
      vertex 112.3051 -78.0664 0.0681
    endloop
  endfacet
  facet normal 0.31456884454117773 -0.5212702625571395 -0.7932992848967149
    outer loop
      vertex 110.0345 -80 0.2679
      vertex 112.5735 -78.4678 0.2679
      vertex 110.8362 -80 0.5858
    endloop
  endfacet
  facet normal 0.1977202536220295 0.32764111992320333 -0.9238820259335655
    outer loop
      vertex 109.1009 -80 0.0681
      vertex 110.0345 -80 0.2679
      vertex 112.5735 -81.5322 0.2679
    endloop
  endfacet
  facet normal 0.06739989938626831 0.11169460127113208 -0.9914542700546525
    outer loop
      vertex 108.099 -80 0
      vertex 112.3051 -81.9336 0.0681
      vertex 112.0171 -82.3643 0
    endloop
  endfacet
  facet normal 0.19772603521374774 0.3276550279436755 -0.9238758561959939
    outer loop
      vertex 109.1009 -80 0.0681
      vertex 112.5735 -81.5322 0.2679
      vertex 112.3051 -81.9336 0.0681
    endloop
  endfacet
  facet normal 0.3145688258305123 0.5212703456583421 -0.7932992377109948
    outer loop
      vertex 110.0345 -80 0.2679
      vertex 110.8362 -80 0.5858
      vertex 112.804 -81.1875 0.5858
    endloop
  endfacet
  facet normal 0.19772790370705065 -0.3276537968360533 -0.9238758929177304
    outer loop
      vertex 110.0345 -80 0.2679
      vertex 112.3051 -78.0664 0.0681
      vertex 112.5735 -78.4678 0.2679
    endloop
  endfacet
  facet normal 0.3145686885881911 -0.5212701182348138 -0.7932994415700599
    outer loop
      vertex 110.8362 -80 0.5858
      vertex 112.5735 -78.4678 0.2679
      vertex 112.804 -78.8125 0.5858
    endloop
  endfacet
  facet normal 0.3145687381743216 0.5212700862972206 -0.7932994428934784
    outer loop
      vertex 110.0345 -80 0.2679
      vertex 112.804 -81.1875 0.5858
      vertex 112.5735 -81.5322 0.2679
    endloop
  endfacet
  facet normal 0.4098912058308912 -0.6792285598602329 -0.6088002651549128
    outer loop
      vertex 110.8362 -80 0.5858
      vertex 112.804 -78.8125 0.5858
      vertex 111.4514 -80 1
    endloop
  endfacet
  facet normal 0.4098905182548398 -0.679228112319367 -0.6088012273967983
    outer loop
      vertex 111.4514 -80 1
      vertex 112.804 -78.8125 0.5858
      vertex 112.9809 -79.077 1
    endloop
  endfacet
  facet normal 0.4773523521714329 -0.7910188761063972 -0.38265372011751364
    outer loop
      vertex 111.4514 -80 1
      vertex 112.9809 -79.077 1
      vertex 111.8381 -80 1.4824
    endloop
  endfacet
  facet normal 0.4098910132161757 0.6792289325180271 -0.6087999790695121
    outer loop
      vertex 110.8362 -80 0.5858
      vertex 111.4514 -80 1
      vertex 112.9809 -80.923 1
    endloop
  endfacet
  facet normal 0.40989082111512226 0.6792279223497569 -0.6088012354340319
    outer loop
      vertex 110.8362 -80 0.5858
      vertex 112.9809 -80.923 1
      vertex 112.804 -81.1875 0.5858
    endloop
  endfacet
  facet normal 0.477338770751001 0.7909963703831572 -0.38271718014559325
    outer loop
      vertex 111.4514 -80 1
      vertex 113.0921 -80.7567 1.4824
      vertex 112.9809 -80.923 1
    endloop
  endfacet
  facet normal 0 0 -1
    outer loop
      vertex 108.099 -80 0
      vertex 112.0171 -82.3643 0
      vertex 113.1181 -83.177 0
    endloop
  endfacet
  facet normal 0 0 -1
    outer loop
      vertex 108.099 -80 0
      vertex 113.1181 -83.177 0
      vertex 114.1344 -84.1056 0
    endloop
  endfacet
  facet normal 0.07746756182961939 0.10496257309821007 -0.9914543030885372
    outer loop
      vertex 112.0171 -82.3643 0
      vertex 112.3051 -81.9336 0.0681
      vertex 113.4473 -82.7766 0.0681
    endloop
  endfacet
  facet normal 0 0 -1
    outer loop
      vertex 108.099 -80 0
      vertex 114.1344 -84.1056 0
      vertex 115.063 -85.1219 0
    endloop
  endfacet
  facet normal 0.36152982251299903 -0.4898681377927816 -0.7933003182963888
    outer loop
      vertex 113.7541 -77.5965 0.2679
      vertex 112.804 -78.8125 0.5858
      vertex 112.5735 -78.4678 0.2679
    endloop
  endfacet
  facet normal 0.36154328798329377 -0.48987581505998745 -0.7932894407046788
    outer loop
      vertex 113.7541 -77.5965 0.2679
      vertex 114.0175 -77.9169 0.5858
      vertex 112.804 -78.8125 0.5858
    endloop
  endfacet
  facet normal 0.47108812068770306 -0.6383044154248825 -0.6088049406797116
    outer loop
      vertex 114.0175 -77.9169 0.5858
      vertex 112.9809 -79.077 1
      vertex 112.804 -78.8125 0.5858
    endloop
  endfacet
  facet normal 0.4711664596063802 -0.6383395969751967 -0.6087074225566277
    outer loop
      vertex 114.0175 -77.9169 0.5858
      vertex 114.2196 -78.1627 1
      vertex 112.9809 -79.077 1
    endloop
  endfacet
  facet normal 0.5486481359486942 -0.743312311057253 -0.382716646033
    outer loop
      vertex 112.9809 -79.077 1
      vertex 114.2196 -78.1627 1
      vertex 113.0921 -79.2433 1.4824
    endloop
  endfacet
  facet normal 0.47112245266994934 0.6382799760716015 -0.6088039969779167
    outer loop
      vertex 112.804 -81.1875 0.5858
      vertex 112.9809 -80.923 1
      vertex 114.2196 -81.8373 1
    endloop
  endfacet
  facet normal 0.5486364912877005 0.7432965347895368 -0.3827639766192578
    outer loop
      vertex 112.9809 -80.923 1
      vertex 114.3467 -81.6827 1.4824
      vertex 114.2196 -81.8373 1
    endloop
  endfacet
  facet normal 0.22724031122477506 0.3078931002146353 -0.9238851009701844
    outer loop
      vertex 112.3051 -81.9336 0.0681
      vertex 113.7541 -82.4035 0.2679
      vertex 113.4473 -82.7766 0.0681
    endloop
  endfacet
  facet normal 0.2272464657112807 0.30791596168798396 -0.9238759680603753
    outer loop
      vertex 112.3051 -81.9336 0.0681
      vertex 112.5735 -81.5322 0.2679
      vertex 113.7541 -82.4035 0.2679
    endloop
  endfacet
  facet normal 0.077461211173489 0.10494006829335627 -0.991457181541453
    outer loop
      vertex 112.0171 -82.3643 0
      vertex 113.4473 -82.7766 0.0681
      vertex 113.1181 -83.177 0
    endloop
  endfacet
  facet normal 0.0879918857038094 0.0962819698767972 -0.9914571147190034
    outer loop
      vertex 113.1181 -83.177 0
      vertex 113.4473 -82.7766 0.0681
      vertex 114.5007 -83.7393 0.0681
    endloop
  endfacet
  facet normal 0.3615349805681715 0.48986455886497754 -0.7933001776084465
    outer loop
      vertex 112.5735 -81.5322 0.2679
      vertex 112.804 -81.1875 0.5858
      vertex 114.0175 -82.0831 0.5858
    endloop
  endfacet
  facet normal 0.3615383613783366 0.48987970784261237 -0.793289282100738
    outer loop
      vertex 112.5735 -81.5322 0.2679
      vertex 114.0175 -82.0831 0.5858
      vertex 113.7541 -82.4035 0.2679
    endloop
  endfacet
  facet normal 0 0 -1
    outer loop
      vertex 108.099 -80 0
      vertex 115.063 -85.1219 0
      vertex 115.8741 -86.2209 0
    endloop
  endfacet
  facet normal 0.08800623589075025 0.09631783064373321 -0.9914523578793017
    outer loop
      vertex 113.1181 -83.177 0
      vertex 114.5007 -83.7393 0.0681
      vertex 114.1344 -84.1056 0
    endloop
  endfacet
  facet normal 0 0 -1
    outer loop
      vertex 108.099 -80 0
      vertex 115.8741 -86.2209 0
      vertex 116.5837 -87.4035 0
    endloop
  endfacet
  facet normal 0.2581361776018509 0.2824881573454432 -0.9238864404095787
    outer loop
      vertex 113.4473 -82.7766 0.0681
      vertex 113.7541 -82.4035 0.2679
      vertex 114.8422 -83.3978 0.2679
    endloop
  endfacet
  facet normal 0.4106956476282687 0.4494397407063456 -0.7933051143746709
    outer loop
      vertex 113.7541 -82.4035 0.2679
      vertex 115.1354 -83.1046 0.5858
      vertex 114.8422 -83.3978 0.2679
    endloop
  endfacet
  facet normal 0.410702949611904 0.4494614071181091 -0.7932890587241773
    outer loop
      vertex 113.7541 -82.4035 0.2679
      vertex 114.0175 -82.0831 0.5858
      vertex 115.1354 -83.1046 0.5858
    endloop
  endfacet
  facet normal 0.2581148588942446 0.28243294106076333 -0.9239092777008853
    outer loop
      vertex 113.4473 -82.7766 0.0681
      vertex 114.8422 -83.3978 0.2679
      vertex 114.5007 -83.7393 0.0681
    endloop
  endfacet
  facet normal 0.2824480614810932 0.2580995382139972 -0.9239089354147918
    outer loop
      vertex 114.5007 -83.7393 0.0681
      vertex 114.8422 -83.3978 0.2679
      vertex 115.8365 -84.4859 0.2679
    endloop
  endfacet
  facet normal 0.09630821249143796 0.08801586877302779 -0.9914524371097352
    outer loop
      vertex 114.1344 -84.1056 0
      vertex 114.5007 -83.7393 0.0681
      vertex 115.4634 -84.7927 0.0681
    endloop
  endfacet
  facet normal 0.09629062488123433 0.08798137780646896 -0.9914572067009533
    outer loop
      vertex 114.1344 -84.1056 0
      vertex 115.4634 -84.7927 0.0681
      vertex 115.063 -85.1219 0
    endloop
  endfacet
  facet normal 0.4711330400179874 0.6383652792115061 -0.608706356875485
    outer loop
      vertex 112.804 -81.1875 0.5858
      vertex 114.2196 -81.8373 1
      vertex 114.0175 -82.0831 0.5858
    endloop
  endfacet
  facet normal 0.535211021159365 0.5856822830357683 -0.6087079974565474
    outer loop
      vertex 114.0175 -82.0831 0.5858
      vertex 114.2196 -81.8373 1
      vertex 115.3603 -82.8797 1
    endloop
  endfacet
  facet normal 0.535222651329973 0.5857321604716379 -0.6086497758913099
    outer loop
      vertex 114.0175 -82.0831 0.5858
      vertex 115.3603 -82.8797 1
      vertex 115.1354 -83.1046 0.5858
    endloop
  endfacet
  facet normal 0.6231921814854268 0.681960208576768 -0.38283387892578963
    outer loop
      vertex 114.2196 -81.8373 1
      vertex 115.5018 -82.7382 1.4824
      vertex 115.3603 -82.8797 1
    endloop
  endfacet
  facet normal 0.4773178908588029 -0.7910091649754792 -0.382716777775549
    outer loop
      vertex 112.9809 -79.077 1
      vertex 113.0921 -79.2433 1.4824
      vertex 111.8381 -80 1.4824
    endloop
  endfacet
  facet normal 0.5122324418364741 -0.8488694093603081 -0.13053218523615104
    outer loop
      vertex 111.8381 -80 1.4824
      vertex 113.0921 -79.2433 1.4824
      vertex 111.97 -80 2
    endloop
  endfacet
  facet normal 0.47733445540383035 0.7910366156685733 -0.3826393737658721
    outer loop
      vertex 111.4514 -80 1
      vertex 111.8381 -80 1.4824
      vertex 113.0921 -80.7567 1.4824
    endloop
  endfacet
  facet normal 0.5122348899637429 0.8488734663863358 -0.13049618986422143
    outer loop
      vertex 111.8381 -80 1.4824
      vertex 113.13 -80.7 2
      vertex 113.0921 -80.7567 1.4824
    endloop
  endfacet
  facet normal 0.512244215709532 0.8488618431757899 -0.13053518557204044
    outer loop
      vertex 111.8381 -80 1.4824
      vertex 111.97 -80 2
      vertex 113.13 -80.7 2
    endloop
  endfacet
  facet normal 0.5486227666207704 -0.7433068282963446 -0.38276365939493284
    outer loop
      vertex 114.2196 -78.1627 1
      vertex 114.3467 -78.3173 1.4824
      vertex 113.0921 -79.2433 1.4824
    endloop
  endfacet
  facet normal 0.5122468622890646 -0.8488662289361582 -0.13049627368899863
    outer loop
      vertex 111.97 -80 2
      vertex 113.0921 -79.2433 1.4824
      vertex 113.13 -79.3 2
    endloop
  endfacet
  facet normal 0.5887684240651102 -0.7976985581339996 -0.13049426491162158
    outer loop
      vertex 113.0921 -79.2433 1.4824
      vertex 114.3467 -78.3173 1.4824
      vertex 113.13 -79.3 2
    endloop
  endfacet
  facet normal 0.548634263572743 0.7433224050522246 -0.3827169280047205
    outer loop
      vertex 112.9809 -80.923 1
      vertex 113.0921 -80.7567 1.4824
      vertex 114.3467 -81.6827 1.4824
    endloop
  endfacet
  facet normal 0.5887701227498323 0.7977008596133218 -0.13047253017135277
    outer loop
      vertex 113.0921 -80.7567 1.4824
      vertex 114.39 -81.63 2
      vertex 114.3467 -81.6827 1.4824
    endloop
  endfacet
  facet normal 0.5887743073961262 0.7976942229237935 -0.13049422080773213
    outer loop
      vertex 113.0921 -80.7567 1.4824
      vertex 113.13 -80.7 2
      vertex 114.39 -81.63 2
    endloop
  endfacet
  facet normal 0.5887759988084922 -0.7976965145147407 -0.13047257933411321
    outer loop
      vertex 114.3467 -78.3173 1.4824
      vertex 114.39 -78.37 2
      vertex 113.13 -79.3 2
    endloop
  endfacet
  facet normal 0.6231929643465133 0.6819992355439638 -0.38276307542193044
    outer loop
      vertex 114.2196 -81.8373 1
      vertex 114.3467 -81.6827 1.4824
      vertex 115.5018 -82.7382 1.4824
    endloop
  endfacet
  facet normal 0.6688002212527842 0.7319101237035408 -0.13043709162847242
    outer loop
      vertex 114.3467 -81.6827 1.4824
      vertex 115.55 -82.69 2
      vertex 115.5018 -82.7382 1.4824
    endloop
  endfacet
  facet normal 0.6688051901696109 0.7319000194308913 -0.13046830710655843
    outer loop
      vertex 114.3467 -81.6827 1.4824
      vertex 114.39 -81.63 2
      vertex 115.55 -82.69 2
    endloop
  endfacet
  facet normal 0 0 -1
    outer loop
      vertex 108.099 -80 0
      vertex 116.5837 -87.4035 0
      vertex 117.1698 -88.6457 0
    endloop
  endfacet
  facet normal 0 0 -1
    outer loop
      vertex 108.099 -80 0
      vertex 117.1698 -88.6457 0
      vertex 117.6337 -89.9411 0
    endloop
  endfacet
  facet normal 0 0 -1
    outer loop
      vertex 108.099 -80 0
      vertex 117.6337 -89.9411 0
      vertex 117.966 -91.2702 0
    endloop
  endfacet
  facet normal 0 0 -1
    outer loop
      vertex 108.099 -80 0
      vertex 117.966 -91.2702 0
      vertex 118.1675 -92.6281 0
    endloop
  endfacet
  facet normal 0 0 -1
    outer loop
      vertex 108.099 -80 0
      vertex 118.1675 -92.6281 0
      vertex 118.2374 -94 0
    endloop
  endfacet
  facet normal 0 0 -1
    outer loop
      vertex 108.099 -80 0
      vertex 118.2374 -94 0
      vertex 118.1675 -95.3719 0
    endloop
  endfacet
  facet normal 0 0 -1
    outer loop
      vertex 108.099 -80 0
      vertex 118.1675 -95.3719 0
      vertex 117.966 -96.7298 0
    endloop
  endfacet
  facet normal 0.2824743534789586 0.2581527056143857 -0.9238860428703406
    outer loop
      vertex 114.5007 -83.7393 0.0681
      vertex 115.8365 -84.4859 0.2679
      vertex 115.4634 -84.7927 0.0681
    endloop
  endfacet
  facet normal 0.3078837403376098 0.2272518731139643 -0.9238853763329724
    outer loop
      vertex 115.4634 -84.7927 0.0681
      vertex 115.8365 -84.4859 0.2679
      vertex 116.7071 -85.6654 0.2679
    endloop
  endfacet
  facet normal 0.44945540851080634 0.4107099647847568 -0.7932888254519207
    outer loop
      vertex 114.8422 -83.3978 0.2679
      vertex 116.1569 -84.2225 0.5858
      vertex 115.8365 -84.4859 0.2679
    endloop
  endfacet
  facet normal 0.44944615655072134 0.4106890141484572 -0.7933049136489404
    outer loop
      vertex 115.1354 -83.1046 0.5858
      vertex 116.1569 -84.2225 0.5858
      vertex 114.8422 -83.3978 0.2679
    endloop
  endfacet
  facet normal 0.48986718380080624 0.361554211343459 -0.7932897922543038
    outer loop
      vertex 115.8365 -84.4859 0.2679
      vertex 116.1569 -84.2225 0.5858
      vertex 117.0521 -85.4354 0.5858
    endloop
  endfacet
  facet normal 0.5857149462178648 0.5352408695866617 -0.6086503210391973
    outer loop
      vertex 115.1354 -83.1046 0.5858
      vertex 115.3603 -82.8797 1
      vertex 116.4027 -84.0204 1
    endloop
  endfacet
  facet normal 0.5856988291878175 0.5351921943066048 -0.6087086303325271
    outer loop
      vertex 115.1354 -83.1046 0.5858
      vertex 116.4027 -84.0204 1
      vertex 116.1569 -84.2225 0.5858
    endloop
  endfacet
  facet normal 0.6819820116946023 0.623212105716189 -0.3827625987655757
    outer loop
      vertex 115.3603 -82.8797 1
      vertex 116.5573 -83.8933 1.4824
      vertex 116.4027 -84.0204 1
    endloop
  endfacet
  facet normal 0.6383067267887725 0.4711123603110796 -0.6087837600481201
    outer loop
      vertex 116.1569 -84.2225 0.5858
      vertex 117.3168 -85.2588 1
      vertex 117.0521 -85.4354 0.5858
    endloop
  endfacet
  facet normal 0.6383341794875664 0.471173508938621 -0.6087076472103852
    outer loop
      vertex 116.1569 -84.2225 0.5858
      vertex 116.4027 -84.0204 1
      vertex 117.3168 -85.2588 1
    endloop
  endfacet
  facet normal 0.7433594444336158 0.548695791470262 -0.382556747155463
    outer loop
      vertex 116.4027 -84.0204 1
      vertex 117.4832 -85.1479 1.4824
      vertex 117.3168 -85.2588 1
    endloop
  endfacet
  facet normal 0.6819777031356569 0.6231732885981199 -0.38283346876105034
    outer loop
      vertex 115.3603 -82.8797 1
      vertex 115.5018 -82.7382 1.4824
      vertex 116.5573 -83.8933 1.4824
    endloop
  endfacet
  facet normal 0.7319030455051132 0.6688079553753655 -0.1304371527095064
    outer loop
      vertex 115.5018 -82.7382 1.4824
      vertex 115.55 -82.69 2
      vertex 116.61 -83.85 2
    endloop
  endfacet
  facet normal 0.7319070847336951 0.6687974443220657 -0.13046837848650256
    outer loop
      vertex 115.5018 -82.7382 1.4824
      vertex 116.61 -83.85 2
      vertex 116.5573 -83.8933 1.4824
    endloop
  endfacet
  facet normal 0.7433354301848407 0.5485846284139464 -0.3827627773175576
    outer loop
      vertex 116.4027 -84.0204 1
      vertex 116.5573 -83.8933 1.4824
      vertex 117.4832 -85.1479 1.4824
    endloop
  endfacet
  facet normal 0.7976965145147364 0.588775998808498 -0.13047257933411327
    outer loop
      vertex 116.5573 -83.8933 1.4824
      vertex 116.61 -83.85 2
      vertex 117.54 -85.11 2
    endloop
  endfacet
  facet normal 0.797712851882915 0.5887153910077981 -0.13064606512008747
    outer loop
      vertex 116.5573 -83.8933 1.4824
      vertex 117.54 -85.11 2
      vertex 117.4832 -85.1479 1.4824
    endloop
  endfacet
  facet normal 0.10494497910990919 0.0774552274153001 -0.9914571292323562
    outer loop
      vertex 115.063 -85.1219 0
      vertex 115.4634 -84.7927 0.0681
      vertex 116.3053 -85.9334 0.0681
    endloop
  endfacet
  facet normal 0.10494226421638539 0.07745101956861646 -0.9914577453169249
    outer loop
      vertex 115.063 -85.1219 0
      vertex 116.3053 -85.9334 0.0681
      vertex 115.8741 -86.2209 0
    endloop
  endfacet
  facet normal 0.30786432453007145 0.22722098257374237 -0.9238994440737941
    outer loop
      vertex 115.4634 -84.7927 0.0681
      vertex 116.7071 -85.6654 0.2679
      vertex 116.3053 -85.9334 0.0681
    endloop
  endfacet
  facet normal 0.11183817550327567 0.06710837906860989 -0.9914578599007032
    outer loop
      vertex 115.8741 -86.2209 0
      vertex 116.3053 -85.9334 0.0681
      vertex 117.0409 -87.1593 0.0681
    endloop
  endfacet
  facet normal 0.3281534251190291 0.1969081160923042 -0.923873651209747
    outer loop
      vertex 116.3053 -85.9334 0.0681
      vertex 117.4669 -86.9318 0.2679
      vertex 117.0409 -87.1593 0.0681
    endloop
  endfacet
  facet normal 0.3281151023875791 0.1968586977211655 -0.923897793436436
    outer loop
      vertex 116.3053 -85.9334 0.0681
      vertex 116.7071 -85.6654 0.2679
      vertex 117.4669 -86.9318 0.2679
    endloop
  endfacet
  facet normal 0.48988817965122483 0.361591054857442 -0.7932600333340206
    outer loop
      vertex 115.8365 -84.4859 0.2679
      vertex 117.0521 -85.4354 0.5858
      vertex 116.7071 -85.6654 0.2679
    endloop
  endfacet
  facet normal 0.5220884522467611 0.3132365808726243 -0.7932884043233012
    outer loop
      vertex 116.7071 -85.6654 0.2679
      vertex 117.8327 -86.7364 0.5858
      vertex 117.4669 -86.9318 0.2679
    endloop
  endfacet
  facet normal 0.5221087652562693 0.3132652591537639 -0.7932637106598908
    outer loop
      vertex 116.7071 -85.6654 0.2679
      vertex 117.0521 -85.4354 0.5858
      vertex 117.8327 -86.7364 0.5858
    endloop
  endfacet
  facet normal 0.11183560454767201 0.06710514543127676 -0.9914583687740519
    outer loop
      vertex 115.8741 -86.2209 0
      vertex 117.0409 -87.1593 0.0681
      vertex 116.5837 -87.4035 0
    endloop
  endfacet
  facet normal 0.11795268220494157 0.05565256966632874 -0.991458499509785
    outer loop
      vertex 116.5837 -87.4035 0
      vertex 117.0409 -87.1593 0.0681
      vertex 117.6487 -88.4475 0.0681
    endloop
  endfacet
  facet normal 0.3461023734861283 0.1632999928995403 -0.9238756731218105
    outer loop
      vertex 117.0409 -87.1593 0.0681
      vertex 117.4669 -86.9318 0.2679
      vertex 118.0949 -88.2628 0.2679
    endloop
  endfacet
  facet normal 0.11795332210810572 0.05565322982415099 -0.9914583863248128
    outer loop
      vertex 116.5837 -87.4035 0
      vertex 117.6487 -88.4475 0.0681
      vertex 117.1698 -88.6457 0
    endloop
  endfacet
  facet normal 0.34609968192808566 0.16329714848307247 -0.923877184189855
    outer loop
      vertex 117.0409 -87.1593 0.0681
      vertex 118.0949 -88.2628 0.2679
      vertex 117.6487 -88.4475 0.0681
    endloop
  endfacet
  facet normal 0.6802764525464889 0.40818636795610885 -0.6087756870355162
    outer loop
      vertex 117.0521 -85.4354 0.5858
      vertex 117.3168 -85.2588 1
      vertex 118.1134 -86.5864 1
    endloop
  endfacet
  facet normal 0.6802585557156504 0.4081551334293932 -0.6088166262766577
    outer loop
      vertex 117.0521 -85.4354 0.5858
      vertex 118.1134 -86.5864 1
      vertex 117.8327 -86.7364 0.5858
    endloop
  endfacet
  facet normal 0.12278837702195547 0.043970525124746945 -0.9914583235762198
    outer loop
      vertex 117.6487 -88.4475 0.0681
      vertex 118.1297 -89.7907 0.0681
      vertex 117.1698 -88.6457 0
    endloop
  endfacet
  facet normal 0.12279170210984873 0.04397334461074569 -0.9914577867245337
    outer loop
      vertex 117.1698 -88.6457 0
      vertex 118.1297 -89.7907 0.0681
      vertex 117.6337 -89.9411 0
    endloop
  endfacet
  facet normal 0.5506336568325283 0.2597989342201281 -0.7932887807988482
    outer loop
      vertex 117.4669 -86.9318 0.2679
      vertex 117.8327 -86.7364 0.5858
      vertex 118.4781 -88.1043 0.5858
    endloop
  endfacet
  facet normal 0.5506397837872217 0.2598059986614384 -0.7932822143287309
    outer loop
      vertex 117.4669 -86.9318 0.2679
      vertex 118.4781 -88.1043 0.5858
      vertex 118.0949 -88.2628 0.2679
    endloop
  endfacet
  facet normal 0.7922616442577497 0.47538085704709243 -0.38253696264698256
    outer loop
      vertex 117.3168 -85.2588 1
      vertex 118.2898 -86.4922 1.4824
      vertex 118.1134 -86.5864 1
    endloop
  endfacet
  facet normal 0.7174767140759758 0.3384915567696891 -0.6088108333089782
    outer loop
      vertex 117.8327 -86.7364 0.5858
      vertex 118.1134 -86.5864 1
      vertex 118.7721 -87.9826 1
    endloop
  endfacet
  facet normal 0.7175055909222521 0.3385321356687045 -0.6087542362192608
    outer loop
      vertex 117.8327 -86.7364 0.5858
      vertex 118.7721 -87.9826 1
      vertex 118.4781 -88.1043 0.5858
    endloop
  endfacet
  facet normal 0.8355295840692684 0.3941866043736004 -0.3827626354249403
    outer loop
      vertex 118.1134 -86.5864 1
      vertex 118.957 -87.9061 1.4824
      vertex 118.7721 -87.9826 1
    endloop
  endfacet
  facet normal 0.36024935139293573 0.12900531418999453 -0.9238928691854429
    outer loop
      vertex 117.6487 -88.4475 0.0681
      vertex 118.5919 -89.6505 0.2679
      vertex 118.1297 -89.7907 0.0681
    endloop
  endfacet
  facet normal 0.36028215526491686 0.1290338193893956 -0.923876096698822
    outer loop
      vertex 117.6487 -88.4475 0.0681
      vertex 118.0949 -88.2628 0.2679
      vertex 118.5919 -89.6505 0.2679
    endloop
  endfacet
  facet normal 0.3712324785589221 0.09279509028136336 -0.9238915077446448
    outer loop
      vertex 118.1297 -89.7907 0.0681
      vertex 118.5919 -89.6505 0.2679
      vertex 118.948 -91.0751 0.2679
    endloop
  endfacet
  facet normal 0.5732608919294561 0.20531142414710712 -0.7932333634555037
    outer loop
      vertex 118.0949 -88.2628 0.2679
      vertex 118.9887 -89.5302 0.5858
      vertex 118.5919 -89.6505 0.2679
    endloop
  endfacet
  facet normal 0.5732055548021677 0.20525896365943275 -0.7932869277766997
    outer loop
      vertex 118.0949 -88.2628 0.2679
      vertex 118.4781 -88.1043 0.5858
      vertex 118.9887 -89.5302 0.5858
    endloop
  endfacet
  facet normal 0.5907260861871245 0.14771178208667968 -0.7932363585532495
    outer loop
      vertex 118.5919 -89.6505 0.2679
      vertex 118.9887 -89.5302 0.5858
      vertex 119.3548 -90.9943 0.5858
    endloop
  endfacet
  facet normal 0.12654470671679943 0.03163855694980905 -0.9914562213815056
    outer loop
      vertex 117.6337 -89.9411 0
      vertex 118.4743 -91.1692 0.0681
      vertex 117.966 -91.2702 0
    endloop
  endfacet
  facet normal 0.12653414819216954 0.0316312422684233 -0.99145780235663
    outer loop
      vertex 117.6337 -89.9411 0
      vertex 118.1297 -89.7907 0.0681
      vertex 118.4743 -91.1692 0.0681
    endloop
  endfacet
  facet normal 0.371246145383799 0.0928048035540492 -0.9238850404541495
    outer loop
      vertex 118.1297 -89.7907 0.0681
      vertex 118.948 -91.0751 0.2679
      vertex 118.4743 -91.1692 0.0681
    endloop
  endfacet
  facet normal 0.1290264758893648 0.01914864365820421 -0.9914562511606967
    outer loop
      vertex 117.966 -91.2702 0
      vertex 118.4743 -91.1692 0.0681
      vertex 118.6832 -92.5768 0.0681
    endloop
  endfacet
  facet normal 0.3785220265815998 0.05617954149677454 -0.9238857800127517
    outer loop
      vertex 118.948 -91.0751 0.2679
      vertex 119.1638 -92.5291 0.2679
      vertex 118.4743 -91.1692 0.0681
    endloop
  endfacet
  facet normal 0.5906295386273277 0.14763665499451656 -0.793322233523617
    outer loop
      vertex 118.5919 -89.6505 0.2679
      vertex 119.3548 -90.9943 0.5858
      vertex 118.948 -91.0751 0.2679
    endloop
  endfacet
  facet normal 0.6022092487200537 0.0893416144583043 -0.7933234502282233
    outer loop
      vertex 118.948 -91.0751 0.2679
      vertex 119.3548 -90.9943 0.5858
      vertex 119.5764 -92.488 0.5858
    endloop
  endfacet
  facet normal 0.7468589364854251 0.26744243843849913 -0.6088318906840616
    outer loop
      vertex 118.4781 -88.1043 0.5858
      vertex 119.2933 -89.4379 1
      vertex 118.9887 -89.5302 0.5858
    endloop
  endfacet
  facet normal 0.7469057581677527 0.2674962421198652 -0.608750810157658
    outer loop
      vertex 118.4781 -88.1043 0.5858
      vertex 118.7721 -87.9826 1
      vertex 119.2933 -89.4379 1
    endloop
  endfacet
  facet normal 0.769607814254594 0.19240195356364667 -0.6088393059774958
    outer loop
      vertex 118.9887 -89.5302 0.5858
      vertex 119.2933 -89.4379 1
      vertex 119.6669 -90.9323 1
    endloop
  endfacet
  facet normal 0.8698033552181822 0.3115106910875592 -0.3826267274895263
    outer loop
      vertex 118.7721 -87.9826 1
      vertex 119.4847 -89.3798 1.4824
      vertex 119.2933 -89.4379 1
    endloop
  endfacet
  facet normal 0.7696645072205591 0.19245555364623224 -0.6087506929734504
    outer loop
      vertex 118.9887 -89.5302 0.5858
      vertex 119.6669 -90.9323 1
      vertex 119.3548 -90.9943 0.5858
    endloop
  endfacet
  facet normal 0.7847027920109918 0.11641570510118675 -0.6088422717058564
    outer loop
      vertex 119.3548 -90.9943 0.5858
      vertex 119.8931 -92.4565 1
      vertex 119.5764 -92.488 0.5858
    endloop
  endfacet
  facet normal 0.7847644924534685 0.11646354034442866 -0.6087535914922321
    outer loop
      vertex 119.3548 -90.9943 0.5858
      vertex 119.6669 -90.9323 1
      vertex 119.8931 -92.4565 1
    endloop
  endfacet
  facet normal 0.8963051615822165 0.22407629039555202 -0.3826576451655511
    outer loop
      vertex 119.2933 -89.4379 1
      vertex 119.8631 -90.8933 1.4824
      vertex 119.6669 -90.9323 1
    endloop
  endfacet
  facet normal 0.913924637919061 0.1356316448611047 -0.38255171299679763
    outer loop
      vertex 119.6669 -90.9323 1
      vertex 120.0921 -92.4368 1.4824
      vertex 119.8931 -92.4565 1
    endloop
  endfacet
  facet normal 0.7922568314662591 0.4753658857849378 -0.38256553376767327
    outer loop
      vertex 117.3168 -85.2588 1
      vertex 117.4832 -85.1479 1.4824
      vertex 118.2898 -86.4922 1.4824
    endloop
  endfacet
  facet normal 0.8501438442592754 0.5100863065555599 -0.13064227467618758
    outer loop
      vertex 117.4832 -85.1479 1.4824
      vertex 117.54 -85.11 2
      vertex 118.35 -86.46 2
    endloop
  endfacet
  facet normal 0.8501419199669853 0.5100978000783889 -0.13060991643070657
    outer loop
      vertex 117.4832 -85.1479 1.4824
      vertex 118.35 -86.46 2
      vertex 118.2898 -86.4922 1.4824
    endloop
  endfacet
  facet normal 0.8355777521471291 0.3942976704381924 -0.3825430266045449
    outer loop
      vertex 118.1134 -86.5864 1
      vertex 118.2898 -86.4922 1.4824
      vertex 118.957 -87.9061 1.4824
    endloop
  endfacet
  facet normal 0.8966356496839581 0.42311005408383356 -0.13046989633245618
    outer loop
      vertex 118.2898 -86.4922 1.4824
      vertex 119.02 -87.88 2
      vertex 118.957 -87.9061 1.4824
    endloop
  endfacet
  facet normal 0.8966388983053104 0.42306201539757665 -0.13060328163403828
    outer loop
      vertex 118.2898 -86.4922 1.4824
      vertex 118.35 -86.46 2
      vertex 119.02 -87.88 2
    endloop
  endfacet
  facet normal 0.8697666327181123 0.3114445627233183 -0.38276401210181393
    outer loop
      vertex 118.7721 -87.9826 1
      vertex 118.957 -87.9061 1.4824
      vertex 119.4847 -89.3798 1.4824
    endloop
  endfacet
  facet normal 0.9334070080728389 0.33426061775581367 -0.13046530840807122
    outer loop
      vertex 118.957 -87.9061 1.4824
      vertex 119.02 -87.88 2
      vertex 119.55 -89.36 2
    endloop
  endfacet
  facet normal 0.8963175072248046 0.22409418218293145 -0.38261824806728123
    outer loop
      vertex 119.2933 -89.4379 1
      vertex 119.4847 -89.3798 1.4824
      vertex 119.8631 -90.8933 1.4824
    endloop
  endfacet
  facet normal 0.9334061686221234 0.3342324999537906 -0.13054332749247458
    outer loop
      vertex 118.957 -87.9061 1.4824
      vertex 119.55 -89.36 2
      vertex 119.4847 -89.3798 1.4824
    endloop
  endfacet
  facet normal 0.9618405893455931 0.24046014733640503 -0.1305434725686295
    outer loop
      vertex 119.4847 -89.3798 1.4824
      vertex 119.55 -89.36 2
      vertex 119.93 -90.88 2
    endloop
  endfacet
  facet normal 0.9138878777262878 0.13558815937759505 -0.3826549333035412
    outer loop
      vertex 119.6669 -90.9323 1
      vertex 119.8631 -90.8933 1.4824
      vertex 120.0921 -92.4368 1.4824
    endloop
  endfacet
  facet normal 0.9618426955816637 0.24047656161751063 -0.13049770982212175
    outer loop
      vertex 119.4847 -89.3798 1.4824
      vertex 119.93 -90.88 2
      vertex 119.8631 -90.8933 1.4824
    endloop
  endfacet
  facet normal 0.9807051998541942 0.14550145174383444 -0.130562776162968
    outer loop
      vertex 119.8631 -90.8933 1.4824
      vertex 120.16 -92.43 2
      vertex 120.0921 -92.4368 1.4824
    endloop
  endfacet
  facet normal 0.9807105510061465 0.1455247914396142 -0.13049655252794065
    outer loop
      vertex 119.8631 -90.8933 1.4824
      vertex 119.93 -90.88 2
      vertex 120.16 -92.43 2
    endloop
  endfacet
  facet normal 0.9987042955241726 0.05088939085473405 0
    outer loop
      vertex 120.16 -64.43 2
      vertex 120.24 -66 20
      vertex 120.24 -66 2
    endloop
  endfacet
  facet normal 0.9987042955241726 -0.05088939085473405 0
    outer loop
      vertex 120.24 -66 2
      vertex 120.16 -67.57 20
      vertex 120.16 -67.57 2
    endloop
  endfacet
  facet normal 0.9891691709582 -0.14677994149701562 0
    outer loop
      vertex 120.16 -67.57 2
      vertex 119.93 -69.12 20
      vertex 119.93 -69.12 2
    endloop
  endfacet
  facet normal 0.9701425001453302 -0.24253562503633935 0
    outer loop
      vertex 119.93 -69.12 2
      vertex 119.55 -70.64 20
      vertex 119.55 -70.64 2
    endloop
  endfacet
  facet normal 0.7382098828926542 -0.6745710998846702 0
    outer loop
      vertex 115.55 -77.31 2
      vertex 116.61 -76.15 2
      vertex 115.55 -77.31 20
    endloop
  endfacet
  facet normal 0.8045740795857662 -0.5938522968371152 0
    outer loop
      vertex 116.61 -76.15 2
      vertex 117.54 -74.89 2
      vertex 116.61 -76.15 20
    endloop
  endfacet
  facet normal 0.8574929257125466 -0.5144957554275226 0
    outer loop
      vertex 117.54 -74.89 2
      vertex 118.35 -73.54 2
      vertex 117.54 -74.89 20
    endloop
  endfacet
  facet normal 0.9043852206147877 -0.42671697029007644 0
    outer loop
      vertex 118.35 -73.54 2
      vertex 119.02 -72.12 2
      vertex 118.35 -73.54 20
    endloop
  endfacet
  facet normal 0.941453730812596 -0.33714221441261866 0
    outer loop
      vertex 119.55 -70.64 2
      vertex 119.02 -72.12 20
      vertex 119.02 -72.12 2
    endloop
  endfacet
  facet normal 0.5166649678844203 -0.8561876610656048 0
    outer loop
      vertex 111.97 -80 2
      vertex 113.13 -79.3 2
      vertex 111.97 -80 20
    endloop
  endfacet
  facet normal 0.5938522968371093 -0.8045740795857707 0
    outer loop
      vertex 113.13 -79.3 2
      vertex 114.39 -78.37 2
      vertex 113.13 -79.3 20
    endloop
  endfacet
  facet normal 0.5166649678844203 0.8561876610656048 0
    outer loop
      vertex 111.97 -80 2
      vertex 113.13 -80.7 20
      vertex 113.13 -80.7 2
    endloop
  endfacet
  facet normal 0.6745710998846702 -0.7382098828926542 0
    outer loop
      vertex 115.55 -77.31 2
      vertex 114.39 -78.37 20
      vertex 114.39 -78.37 2
    endloop
  endfacet
  facet normal 0.5938522968371093 0.8045740795857707 0
    outer loop
      vertex 113.13 -80.7 2
      vertex 114.39 -81.63 20
      vertex 114.39 -81.63 2
    endloop
  endfacet
  facet normal 0.6745710998846702 0.7382098828926542 0
    outer loop
      vertex 114.39 -81.63 2
      vertex 115.55 -82.69 20
      vertex 115.55 -82.69 2
    endloop
  endfacet
  facet normal 0.7382098828926542 0.6745710998846702 0
    outer loop
      vertex 115.55 -82.69 2
      vertex 116.61 -83.85 20
      vertex 116.61 -83.85 2
    endloop
  endfacet
  facet normal 0.8045740795857662 0.5938522968371152 0
    outer loop
      vertex 116.61 -83.85 2
      vertex 117.54 -85.11 20
      vertex 117.54 -85.11 2
    endloop
  endfacet
  facet normal 0.8574929257125466 0.5144957554275226 0
    outer loop
      vertex 117.54 -85.11 2
      vertex 118.35 -86.46 20
      vertex 118.35 -86.46 2
    endloop
  endfacet
  facet normal 0.9043852206147877 0.42671697029007644 0
    outer loop
      vertex 118.35 -86.46 2
      vertex 119.02 -87.88 20
      vertex 119.02 -87.88 2
    endloop
  endfacet
  facet normal 0.941453730812596 0.33714221441261866 0
    outer loop
      vertex 119.02 -87.88 2
      vertex 119.55 -89.36 20
      vertex 119.55 -89.36 2
    endloop
  endfacet
  facet normal 0.9701425001453302 0.24253562503633935 0
    outer loop
      vertex 119.55 -89.36 2
      vertex 119.93 -90.88 20
      vertex 119.93 -90.88 2
    endloop
  endfacet
  facet normal 0.9891691709582 0.14677994149701562 0
    outer loop
      vertex 119.93 -90.88 2
      vertex 120.16 -92.43 20
      vertex 120.16 -92.43 2
    endloop
  endfacet
  facet normal 0.05088939085473405 0.9987042955241726 0
    outer loop
      vertex 80 -36 2
      vertex 80 -36 20
      vertex 81.57 -36.08 20
    endloop
  endfacet
  facet normal 0.1467799414970245 0.9891691709581988 0
    outer loop
      vertex 81.57 -36.08 2
      vertex 81.57 -36.08 20
      vertex 83.12 -36.31 20
    endloop
  endfacet
  facet normal 0.24253562503633083 0.9701425001453324 0
    outer loop
      vertex 83.12 -36.31 2
      vertex 83.12 -36.31 20
      vertex 84.64 -36.69 20
    endloop
  endfacet
  facet normal 0.33714221441261866 0.941453730812596 0
    outer loop
      vertex 84.64 -36.69 2
      vertex 84.64 -36.69 20
      vertex 86.12 -37.22 20
    endloop
  endfacet
  facet normal 0.42671697029007644 0.9043852206147877 0
    outer loop
      vertex 86.12 -37.22 2
      vertex 86.12 -37.22 20
      vertex 87.54 -37.89 20
    endloop
  endfacet
  facet normal 0.5144957554275292 0.8574929257125427 0
    outer loop
      vertex 87.54 -37.89 2
      vertex 87.54 -37.89 20
      vertex 88.89 -38.7 20
    endloop
  endfacet
  facet normal 0.5938522968371122 0.8045740795857684 0
    outer loop
      vertex 88.89 -38.7 2
      vertex 88.89 -38.7 20
      vertex 90.15 -39.63 20
    endloop
  endfacet
  facet normal 0.6745710998846677 0.7382098828926564 0
    outer loop
      vertex 90.15 -39.63 2
      vertex 90.15 -39.63 20
      vertex 91.31 -40.69 20
    endloop
  endfacet
  facet normal 0.7382098828926563 0.674571099884668 0
    outer loop
      vertex 91.31 -40.69 2
      vertex 91.31 -40.69 20
      vertex 92.37 -41.85 20
    endloop
  endfacet
  facet normal 0.8045740795857689 0.5938522968371114 0
    outer loop
      vertex 92.37 -41.85 2
      vertex 92.37 -41.85 20
      vertex 93.3 -43.11 20
    endloop
  endfacet
  facet normal 0.8574929257125438 0.5144957554275272 0
    outer loop
      vertex 93.3 -43.11 2
      vertex 93.3 -43.11 20
      vertex 94.11 -44.46 20
    endloop
  endfacet
  facet normal 0.9043852206147877 0.42671697029007644 0
    outer loop
      vertex 94.11 -44.46 2
      vertex 94.11 -44.46 20
      vertex 94.78 -45.88 20
    endloop
  endfacet
  facet normal 0.9414537308125955 0.3371422144126201 0
    outer loop
      vertex 94.78 -45.88 2
      vertex 94.78 -45.88 20
      vertex 95.31 -47.36 20
    endloop
  endfacet
  facet normal 0.9701425001453327 0.24253562503632978 0
    outer loop
      vertex 95.31 -47.36 2
      vertex 95.31 -47.36 20
      vertex 95.69 -48.88 20
    endloop
  endfacet
  facet normal 0.9891691709581986 0.1467799414970258 0
    outer loop
      vertex 95.69 -48.88 2
      vertex 95.69 -48.88 20
      vertex 95.92 -50.43 20
    endloop
  endfacet
  facet normal 0.9987042955241727 0.050889390854733825 0
    outer loop
      vertex 95.92 -50.43 2
      vertex 95.92 -50.43 20
      vertex 96 -52 20
    endloop
  endfacet
  facet normal 0.9980525784828892 -0.06237828615516811 0
    outer loop
      vertex 96 -52 2
      vertex 96 -52 20
      vertex 95.98 -52.32 20
    endloop
  endfacet
  facet normal -0.5127411190260192 0.8585432690668221 0
    outer loop
      vertex 95.98 -52.32 2
      vertex 95.98 -52.32 20
      vertex 96.7 -51.89 20
    endloop
  endfacet
  facet normal -0.42671697029007644 0.9043852206147877 0
    outer loop
      vertex 96.7 -51.89 2
      vertex 96.7 -51.89 20
      vertex 98.12 -51.22 20
    endloop
  endfacet
  facet normal -0.33714221441262154 0.941453730812595 0
    outer loop
      vertex 98.12 -51.22 2
      vertex 98.12 -51.22 20
      vertex 99.6 -50.69 20
    endloop
  endfacet
  facet normal -0.2425356250363287 0.970142500145333 0
    outer loop
      vertex 99.6 -50.69 2
      vertex 99.6 -50.69 20
      vertex 101.12 -50.31 20
    endloop
  endfacet
  facet normal 0 0 1
    outer loop
      vertex 73.88 -37.22 20
      vertex 94.11 -44.46 20
      vertex 75.36 -36.69 20
    endloop
  endfacet
  facet normal 0 0 1
    outer loop
      vertex 75.36 -36.69 20
      vertex 94.11 -44.46 20
      vertex 76.88 -36.31 20
    endloop
  endfacet
  facet normal 0 0 1
    outer loop
      vertex 72.46 -37.89 20
      vertex 94.11 -44.46 20
      vertex 73.88 -37.22 20
    endloop
  endfacet
  facet normal 0 0 1
    outer loop
      vertex 76.88 -36.31 20
      vertex 94.11 -44.46 20
      vertex 78.43 -36.08 20
    endloop
  endfacet
  facet normal 0 0 1
    outer loop
      vertex 78.43 -36.08 20
      vertex 94.11 -44.46 20
      vertex 80 -36 20
    endloop
  endfacet
  facet normal 0 0 1
    outer loop
      vertex 80 -36 20
      vertex 94.11 -44.46 20
      vertex 81.57 -36.08 20
    endloop
  endfacet
  facet normal 0 0 1
    outer loop
      vertex 81.57 -36.08 20
      vertex 94.11 -44.46 20
      vertex 83.12 -36.31 20
    endloop
  endfacet
  facet normal 0 0 1
    outer loop
      vertex 83.12 -36.31 20
      vertex 94.11 -44.46 20
      vertex 84.64 -36.69 20
    endloop
  endfacet
  facet normal 0 0 1
    outer loop
      vertex 84.64 -36.69 20
      vertex 94.11 -44.46 20
      vertex 86.12 -37.22 20
    endloop
  endfacet
  facet normal 0 0 1
    outer loop
      vertex 86.12 -37.22 20
      vertex 94.11 -44.46 20
      vertex 87.54 -37.89 20
    endloop
  endfacet
  facet normal 0 0 1
    outer loop
      vertex 94.11 -44.46 20
      vertex 73.43699999898672 -64.1550000011921 20
      vertex 80 -62.850000001490116 20
    endloop
  endfacet
  facet normal 0 0 1
    outer loop
      vertex 94.11 -44.46 20
      vertex 80 -62.850000001490116 20
      vertex 86.56300000101328 -64.1550000011921 20
    endloop
  endfacet
  facet normal 0 0 1
    outer loop
      vertex 87.54 -37.89 20
      vertex 94.11 -44.46 20
      vertex 88.89 -38.7 20
    endloop
  endfacet
  facet normal 0 0 1
    outer loop
      vertex 88.89 -38.7 20
      vertex 94.11 -44.46 20
      vertex 90.15 -39.63 20
    endloop
  endfacet
  facet normal 0 0 1
    outer loop
      vertex 90.15 -39.63 20
      vertex 94.11 -44.46 20
      vertex 91.31 -40.69 20
    endloop
  endfacet
  facet normal 0 0 1
    outer loop
      vertex 91.31 -40.69 20
      vertex 94.11 -44.46 20
      vertex 92.37 -41.85 20
    endloop
  endfacet
  facet normal 0 0 1
    outer loop
      vertex 92.37 -41.85 20
      vertex 94.11 -44.46 20
      vertex 93.3 -43.11 20
    endloop
  endfacet
  facet normal 0 0 1
    outer loop
      vertex 94.11 -44.46 20
      vertex 95.31 -47.36 20
      vertex 94.78 -45.88 20
    endloop
  endfacet
  facet normal 0 0 1
    outer loop
      vertex 94.11 -44.46 20
      vertex 95.69 -48.88 20
      vertex 95.31 -47.36 20
    endloop
  endfacet
  facet normal 0 0 1
    outer loop
      vertex 94.11 -44.46 20
      vertex 95.92 -50.43 20
      vertex 95.69 -48.88 20
    endloop
  endfacet
  facet normal 0 0 1
    outer loop
      vertex 94.11 -44.46 20
      vertex 96 -52 20
      vertex 95.92 -50.43 20
    endloop
  endfacet
  facet normal 0 0 1
    outer loop
      vertex 94.11 -44.46 20
      vertex 95.98 -52.32 20
      vertex 96 -52 20
    endloop
  endfacet
  facet normal 0 0 1
    outer loop
      vertex 94.11 -44.46 20
      vertex 86.56300000101328 -64.1550000011921 20
      vertex 92.12699999660254 -67.87300000339746 20
    endloop
  endfacet
  facet normal 0 0 1
    outer loop
      vertex 94.11 -44.46 20
      vertex 92.12699999660254 -67.87300000339746 20
      vertex 95.8449999988079 -73.43699999898672 20
    endloop
  endfacet
  facet normal 0 0 1
    outer loop
      vertex 95.98 -52.32 20
      vertex 98.12 -51.22 20
      vertex 96.7 -51.89 20
    endloop
  endfacet
  facet normal 0 0 1
    outer loop
      vertex 95.98 -52.32 20
      vertex 99.6 -50.69 20
      vertex 98.12 -51.22 20
    endloop
  endfacet
  facet normal 0 0 1
    outer loop
      vertex 95.98 -52.32 20
      vertex 101.12 -50.31 20
      vertex 99.6 -50.69 20
    endloop
  endfacet
  facet normal 0 0 1
    outer loop
      vertex 95.98 -52.32 20
      vertex 102.67 -50.08 20
      vertex 101.12 -50.31 20
    endloop
  endfacet
  facet normal 0 0 1
    outer loop
      vertex 94.11 -44.46 20
      vertex 95.8449999988079 -73.43699999898672 20
      vertex 97.14999999850988 -80 20
    endloop
  endfacet
  facet normal 0 0 1
    outer loop
      vertex 94.11 -44.46 20
      vertex 108.88 -109.31 20
      vertex 95.98 -52.32 20
    endloop
  endfacet
  facet normal 0 0 1
    outer loop
      vertex 94.11 -44.46 20
      vertex 97.14999999850988 -80 20
      vertex 101.12 -109.69 20
    endloop
  endfacet
  facet normal 0 0 1
    outer loop
      vertex 98.12 -108.78 20
      vertex 97.14999999850988 -80 20
      vertex 95.8449999988079 -86.56300000101328 20
    endloop
  endfacet
  facet normal 0 0 1
    outer loop
      vertex 94.11 -44.46 20
      vertex 101.12 -109.69 20
      vertex 102.67 -109.92 20
    endloop
  endfacet
  facet normal -0.1467799414970258 0.9891691709581986 0
    outer loop
      vertex 101.12 -50.31 2
      vertex 101.12 -50.31 20
      vertex 102.67 -50.08 20
    endloop
  endfacet
  facet normal -0.05088939085473405 0.9987042955241726 0
    outer loop
      vertex 102.67 -50.08 2
      vertex 102.67 -50.08 20
      vertex 104.24 -50 20
    endloop
  endfacet
  facet normal 0.05088939085473359 0.9987042955241726 0
    outer loop
      vertex 104.24 -50 2
      vertex 104.24 -50 20
      vertex 105.81 -50.08 20
    endloop
  endfacet
  facet normal 0.1467799414970258 0.9891691709581986 0
    outer loop
      vertex 105.81 -50.08 2
      vertex 105.81 -50.08 20
      vertex 107.36 -50.31 20
    endloop
  endfacet
  facet normal 0.24253562503633083 0.9701425001453324 0
    outer loop
      vertex 107.36 -50.31 2
      vertex 107.36 -50.31 20
      vertex 108.88 -50.69 20
    endloop
  endfacet
  facet normal 0.33714221441261866 0.941453730812596 0
    outer loop
      vertex 108.88 -50.69 2
      vertex 108.88 -50.69 20
      vertex 110.36 -51.22 20
    endloop
  endfacet
  facet normal 0.42671697029007644 0.9043852206147877 0
    outer loop
      vertex 110.36 -51.22 2
      vertex 110.36 -51.22 20
      vertex 111.78 -51.89 20
    endloop
  endfacet
  facet normal 0.5144957554275292 0.8574929257125427 0
    outer loop
      vertex 111.78 -51.89 2
      vertex 111.78 -51.89 20
      vertex 113.13 -52.7 20
    endloop
  endfacet
  facet normal 0.5938522968371122 0.8045740795857684 0
    outer loop
      vertex 113.13 -52.7 2
      vertex 113.13 -52.7 20
      vertex 114.39 -53.63 20
    endloop
  endfacet
  facet normal 0.6745710998846677 0.7382098828926564 0
    outer loop
      vertex 114.39 -53.63 2
      vertex 114.39 -53.63 20
      vertex 115.55 -54.69 20
    endloop
  endfacet
  facet normal 0.7382098828926563 0.674571099884668 0
    outer loop
      vertex 115.55 -54.69 2
      vertex 115.55 -54.69 20
      vertex 116.61 -55.85 20
    endloop
  endfacet
  facet normal 0.8045740795857647 0.5938522968371173 0
    outer loop
      vertex 116.61 -55.85 2
      vertex 116.61 -55.85 20
      vertex 117.54 -57.11 20
    endloop
  endfacet
  facet normal 0.8574929257125478 0.5144957554275206 0
    outer loop
      vertex 117.54 -57.11 2
      vertex 117.54 -57.11 20
      vertex 118.35 -58.46 20
    endloop
  endfacet
  facet normal 0.9043852206147877 0.42671697029007644 0
    outer loop
      vertex 118.35 -58.46 2
      vertex 118.35 -58.46 20
      vertex 119.02 -59.88 20
    endloop
  endfacet
  facet normal 0.9414537308125955 0.3371422144126201 0
    outer loop
      vertex 119.02 -59.88 2
      vertex 119.02 -59.88 20
      vertex 119.55 -61.36 20
    endloop
  endfacet
  facet normal 0.9701425001453305 0.2425356250363383 0
    outer loop
      vertex 119.55 -61.36 2
      vertex 119.55 -61.36 20
      vertex 119.93 -62.88 20
    endloop
  endfacet
  facet normal 0.9891691709581998 0.14677994149701626 0
    outer loop
      vertex 119.93 -62.88 2
      vertex 119.93 -62.88 20
      vertex 120.16 -64.43 20
    endloop
  endfacet
  facet normal 0 0 1
    outer loop
      vertex 95.98 -52.32 20
      vertex 104.24 -50 20
      vertex 102.67 -50.08 20
    endloop
  endfacet
  facet normal 0 0 1
    outer loop
      vertex 95.98 -52.32 20
      vertex 105.81 -50.08 20
      vertex 104.24 -50 20
    endloop
  endfacet
  facet normal 0 0 1
    outer loop
      vertex 95.98 -52.32 20
      vertex 107.36 -50.31 20
      vertex 105.81 -50.08 20
    endloop
  endfacet
  facet normal 0 0 1
    outer loop
      vertex 95.98 -52.32 20
      vertex 108.88 -50.69 20
      vertex 107.36 -50.31 20
    endloop
  endfacet
  facet normal 0 0 1
    outer loop
      vertex 95.98 -52.32 20
      vertex 110.36 -51.22 20
      vertex 108.88 -50.69 20
    endloop
  endfacet
  facet normal 0 0 1
    outer loop
      vertex 95.98 -52.32 20
      vertex 111.78 -51.89 20
      vertex 110.36 -51.22 20
    endloop
  endfacet
  facet normal 0 0 1
    outer loop
      vertex 95.98 -52.32 20
      vertex 113.13 -52.7 20
      vertex 111.78 -51.89 20
    endloop
  endfacet
  facet normal 0 0 1
    outer loop
      vertex 95.98 -52.32 20
      vertex 114.39 -53.63 20
      vertex 113.13 -52.7 20
    endloop
  endfacet
  facet normal 0 0 1
    outer loop
      vertex 95.98 -52.32 20
      vertex 115.55 -54.69 20
      vertex 114.39 -53.63 20
    endloop
  endfacet
  facet normal 0 0 1
    outer loop
      vertex 95.98 -52.32 20
      vertex 116.61 -55.85 20
      vertex 115.55 -54.69 20
    endloop
  endfacet
  facet normal 0 0 1
    outer loop
      vertex 95.98 -52.32 20
      vertex 117.54 -57.11 20
      vertex 116.61 -55.85 20
    endloop
  endfacet
  facet normal 0 0 1
    outer loop
      vertex 95.98 -52.32 20
      vertex 118.35 -58.46 20
      vertex 117.54 -57.11 20
    endloop
  endfacet
  facet normal 0 0 1
    outer loop
      vertex 95.98 -52.32 20
      vertex 119.02 -59.88 20
      vertex 118.35 -58.46 20
    endloop
  endfacet
  facet normal 0 0 1
    outer loop
      vertex 95.98 -52.32 20
      vertex 119.55 -61.36 20
      vertex 119.02 -59.88 20
    endloop
  endfacet
  facet normal 0 0 1
    outer loop
      vertex 95.98 -52.32 20
      vertex 119.93 -62.88 20
      vertex 119.55 -61.36 20
    endloop
  endfacet
  facet normal 0 0 1
    outer loop
      vertex 95.98 -52.32 20
      vertex 120.16 -64.43 20
      vertex 119.93 -62.88 20
    endloop
  endfacet
  facet normal 0 0 1
    outer loop
      vertex 95.98 -52.32 20
      vertex 120.24 -66 20
      vertex 120.16 -64.43 20
    endloop
  endfacet
  facet normal 0 0 1
    outer loop
      vertex 95.98 -52.32 20
      vertex 120.16 -67.57 20
      vertex 120.24 -66 20
    endloop
  endfacet
  facet normal 0 0 1
    outer loop
      vertex 95.98 -52.32 20
      vertex 119.93 -69.12 20
      vertex 120.16 -67.57 20
    endloop
  endfacet
  facet normal 0.6745710998846702 -0.7382098828926542 0
    outer loop
      vertex 115.55 -77.31 2
      vertex 115.55 -77.31 20
      vertex 114.39 -78.37 20
    endloop
  endfacet
  facet normal 0.9987042955241726 0.05088939085473405 0
    outer loop
      vertex 120.16 -64.43 2
      vertex 120.16 -64.43 20
      vertex 120.24 -66 20
    endloop
  endfacet
  facet normal 0.9987042955241726 -0.05088939085473405 0
    outer loop
      vertex 120.24 -66 2
      vertex 120.24 -66 20
      vertex 120.16 -67.57 20
    endloop
  endfacet
  facet normal 0.9891691709582 -0.14677994149701562 0
    outer loop
      vertex 120.16 -67.57 2
      vertex 120.16 -67.57 20
      vertex 119.93 -69.12 20
    endloop
  endfacet
  facet normal 0.9701425001453302 -0.24253562503633935 0
    outer loop
      vertex 119.93 -69.12 2
      vertex 119.93 -69.12 20
      vertex 119.55 -70.64 20
    endloop
  endfacet
  facet normal 0.7382098828926542 -0.6745710998846702 0
    outer loop
      vertex 116.61 -76.15 2
      vertex 116.61 -76.15 20
      vertex 115.55 -77.31 20
    endloop
  endfacet
  facet normal 0.8045740795857662 -0.5938522968371152 0
    outer loop
      vertex 117.54 -74.89 2
      vertex 117.54 -74.89 20
      vertex 116.61 -76.15 20
    endloop
  endfacet
  facet normal 0.9043852206147877 -0.42671697029007644 0
    outer loop
      vertex 119.02 -72.12 2
      vertex 119.02 -72.12 20
      vertex 118.35 -73.54 20
    endloop
  endfacet
  facet normal 0.8574929257125466 -0.5144957554275226 0
    outer loop
      vertex 118.35 -73.54 2
      vertex 118.35 -73.54 20
      vertex 117.54 -74.89 20
    endloop
  endfacet
  facet normal 0.941453730812596 -0.33714221441261866 0
    outer loop
      vertex 119.55 -70.64 2
      vertex 119.55 -70.64 20
      vertex 119.02 -72.12 20
    endloop
  endfacet
  facet normal 0.5166649678844203 0.8561876610656048 0
    outer loop
      vertex 111.97 -80 2
      vertex 111.97 -80 20
      vertex 113.13 -80.7 20
    endloop
  endfacet
  facet normal 0.5166649678844203 -0.8561876610656048 0
    outer loop
      vertex 113.13 -79.3 2
      vertex 113.13 -79.3 20
      vertex 111.97 -80 20
    endloop
  endfacet
  facet normal 0.5938522968371093 0.8045740795857707 0
    outer loop
      vertex 113.13 -80.7 2
      vertex 113.13 -80.7 20
      vertex 114.39 -81.63 20
    endloop
  endfacet
  facet normal 0.5938522968371093 -0.8045740795857707 0
    outer loop
      vertex 114.39 -78.37 2
      vertex 114.39 -78.37 20
      vertex 113.13 -79.3 20
    endloop
  endfacet
  facet normal 0.6745710998846702 0.7382098828926542 0
    outer loop
      vertex 114.39 -81.63 2
      vertex 114.39 -81.63 20
      vertex 115.55 -82.69 20
    endloop
  endfacet
  facet normal 0.7382098828926542 0.6745710998846702 0
    outer loop
      vertex 115.55 -82.69 2
      vertex 115.55 -82.69 20
      vertex 116.61 -83.85 20
    endloop
  endfacet
  facet normal 0.8045740795857662 0.5938522968371152 0
    outer loop
      vertex 116.61 -83.85 2
      vertex 116.61 -83.85 20
      vertex 117.54 -85.11 20
    endloop
  endfacet
  facet normal 0.8574929257125466 0.5144957554275226 0
    outer loop
      vertex 117.54 -85.11 2
      vertex 117.54 -85.11 20
      vertex 118.35 -86.46 20
    endloop
  endfacet
  facet normal 0.9043852206147877 0.42671697029007644 0
    outer loop
      vertex 118.35 -86.46 2
      vertex 118.35 -86.46 20
      vertex 119.02 -87.88 20
    endloop
  endfacet
  facet normal 0.941453730812596 0.33714221441261866 0
    outer loop
      vertex 119.02 -87.88 2
      vertex 119.02 -87.88 20
      vertex 119.55 -89.36 20
    endloop
  endfacet
  facet normal 0.9701425001453302 0.24253562503633935 0
    outer loop
      vertex 119.55 -89.36 2
      vertex 119.55 -89.36 20
      vertex 119.93 -90.88 20
    endloop
  endfacet
  facet normal 0.9891691709582 0.14677994149701562 0
    outer loop
      vertex 119.93 -90.88 2
      vertex 119.93 -90.88 20
      vertex 120.16 -92.43 20
    endloop
  endfacet
  facet normal 0 0 1
    outer loop
      vertex 95.98 -52.32 20
      vertex 111.97 -80 20
      vertex 113.13 -79.3 20
    endloop
  endfacet
  facet normal 0 0 1
    outer loop
      vertex 95.98 -52.32 20
      vertex 113.13 -79.3 20
      vertex 114.39 -78.37 20
    endloop
  endfacet
  facet normal 0 0 1
    outer loop
      vertex 95.98 -52.32 20
      vertex 114.39 -78.37 20
      vertex 115.55 -77.31 20
    endloop
  endfacet
  facet normal 0 0 1
    outer loop
      vertex 95.98 -52.32 20
      vertex 115.55 -77.31 20
      vertex 116.61 -76.15 20
    endloop
  endfacet
  facet normal 0 0 1
    outer loop
      vertex 95.98 -52.32 20
      vertex 116.61 -76.15 20
      vertex 117.54 -74.89 20
    endloop
  endfacet
  facet normal 0 0 1
    outer loop
      vertex 95.98 -52.32 20
      vertex 120.16 -95.57 20
      vertex 111.97 -80 20
    endloop
  endfacet
  facet normal 0 0 1
    outer loop
      vertex 94.11 -44.46 20
      vertex 102.67 -109.92 20
      vertex 104.24 -110 20
    endloop
  endfacet
  facet normal 0 0 1
    outer loop
      vertex 94.11 -44.46 20
      vertex 104.24 -110 20
      vertex 105.81 -109.92 20
    endloop
  endfacet
  facet normal 0 0 1
    outer loop
      vertex 94.11 -44.46 20
      vertex 105.81 -109.92 20
      vertex 107.36 -109.69 20
    endloop
  endfacet
  facet normal 0 0 1
    outer loop
      vertex 94.11 -44.46 20
      vertex 107.36 -109.69 20
      vertex 108.88 -109.31 20
    endloop
  endfacet
  facet normal 0 0 1
    outer loop
      vertex 95.98 -52.32 20
      vertex 108.88 -109.31 20
      vertex 110.36 -108.78 20
    endloop
  endfacet
  facet normal 0 0 1
    outer loop
      vertex 95.98 -52.32 20
      vertex 110.36 -108.78 20
      vertex 111.78 -108.11 20
    endloop
  endfacet
  facet normal 0 0 1
    outer loop
      vertex 95.98 -52.32 20
      vertex 111.78 -108.11 20
      vertex 113.13 -107.3 20
    endloop
  endfacet
  facet normal 0 0 1
    outer loop
      vertex 95.98 -52.32 20
      vertex 114.39 -106.37 20
      vertex 115.55 -105.31 20
    endloop
  endfacet
  facet normal 0 0 1
    outer loop
      vertex 95.98 -52.32 20
      vertex 116.61 -104.15 20
      vertex 117.54 -102.89 20
    endloop
  endfacet
  facet normal 0 0 1
    outer loop
      vertex 95.98 -52.32 20
      vertex 115.55 -105.31 20
      vertex 116.61 -104.15 20
    endloop
  endfacet
  facet normal 0 0 1
    outer loop
      vertex 95.98 -52.32 20
      vertex 113.13 -107.3 20
      vertex 114.39 -106.37 20
    endloop
  endfacet
  facet normal 0 0 1
    outer loop
      vertex 95.98 -52.32 20
      vertex 117.54 -74.89 20
      vertex 118.35 -73.54 20
    endloop
  endfacet
  facet normal 0 0 1
    outer loop
      vertex 95.98 -52.32 20
      vertex 118.35 -73.54 20
      vertex 119.02 -72.12 20
    endloop
  endfacet
  facet normal 0 0 1
    outer loop
      vertex 95.98 -52.32 20
      vertex 119.55 -70.64 20
      vertex 119.93 -69.12 20
    endloop
  endfacet
  facet normal 0 0 1
    outer loop
      vertex 95.98 -52.32 20
      vertex 119.02 -72.12 20
      vertex 119.55 -70.64 20
    endloop
  endfacet
  facet normal 0 0 1
    outer loop
      vertex 95.98 -52.32 20
      vertex 118.35 -101.54 20
      vertex 119.02 -100.12 20
    endloop
  endfacet
  facet normal 0 0 1
    outer loop
      vertex 95.98 -52.32 20
      vertex 119.93 -97.12 20
      vertex 120.16 -95.57 20
    endloop
  endfacet
  facet normal 0 0 1
    outer loop
      vertex 95.98 -52.32 20
      vertex 119.55 -98.64 20
      vertex 119.93 -97.12 20
    endloop
  endfacet
  facet normal 0 0 1
    outer loop
      vertex 95.98 -52.32 20
      vertex 119.02 -100.12 20
      vertex 119.55 -98.64 20
    endloop
  endfacet
  facet normal 0 0 1
    outer loop
      vertex 111.97 -80 20
      vertex 114.39 -81.63 20
      vertex 113.13 -80.7 20
    endloop
  endfacet
  facet normal 0 0 1
    outer loop
      vertex 111.97 -80 20
      vertex 115.55 -82.69 20
      vertex 114.39 -81.63 20
    endloop
  endfacet
  facet normal 0 0 1
    outer loop
      vertex 111.97 -80 20
      vertex 116.61 -83.85 20
      vertex 115.55 -82.69 20
    endloop
  endfacet
  facet normal 0 0 1
    outer loop
      vertex 95.98 -52.32 20
      vertex 117.54 -102.89 20
      vertex 118.35 -101.54 20
    endloop
  endfacet
  facet normal 0 0 1
    outer loop
      vertex 111.97 -80 20
      vertex 117.54 -85.11 20
      vertex 116.61 -83.85 20
    endloop
  endfacet
  facet normal 0 0 1
    outer loop
      vertex 111.97 -80 20
      vertex 118.35 -86.46 20
      vertex 117.54 -85.11 20
    endloop
  endfacet
  facet normal 0 0 1
    outer loop
      vertex 111.97 -80 20
      vertex 119.02 -87.88 20
      vertex 118.35 -86.46 20
    endloop
  endfacet
  facet normal 0 0 1
    outer loop
      vertex 111.97 -80 20
      vertex 119.55 -89.36 20
      vertex 119.02 -87.88 20
    endloop
  endfacet
  facet normal 0 0 1
    outer loop
      vertex 111.97 -80 20
      vertex 119.93 -90.88 20
      vertex 119.55 -89.36 20
    endloop
  endfacet
  facet normal 0 0 1
    outer loop
      vertex 111.97 -80 20
      vertex 120.16 -92.43 20
      vertex 119.93 -90.88 20
    endloop
  endfacet
  facet normal 0 0 1
    outer loop
      vertex 111.97 -80 20
      vertex 120.24 -94 20
      vertex 120.16 -92.43 20
    endloop
  endfacet
  facet normal 0 0 1
    outer loop
      vertex 111.97 -80 20
      vertex 120.16 -95.57 20
      vertex 120.24 -94 20
    endloop
  endfacet
  facet normal 0 0 -1
    outer loop
      vertex 68.0345 -146 0
      vertex 92.3437 -45.4035 0
      vertex 91.9655 -146 0
    endloop
  endfacet
  facet normal 0 0 1
    outer loop
      vertex 92.3437 -45.4035 0
      vertex 92.7242 -113.957 0
      vertex 93 -144.9655 0
    endloop
  endfacet
  facet normal 0.13017925020054158 0.008135401146095535 -0.9914570984492556
    outer loop
      vertex 93.7472 -104.017 0
      vertex 94.3251 -104.965 0.0681
      vertex 94.5153 -108.0085 0.0681
    endloop
  endfacet
  facet normal -0.06688690832417424 -0.11199581429489472 -0.9914550312925225
    outer loop
      vertex 93.7472 -104.017 0
      vertex 97.6417 -106.3429 0
      vertex 94.3251 -104.965 0.0681
    endloop
  endfacet
  facet normal -0.19619882629100027 -0.3285197108269467 -0.9238943771666831
    outer loop
      vertex 94.3251 -104.965 0.0681
      vertex 97.398 -106.8002 0.0681
      vertex 94.8636 -105.8485 0.2679
    endloop
  endfacet
  facet normal 0 0 -1
    outer loop
      vertex 92.3437 -45.4035 0
      vertex 92.0903 -145.9957 0
      vertex 91.9655 -146 0
    endloop
  endfacet
  facet normal 0 0 -1
    outer loop
      vertex 92.3437 -45.4035 0
      vertex 92.1824 -145.9803 0
      vertex 92.0903 -145.9957 0
    endloop
  endfacet
  facet normal 0 0 -1
    outer loop
      vertex 92.3437 -45.4035 0
      vertex 92.2897 -145.9535 0
      vertex 92.1824 -145.9803 0
    endloop
  endfacet
  facet normal 0 0 -1
    outer loop
      vertex 92.3437 -45.4035 0
      vertex 92.4635 -145.8841 0
      vertex 92.3931 -145.9166 0
    endloop
  endfacet
  facet normal 0 0 -1
    outer loop
      vertex 92.3437 -45.4035 0
      vertex 92.3931 -145.9166 0
      vertex 92.2897 -145.9535 0
    endloop
  endfacet
  facet normal 0 0 -1
    outer loop
      vertex 92.3437 -45.4035 0
      vertex 92.7042 -145.7042 0
      vertex 92.6297 -145.7719 0
    endloop
  endfacet
  facet normal 0 0 -1
    outer loop
      vertex 92.3437 -45.4035 0
      vertex 92.6297 -145.7719 0
      vertex 92.5495 -145.8312 0
    endloop
  endfacet
  facet normal 0 0 -1
    outer loop
      vertex 92.3437 -45.4035 0
      vertex 92.5495 -145.8312 0
      vertex 92.4635 -145.8841 0
    endloop
  endfacet
  facet normal 0 0 -1
    outer loop
      vertex 93.7472 -104.017 0
      vertex 93.9275 -109.3719 0
      vertex 93.726 -110.7298 0
    endloop
  endfacet
  facet normal 0.1301714509935929 0.00813388263061686 -0.9914581349202669
    outer loop
      vertex 93.7472 -104.017 0
      vertex 94.5153 -108.0085 0.0681
      vertex 93.9968 -108.0115 0
    endloop
  endfacet
  facet normal 0 0 -1
    outer loop
      vertex 93.7472 -104.017 0
      vertex 93.9968 -108.0115 0
      vertex 93.9275 -109.3719 0
    endloop
  endfacet
  facet normal 0.3819429671214618 0.023865902733960356 -0.9238776913386031
    outer loop
      vertex 94.3251 -104.965 0.0681
      vertex 94.8636 -105.8485 0.2679
      vertex 94.9984 -108.0058 0.2679
    endloop
  endfacet
  facet normal 0.3819600149678657 0.0238701478057777 -0.9238705336839563
    outer loop
      vertex 94.3251 -104.965 0.0681
      vertex 94.9984 -108.0058 0.2679
      vertex 94.5153 -108.0085 0.0681
    endloop
  endfacet
  facet normal 0.13025691195962702 -0.006638526438317714 -0.9914580509802066
    outer loop
      vertex 93.9968 -108.0115 0
      vertex 94.5153 -108.0085 0.0681
      vertex 94.4432 -109.4232 0.0681
    endloop
  endfacet
  facet normal 0.13026527360120432 -0.006635830241519594 -0.9914569704483444
    outer loop
      vertex 93.9968 -108.0115 0
      vertex 94.4432 -109.4232 0.0681
      vertex 93.9275 -109.3719 0
    endloop
  endfacet
  facet normal 0.38220333405073126 -0.01946103932850034 -0.9238733026712915
    outer loop
      vertex 94.5153 -108.0085 0.0681
      vertex 94.9984 -108.0058 0.2679
      vertex 94.9238 -109.4709 0.2679
    endloop
  endfacet
  facet normal 0.3821569343469616 -0.01947657804934819 -0.9238921692697799
    outer loop
      vertex 94.4432 -109.4232 0.0681
      vertex 94.5153 -108.0085 0.0681
      vertex 94.9238 -109.4709 0.2679
    endloop
  endfacet
  facet normal 0.6081023520862968 -0.030963371418769935 -0.7932545612963702
    outer loop
      vertex 94.9984 -108.0058 0.2679
      vertex 95.3364 -109.512 0.5858
      vertex 94.9238 -109.4709 0.2679
    endloop
  endfacet
  facet normal 0 0 -1
    outer loop
      vertex 92.3437 -45.4035 0
      vertex 92.9166 -145.3931 0
      vertex 92.8841 -145.4635 0
    endloop
  endfacet
  facet normal 0 0 -1
    outer loop
      vertex 92.3437 -45.4035 0
      vertex 93 -144.9655 0
      vertex 92.9957 -145.0903 0
    endloop
  endfacet
  facet normal 0 0 -1
    outer loop
      vertex 92.3437 -45.4035 0
      vertex 92.9957 -145.0903 0
      vertex 92.9803 -145.1824 0
    endloop
  endfacet
  facet normal 0 0 -1
    outer loop
      vertex 92.3437 -45.4035 0
      vertex 92.9803 -145.1824 0
      vertex 92.9535 -145.2897 0
    endloop
  endfacet
  facet normal 0 0 -1
    outer loop
      vertex 92.3437 -45.4035 0
      vertex 92.9535 -145.2897 0
      vertex 92.9166 -145.3931 0
    endloop
  endfacet
  facet normal 0 0 -1
    outer loop
      vertex 92.3437 -45.4035 0
      vertex 92.8312 -145.5495 0
      vertex 92.7719 -145.6297 0
    endloop
  endfacet
  facet normal 0 0 -1
    outer loop
      vertex 92.3437 -45.4035 0
      vertex 92.7719 -145.6297 0
      vertex 92.7042 -145.7042 0
    endloop
  endfacet
  facet normal 0 0 -1
    outer loop
      vertex 92.3437 -45.4035 0
      vertex 92.8841 -145.4635 0
      vertex 92.8312 -145.5495 0
    endloop
  endfacet
  facet normal 0.12653350320580709 -0.03163337580145143 -0.9914578166023355
    outer loop
      vertex 93.726 -110.7298 0
      vertex 93.8889 -112.2126 0.0681
      vertex 93.3926 -112.0634 0
    endloop
  endfacet
  facet normal 0.1229937647939631 -0.043407915622203315 -0.9914576575341697
    outer loop
      vertex 93.3926 -112.0634 0
      vertex 93.8889 -112.2126 0.0681
      vertex 93.2693 -113.9682 0.0681
    endloop
  endfacet
  facet normal 0.12902691584250625 -0.01914641987058285 -0.9914562368527974
    outer loop
      vertex 93.9275 -109.3719 0
      vertex 94.2343 -110.8308 0.0681
      vertex 93.726 -110.7298 0
    endloop
  endfacet
  facet normal 0.12902063722966936 -0.019147777150666293 -0.9914570277117604
    outer loop
      vertex 93.9275 -109.3719 0
      vertex 94.4432 -109.4232 0.0681
      vertex 94.2343 -110.8308 0.0681
    endloop
  endfacet
  facet normal 0.37851315051917966 -0.056178224127950434 -0.9238894966487468
    outer loop
      vertex 94.4432 -109.4232 0.0681
      vertex 94.9238 -109.4709 0.2679
      vertex 94.708 -110.9249 0.2679
    endloop
  endfacet
  facet normal 0.3785226965836905 -0.056176038161645896 -0.9238857185320448
    outer loop
      vertex 94.4432 -109.4232 0.0681
      vertex 94.708 -110.9249 0.2679
      vertex 94.2343 -110.8308 0.0681
    endloop
  endfacet
  facet normal 0.6022027346796486 -0.08937781990637529 -0.7933243168169851
    outer loop
      vertex 94.9238 -109.4709 0.2679
      vertex 95.1148 -111.0057 0.5858
      vertex 94.708 -110.9249 0.2679
    endloop
  endfacet
  facet normal 0.12654602954430685 -0.031631928357651884 -0.9914562640454433
    outer loop
      vertex 93.726 -110.7298 0
      vertex 94.2343 -110.8308 0.0681
      vertex 93.8889 -112.2126 0.0681
    endloop
  endfacet
  facet normal 0.3712803644559319 -0.09280665645033888 -0.9238711032865891
    outer loop
      vertex 94.2343 -110.8308 0.0681
      vertex 94.3513 -112.3517 0.2679
      vertex 93.8889 -112.2126 0.0681
    endloop
  endfacet
  facet normal 0.37124482581275836 -0.09281120645319052 -0.9238849275012327
    outer loop
      vertex 94.2343 -110.8308 0.0681
      vertex 94.708 -110.9249 0.2679
      vertex 94.3513 -112.3517 0.2679
    endloop
  endfacet
  facet normal 0.3608811150343361 -0.1273776347754561 -0.9238721551007936
    outer loop
      vertex 93.8889 -112.2126 0.0681
      vertex 94.3513 -112.3517 0.2679
      vertex 93.7771 -113.9785 0.2679
    endloop
  endfacet
  facet normal 0.574135303958955 -0.20264935347809612 -0.7932855048990042
    outer loop
      vertex 94.3513 -112.3517 0.2679
      vertex 94.7484 -112.4711 0.5858
      vertex 94.2132 -113.9874 0.5858
    endloop
  endfacet
  facet normal 0.5906687908638676 -0.14766719771596837 -0.7932873238733428
    outer loop
      vertex 94.708 -110.9249 0.2679
      vertex 94.7484 -112.4711 0.5858
      vertex 94.3513 -112.3517 0.2679
    endloop
  endfacet
  facet normal 0.5906211046434918 -0.1476754283754431 -0.7933212959475063
    outer loop
      vertex 94.708 -110.9249 0.2679
      vertex 95.1148 -111.0057 0.5858
      vertex 94.7484 -112.4711 0.5858
    endloop
  endfacet
  facet normal 0.7696665013733597 -0.19244288665429068 -0.6087521762095442
    outer loop
      vertex 94.7484 -112.4711 0.5858
      vertex 95.1148 -111.0057 0.5858
      vertex 95.0531 -112.5627 1
    endloop
  endfacet
  facet normal 0.12297247449168376 -0.04340663389852262 -0.9914603545533185
    outer loop
      vertex 93.3926 -112.0634 0
      vertex 93.2693 -113.9682 0.0681
      vertex 92.7242 -113.957 0
    endloop
  endfacet
  facet normal 0 0 -1
    outer loop
      vertex 92.7242 -113.957 0
      vertex 92.9427 -114.667 0
      vertex 92.9803 -114.8176 0
    endloop
  endfacet
  facet normal 0.12465205447354759 0.03834420110815466 -0.9914593221897212
    outer loop
      vertex 92.7242 -113.957 0
      vertex 93.2693 -113.9682 0.0681
      vertex 93.4415 -114.528 0.0681
    endloop
  endfacet
  facet normal 0.12466962252070625 0.038366637353203864 -0.9914562453072513
    outer loop
      vertex 92.7242 -113.957 0
      vertex 93.4415 -114.528 0.0681
      vertex 92.9427 -114.667 0
    endloop
  endfacet
  facet normal 0 0 -1
    outer loop
      vertex 92.7242 -113.957 0
      vertex 92.9803 -114.8176 0
      vertex 92.9957 -114.9097 0
    endloop
  endfacet
  facet normal 0 0 -1
    outer loop
      vertex 92.7242 -113.957 0
      vertex 92.9957 -114.9097 0
      vertex 93 -115.0345 0
    endloop
  endfacet
  facet normal 0.12654766489589042 0.03159490172699382 -0.9914572359382218
    outer loop
      vertex 92.9427 -114.667 0
      vertex 93.4875 -114.7121 0.0681
      vertex 92.9803 -114.8176 0
    endloop
  endfacet
  facet normal 0.3609190252977048 -0.12737834818549768 -0.9238572474098414
    outer loop
      vertex 93.8889 -112.2126 0.0681
      vertex 93.7771 -113.9785 0.2679
      vertex 93.2693 -113.9682 0.0681
    endloop
  endfacet
  facet normal 0.12654962876408454 0.03162022228759849 -0.9914561780543582
    outer loop
      vertex 92.9427 -114.667 0
      vertex 93.4415 -114.528 0.0681
      vertex 93.4875 -114.7121 0.0681
    endloop
  endfacet
  facet normal 0.36578784214869914 0.11251994715613832 -0.923871482419594
    outer loop
      vertex 93.2693 -113.9682 0.0681
      vertex 93.9063 -114.3985 0.2679
      vertex 93.4415 -114.528 0.0681
    endloop
  endfacet
  facet normal 0.37122320557869853 0.09275539085614984 -0.9238992202112729
    outer loop
      vertex 93.4415 -114.528 0.0681
      vertex 93.9602 -114.6138 0.2679
      vertex 93.4875 -114.7121 0.0681
    endloop
  endfacet
  facet normal 0.3657901496277195 0.11252401745690524 -0.9238700730788332
    outer loop
      vertex 93.2693 -113.9682 0.0681
      vertex 93.7771 -113.9785 0.2679
      vertex 93.9063 -114.3985 0.2679
    endloop
  endfacet
  facet normal 0.37124348222277 0.09294019364517837 -0.9238725005715391
    outer loop
      vertex 93.4415 -114.528 0.0681
      vertex 93.9063 -114.3985 0.2679
      vertex 93.9602 -114.6138 0.2679
    endloop
  endfacet
  facet normal 0.37746187885164534 0.06274990948783464 -0.9238966278069501
    outer loop
      vertex 93.4875 -114.7121 0.0681
      vertex 93.9602 -114.6138 0.2679
      vertex 93.9928 -114.8099 0.2679
    endloop
  endfacet
  facet normal 0.12864424598792315 0.02151054710329995 -0.9914574899296064
    outer loop
      vertex 92.9803 -114.8176 0
      vertex 93.5119 -114.858 0.0681
      vertex 92.9957 -114.9097 0
    endloop
  endfacet
  facet normal 0.13036736473943292 0.004491824265862775 -0.9914555833347556
    outer loop
      vertex 92.9957 -114.9097 0
      vertex 93.5176 -115.0256 0.0681
      vertex 93 -115.0345 0
    endloop
  endfacet
  facet normal 0.12864451118986064 0.021514229424486983 -0.9914573756208546
    outer loop
      vertex 93.4875 -114.7121 0.0681
      vertex 93.5119 -114.858 0.0681
      vertex 92.9803 -114.8176 0
    endloop
  endfacet
  facet normal 0.13035462142059123 0.004433301563830463 -0.9914575222930828
    outer loop
      vertex 92.9957 -114.9097 0
      vertex 93.5119 -114.858 0.0681
      vertex 93.5176 -115.0256 0.0681
    endloop
  endfacet
  facet normal 0.3775171358680161 0.06313514815064938 -0.9238478041290165
    outer loop
      vertex 93.4875 -114.7121 0.0681
      vertex 93.9928 -114.8099 0.2679
      vertex 93.5119 -114.858 0.0681
    endloop
  endfacet
  facet normal 0.38243056803502623 0.01300629020167931 -0.9238926869759262
    outer loop
      vertex 93.5119 -114.858 0.0681
      vertex 94 -115.0172 0.2679
      vertex 93.5176 -115.0256 0.0681
    endloop
  endfacet
  facet normal 0.5741375368187427 -0.20264923385868946 -0.793283919433763
    outer loop
      vertex 94.3513 -112.3517 0.2679
      vertex 94.2132 -113.9874 0.5858
      vertex 93.7771 -113.9785 0.2679
    endloop
  endfacet
  facet normal 0.5818934001748391 0.1790014935775889 -0.7933212061516804
    outer loop
      vertex 93.7771 -113.9785 0.2679
      vertex 94.3055 -114.2873 0.5858
      vertex 93.9063 -114.3985 0.2679
    endloop
  endfacet
  facet normal 0.5906687650520418 0.14787295139946321 -0.7932490152759772
    outer loop
      vertex 93.9063 -114.3985 0.2679
      vertex 94.366 -114.5294 0.5858
      vertex 93.9602 -114.6138 0.2679
    endloop
  endfacet
  facet normal 0.6005187540220646 0.09983126660438801 -0.7933542363131053
    outer loop
      vertex 93.9602 -114.6138 0.2679
      vertex 94.4059 -114.7685 0.5858
      vertex 93.9928 -114.8099 0.2679
    endloop
  endfacet
  facet normal 0.5819234879115421 0.1790981591671579 -0.7932773182184151
    outer loop
      vertex 93.7771 -113.9785 0.2679
      vertex 94.2132 -113.9874 0.5858
      vertex 94.3055 -114.2873 0.5858
    endloop
  endfacet
  facet normal 0.5906405765963768 0.1475991527636701 -0.7933209939118883
    outer loop
      vertex 93.9063 -114.3985 0.2679
      vertex 94.3055 -114.2873 0.5858
      vertex 94.366 -114.5294 0.5858
    endloop
  endfacet
  facet normal 0.6005841624947638 0.10022295308884188 -0.7932553330640867
    outer loop
      vertex 93.9602 -114.6138 0.2679
      vertex 94.366 -114.5294 0.5858
      vertex 94.4059 -114.7685 0.5858
    endloop
  endfacet
  facet normal 0.3825070044886049 0.013285337348369198 -0.923857072998142
    outer loop
      vertex 93.5119 -114.858 0.0681
      vertex 93.9928 -114.8099 0.2679
      vertex 94 -115.0172 0.2679
    endloop
  endfacet
  facet normal 0.6084856300513849 0.021134088453296347 -0.7932834224451041
    outer loop
      vertex 93.9928 -114.8099 0.2679
      vertex 94.4142 -115.0101 0.5858
      vertex 94 -115.0172 0.2679
    endloop
  endfacet
  facet normal 0.6084186633846496 0.020901800107977972 -0.7933409385613998
    outer loop
      vertex 93.9928 -114.8099 0.2679
      vertex 94.4059 -114.7685 0.5858
      vertex 94.4142 -115.0101 0.5858
    endloop
  endfacet
  facet normal 0.7582163958995214 0.23335569637052275 -0.608812792211669
    outer loop
      vertex 94.2132 -113.9874 0.5858
      vertex 94.6118 -114.2019 1
      vertex 94.3055 -114.2873 0.5858
    endloop
  endfacet
  facet normal 0.7696036392724764 0.19232143814948224 -0.6088700213072368
    outer loop
      vertex 94.3055 -114.2873 0.5858
      vertex 94.6775 -114.4646 1
      vertex 94.366 -114.5294 0.5858
    endloop
  endfacet
  facet normal 0.7582110237538376 0.23326761876685528 -0.6088532347725505
    outer loop
      vertex 94.2132 -113.9874 0.5858
      vertex 94.5479 -113.9942 1
      vertex 94.6118 -114.2019 1
    endloop
  endfacet
  facet normal 0.7480728070919319 -0.2640431091179897 -0.6088253541179954
    outer loop
      vertex 94.7484 -112.4711 0.5858
      vertex 94.5479 -113.9942 1
      vertex 94.2132 -113.9874 0.5858
    endloop
  endfacet
  facet normal 0.7481399429747255 -0.2640309459942947 -0.6087481295931285
    outer loop
      vertex 94.7484 -112.4711 0.5858
      vertex 95.0531 -112.5627 1
      vertex 94.5479 -113.9942 1
    endloop
  endfacet
  facet normal 0.7825610130922087 0.13059048273684828 -0.6087235715878374
    outer loop
      vertex 94.366 -114.5294 0.5858
      vertex 94.7228 -114.7368 1
      vertex 94.4059 -114.7685 0.5858
    endloop
  endfacet
  facet normal 0.7696116568170421 0.19247615475017932 -0.6088109949269249
    outer loop
      vertex 94.3055 -114.2873 0.5858
      vertex 94.6118 -114.2019 1
      vertex 94.6775 -114.4646 1
    endloop
  endfacet
  facet normal 0.7825125157491599 0.13022710126174258 -0.6088637489561065
    outer loop
      vertex 94.366 -114.5294 0.5858
      vertex 94.6775 -114.4646 1
      vertex 94.7228 -114.7368 1
    endloop
  endfacet
  facet normal 0.8712629338728113 -0.3074830836133749 -0.38256378991084816
    outer loop
      vertex 95.0531 -112.5627 1
      vertex 94.7582 -113.9985 1.4824
      vertex 94.5479 -113.9942 1
    endloop
  endfacet
  facet normal 0.8830765525415336 0.27168315699282874 -0.38257556712075835
    outer loop
      vertex 94.5479 -113.9942 1
      vertex 94.8043 -114.1483 1.4824
      vertex 94.6118 -114.2019 1
    endloop
  endfacet
  facet normal 0.8963333466848137 0.22416863676126172 -0.3825375196152646
    outer loop
      vertex 94.6118 -114.2019 1
      vertex 94.8732 -114.4239 1.4824
      vertex 94.6775 -114.4646 1
    endloop
  endfacet
  facet normal 0.9113692881068808 0.15167167065118525 -0.3826247835901847
    outer loop
      vertex 94.6775 -114.4646 1
      vertex 94.922 -114.7168 1.4824
      vertex 94.7228 -114.7368 1
    endloop
  endfacet
  facet normal 0.792816649900127 0.027236664710945404 -0.6088513149666042
    outer loop
      vertex 94.4059 -114.7685 0.5858
      vertex 94.7321 -115.0046 1
      vertex 94.4142 -115.0101 0.5858
    endloop
  endfacet
  facet normal 0.792891617360231 0.02753507110323828 -0.6087402590425711
    outer loop
      vertex 94.4059 -114.7685 0.5858
      vertex 94.7228 -114.7368 1
      vertex 94.7321 -115.0046 1
    endloop
  endfacet
  facet normal 0.9233357903365021 0.03206505918643036 -0.3826523882886888
    outer loop
      vertex 94.7228 -114.7368 1
      vertex 94.9319 -115.0012 1.4824
      vertex 94.7321 -115.0046 1
    endloop
  endfacet
  facet normal 0.8711468261313748 -0.3075342362041261 -0.38278701765286766
    outer loop
      vertex 95.0531 -112.5627 1
      vertex 95.2447 -112.6204 1.4824
      vertex 94.7582 -113.9985 1.4824
    endloop
  endfacet
  facet normal 0.8830662473308241 0.2717580373961774 -0.3825461696784242
    outer loop
      vertex 94.5479 -113.9942 1
      vertex 94.7582 -113.9985 1.4824
      vertex 94.8043 -114.1483 1.4824
    endloop
  endfacet
  facet normal 0.8963370222833839 0.2240842555708459 -0.38257834346629804
    outer loop
      vertex 94.6118 -114.2019 1
      vertex 94.8043 -114.1483 1.4824
      vertex 94.8732 -114.4239 1.4824
    endloop
  endfacet
  facet normal 0.9113768241612205 0.1518442779756472 -0.38253836360274013
    outer loop
      vertex 94.6775 -114.4646 1
      vertex 94.8732 -114.4239 1.4824
      vertex 94.922 -114.7168 1.4824
    endloop
  endfacet
  facet normal 0.934884861957371 -0.33003518274599286 -0.13064100823541777
    outer loop
      vertex 94.7582 -113.9985 1.4824
      vertex 95.2447 -112.6204 1.4824
      vertex 94.83 -114 2
    endloop
  endfacet
  facet normal 0.9475806807468554 0.29161194514303157 -0.13058838740570974
    outer loop
      vertex 94.7582 -113.9985 1.4824
      vertex 94.87 -114.13 2
      vertex 94.8043 -114.1483 1.4824
    endloop
  endfacet
  facet normal 0.961834755157577 0.24045868878939425 -0.13058913720769114
    outer loop
      vertex 94.8043 -114.1483 1.4824
      vertex 94.94 -114.41 2
      vertex 94.8732 -114.4239 1.4824
    endloop
  endfacet
  facet normal 0.9779520742112933 0.16293636470300638 -0.1306196065037641
    outer loop
      vertex 94.8732 -114.4239 1.4824
      vertex 94.99 -114.71 2
      vertex 94.922 -114.7168 1.4824
    endloop
  endfacet
  facet normal 0.9475925957255278 0.2915669525309874 -0.13060239170072402
    outer loop
      vertex 94.7582 -113.9985 1.4824
      vertex 94.83 -114 2
      vertex 94.87 -114.13 2
    endloop
  endfacet
  facet normal 0.961834755157581 0.2404586887893709 -0.13058913720770401
    outer loop
      vertex 94.8043 -114.1483 1.4824
      vertex 94.87 -114.13 2
      vertex 94.94 -114.41 2
    endloop
  endfacet
  facet normal 0.9779471342835171 0.16299118904724513 -0.13058818797893612
    outer loop
      vertex 94.8732 -114.4239 1.4824
      vertex 94.94 -114.41 2
      vertex 94.99 -114.71 2
    endloop
  endfacet
  facet normal 0.9233483161676791 0.032141871765337456 -0.3826157172800571
    outer loop
      vertex 94.7228 -114.7368 1
      vertex 94.922 -114.7168 1.4824
      vertex 94.9319 -115.0012 1.4824
    endloop
  endfacet
  facet normal 0.9908553193249275 0.034491799090432054 -0.1304455900404504
    outer loop
      vertex 94.922 -114.7168 1.4824
      vertex 95 -115 2
      vertex 94.9319 -115.0012 1.4824
    endloop
  endfacet
  facet normal 0.9908433981881757 0.0341670137306435 -0.1306214968511642
    outer loop
      vertex 94.922 -114.7168 1.4824
      vertex 94.99 -114.71 2
      vertex 95 -115 2
    endloop
  endfacet
  facet normal 0.6076983332425426 0.03799474646715047 -0.7932585549586796
    outer loop
      vertex 94.8636 -105.8485 0.2679
      vertex 95.326 -106.6071 0.5858
      vertex 95.4133 -108.0034 0.5858
    endloop
  endfacet
  facet normal 0.6076256487142776 0.03796780116195429 -0.7933155217815164
    outer loop
      vertex 94.8636 -105.8485 0.2679
      vertex 95.4133 -108.0034 0.5858
      vertex 94.9984 -108.0058 0.2679
    endloop
  endfacet
  facet normal -0.31217932607767457 -0.5227230866727707 -0.7932872386651509
    outer loop
      vertex 94.8636 -105.8485 0.2679
      vertex 97.1708 -107.2264 0.2679
      vertex 95.326 -106.6071 0.5858
    endloop
  endfacet
  facet normal 0.6080233453811846 -0.030993633342051283 -0.7933139392218765
    outer loop
      vertex 94.9984 -108.0058 0.2679
      vertex 95.4133 -108.0034 0.5858
      vertex 95.3364 -109.512 0.5858
    endloop
  endfacet
  facet normal -0.06688840769588715 -0.11199944856620037 -0.991454519600761
    outer loop
      vertex 94.3251 -104.965 0.0681
      vertex 97.6417 -106.3429 0
      vertex 97.398 -106.8002 0.0681
    endloop
  endfacet
  facet normal -0.19620034692417615 -0.32852416026087466 -0.9238924720938688
    outer loop
      vertex 94.8636 -105.8485 0.2679
      vertex 97.398 -106.8002 0.0681
      vertex 97.1708 -107.2264 0.2679
    endloop
  endfacet
  facet normal -0.3121775098829376 -0.5227143568505805 -0.7932937056762599
    outer loop
      vertex 95.326 -106.6071 0.5858
      vertex 97.1708 -107.2264 0.2679
      vertex 96.9758 -107.5924 0.5858
    endloop
  endfacet
  facet normal -0.2598076625084979 -0.5506186260323249 -0.7932963551965589
    outer loop
      vertex 97.1708 -107.2264 0.2679
      vertex 98.5028 -107.8549 0.2679
      vertex 96.9758 -107.5924 0.5858
    endloop
  endfacet
  facet normal 0.7918336343708012 0.04950732384199786 -0.6087269670099493
    outer loop
      vertex 95.326 -106.6071 0.5858
      vertex 95.7316 -108.0015 1
      vertex 95.4133 -108.0034 0.5858
    endloop
  endfacet
  facet normal 0.7916994499761921 0.04941420917616421 -0.6089090382305794
    outer loop
      vertex 95.326 -106.6071 0.5858
      vertex 95.6809 -107.1892 1
      vertex 95.7316 -108.0015 1
    endloop
  endfacet
  facet normal -0.4068053489849787 -0.681160524465063 -0.6087115474078751
    outer loop
      vertex 95.326 -106.6071 0.5858
      vertex 96.9758 -107.5924 0.5858
      vertex 95.6809 -107.1892 1
    endloop
  endfacet
  facet normal 0.9221100234230574 0.05755383255885152 -0.38262339324787287
    outer loop
      vertex 95.6809 -107.1892 1
      vertex 95.9317 -108.0004 1.4824
      vertex 95.7316 -108.0015 1
    endloop
  endfacet
  facet normal -0.4736879131862748 -0.7931502441114697 -0.38279557359921
    outer loop
      vertex 95.6809 -107.1892 1
      vertex 96.8262 -107.8732 1
      vertex 95.9039 -107.5552 1.4824
    endloop
  endfacet
  facet normal 0.7923597230850271 -0.040337378898948624 -0.6087191183922038
    outer loop
      vertex 95.4133 -108.0034 0.5858
      vertex 95.7316 -108.0015 1
      vertex 95.6531 -109.5435 1
    endloop
  endfacet
  facet normal 0.7922635400030597 -0.04038516918085803 -0.6088411297637945
    outer loop
      vertex 95.4133 -108.0034 0.5858
      vertex 95.6531 -109.5435 1
      vertex 95.3364 -109.512 0.5858
    endloop
  endfacet
  facet normal 0.9227336385180017 -0.046974442687203626 -0.3825650716957266
    outer loop
      vertex 95.7316 -108.0015 1
      vertex 95.8521 -109.5632 1.4824
      vertex 95.6531 -109.5435 1
    endloop
  endfacet
  facet normal -0.40680532961867005 -0.6811610292577002 -0.6087109954768648
    outer loop
      vertex 96.9758 -107.5924 0.5858
      vertex 96.8262 -107.8732 1
      vertex 95.6809 -107.1892 1
    endloop
  endfacet
  facet normal -0.3385522751771173 -0.7175294851786906 -0.6087148715709193
    outer loop
      vertex 96.9758 -107.5924 0.5858
      vertex 98.3443 -108.2381 0.5858
      vertex 96.8262 -107.8732 1
    endloop
  endfacet
  facet normal -0.39423725901267304 -0.8355029723558876 -0.3827685551226112
    outer loop
      vertex 96.8262 -107.8732 1
      vertex 98.2226 -108.5321 1
      vertex 96.7321 -108.0498 1.4824
    endloop
  endfacet
  facet normal 0.6022904815845788 -0.08935366587610585 -0.793260422677898
    outer loop
      vertex 94.9238 -109.4709 0.2679
      vertex 95.3364 -109.512 0.5858
      vertex 95.1148 -111.0057 0.5858
    endloop
  endfacet
  facet normal 0.784697852778029 -0.11645365063533826 -0.6088413809024918
    outer loop
      vertex 95.3364 -109.512 0.5858
      vertex 95.6531 -109.5435 1
      vertex 95.4269 -111.0677 1
    endloop
  endfacet
  facet normal 0.7847707933815663 -0.116425793541776 -0.6087526890728571
    outer loop
      vertex 95.3364 -109.512 0.5858
      vertex 95.4269 -111.0677 1
      vertex 95.1148 -111.0057 0.5858
    endloop
  endfacet
  facet normal 0.9138820895325885 -0.1356253304371229 -0.38265558427307855
    outer loop
      vertex 95.6531 -109.5435 1
      vertex 95.6231 -111.1067 1.4824
      vertex 95.4269 -111.0677 1
    endloop
  endfacet
  facet normal 0.7696674941625102 -0.192442614928393 -0.6087510068896186
    outer loop
      vertex 95.0531 -112.5627 1
      vertex 95.1148 -111.0057 0.5858
      vertex 95.4269 -111.0677 1
    endloop
  endfacet
  facet normal 0.8962501124775805 -0.22409250303954587 -0.3827770708459373
    outer loop
      vertex 95.0531 -112.5627 1
      vertex 95.4269 -111.0677 1
      vertex 95.2447 -112.6204 1.4824
    endloop
  endfacet
  facet normal -0.055662111582657575 -0.11798205283493951 -0.9914544692233795
    outer loop
      vertex 97.398 -106.8002 0.0681
      vertex 97.6417 -106.3429 0
      vertex 98.8857 -106.9298 0
    endloop
  endfacet
  facet normal -0.16330209710813873 -0.3460608943647464 -0.9238908390451525
    outer loop
      vertex 97.398 -106.8002 0.0681
      vertex 98.6875 -107.4087 0.0681
      vertex 97.1708 -107.2264 0.2679
    endloop
  endfacet
  facet normal -0.16330456578645963 -0.3460965499245223 -0.9238770464318499
    outer loop
      vertex 97.1708 -107.2264 0.2679
      vertex 98.6875 -107.4087 0.0681
      vertex 98.5028 -107.8549 0.2679
    endloop
  endfacet
  facet normal -0.05565955740241627 -0.1179506972397977 -0.9914583433964398
    outer loop
      vertex 97.398 -106.8002 0.0681
      vertex 98.8857 -106.9298 0
      vertex 98.6875 -107.4087 0.0681
    endloop
  endfacet
  facet normal -0.25980818092200003 -0.55063883474021 -0.793282158378685
    outer loop
      vertex 96.9758 -107.5924 0.5858
      vertex 98.5028 -107.8549 0.2679
      vertex 98.3443 -108.2381 0.5858
    endloop
  endfacet
  facet normal -0.12901918679586188 -0.36028809086111846 -0.9238758255426889
    outer loop
      vertex 98.6875 -107.4087 0.0681
      vertex 100.0307 -107.8897 0.0681
      vertex 98.5028 -107.8549 0.2679
    endloop
  endfacet
  facet normal -0.0439719440439241 -0.12278779115003206 -0.9914583332049282
    outer loop
      vertex 98.6875 -107.4087 0.0681
      vertex 98.8857 -106.9298 0
      vertex 100.1811 -107.3937 0
    endloop
  endfacet
  facet normal -0.04397187581140285 -0.12279214883549909 -0.9914577965410264
    outer loop
      vertex 98.6875 -107.4087 0.0681
      vertex 100.1811 -107.3937 0
      vertex 100.0307 -107.8897 0.0681
    endloop
  endfacet
  facet normal -0.12902039029467205 -0.3602446591789088 -0.9238925935525636
    outer loop
      vertex 98.5028 -107.8549 0.2679
      vertex 100.0307 -107.8897 0.0681
      vertex 99.8905 -108.3519 0.2679
    endloop
  endfacet
  facet normal -0.20528757946461915 -0.5731943139296861 -0.7932876453066907
    outer loop
      vertex 98.5028 -107.8549 0.2679
      vertex 99.8905 -108.3519 0.2679
      vertex 98.3443 -108.2381 0.5858
    endloop
  endfacet
  facet normal -0.20528216668893629 -0.5732703515114687 -0.7932340991897744
    outer loop
      vertex 98.3443 -108.2381 0.5858
      vertex 99.8905 -108.3519 0.2679
      vertex 99.7702 -108.7487 0.5858
    endloop
  endfacet
  facet normal -0.3385546758927142 -0.7174954460716105 -0.6087536581390536
    outer loop
      vertex 96.8262 -107.8732 1
      vertex 98.3443 -108.2381 0.5858
      vertex 98.2226 -108.5321 1
    endloop
  endfacet
  facet normal -0.26746362632823806 -0.7469181057215762 -0.6087499913237295
    outer loop
      vertex 98.3443 -108.2381 0.5858
      vertex 99.7702 -108.7487 0.5858
      vertex 98.2226 -108.5321 1
    endloop
  endfacet
  facet normal -0.31149139790250624 -0.8697494845884908 -0.38276486658364733
    outer loop
      vertex 98.2226 -108.5321 1
      vertex 99.6779 -109.0533 1
      vertex 98.1461 -108.717 1.4824
    endloop
  endfacet
  facet normal -0.2674754800470299 -0.746847786094486 -0.6088310537245746
    outer loop
      vertex 99.7702 -108.7487 0.5858
      vertex 99.6779 -109.0533 1
      vertex 98.2226 -108.5321 1
    endloop
  endfacet
  facet normal 0.9221242107197709 0.05758098171163961 -0.3825851154312767
    outer loop
      vertex 95.6809 -107.1892 1
      vertex 95.9039 -107.5552 1.4824
      vertex 95.9317 -108.0004 1.4824
    endloop
  endfacet
  facet normal 0.989508246352968 0.0618442653970495 -0.13057073652611945
    outer loop
      vertex 95.9039 -107.5552 1.4824
      vertex 95.98 -107.68 2
      vertex 96 -108 2
    endloop
  endfacet
  facet normal 0.9227048417325155 -0.04699725198484825 -0.3826317202601556
    outer loop
      vertex 95.7316 -108.0015 1
      vertex 95.9317 -108.0004 1.4824
      vertex 95.8521 -109.5632 1.4824
    endloop
  endfacet
  facet normal 0.9895054746959322 0.061788526946451386 -0.13061812081241178
    outer loop
      vertex 95.9039 -107.5552 1.4824
      vertex 96 -108 2
      vertex 95.9317 -108.0004 1.4824
    endloop
  endfacet
  facet normal -0.508341658917665 -0.8512101939256173 -0.1304989025469158
    outer loop
      vertex 95.9039 -107.5552 1.4824
      vertex 96.7321 -108.0498 1.4824
      vertex 95.98 -107.68 2
    endloop
  endfacet
  facet normal 0.9901484009204169 -0.050453421702950314 -0.13061621795629247
    outer loop
      vertex 95.9317 -108.0004 1.4824
      vertex 96 -108 2
      vertex 95.92 -109.57 2
    endloop
  endfacet
  facet normal 0.9901576770069833 -0.05043290957881329 -0.13055380613199122
    outer loop
      vertex 95.9317 -108.0004 1.4824
      vertex 95.92 -109.57 2
      vertex 95.8521 -109.5632 1.4824
    endloop
  endfacet
  facet normal -0.47367951252963797 -0.7931689694238706 -0.3827671685930749
    outer loop
      vertex 96.8262 -107.8732 1
      vertex 96.7321 -108.0498 1.4824
      vertex 95.9039 -107.5552 1.4824
    endloop
  endfacet
  facet normal -0.5083545525072741 -0.8511983204773095 -0.13052612061092136
    outer loop
      vertex 96.7321 -108.0498 1.4824
      vertex 96.7 -108.11 2
      vertex 95.98 -107.68 2
    endloop
  endfacet
  facet normal -0.4230825947047545 -0.8966408706722554 -0.1305230519793036
    outer loop
      vertex 96.7321 -108.0498 1.4824
      vertex 98.1461 -108.717 1.4824
      vertex 96.7 -108.11 2
    endloop
  endfacet
  facet normal 0.913929894593228 -0.13559439317256064 -0.382552360218802
    outer loop
      vertex 95.6531 -109.5435 1
      vertex 95.8521 -109.5632 1.4824
      vertex 95.6231 -111.1067 1.4824
    endloop
  endfacet
  facet normal 0.9807019445650367 -0.14552351435481337 -0.13056263897524545
    outer loop
      vertex 95.8521 -109.5632 1.4824
      vertex 95.92 -109.57 2
      vertex 95.69 -111.12 2
    endloop
  endfacet
  facet normal 0.9807138425963741 -0.14550273401656472 -0.13049641119034344
    outer loop
      vertex 95.6231 -111.1067 1.4824
      vertex 95.8521 -109.5632 1.4824
      vertex 95.69 -111.12 2
    endloop
  endfacet
  facet normal 0.8963085450598259 -0.22406233299242745 -0.38265789288439944
    outer loop
      vertex 95.4269 -111.0677 1
      vertex 95.6231 -111.1067 1.4824
      vertex 95.2447 -112.6204 1.4824
    endloop
  endfacet
  facet normal 0.9618560014135777 -0.2404481145107333 -0.1304520477911971
    outer loop
      vertex 95.6231 -111.1067 1.4824
      vertex 95.31 -112.64 2
      vertex 95.2447 -112.6204 1.4824
    endloop
  endfacet
  facet normal 0.9618464215638644 -0.2404616053909638 -0.13049780709877584
    outer loop
      vertex 95.6231 -111.1067 1.4824
      vertex 95.69 -111.12 2
      vertex 95.31 -112.64 2
    endloop
  endfacet
  facet normal -0.3942362152280705 -0.8355066072129755 -0.3827616959755889
    outer loop
      vertex 98.2226 -108.5321 1
      vertex 98.1461 -108.717 1.4824
      vertex 96.7321 -108.0498 1.4824
    endloop
  endfacet
  facet normal -0.4230694936889045 -0.896654747818274 -0.13047017561405255
    outer loop
      vertex 96.7 -108.11 2
      vertex 98.1461 -108.717 1.4824
      vertex 98.12 -108.78 2
    endloop
  endfacet
  facet normal -0.3342359693864548 -0.9334158576555244 -0.13046514264545322
    outer loop
      vertex 98.1461 -108.717 1.4824
      vertex 99.6198 -109.2447 1.4824
      vertex 98.12 -108.78 2
    endloop
  endfacet
  facet normal -0.3114636125182796 -0.8698198327992995 -0.38262759511836264
    outer loop
      vertex 99.6779 -109.0533 1
      vertex 99.6198 -109.2447 1.4824
      vertex 98.1461 -108.717 1.4824
    endloop
  endfacet
  facet normal -0.3342571628695409 -0.9333973604658793 -0.1305431597048825
    outer loop
      vertex 99.6198 -109.2447 1.4824
      vertex 99.6 -109.31 2
      vertex 98.12 -108.78 2
    endloop
  endfacet
  facet normal -0.24047509721568638 -0.9618368383613741 -0.1305435712323736
    outer loop
      vertex 99.6198 -109.2447 1.4824
      vertex 101.1333 -109.6231 1.4824
      vertex 99.6 -109.31 2
    endloop
  endfacet
  facet normal 0.9349329195706515 -0.32997632455435044 -0.13044562521104136
    outer loop
      vertex 94.83 -114 2
      vertex 95.2447 -112.6204 1.4824
      vertex 95.31 -112.64 2
    endloop
  endfacet
  facet normal 0.9429903335828885 -0.33282011773514003 0
    outer loop
      vertex 94.83 -114 2
      vertex 95.31 -112.64 2
      vertex 94.83 -114 20
    endloop
  endfacet
  facet normal 0.9557790087219341 0.29408584883757444 0
    outer loop
      vertex 94.83 -114 2
      vertex 94.87 -114.13 20
      vertex 94.87 -114.13 2
    endloop
  endfacet
  facet normal 0.9701425001453376 0.2425356250363098 0
    outer loop
      vertex 94.87 -114.13 2
      vertex 94.94 -114.41 20
      vertex 94.94 -114.41 2
    endloop
  endfacet
  facet normal 0.986393923832145 0.16439898730534971 0
    outer loop
      vertex 94.94 -114.41 2
      vertex 94.99 -114.71 20
      vertex 94.99 -114.71 2
    endloop
  endfacet
  facet normal 0.9994059993535869 0.03446227583979575 0
    outer loop
      vertex 94.99 -114.71 2
      vertex 95 -115 20
      vertex 95 -115 2
    endloop
  endfacet
  facet normal 0.9980525784828893 0.06237828615516951 0
    outer loop
      vertex 95.98 -107.68 2
      vertex 96 -108 20
      vertex 96 -108 2
    endloop
  endfacet
  facet normal -0.5127411190260129 -0.8585432690668258 0
    outer loop
      vertex 95.98 -107.68 2
      vertex 96.7 -108.11 2
      vertex 95.98 -107.68 20
    endloop
  endfacet
  facet normal 0.9987042955241726 -0.05088939085473405 0
    outer loop
      vertex 96 -108 2
      vertex 95.92 -109.57 20
      vertex 95.92 -109.57 2
    endloop
  endfacet
  facet normal -0.42671697029007644 -0.9043852206147877 0
    outer loop
      vertex 96.7 -108.11 2
      vertex 98.12 -108.78 2
      vertex 96.7 -108.11 20
    endloop
  endfacet
  facet normal 0.9891691709581988 -0.1467799414970245 0
    outer loop
      vertex 95.69 -111.12 2
      vertex 95.92 -109.57 2
      vertex 95.69 -111.12 20
    endloop
  endfacet
  facet normal 0.9701425001453324 -0.24253562503633083 0
    outer loop
      vertex 95.69 -111.12 2
      vertex 95.31 -112.64 20
      vertex 95.31 -112.64 2
    endloop
  endfacet
  facet normal -0.33714221441262154 -0.941453730812595 0
    outer loop
      vertex 98.12 -108.78 2
      vertex 99.6 -109.31 2
      vertex 98.12 -108.78 20
    endloop
  endfacet
  facet normal -0.2425356250363287 -0.970142500145333 0
    outer loop
      vertex 99.6 -109.31 2
      vertex 101.12 -109.69 2
      vertex 99.6 -109.31 20
    endloop
  endfacet
  facet normal 0 -0.13044460263003854 -0.9914555994318108
    outer loop
      vertex 68.0256 -146.5176 0.0681
      vertex 91.9655 -146 0
      vertex 91.9744 -146.5176 0.0681
    endloop
  endfacet
  facet normal 0 -0.3826562590438206 -0.9238907876013206
    outer loop
      vertex 68.0172 -147 0.2679
      vertex 91.9744 -146.5176 0.0681
      vertex 91.9828 -147 0.2679
    endloop
  endfacet
  facet normal 0 -0.6088496186075982 -0.7932856622436726
    outer loop
      vertex 68.0101 -147.4142 0.5858
      vertex 91.9828 -147 0.2679
      vertex 91.9899 -147.4142 0.5858
    endloop
  endfacet
  facet normal 0 -0.7932856622436688 -0.6088496186076031
    outer loop
      vertex 68.0046 -147.7321 1
      vertex 91.9899 -147.4142 0.5858
      vertex 91.9954 -147.7321 1
    endloop
  endfacet
  facet normal 0 -1 0
    outer loop
      vertex 68 -148 2
      vertex 91.38499999791384 -148 2.199
      vertex 87.61500000208616 -148 2.199
    endloop
  endfacet
  facet normal 0 -0.92389078760131 -0.38265625904384615
    outer loop
      vertex 68.0012 -147.9319 1.4824
      vertex 91.9954 -147.7321 1
      vertex 91.9988 -147.9319 1.4824
    endloop
  endfacet
  facet normal 0 -0.9914555994318145 -0.13044460263001084
    outer loop
      vertex 68 -148 2
      vertex 91.9988 -147.9319 1.4824
      vertex 92 -148 2
    endloop
  endfacet
  facet normal 0 -1 0
    outer loop
      vertex 68 -148 2
      vertex 92 -148 2
      vertex 92 -148 2.199
    endloop
  endfacet
  facet normal 0 -1 0
    outer loop
      vertex 68 -148 2
      vertex 92 -148 2.199
      vertex 91.38499999791384 -148 2.199
    endloop
  endfacet
  facet normal 0 -1 0
    outer loop
      vertex 72.38499999791384 -148 2.199
      vertex 87.61500000208616 -148 2.199
      vertex 87.61500000208616 -148 5.271
    endloop
  endfacet
  facet normal 0 0 -1
    outer loop
      vertex 92.7242 -113.957 0
      vertex 93 -115.0345 0
      vertex 93 -144.9655 0
    endloop
  endfacet
  facet normal 0.13044460263003502 0 -0.9914555994318113
    outer loop
      vertex 93 -115.0345 0
      vertex 93.5176 -115.0256 0.0681
      vertex 93.5176 -144.9744 0.0681
    endloop
  endfacet
  facet normal 0.3826562590438302 0 -0.9238907876013166
    outer loop
      vertex 93.5176 -115.0256 0.0681
      vertex 94 -115.0172 0.2679
      vertex 94 -144.9828 0.2679
    endloop
  endfacet
  facet normal 0.6088496186075983 0 -0.7932856622436726
    outer loop
      vertex 94 -115.0172 0.2679
      vertex 94.4142 -115.0101 0.5858
      vertex 94.4142 -144.9899 0.5858
    endloop
  endfacet
  facet normal 0.7932856622436689 0 -0.6088496186076031
    outer loop
      vertex 94.4142 -115.0101 0.5858
      vertex 94.7321 -115.0046 1
      vertex 94.7321 -144.9954 1
    endloop
  endfacet
  facet normal 0.9238907876013196 0 -0.3826562590438229
    outer loop
      vertex 94.7321 -115.0046 1
      vertex 94.9319 -115.0012 1.4824
      vertex 94.9319 -144.9988 1.4824
    endloop
  endfacet
  facet normal 0.991455599431811 0 -0.13044460263003763
    outer loop
      vertex 94.9319 -115.0012 1.4824
      vertex 95 -115 2
      vertex 95 -145 2
    endloop
  endfacet
  facet normal 0.13044460263003502 0 -0.9914555994318113
    outer loop
      vertex 93 -115.0345 0
      vertex 93.5176 -144.9744 0.0681
      vertex 93 -144.9655 0
    endloop
  endfacet
  facet normal 0.3826562590438302 0 -0.9238907876013165
    outer loop
      vertex 93.5176 -115.0256 0.0681
      vertex 94 -144.9828 0.2679
      vertex 93.5176 -144.9744 0.0681
    endloop
  endfacet
  facet normal 0.6088496186075982 0 -0.7932856622436726
    outer loop
      vertex 94 -115.0172 0.2679
      vertex 94.4142 -144.9899 0.5858
      vertex 94 -144.9828 0.2679
    endloop
  endfacet
  facet normal 0.7932856622436688 0 -0.6088496186076032
    outer loop
      vertex 94.4142 -115.0101 0.5858
      vertex 94.7321 -144.9954 1
      vertex 94.4142 -144.9899 0.5858
    endloop
  endfacet
  facet normal 0.9238907876013197 0 -0.38265625904382294
    outer loop
      vertex 94.7321 -115.0046 1
      vertex 94.9319 -144.9988 1.4824
      vertex 94.7321 -144.9954 1
    endloop
  endfacet
  facet normal 0.9914555994318109 0 -0.13044460263003763
    outer loop
      vertex 94.9319 -115.0012 1.4824
      vertex 95 -145 2
      vertex 94.9319 -144.9988 1.4824
    endloop
  endfacet
  facet normal 0.004491824265862896 -0.13036736473943644 -0.9914555833347551
    outer loop
      vertex 91.9655 -146 0
      vertex 92.0903 -145.9957 0
      vertex 91.9744 -146.5176 0.0681
    endloop
  endfacet
  facet normal 0.02151054710329995 -0.12864424598792315 -0.9914574899296064
    outer loop
      vertex 92.0903 -145.9957 0
      vertex 92.1824 -145.9803 0
      vertex 92.142 -146.5119 0.0681
    endloop
  endfacet
  facet normal 0.03160681087631634 -0.12654517936669774 -0.9914571736011996
    outer loop
      vertex 92.1824 -145.9803 0
      vertex 92.2897 -145.9535 0
      vertex 92.2879 -146.4875 0.0681
    endloop
  endfacet
  facet normal 0.04384083465572155 -0.1228493849160325 -0.9914565093045897
    outer loop
      vertex 92.2897 -145.9535 0
      vertex 92.3931 -145.9166 0
      vertex 92.4399 -146.4495 0.0681
    endloop
  endfacet
  facet normal 0.06833070205662956 -0.11108582943044826 -0.9914589520782984
    outer loop
      vertex 92.4635 -145.8841 0
      vertex 92.5495 -145.8312 0
      vertex 92.7085 -146.3412 0.0681
    endloop
  endfacet
  facet normal 0.05467044158915232 -0.11842458731926259 -0.9914568875824653
    outer loop
      vertex 92.3931 -145.9166 0
      vertex 92.4635 -145.8841 0
      vertex 92.589 -146.3963 0.0681
    endloop
  endfacet
  facet normal 0.004433301563819404 -0.1303546214205923 -0.9914575222930825
    outer loop
      vertex 92.0903 -145.9957 0
      vertex 92.142 -146.5119 0.0681
      vertex 91.9744 -146.5176 0.0681
    endloop
  endfacet
  facet normal 0.02151422942447426 -0.1286445111898597 -0.991457375620855
    outer loop
      vertex 92.1824 -145.9803 0
      vertex 92.2879 -146.4875 0.0681
      vertex 92.142 -146.5119 0.0681
    endloop
  endfacet
  facet normal 0.013006290201646578 -0.38243056803501724 -0.9238926869759304
    outer loop
      vertex 91.9744 -146.5176 0.0681
      vertex 92.142 -146.5119 0.0681
      vertex 91.9828 -147 0.2679
    endloop
  endfacet
  facet normal 0.06313514815061481 -0.3775171358680294 -0.9238478041290132
    outer loop
      vertex 92.142 -146.5119 0.0681
      vertex 92.2879 -146.4875 0.0681
      vertex 92.1901 -146.9928 0.2679
    endloop
  endfacet
  facet normal 0.0316362897901674 -0.12654515916063408 -0.9914562359788365
    outer loop
      vertex 92.2897 -145.9535 0
      vertex 92.4399 -146.4495 0.0681
      vertex 92.2879 -146.4875 0.0681
    endloop
  endfacet
  facet normal 0.04383381385393085 -0.12285003093272175 -0.9914567396830021
    outer loop
      vertex 92.3931 -145.9166 0
      vertex 92.589 -146.3963 0.0681
      vertex 92.4399 -146.4495 0.0681
    endloop
  endfacet
  facet normal 0.09280324084115221 -0.37121296336450477 -0.9238985303157062
    outer loop
      vertex 92.2879 -146.4875 0.0681
      vertex 92.4399 -146.4495 0.0681
      vertex 92.3862 -146.9602 0.2679
    endloop
  endfacet
  facet normal 0.12858006670622946 -0.36036255537402156 -0.9239080014428529
    outer loop
      vertex 92.4399 -146.4495 0.0681
      vertex 92.589 -146.3963 0.0681
      vertex 92.5799 -146.9118 0.2679
    endloop
  endfacet
  facet normal 0.013285337348395597 -0.38250700448861225 -0.9238570729981388
    outer loop
      vertex 92.142 -146.5119 0.0681
      vertex 92.1901 -146.9928 0.2679
      vertex 91.9828 -147 0.2679
    endloop
  endfacet
  facet normal 0.06274990948783776 -0.3774618788516641 -0.9238966278069424
    outer loop
      vertex 92.2879 -146.4875 0.0681
      vertex 92.3862 -146.9602 0.2679
      vertex 92.1901 -146.9928 0.2679
    endloop
  endfacet
  facet normal 0.09275463883177594 -0.37121019714296033 -0.9239045224005948
    outer loop
      vertex 92.4399 -146.4495 0.0681
      vertex 92.5799 -146.9118 0.2679
      vertex 92.3862 -146.9602 0.2679
    endloop
  endfacet
  facet normal 0.09983126660438589 -0.6005187540220518 -0.7933542363131153
    outer loop
      vertex 92.1901 -146.9928 0.2679
      vertex 92.3862 -146.9602 0.2679
      vertex 92.2315 -147.4059 0.5858
    endloop
  endfacet
  facet normal 0.14760587192587582 -0.5907284585134077 -0.7932543065596146
    outer loop
      vertex 92.3862 -146.9602 0.2679
      vertex 92.5799 -146.9118 0.2679
      vertex 92.4706 -147.366 0.5858
    endloop
  endfacet
  facet normal 0.021134088453338026 -0.608485630051384 -0.7932834224451037
    outer loop
      vertex 91.9828 -147 0.2679
      vertex 92.1901 -146.9928 0.2679
      vertex 91.9899 -147.4142 0.5858
    endloop
  endfacet
  facet normal 0.02090180010797752 -0.6084186633846365 -0.7933409385614099
    outer loop
      vertex 92.1901 -146.9928 0.2679
      vertex 92.2315 -147.4059 0.5858
      vertex 91.9899 -147.4142 0.5858
    endloop
  endfacet
  facet normal 0.10022295308880297 -0.6005841624947448 -0.7932553330641058
    outer loop
      vertex 92.3862 -146.9602 0.2679
      vertex 92.4706 -147.366 0.5858
      vertex 92.2315 -147.4059 0.5858
    endloop
  endfacet
  facet normal 0.027236664710945397 -0.7928166499001269 -0.608851314966604
    outer loop
      vertex 91.9899 -147.4142 0.5858
      vertex 92.2315 -147.4059 0.5858
      vertex 91.9954 -147.7321 1
    endloop
  endfacet
  facet normal 0.13059048273680282 -0.782561013092215 -0.6087235715878386
    outer loop
      vertex 92.2315 -147.4059 0.5858
      vertex 92.4706 -147.366 0.5858
      vertex 92.2632 -147.7228 1
    endloop
  endfacet
  facet normal 0.19223804629128274 -0.7696231731099419 -0.6088716654355785
    outer loop
      vertex 92.4706 -147.366 0.5858
      vertex 92.7 -147.3087 0.5858
      vertex 92.5354 -147.6775 1
    endloop
  endfacet
  facet normal 0.02753507110323828 -0.792891617360231 -0.6087402590425711
    outer loop
      vertex 92.2315 -147.4059 0.5858
      vertex 92.2632 -147.7228 1
      vertex 91.9954 -147.7321 1
    endloop
  endfacet
  facet normal 0.13022710126170275 -0.7825125157491671 -0.6088637489561057
    outer loop
      vertex 92.4706 -147.366 0.5858
      vertex 92.5354 -147.6775 1
      vertex 92.2632 -147.7228 1
    endloop
  endfacet
  facet normal 0.032065059186430024 -0.9233357903364926 -0.38265238828871206
    outer loop
      vertex 91.9954 -147.7321 1
      vertex 92.2632 -147.7228 1
      vertex 91.9988 -147.9319 1.4824
    endloop
  endfacet
  facet normal 0.1516716706511389 -0.9113692881068881 -0.3826247835901858
    outer loop
      vertex 92.2632 -147.7228 1
      vertex 92.5354 -147.6775 1
      vertex 92.2832 -147.922 1.4824
    endloop
  endfacet
  facet normal 0.13034888889780383 -0.004491187678369725 -0.9914580154481305
    outer loop
      vertex 93 -144.9655 0
      vertex 93.5119 -145.142 0.0681
      vertex 92.9957 -145.0903 0
    endloop
  endfacet
  facet normal 0.12864524009922387 -0.021510713328211317 -0.9914573573341037
    outer loop
      vertex 92.9957 -145.0903 0
      vertex 93.4875 -145.2879 0.0681
      vertex 92.9803 -145.1824 0
    endloop
  endfacet
  facet normal 0.12655343651388032 -0.031608873239245 -0.9914560539121604
    outer loop
      vertex 92.9535 -145.2897 0
      vertex 92.9803 -145.1824 0
      vertex 93.4495 -145.4399 0.0681
    endloop
  endfacet
  facet normal 0.09654310362834807 -0.08773111564619894 -0.9914548302818839
    outer loop
      vertex 92.7042 -145.7042 0
      vertex 92.7719 -145.6297 0
      vertex 93.0706 -146.0706 0.0681
    endloop
  endfacet
  facet normal 0.07755314196047 -0.10488637411853785 -0.9914556766171271
    outer loop
      vertex 92.5495 -145.8312 0
      vertex 92.6297 -145.7719 0
      vertex 92.8395 -146.2605 0.0681
    endloop
  endfacet
  facet normal 0.05461095375743952 -0.11843936431965411 -0.9914584008970115
    outer loop
      vertex 92.4635 -145.8841 0
      vertex 92.7085 -146.3412 0.0681
      vertex 92.589 -146.3963 0.0681
    endloop
  endfacet
  facet normal 0.06841570333726381 -0.11105894841615753 -0.9914561016573377
    outer loop
      vertex 92.5495 -145.8312 0
      vertex 92.8395 -146.2605 0.0681
      vertex 92.7085 -146.3412 0.0681
    endloop
  endfacet
  facet normal 0.08771484824655633 -0.09652520228018145 -0.9914580125864402
    outer loop
      vertex 92.6297 -145.7719 0
      vertex 92.7042 -145.7042 0
      vertex 92.9585 -146.1726 0.0681
    endloop
  endfacet
  facet normal 0.07749388478610093 -0.10491208520527877 -0.9914575897125599
    outer loop
      vertex 92.6297 -145.7719 0
      vertex 92.9585 -146.1726 0.0681
      vertex 92.8395 -146.2605 0.0681
    endloop
  endfacet
  facet normal 0.10487215699952832 -0.07754262980136954 -0.9914580027665086
    outer loop
      vertex 92.8312 -145.5495 0
      vertex 93.1726 -145.9585 0.0681
      vertex 92.7719 -145.6297 0
    endloop
  endfacet
  facet normal 0.11110735066228342 -0.06834394011670664 -0.9914556280934274
    outer loop
      vertex 92.8841 -145.4635 0
      vertex 93.2605 -145.8395 0.0681
      vertex 92.8312 -145.5495 0
    endloop
  endfacet
  facet normal 0.12284745122712602 -0.043840144586862494 -0.991456779415826
    outer loop
      vertex 92.9535 -145.2897 0
      vertex 93.3963 -145.589 0.0681
      vertex 92.9166 -145.3931 0
    endloop
  endfacet
  facet normal 0.11841092862856649 -0.054664136085623906 -0.9914588666239931
    outer loop
      vertex 92.8841 -145.4635 0
      vertex 92.9166 -145.3931 0
      vertex 93.3412 -145.7085 0.0681
    endloop
  endfacet
  facet normal 0.10492167370032067 -0.0775009673803127 -0.9914560214366743
    outer loop
      vertex 92.8312 -145.5495 0
      vertex 93.2605 -145.8395 0.0681
      vertex 93.1726 -145.9585 0.0681
    endloop
  endfacet
  facet normal 0.11104483134217479 -0.06840700678865881 -0.9914582829622255
    outer loop
      vertex 92.8841 -145.4635 0
      vertex 93.3412 -145.7085 0.0681
      vertex 93.2605 -145.8395 0.0681
    endloop
  endfacet
  facet normal 0.08779065929054174 -0.09648365594580322 -0.9914553465873608
    outer loop
      vertex 92.7042 -145.7042 0
      vertex 93.0706 -146.0706 0.0681
      vertex 92.9585 -146.1726 0.0681
    endloop
  endfacet
  facet normal 0.09647177288207331 -0.08777984686859523 -0.9914574602678198
    outer loop
      vertex 92.7719 -145.6297 0
      vertex 93.1726 -145.9585 0.0681
      vertex 93.0706 -146.0706 0.0681
    endloop
  endfacet
  facet normal 0.1303683797974938 -0.004433769479990037 -0.9914557111828923
    outer loop
      vertex 93 -144.9655 0
      vertex 93.5176 -144.9744 0.0681
      vertex 93.5119 -145.142 0.0681
    endloop
  endfacet
  facet normal 0.12864388365817053 -0.021514124477444194 -0.9914574593220388
    outer loop
      vertex 92.9957 -145.0903 0
      vertex 93.5119 -145.142 0.0681
      vertex 93.4875 -145.2879 0.0681
    endloop
  endfacet
  facet normal 0.1265393309171291 -0.03163483272928224 -0.9914570263451844
    outer loop
      vertex 92.9803 -145.1824 0
      vertex 93.4875 -145.2879 0.0681
      vertex 93.4495 -145.4399 0.0681
    endloop
  endfacet
  facet normal 0.382531914626069 -0.013009736953283989 -0.923850681136795
    outer loop
      vertex 93.5176 -144.9744 0.0681
      vertex 93.9928 -145.1901 0.2679
      vertex 93.5119 -145.142 0.0681
    endloop
  endfacet
  facet normal 0.3773884495148322 -0.06311362692365428 -0.9239018499111975
    outer loop
      vertex 93.5119 -145.142 0.0681
      vertex 93.9602 -145.3862 0.2679
      vertex 93.4875 -145.2879 0.0681
    endloop
  endfacet
  facet normal 0.37755765163010585 -0.06276583091862409 -0.9238564120926229
    outer loop
      vertex 93.5119 -145.142 0.0681
      vertex 93.9928 -145.1901 0.2679
      vertex 93.9602 -145.3862 0.2679
    endloop
  endfacet
  facet normal 0.12285137198481282 -0.04383429235139059 -0.9914565523589532
    outer loop
      vertex 92.9535 -145.2897 0
      vertex 93.4495 -145.4399 0.0681
      vertex 93.3963 -145.589 0.0681
    endloop
  endfacet
  facet normal 0.1184474144290952 -0.0546146655652161 -0.9914572347409958
    outer loop
      vertex 92.9166 -145.3931 0
      vertex 93.3963 -145.589 0.0681
      vertex 93.3412 -145.7085 0.0681
    endloop
  endfacet
  facet normal 0.3475461514896245 -0.16024931336467635 -0.9238678640102709
    outer loop
      vertex 93.3412 -145.7085 0.0681
      vertex 93.3963 -145.589 0.0681
      vertex 93.7671 -145.9367 0.2679
    endloop
  endfacet
  facet normal 0.3078289337081511 -0.22737952330204725 -0.9238722314016352
    outer loop
      vertex 93.1726 -145.9585 0.0681
      vertex 93.2605 -145.8395 0.0681
      vertex 93.546 -146.2648 0.2679
    endloop
  endfacet
  facet normal 0.28301969397037613 -0.2575201497321376 -0.923895678800833
    outer loop
      vertex 93.1726 -145.9585 0.0681
      vertex 93.4121 -146.4121 0.2679
      vertex 93.0706 -146.0706 0.0681
    endloop
  endfacet
  facet normal 0.3258162157944998 -0.20071273751617158 -0.9238821302114877
    outer loop
      vertex 93.3412 -145.7085 0.0681
      vertex 93.6606 -146.1097 0.2679
      vertex 93.2605 -145.8395 0.0681
    endloop
  endfacet
  facet normal 0.3711970340153696 -0.0927992585038424 -0.9239053304096311
    outer loop
      vertex 93.4875 -145.2879 0.0681
      vertex 93.9118 -145.5799 0.2679
      vertex 93.4495 -145.4399 0.0681
    endloop
  endfacet
  facet normal 0.36044404842521194 -0.12860914403904855 -0.9238721643303184
    outer loop
      vertex 93.3963 -145.589 0.0681
      vertex 93.4495 -145.4399 0.0681
      vertex 93.8433 -145.7715 0.2679
    endloop
  endfacet
  facet normal 0.2831844043891472 -0.25742289034426097 -0.923872311868675
    outer loop
      vertex 93.1726 -145.9585 0.0681
      vertex 93.546 -146.2648 0.2679
      vertex 93.4121 -146.4121 0.2679
    endloop
  endfacet
  facet normal 0.30778264550929285 -0.22741386960259613 -0.9238791993738545
    outer loop
      vertex 93.2605 -145.8395 0.0681
      vertex 93.6606 -146.1097 0.2679
      vertex 93.546 -146.2648 0.2679
    endloop
  endfacet
  facet normal 0.34750959140275517 -0.16029195438795496 -0.9238742193835586
    outer loop
      vertex 93.3963 -145.589 0.0681
      vertex 93.8433 -145.7715 0.2679
      vertex 93.7671 -145.9367 0.2679
    endloop
  endfacet
  facet normal 0.37122269797013496 -0.09275776242516377 -0.9238991860704558
    outer loop
      vertex 93.4875 -145.2879 0.0681
      vertex 93.9602 -145.3862 0.2679
      vertex 93.9118 -145.5799 0.2679
    endloop
  endfacet
  facet normal 0.36029120100843576 -0.1288097456632501 -0.9239038369322143
    outer loop
      vertex 93.4495 -145.4399 0.0681
      vertex 93.9118 -145.5799 0.2679
      vertex 93.8433 -145.7715 0.2679
    endloop
  endfacet
  facet normal 0.32590868721357397 -0.20063164848696105 -0.9238671274724137
    outer loop
      vertex 93.3412 -145.7085 0.0681
      vertex 93.7671 -145.9367 0.2679
      vertex 93.6606 -146.1097 0.2679
    endloop
  endfacet
  facet normal 0.5184878805371252 -0.319184735706368 -0.7932789056997392
    outer loop
      vertex 93.6606 -146.1097 0.2679
      vertex 93.7671 -145.9367 0.2679
      vertex 94.0041 -146.3418 0.5858
    endloop
  endfacet
  facet normal 0.16024202963556963 -0.34753035465421767 -0.9238750697644065
    outer loop
      vertex 92.589 -146.3963 0.0681
      vertex 92.7085 -146.3412 0.0681
      vertex 92.7715 -146.8433 0.2679
    endloop
  endfacet
  facet normal 0.20073489969660913 -0.3258521915769853 -0.9238646271441873
    outer loop
      vertex 92.7085 -146.3412 0.0681
      vertex 92.8395 -146.2605 0.0681
      vertex 92.9367 -146.7671 0.2679
    endloop
  endfacet
  facet normal 0.2273683455992126 -0.30781380120933344 -0.9238800242480287
    outer loop
      vertex 92.9585 -146.1726 0.0681
      vertex 93.1097 -146.6606 0.2679
      vertex 92.8395 -146.2605 0.0681
    endloop
  endfacet
  facet normal 0.2575634789143543 -0.28306731359123116 -0.9238690114436021
    outer loop
      vertex 92.9585 -146.1726 0.0681
      vertex 93.0706 -146.0706 0.0681
      vertex 93.2648 -146.546 0.2679
    endloop
  endfacet
  facet normal 0.1602972244483822 -0.3475210167831041 -0.92386900734259
    outer loop
      vertex 92.7085 -146.3412 0.0681
      vertex 92.9367 -146.7671 0.2679
      vertex 92.7715 -146.8433 0.2679
    endloop
  endfacet
  facet normal 0.12883240795843967 -0.3603545892677081 -0.9238759552306421
    outer loop
      vertex 92.589 -146.3963 0.0681
      vertex 92.7715 -146.8433 0.2679
      vertex 92.5799 -146.9118 0.2679
    endloop
  endfacet
  facet normal 0.20061487198787004 -0.3258814352478709 -0.9238803836526015
    outer loop
      vertex 92.8395 -146.2605 0.0681
      vertex 93.1097 -146.6606 0.2679
      vertex 92.9367 -146.7671 0.2679
    endloop
  endfacet
  facet normal 0.2274224464124244 -0.30779425339062916 -0.9238732209819122
    outer loop
      vertex 92.9585 -146.1726 0.0681
      vertex 93.2648 -146.546 0.2679
      vertex 93.1097 -146.6606 0.2679
    endloop
  endfacet
  facet normal 0.2573899184924827 -0.2831481328898276 -0.9238926153506357
    outer loop
      vertex 93.0706 -146.0706 0.0681
      vertex 93.4121 -146.4121 0.2679
      vertex 93.2648 -146.546 0.2679
    endloop
  endfacet
  facet normal 0.20497885238085842 -0.5733423082653142 -0.7932605294792044
    outer loop
      vertex 92.5799 -146.9118 0.2679
      vertex 92.7715 -146.8433 0.2679
      vertex 92.7 -147.3087 0.5858
    endloop
  endfacet
  facet normal 0.2549857788921423 -0.552803814606057 -0.7933411593506036
    outer loop
      vertex 92.7715 -146.8433 0.2679
      vertex 92.9367 -146.7671 0.2679
      vertex 92.9283 -147.2272 0.5858
    endloop
  endfacet
  facet normal 0.31916898141727973 -0.5184622890627624 -0.7933019703245775
    outer loop
      vertex 93.1097 -146.6606 0.2679
      vertex 93.1328 -147.1328 0.5858
      vertex 92.9367 -146.7671 0.2679
    endloop
  endfacet
  facet normal 0.2551700990204681 -0.5527784454415704 -0.7932995719279605
    outer loop
      vertex 92.9367 -146.7671 0.2679
      vertex 93.1328 -147.1328 0.5858
      vertex 92.9283 -147.2272 0.5858
    endloop
  endfacet
  facet normal 0.3192522339676843 -0.5184437987509114 -0.7932805548123358
    outer loop
      vertex 93.1097 -146.6606 0.2679
      vertex 93.3418 -147.0041 0.5858
      vertex 93.1328 -147.1328 0.5858
    endloop
  endfacet
  facet normal 0.1475523897432872 -0.5907245760400397 -0.7932671476516348
    outer loop
      vertex 92.4706 -147.366 0.5858
      vertex 92.5799 -146.9118 0.2679
      vertex 92.7 -147.3087 0.5858
    endloop
  endfacet
  facet normal 0.20467705872972541 -0.5733469019387416 -0.7933351320009695
    outer loop
      vertex 92.7715 -146.8433 0.2679
      vertex 92.9283 -147.2272 0.5858
      vertex 92.7 -147.3087 0.5858
    endloop
  endfacet
  facet normal 0.4095377983673596 -0.4505221635513096 -0.7932897149575703
    outer loop
      vertex 93.2648 -146.546 0.2679
      vertex 93.4121 -146.4121 0.2679
      vertex 93.5279 -146.8666 0.5858
    endloop
  endfacet
  facet normal 0.36181733176329245 -0.489684713407375 -0.7932824842959968
    outer loop
      vertex 93.1097 -146.6606 0.2679
      vertex 93.2648 -146.546 0.2679
      vertex 93.3418 -147.0041 0.5858
    endloop
  endfacet
  facet normal 0.450541522975261 -0.4095553966489611 -0.7932696345826207
    outer loop
      vertex 93.4121 -146.4121 0.2679
      vertex 93.546 -146.2648 0.2679
      vertex 93.7053 -146.7053 0.5858
    endloop
  endfacet
  facet normal 0.4896815884673081 -0.36181502281334527 -0.7932854663881801
    outer loop
      vertex 93.6606 -146.1097 0.2679
      vertex 93.8666 -146.5279 0.5858
      vertex 93.546 -146.2648 0.2679
    endloop
  endfacet
  facet normal 0.3618063441700483 -0.4896884410912739 -0.7932851946052585
    outer loop
      vertex 93.2648 -146.546 0.2679
      vertex 93.5279 -146.8666 0.5858
      vertex 93.3418 -147.0041 0.5858
    endloop
  endfacet
  facet normal 0.40960709145230045 -0.45049161824940814 -0.7932712855757583
    outer loop
      vertex 93.4121 -146.4121 0.2679
      vertex 93.7053 -146.7053 0.5858
      vertex 93.5279 -146.8666 0.5858
    endloop
  endfacet
  facet normal 0.4504755470427701 -0.40959247879369537 -0.7932879570699111
    outer loop
      vertex 93.546 -146.2648 0.2679
      vertex 93.8666 -146.5279 0.5858
      vertex 93.7053 -146.7053 0.5858
    endloop
  endfacet
  facet normal 0.3824250730749751 -0.013282491684219971 -0.9238910319395132
    outer loop
      vertex 93.5176 -144.9744 0.0681
      vertex 94 -144.9828 0.2679
      vertex 93.9928 -145.1901 0.2679
    endloop
  endfacet
  facet normal 0.6084012679608839 -0.021131158366216717 -0.7933482030544284
    outer loop
      vertex 94 -144.9828 0.2679
      vertex 94.4059 -145.2315 0.5858
      vertex 93.9928 -145.1901 0.2679
    endloop
  endfacet
  facet normal 0.6006552175845835 -0.0998539525408394 -0.7932480682298496
    outer loop
      vertex 93.9928 -145.1901 0.2679
      vertex 94.366 -145.4706 0.5858
      vertex 93.9602 -145.3862 0.2679
    endloop
  endfacet
  facet normal 0.6084910510435386 -0.0209042869356623 -0.7932853531911712
    outer loop
      vertex 94 -144.9828 0.2679
      vertex 94.4142 -144.9899 0.5858
      vertex 94.4059 -145.2315 0.5858
    endloop
  endfacet
  facet normal 0.6004722629117885 -0.10020427975819408 -0.7933424000970435
    outer loop
      vertex 93.9928 -145.1901 0.2679
      vertex 94.4059 -145.2315 0.5858
      vertex 94.366 -145.4706 0.5858
    endloop
  endfacet
  facet normal 0.5907107020707381 -0.14760143510698623 -0.79326835485443
    outer loop
      vertex 93.9602 -145.3862 0.2679
      vertex 94.3087 -145.7 0.5858
      vertex 93.9118 -145.5799 0.2679
    endloop
  endfacet
  facet normal 0.5732432123324627 -0.2049434240332727 -0.7933412963285583
    outer loop
      vertex 93.9118 -145.5799 0.2679
      vertex 94.2272 -145.9283 0.5858
      vertex 93.8433 -145.7715 0.2679
    endloop
  endfacet
  facet normal 0.5528591227330943 -0.25501129026793073 -0.7932944171281419
    outer loop
      vertex 93.7671 -145.9367 0.2679
      vertex 93.8433 -145.7715 0.2679
      vertex 94.1328 -146.1328 0.5858
    endloop
  endfacet
  facet normal 0.5184226188081693 -0.31923919158189057 -0.7932996450687597
    outer loop
      vertex 93.7671 -145.9367 0.2679
      vertex 94.1328 -146.1328 0.5858
      vertex 94.0041 -146.3418 0.5858
    endloop
  endfacet
  facet normal 0.5527337783537819 -0.2551494800811457 -0.793337326161497
    outer loop
      vertex 93.8433 -145.7715 0.2679
      vertex 94.2272 -145.9283 0.5858
      vertex 94.1328 -146.1328 0.5858
    endloop
  endfacet
  facet normal 0.5907395697973783 -0.1475561349145108 -0.7932552853430597
    outer loop
      vertex 93.9602 -145.3862 0.2679
      vertex 94.366 -145.4706 0.5858
      vertex 94.3087 -145.7 0.5858
    endloop
  endfacet
  facet normal 0.5734300956771393 -0.20470675776472277 -0.793267337470264
    outer loop
      vertex 93.9118 -145.5799 0.2679
      vertex 94.3087 -145.7 0.5858
      vertex 94.2272 -145.9283 0.5858
    endloop
  endfacet
  facet normal 0.48969104555793275 -0.3618082684804767 -0.7932827092276359
    outer loop
      vertex 93.6606 -146.1097 0.2679
      vertex 94.0041 -146.3418 0.5858
      vertex 93.8666 -146.5279 0.5858
    endloop
  endfacet
  facet normal 0.26673629351366673 -0.7471889056341675 -0.6087367978197198
    outer loop
      vertex 92.7 -147.3087 0.5858
      vertex 92.9283 -147.2272 0.5858
      vertex 92.7923 -147.6132 1
    endloop
  endfacet
  facet normal 0.3325140120057266 -0.7203296128725546 -0.6087361338369287
    outer loop
      vertex 92.9283 -147.2272 0.5858
      vertex 93.1328 -147.1328 0.5858
      vertex 93.0486 -147.5217 1
    endloop
  endfacet
  facet normal 0.192634220626223 -0.7696381225330446 -0.6087275395343451
    outer loop
      vertex 92.5354 -147.6775 1
      vertex 92.7 -147.3087 0.5858
      vertex 92.7923 -147.6132 1
    endloop
  endfacet
  facet normal 0.2667488353012199 -0.7471882676251838 -0.6087320852302098
    outer loop
      vertex 92.9283 -147.2272 0.5858
      vertex 93.0486 -147.5217 1
      vertex 92.7923 -147.6132 1
    endloop
  endfacet
  facet normal 0.33252952103572786 -0.7203271065094345 -0.6087306278375478
    outer loop
      vertex 93.1328 -147.1328 0.5858
      vertex 93.2832 -147.4134 1
      vertex 93.0486 -147.5217 1
    endloop
  endfacet
  facet normal 0.4713926206446971 -0.6380084851053351 -0.608879438095359
    outer loop
      vertex 93.3418 -147.0041 0.5858
      vertex 93.5279 -146.8666 0.5858
      vertex 93.5199 -147.2678 1
    endloop
  endfacet
  facet normal 0.5337105765312098 -0.5869823699728794 -0.6087731250964887
    outer loop
      vertex 93.5279 -146.8666 0.5858
      vertex 93.7053 -146.7053 0.5858
      vertex 93.7298 -147.1126 1
    endloop
  endfacet
  facet normal 0.4716672454304217 -0.6379056366999747 -0.6087745134731563
    outer loop
      vertex 93.5279 -146.8666 0.5858
      vertex 93.7298 -147.1126 1
      vertex 93.5199 -147.2678 1
    endloop
  endfacet
  facet normal 0.5337033410102427 -0.5869858468050341 -0.608776116027133
    outer loop
      vertex 93.7053 -146.7053 0.5858
      vertex 93.9303 -146.9303 1
      vertex 93.7298 -147.1126 1
    endloop
  endfacet
  facet normal 0.4160087326750274 -0.6755697368226563 -0.6087218289395282
    outer loop
      vertex 93.1328 -147.1328 0.5858
      vertex 93.3418 -147.0041 0.5858
      vertex 93.2832 -147.4134 1
    endloop
  endfacet
  facet normal 0.4156211284519233 -0.6756697878061441 -0.6088755336112217
    outer loop
      vertex 93.3418 -147.0041 0.5858
      vertex 93.5199 -147.2678 1
      vertex 93.2832 -147.4134 1
    endloop
  endfacet
  facet normal 0.22433486422976923 -0.8962927934778459 -0.3825350925741201
    outer loop
      vertex 92.5354 -147.6775 1
      vertex 92.7923 -147.6132 1
      vertex 92.5761 -147.8732 1.4824
    endloop
  endfacet
  facet normal 0.3872480846378133 -0.8388587318192 -0.3825636535205986
    outer loop
      vertex 93.0486 -147.5217 1
      vertex 93.2832 -147.4134 1
      vertex 93.1242 -147.7068 1.4824
    endloop
  endfacet
  facet normal 0.31062631549632314 -0.8700931657017436 -0.3826867846167372
    outer loop
      vertex 92.7923 -147.6132 1
      vertex 93.0486 -147.5217 1
      vertex 92.8502 -147.8047 1.4824
    endloop
  endfacet
  facet normal 0.4840738652028086 -0.7869524992686114 -0.38259411511744296
    outer loop
      vertex 93.2832 -147.4134 1
      vertex 93.5199 -147.2678 1
      vertex 93.3777 -147.5898 1.4824
    endloop
  endfacet
  facet normal 0.5492967323396756 -0.7428955162247864 -0.38259554599349815
    outer loop
      vertex 93.7298 -147.1126 1
      vertex 93.6318 -147.4335 1.4824
      vertex 93.5199 -147.2678 1
    endloop
  endfacet
  facet normal 0.7697372329415886 -0.1922665363886301 -0.6087184662950075
    outer loop
      vertex 94.366 -145.4706 0.5858
      vertex 94.6132 -145.7923 1
      vertex 94.3087 -145.7 0.5858
    endloop
  endfacet
  facet normal 0.72033375202641 -0.3325159226957924 -0.6087301921584968
    outer loop
      vertex 94.1328 -146.1328 0.5858
      vertex 94.2272 -145.9283 0.5858
      vertex 94.4134 -146.2832 1
    endloop
  endfacet
  facet normal 0.7471924996062049 -0.2667375765129427 -0.6087318242118063
    outer loop
      vertex 94.3087 -145.7 0.5858
      vertex 94.5217 -146.0486 1
      vertex 94.2272 -145.9283 0.5858
    endloop
  endfacet
  facet normal 0.7203234984871069 -0.3325278554396993 -0.608735807131443
    outer loop
      vertex 94.2272 -145.9283 0.5858
      vertex 94.5217 -146.0486 1
      vertex 94.4134 -146.2832 1
    endloop
  endfacet
  facet normal 0.7929089696567847 -0.027239836291987916 -0.6087309398713043
    outer loop
      vertex 94.4142 -144.9899 0.5858
      vertex 94.7228 -145.2632 1
      vertex 94.4059 -145.2315 0.5858
    endloop
  endfacet
  facet normal 0.7826102327579929 -0.13024336349723162 -0.6087346629258169
    outer loop
      vertex 94.4059 -145.2315 0.5858
      vertex 94.7228 -145.2632 1
      vertex 94.6775 -145.5354 1
    endloop
  endfacet
  facet normal 0.7928083318609669 -0.027532178813679142 -0.6088488548577573
    outer loop
      vertex 94.4142 -144.9899 0.5858
      vertex 94.7321 -144.9954 1
      vertex 94.7228 -145.2632 1
    endloop
  endfacet
  facet normal 0.7824497848594513 -0.1305719214382983 -0.6088705178486712
    outer loop
      vertex 94.4059 -145.2315 0.5858
      vertex 94.6775 -145.5354 1
      vertex 94.366 -145.4706 0.5858
    endloop
  endfacet
  facet normal 0.7695362967631746 -0.19260873445645438 -0.6088643226328033
    outer loop
      vertex 94.366 -145.4706 0.5858
      vertex 94.6775 -145.5354 1
      vertex 94.6132 -145.7923 1
    endloop
  endfacet
  facet normal 0.7471850663183339 -0.26674769242348934 -0.6087365154626512
    outer loop
      vertex 94.3087 -145.7 0.5858
      vertex 94.6132 -145.7923 1
      vertex 94.5217 -146.0486 1
    endloop
  endfacet
  facet normal 0.9233516989421633 -0.03206561165107463 -0.38261395245085217
    outer loop
      vertex 94.7321 -144.9954 1
      vertex 94.922 -145.2832 1.4824
      vertex 94.7228 -145.2632 1
    endloop
  endfacet
  facet normal 0.9114055654079967 -0.15167770798307562 -0.382535969869934
    outer loop
      vertex 94.7228 -145.2632 1
      vertex 94.8732 -145.5761 1.4824
      vertex 94.6775 -145.5354 1
    endloop
  endfacet
  facet normal 0.8962258815181908 -0.22431811670536847 -0.3827016485654305
    outer loop
      vertex 94.6132 -145.7923 1
      vertex 94.6775 -145.5354 1
      vertex 94.8047 -145.8502 1.4824
    endloop
  endfacet
  facet normal 0.8701418298423108 -0.3106436887654557 -0.38256201404329965
    outer loop
      vertex 94.6132 -145.7923 1
      vertex 94.7068 -146.1242 1.4824
      vertex 94.5217 -146.0486 1
    endloop
  endfacet
  facet normal 0.8388448157772447 -0.38724166048028696 -0.38260066836338735
    outer loop
      vertex 94.5217 -146.0486 1
      vertex 94.5898 -146.3777 1.4824
      vertex 94.4134 -146.2832 1
    endloop
  endfacet
  facet normal 0.6754641872438842 -0.4159437363554677 -0.6088833549520072
    outer loop
      vertex 94.1328 -146.1328 0.5858
      vertex 94.2678 -146.5199 1
      vertex 94.0041 -146.3418 0.5858
    endloop
  endfacet
  facet normal 0.6380775197187131 -0.4714436268743918 -0.6087675956464291
    outer loop
      vertex 93.8666 -146.5279 0.5858
      vertex 94.0041 -146.3418 0.5858
      vertex 94.1126 -146.7298 1
    endloop
  endfacet
  facet normal 0.586980571589734 -0.5337089413609226 -0.6087762926458226
    outer loop
      vertex 93.7053 -146.7053 0.5858
      vertex 93.8666 -146.5279 0.5858
      vertex 93.9303 -146.9303 1
    endloop
  endfacet
  facet normal 0.6378444618992378 -0.4716220128001688 -0.6088736481954112
    outer loop
      vertex 94.0041 -146.3418 0.5858
      vertex 94.2678 -146.5199 1
      vertex 94.1126 -146.7298 1
    endloop
  endfacet
  facet normal 0.5869874380209297 -0.5337047877866665 -0.6087733133927721
    outer loop
      vertex 93.8666 -146.5279 0.5858
      vertex 94.1126 -146.7298 1
      vertex 93.9303 -146.9303 1
    endloop
  endfacet
  facet normal 0.6757630406533633 -0.4156784905750966 -0.6087328686379028
    outer loop
      vertex 94.1328 -146.1328 0.5858
      vertex 94.4134 -146.2832 1
      vertex 94.2678 -146.5199 1
    endloop
  endfacet
  facet normal 0.6215133713204003 -0.6835624297846677 -0.38270554458595396
    outer loop
      vertex 93.7298 -147.1126 1
      vertex 93.9303 -146.9303 1
      vertex 93.8567 -147.2673 1.4824
    endloop
  endfacet
  facet normal 0.6835347320066197 -0.621488187754712 -0.3827959020444214
    outer loop
      vertex 93.9303 -146.9303 1
      vertex 94.1126 -146.7298 1
      vertex 94.0718 -147.0718 1.4824
    endloop
  endfacet
  facet normal 0.7869509429709185 -0.48407290788576557 -0.38259852745168965
    outer loop
      vertex 94.2678 -146.5199 1
      vertex 94.4134 -146.2832 1
      vertex 94.4335 -146.6318 1.4824
    endloop
  endfacet
  facet normal 0.7428556822532149 -0.5492672791123946 -0.38271515705623355
    outer loop
      vertex 94.1126 -146.7298 1
      vertex 94.2678 -146.5199 1
      vertex 94.2673 -146.8567 1.4824
    endloop
  endfacet
  facet normal 0.03214187176538352 -0.923348316167677 -0.38261571728005817
    outer loop
      vertex 92.2632 -147.7228 1
      vertex 92.2832 -147.922 1.4824
      vertex 91.9988 -147.9319 1.4824
    endloop
  endfacet
  facet normal 0.15184427797564876 -0.9113768241612297 -0.3825383636027172
    outer loop
      vertex 92.5354 -147.6775 1
      vertex 92.5761 -147.8732 1.4824
      vertex 92.2832 -147.922 1.4824
    endloop
  endfacet
  facet normal 0.034491799090481626 -0.9908553193249292 -0.13044559004042353
    outer loop
      vertex 91.9988 -147.9319 1.4824
      vertex 92.2832 -147.922 1.4824
      vertex 92 -148 2
    endloop
  endfacet
  facet normal 0.1629363647030058 -0.9779520742112898 -0.1306196065037905
    outer loop
      vertex 92.2832 -147.922 1.4824
      vertex 92.5761 -147.8732 1.4824
      vertex 92.29 -147.99 2
    endloop
  endfacet
  facet normal 0.034167013730594886 -0.9908433981881738 -0.13062149685119054
    outer loop
      vertex 92.2832 -147.922 1.4824
      vertex 92.29 -147.99 2
      vertex 92 -148 2
    endloop
  endfacet
  facet normal 0.16299118904729018 -0.9779471342835095 -0.1305881879789364
    outer loop
      vertex 92.29 -147.99 2
      vertex 92.5761 -147.8732 1.4824
      vertex 92.59 -147.94 2
    endloop
  endfacet
  facet normal 0.034462275839746835 -0.9994059993535886 0
    outer loop
      vertex 92 -148 2
      vertex 92.29 -147.99 2
      vertex 92 -148 2.199
    endloop
  endfacet
  facet normal 0.22399550246080294 -0.8963090105767423 -0.382695926861358
    outer loop
      vertex 92.7923 -147.6132 1
      vertex 92.8502 -147.8047 1.4824
      vertex 92.5761 -147.8732 1.4824
    endloop
  endfacet
  facet normal 0.31087138249727536 -0.8700588233324326 -0.3825658472545814
    outer loop
      vertex 93.0486 -147.5217 1
      vertex 93.1242 -147.7068 1.4824
      vertex 92.8502 -147.8047 1.4824
    endloop
  endfacet
  facet normal 0.4840658157857925 -0.786955366546237 -0.38259840178928184
    outer loop
      vertex 93.5199 -147.2678 1
      vertex 93.6318 -147.4335 1.4824
      vertex 93.3777 -147.5898 1.4824
    endloop
  endfacet
  facet normal 0.3871739105411942 -0.8388768061726657 -0.38259909443409224
    outer loop
      vertex 93.2832 -147.4134 1
      vertex 93.3777 -147.5898 1.4824
      vertex 93.1242 -147.7068 1.4824
    endloop
  endfacet
  facet normal 0.549073961037389 -0.7430008052786348 -0.3827108421066905
    outer loop
      vertex 93.7298 -147.1126 1
      vertex 93.8567 -147.2673 1.4824
      vertex 93.6318 -147.4335 1.4824
    endloop
  endfacet
  facet normal 0.24037610588736846 -0.9618553375726787 -0.13058957577606564
    outer loop
      vertex 92.5761 -147.8732 1.4824
      vertex 92.8502 -147.8047 1.4824
      vertex 92.59 -147.94 2
    endloop
  endfacet
  facet normal 0.333587550848064 -0.9336362505859104 -0.1305476829019706
    outer loop
      vertex 92.8502 -147.8047 1.4824
      vertex 93.1242 -147.7068 1.4824
      vertex 92.87 -147.87 2
    endloop
  endfacet
  facet normal 0.24046014733637486 -0.9618405893455971 -0.13054347256865526
    outer loop
      vertex 92.8502 -147.8047 1.4824
      vertex 92.87 -147.87 2
      vertex 92.59 -147.94 2
    endloop
  endfacet
  facet normal 0.33345463602629405 -0.9336729808736802 -0.13062454018685846
    outer loop
      vertex 93.1242 -147.7068 1.4824
      vertex 93.15 -147.77 2
      vertex 92.87 -147.87 2
    endloop
  endfacet
  facet normal 0.5194395772693882 -0.8444631899178441 -0.130630955136899
    outer loop
      vertex 93.3777 -147.5898 1.4824
      vertex 93.6318 -147.4335 1.4824
      vertex 93.41 -147.65 2
    endloop
  endfacet
  facet normal 0.41546773539048304 -0.9001800933461307 -0.13062297038750467
    outer loop
      vertex 93.1242 -147.7068 1.4824
      vertex 93.3777 -147.5898 1.4824
      vertex 93.15 -147.77 2
    endloop
  endfacet
  facet normal 0.5892363859493681 -0.7973481540313669 -0.13052357157272002
    outer loop
      vertex 93.6318 -147.4335 1.4824
      vertex 93.8567 -147.2673 1.4824
      vertex 93.67 -147.49 2
    endloop
  endfacet
  facet normal 0.4154677353905418 -0.9001800933461084 -0.13062297038747103
    outer loop
      vertex 93.3777 -147.5898 1.4824
      vertex 93.41 -147.65 2
      vertex 93.15 -147.77 2
    endloop
  endfacet
  facet normal 0.5196142342662501 -0.8443731306826909 -0.13051844210306088
    outer loop
      vertex 93.6318 -147.4335 1.4824
      vertex 93.67 -147.49 2
      vertex 93.41 -147.65 2
    endloop
  endfacet
  facet normal 0.5893098104897259 -0.7973015083095683 -0.13047701754658134
    outer loop
      vertex 93.8567 -147.2673 1.4824
      vertex 93.9 -147.32 2
      vertex 93.67 -147.49 2
    endloop
  endfacet
  facet normal 0.9233333361929116 -0.03214135031051799 -0.38265190954062184
    outer loop
      vertex 94.7321 -144.9954 1
      vertex 94.9319 -144.9988 1.4824
      vertex 94.922 -145.2832 1.4824
    endloop
  endfacet
  facet normal 0.9113431127678752 -0.15183866132834342 -0.38262089819634365
    outer loop
      vertex 94.7228 -145.2632 1
      vertex 94.922 -145.2832 1.4824
      vertex 94.8732 -145.5761 1.4824
    endloop
  endfacet
  facet normal 0.8388896856470336 -0.3871798549140264 -0.3825648379866798
    outer loop
      vertex 94.5217 -146.0486 1
      vertex 94.7068 -146.1242 1.4824
      vertex 94.5898 -146.3777 1.4824
    endloop
  endfacet
  facet normal 0.8700133113680866 -0.31085512110558977 -0.38268254692991455
    outer loop
      vertex 94.6132 -145.7923 1
      vertex 94.8047 -145.8502 1.4824
      vertex 94.7068 -146.1242 1.4824
    endloop
  endfacet
  facet normal 0.8963717350144315 -0.22401117784928057 -0.38253980821059086
    outer loop
      vertex 94.6775 -145.5354 1
      vertex 94.8732 -145.5761 1.4824
      vertex 94.8047 -145.8502 1.4824
    endloop
  endfacet
  facet normal 0.990831813431035 -0.0344909808472885 -0.1306242310337514
    outer loop
      vertex 94.9319 -144.9988 1.4824
      vertex 94.99 -145.29 2
      vertex 94.922 -145.2832 1.4824
    endloop
  endfacet
  facet normal 0.9908664505251974 -0.034167808638818326 -0.13044630342182006
    outer loop
      vertex 94.9319 -144.9988 1.4824
      vertex 95 -145 2
      vertex 94.99 -145.29 2
    endloop
  endfacet
  facet normal 0.9336266192693944 -0.3335841095856546 -0.13062533300836948
    outer loop
      vertex 94.7068 -146.1242 1.4824
      vertex 94.8047 -145.8502 1.4824
      vertex 94.77 -146.15 2
    endloop
  endfacet
  facet normal 0.9779561937539293 -0.1629370510590345 -0.13058790330850997
    outer loop
      vertex 94.922 -145.2832 1.4824
      vertex 94.94 -145.59 2
      vertex 94.8732 -145.5761 1.4824
    endloop
  endfacet
  facet normal 0.961861297594949 -0.24037759534933678 -0.130542927204164
    outer loop
      vertex 94.8732 -145.5761 1.4824
      vertex 94.87 -145.87 2
      vertex 94.8047 -145.8502 1.4824
    endloop
  endfacet
  facet normal 0.9001800933461289 -0.41546773539050214 -0.130622970387456
    outer loop
      vertex 94.7068 -146.1242 1.4824
      vertex 94.77 -146.15 2
      vertex 94.65 -146.41 2
    endloop
  endfacet
  facet normal 0.9618347551575828 -0.2404586887893713 -0.13058913720769127
    outer loop
      vertex 94.8732 -145.5761 1.4824
      vertex 94.94 -145.59 2
      vertex 94.87 -145.87 2
    endloop
  endfacet
  facet normal 0.9779431123136325 -0.1629905187189233 -0.13061914058078306
    outer loop
      vertex 94.922 -145.2832 1.4824
      vertex 94.99 -145.29 2
      vertex 94.94 -145.59 2
    endloop
  endfacet
  facet normal 0.9336824067415197 -0.3334580024077127 -0.1305485502471065
    outer loop
      vertex 94.8047 -145.8502 1.4824
      vertex 94.87 -145.87 2
      vertex 94.77 -146.15 2
    endloop
  endfacet
  facet normal 0.6213590063294943 -0.683653822309273 -0.38279294206547854
    outer loop
      vertex 93.9303 -146.9303 1
      vertex 94.0718 -147.0718 1.4824
      vertex 93.8567 -147.2673 1.4824
    endloop
  endfacet
  facet normal 0.7430379968331201 -0.5491014454142353 -0.3825991870171996
    outer loop
      vertex 94.2678 -146.5199 1
      vertex 94.4335 -146.6318 1.4824
      vertex 94.2673 -146.8567 1.4824
    endloop
  endfacet
  facet normal 0.6836796490222895 -0.6213824797018136 -0.3827087031050959
    outer loop
      vertex 94.1126 -146.7298 1
      vertex 94.2673 -146.8567 1.4824
      vertex 94.0718 -147.0718 1.4824
    endloop
  endfacet
  facet normal 0.7869568162895533 -0.48406670754057995 -0.382594291575597
    outer loop
      vertex 94.4134 -146.2832 1
      vertex 94.5898 -146.3777 1.4824
      vertex 94.4335 -146.6318 1.4824
    endloop
  endfacet
  facet normal 0.7336971743877636 -0.6668423876932146 -0.13042118796815108
    outer loop
      vertex 94.0718 -147.0718 1.4824
      vertex 94.2673 -146.8567 1.4824
      vertex 94.12 -147.12 2
    endloop
  endfacet
  facet normal 0.797353143146817 -0.5892400728812704 -0.1304764408802082
    outer loop
      vertex 94.4335 -146.6318 1.4824
      vertex 94.32 -146.9 2
      vertex 94.2673 -146.8567 1.4824
    endloop
  endfacet
  facet normal 0.7336137738181113 -0.666921612561885 -0.13048522353969408
    outer loop
      vertex 94.2673 -146.8567 1.4824
      vertex 94.32 -146.9 2
      vertex 94.12 -147.12 2
    endloop
  endfacet
  facet normal 0.797296630451551 -0.5893062051163231 -0.13052310018537397
    outer loop
      vertex 94.4335 -146.6318 1.4824
      vertex 94.49 -146.67 2
      vertex 94.32 -146.9 2
    endloop
  endfacet
  facet normal 0.6668366550142378 -0.7336908669746823 -0.1304859657103446
    outer loop
      vertex 94.0718 -147.0718 1.4824
      vertex 93.9 -147.32 2
      vertex 93.8567 -147.2673 1.4824
    endloop
  endfacet
  facet normal 0.6669272176817367 -0.7336199394499484 -0.13042189523523776
    outer loop
      vertex 94.0718 -147.0718 1.4824
      vertex 94.12 -147.12 2
      vertex 93.9 -147.32 2
    endloop
  endfacet
  facet normal 0.8444759337133445 -0.5194474161330195 -0.13051735230115816
    outer loop
      vertex 94.4335 -146.6318 1.4824
      vertex 94.5898 -146.3777 1.4824
      vertex 94.49 -146.67 2
    endloop
  endfacet
  facet normal 0.9001800933461156 -0.4154677353905265 -0.13062297038747095
    outer loop
      vertex 94.7068 -146.1242 1.4824
      vertex 94.65 -146.41 2
      vertex 94.5898 -146.3777 1.4824
    endloop
  endfacet
  facet normal 0.8443606791207778 -0.5196065717666858 -0.1306294535377478
    outer loop
      vertex 94.5898 -146.3777 1.4824
      vertex 94.65 -146.41 2
      vertex 94.49 -146.67 2
    endloop
  endfacet
  facet normal 0.03446227583974683 -0.9994059993535886 0
    outer loop
      vertex 92.29 -147.99 2
      vertex 92 -148 7.960999999999999
      vertex 92 -148 2.199
    endloop
  endfacet
  facet normal 1 0 0
    outer loop
      vertex 95 -115 2
      vertex 95 -145 20
      vertex 95 -145 2
    endloop
  endfacet
  facet normal 0.16439898730539518 -0.9863939238321375 0
    outer loop
      vertex 92.29 -147.99 2
      vertex 92.59 -147.94 2
      vertex 92.29 -147.99 20
    endloop
  endfacet
  facet normal 0.2425356250363098 -0.9701425001453376 0
    outer loop
      vertex 92.59 -147.94 2
      vertex 92.87 -147.87 2
      vertex 92.59 -147.94 20
    endloop
  endfacet
  facet normal 0.33633639699813805 -0.9417419115948439 0
    outer loop
      vertex 92.87 -147.87 2
      vertex 93.15 -147.77 2
      vertex 92.87 -147.87 20
    endloop
  endfacet
  facet normal 0.4190581774617721 -0.9079593845004401 0
    outer loop
      vertex 93.15 -147.77 2
      vertex 93.41 -147.65 2
      vertex 93.15 -147.77 20
    endloop
  endfacet
  facet normal 0.524097425664319 -0.8516583167045534 0
    outer loop
      vertex 93.41 -147.65 2
      vertex 93.67 -147.49 2
      vertex 93.41 -147.65 20
    endloop
  endfacet
  facet normal 0.594391061083835 -0.8041761414663037 0
    outer loop
      vertex 93.67 -147.49 2
      vertex 93.9 -147.32 2
      vertex 93.67 -147.49 20
    endloop
  endfacet
  facet normal 0.9994059993535869 -0.034462275839797434 0
    outer loop
      vertex 95 -145 2
      vertex 94.99 -145.29 20
      vertex 94.99 -145.29 2
    endloop
  endfacet
  facet normal 0.9701425001453376 -0.2425356250363098 0
    outer loop
      vertex 94.94 -145.59 2
      vertex 94.87 -145.87 20
      vertex 94.87 -145.87 2
    endloop
  endfacet
  facet normal 0.9863939238321463 -0.16439898730534214 0
    outer loop
      vertex 94.99 -145.29 2
      vertex 94.94 -145.59 20
      vertex 94.94 -145.59 2
    endloop
  endfacet
  facet normal 0.9417419115948288 -0.3363363969981804 0
    outer loop
      vertex 94.77 -146.15 2
      vertex 94.87 -145.87 2
      vertex 94.77 -146.15 20
    endloop
  endfacet
  facet normal 0.739940073395961 -0.6726727939962934 0
    outer loop
      vertex 94.12 -147.12 2
      vertex 94.32 -146.9 2
      vertex 94.12 -147.12 20
    endloop
  endfacet
  facet normal 0.8041761414663451 -0.5943910610837793 0
    outer loop
      vertex 94.32 -146.9 2
      vertex 94.49 -146.67 2
      vertex 94.32 -146.9 20
    endloop
  endfacet
  facet normal 0.6726727939962934 -0.739940073395961 0
    outer loop
      vertex 94.12 -147.12 2
      vertex 93.9 -147.32 20
      vertex 93.9 -147.32 2
    endloop
  endfacet
  facet normal 0.8516583167045199 -0.5240974256643736 0
    outer loop
      vertex 94.49 -146.67 2
      vertex 94.65 -146.41 2
      vertex 94.49 -146.67 20
    endloop
  endfacet
  facet normal 0.9079593845004589 -0.4190581774617312 0
    outer loop
      vertex 94.77 -146.15 2
      vertex 94.65 -146.41 20
      vertex 94.65 -146.41 2
    endloop
  endfacet
  facet normal 0.034462275839746835 -0.9994059993535886 0
    outer loop
      vertex 92.29 -147.99 2
      vertex 92 -148 20
      vertex 92 -148 7.960999999999999
    endloop
  endfacet
  facet normal -0.03163558861050986 -0.1265328342528682 -0.9914578313721681
    outer loop
      vertex 100.0307 -107.8897 0.0681
      vertex 100.1811 -107.3937 0
      vertex 101.5102 -107.726 0
    endloop
  endfacet
  facet normal -0.09280095403695236 -0.3712307461983144 -0.9238916148590559
    outer loop
      vertex 100.0307 -107.8897 0.0681
      vertex 101.4092 -108.2343 0.0681
      vertex 99.8905 -108.3519 0.2679
    endloop
  endfacet
  facet normal -0.03163410386105266 -0.12654559539309693 -0.9914562500481375
    outer loop
      vertex 100.0307 -107.8897 0.0681
      vertex 101.5102 -107.726 0
      vertex 101.4092 -108.2343 0.0681
    endloop
  endfacet
  facet normal -0.09279881500525314 -0.37124737954643144 -0.9238851460617433
    outer loop
      vertex 99.8905 -108.3519 0.2679
      vertex 101.4092 -108.2343 0.0681
      vertex 101.3151 -108.708 0.2679
    endloop
  endfacet
  facet normal -0.14766416088575832 -0.5907395776406972 -0.7932351776105215
    outer loop
      vertex 99.8905 -108.3519 0.2679
      vertex 101.3151 -108.708 0.2679
      vertex 99.7702 -108.7487 0.5858
    endloop
  endfacet
  facet normal -0.14768501012310306 -0.5906190202710564 -0.7933210640585541
    outer loop
      vertex 99.7702 -108.7487 0.5858
      vertex 101.3151 -108.708 0.2679
      vertex 101.2343 -109.1148 0.5858
    endloop
  endfacet
  facet normal -0.01914641987058285 -0.12902691584250625 -0.9914562368527974
    outer loop
      vertex 101.5102 -107.726 0
      vertex 102.8681 -107.9275 0
      vertex 101.4092 -108.2343 0.0681
    endloop
  endfacet
  facet normal -0.056176038161645896 -0.37852269658369053 -0.9238857185320448
    outer loop
      vertex 101.3151 -108.708 0.2679
      vertex 101.4092 -108.2343 0.0681
      vertex 102.8168 -108.4432 0.0681
    endloop
  endfacet
  facet normal -0.019147777150666293 -0.12902063722966936 -0.9914570277117604
    outer loop
      vertex 101.4092 -108.2343 0.0681
      vertex 102.8681 -107.9275 0
      vertex 102.8168 -108.4432 0.0681
    endloop
  endfacet
  facet normal -0.05617822412795043 -0.37851315051917966 -0.9238894966487468
    outer loop
      vertex 101.3151 -108.708 0.2679
      vertex 102.8168 -108.4432 0.0681
      vertex 102.7691 -108.9238 0.2679
    endloop
  endfacet
  facet normal -0.08937781990637558 -0.6022027346796506 -0.7933243168169838
    outer loop
      vertex 101.3151 -108.708 0.2679
      vertex 102.7691 -108.9238 0.2679
      vertex 101.2343 -109.1148 0.5858
    endloop
  endfacet
  facet normal -0.08935366587610674 -0.6022904815845787 -0.793260422677898
    outer loop
      vertex 101.2343 -109.1148 0.5858
      vertex 102.7691 -108.9238 0.2679
      vertex 102.728 -109.3364 0.5858
    endloop
  endfacet
  facet normal -0.1924388883518822 -0.7695978596995049 -0.6088402159810348
    outer loop
      vertex 99.7702 -108.7487 0.5858
      vertex 101.2343 -109.1148 0.5858
      vertex 99.6779 -109.0533 1
    endloop
  endfacet
  facet normal -0.19241827800627004 -0.7696731120250655 -0.6087515970531433
    outer loop
      vertex 99.6779 -109.0533 1
      vertex 101.2343 -109.1148 0.5858
      vertex 101.1723 -109.4269 1
    endloop
  endfacet
  facet normal -0.22408027311877957 -0.8963210924751012 -0.38261799537300173
    outer loop
      vertex 99.6779 -109.0533 1
      vertex 101.1723 -109.4269 1
      vertex 99.6198 -109.2447 1.4824
    endloop
  endfacet
  facet normal -0.11642579354177708 -0.7847707933815661 -0.6087526890728572
    outer loop
      vertex 101.2343 -109.1148 0.5858
      vertex 102.728 -109.3364 0.5858
      vertex 101.1723 -109.4269 1
    endloop
  endfacet
  facet normal -0.11645365063533937 -0.784697852778029 -0.608841380902492
    outer loop
      vertex 101.1723 -109.4269 1
      vertex 102.728 -109.3364 0.5858
      vertex 102.6965 -109.6531 1
    endloop
  endfacet
  facet normal -0.13562533043712416 -0.9138820895325884 -0.38265558427307855
    outer loop
      vertex 101.1723 -109.4269 1
      vertex 102.6965 -109.6531 1
      vertex 101.1333 -109.6231 1.4824
    endloop
  endfacet
  facet normal -0.006637169900893769 -0.13026514144543075 -0.9914569788447244
    outer loop
      vertex 102.8681 -107.9275 0
      vertex 104.24 -107.9974 0
      vertex 102.8168 -108.4432 0.0681
    endloop
  endfacet
  facet normal -0.006636080652025703 -0.13026855150295347 -0.9914565380907537
    outer loop
      vertex 102.8168 -108.4432 0.0681
      vertex 104.24 -107.9974 0
      vertex 104.24 -108.5157 0.0681
    endloop
  endfacet
  facet normal -0.019467704491583287 -0.3821577521713751 -0.9238920180070559
    outer loop
      vertex 102.8168 -108.4432 0.0681
      vertex 104.24 -108.5157 0.0681
      vertex 102.7691 -108.9238 0.2679
    endloop
  endfacet
  facet normal -0.01946096472369695 -0.38217801084227015 -0.923883779964054
    outer loop
      vertex 102.7691 -108.9238 0.2679
      vertex 104.24 -108.5157 0.0681
      vertex 104.24 -108.9987 0.2679
    endloop
  endfacet
  facet normal -0.030965296360190915 -0.6081021951429254 -0.7932546064686173
    outer loop
      vertex 102.7691 -108.9238 0.2679
      vertex 104.24 -108.9987 0.2679
      vertex 102.728 -109.3364 0.5858
    endloop
  endfacet
  facet normal -0.031003303863461184 -0.6080025349098886 -0.7933295107915119
    outer loop
      vertex 102.728 -109.3364 0.5858
      vertex 104.24 -108.9987 0.2679
      vertex 104.24 -109.4135 0.5858
    endloop
  endfacet
  facet normal 0.0066373435919025265 -0.13026855041102456 -0.9914565297802287
    outer loop
      vertex 104.24 -107.9974 0
      vertex 105.6119 -107.9275 0
      vertex 104.24 -108.5157 0.0681
    endloop
  endfacet
  facet normal 0.019468733554319943 -0.3821779530277487 -0.923883640202223
    outer loop
      vertex 104.24 -108.5157 0.0681
      vertex 105.6632 -108.4432 0.0681
      vertex 104.24 -108.9987 0.2679
    endloop
  endfacet
  facet normal 0.0309602628658063 -0.6080033464528009 -0.7933305697031192
    outer loop
      vertex 104.24 -108.9987 0.2679
      vertex 105.7109 -108.9238 0.2679
      vertex 104.24 -109.4135 0.5858
    endloop
  endfacet
  facet normal -0.04039910375848031 -0.7922625795437234 -0.6088414551180273
    outer loop
      vertex 102.728 -109.3364 0.5858
      vertex 104.24 -109.4135 0.5858
      vertex 102.6965 -109.6531 1
    endloop
  endfacet
  facet normal 0.04040410263081979 -0.7923606119039995 -0.6087135362333563
    outer loop
      vertex 104.24 -109.4135 0.5858
      vertex 105.752 -109.3364 0.5858
      vertex 104.24 -109.7317 1
    endloop
  endfacet
  facet normal -0.04034964771924124 -0.7923623569292849 -0.6087148768104829
    outer loop
      vertex 104.24 -109.4135 0.5858
      vertex 104.24 -109.7317 1
      vertex 102.6965 -109.6531 1
    endloop
  endfacet
  facet normal -0.04698853244198289 -0.9227328221907422 -0.38256531033387864
    outer loop
      vertex 102.6965 -109.6531 1
      vertex 104.24 -109.7317 1
      vertex 102.6768 -109.8521 1.4824
    endloop
  endfacet
  facet normal 0.04698520311661279 -0.9226674428814793 -0.38272337338427986
    outer loop
      vertex 104.24 -109.7317 1
      vertex 105.7835 -109.6531 1
      vertex 104.24 -109.9318 1.4824
    endloop
  endfacet
  facet normal -0.22409024949143203 -0.8963017774981099 -0.3826573973368299
    outer loop
      vertex 99.6198 -109.2447 1.4824
      vertex 101.1723 -109.4269 1
      vertex 101.1333 -109.6231 1.4824
    endloop
  endfacet
  facet normal -0.24046160539096176 -0.9618464215638649 -0.13049780709877593
    outer loop
      vertex 99.6 -109.31 2
      vertex 101.1333 -109.6231 1.4824
      vertex 101.12 -109.69 2
    endloop
  endfacet
  facet normal -0.13559439317256186 -0.9139298945932278 -0.382552360218802
    outer loop
      vertex 102.6965 -109.6531 1
      vertex 102.6768 -109.8521 1.4824
      vertex 101.1333 -109.6231 1.4824
    endloop
  endfacet
  facet normal -0.145502734016566 -0.9807138425963738 -0.1304964111903434
    outer loop
      vertex 101.1333 -109.6231 1.4824
      vertex 102.6768 -109.8521 1.4824
      vertex 101.12 -109.69 2
    endloop
  endfacet
  facet normal -0.14552351435481461 -0.9807019445650363 -0.1305626389752454
    outer loop
      vertex 101.12 -109.69 2
      vertex 102.6768 -109.8521 1.4824
      vertex 102.67 -109.92 2
    endloop
  endfacet
  facet normal -0.047042219576733345 -0.9226649641448804 -0.3827223452018722
    outer loop
      vertex 104.24 -109.7317 1
      vertex 104.24 -109.9318 1.4824
      vertex 102.6768 -109.8521 1.4824
    endloop
  endfacet
  facet normal -0.05048321340592454 -0.9901550714697422 -0.13055412520085846
    outer loop
      vertex 102.6768 -109.8521 1.4824
      vertex 104.24 -109.9318 1.4824
      vertex 102.67 -109.92 2
    endloop
  endfacet
  facet normal -0.050454424848117824 -0.9901680876443292 -0.13046650613861607
    outer loop
      vertex 104.24 -109.9318 1.4824
      vertex 104.24 -110 2
      vertex 102.67 -109.92 2
    endloop
  endfacet
  facet normal 0.05048380199721987 -0.9901666158350317 -0.13046631221011126
    outer loop
      vertex 104.24 -109.9318 1.4824
      vertex 105.8032 -109.8521 1.4824
      vertex 104.24 -110 2
    endloop
  endfacet
  facet normal 0.006635913253500423 -0.1302652654121799 -0.9914569709686782
    outer loop
      vertex 104.24 -108.5157 0.0681
      vertex 105.6119 -107.9275 0
      vertex 105.6632 -108.4432 0.0681
    endloop
  endfacet
  facet normal 0.01945996942802543 -0.38215846504249396 -0.9238918860917792
    outer loop
      vertex 104.24 -108.9987 0.2679
      vertex 105.6632 -108.4432 0.0681
      vertex 105.7109 -108.9238 0.2679
    endloop
  endfacet
  facet normal 0.019145521751058766 -0.12902086345291938 -0.991457041828209
    outer loop
      vertex 105.6119 -107.9275 0
      vertex 106.9698 -107.726 0
      vertex 105.6632 -108.4432 0.0681
    endloop
  endfacet
  facet normal 0.05617467745069667 -0.378513527906179 -0.9238895576882167
    outer loop
      vertex 105.6632 -108.4432 0.0681
      vertex 107.0708 -108.2343 0.0681
      vertex 105.7109 -108.9238 0.2679
    endloop
  endfacet
  facet normal 0.031008207313663803 -0.6080986959566637 -0.7932556126842077
    outer loop
      vertex 104.24 -109.4135 0.5858
      vertex 105.7109 -108.9238 0.2679
      vertex 105.752 -109.3364 0.5858
    endloop
  endfacet
  facet normal 0.08939020530484001 -0.6022861840279756 -0.7932595689461163
    outer loop
      vertex 105.7109 -108.9238 0.2679
      vertex 107.1649 -108.708 0.2679
      vertex 105.752 -109.3364 0.5858
    endloop
  endfacet
  facet normal 0.019148643658204206 -0.12902647588936475 -0.9914562511606967
    outer loop
      vertex 105.6632 -108.4432 0.0681
      vertex 106.9698 -107.726 0
      vertex 107.0708 -108.2343 0.0681
    endloop
  endfacet
  facet normal 0.05617954149677401 -0.3785220265815999 -0.9238857800127517
    outer loop
      vertex 105.7109 -108.9238 0.2679
      vertex 107.0708 -108.2343 0.0681
      vertex 107.1649 -108.708 0.2679
    endloop
  endfacet
  facet normal 0.03163855694981033 -0.12654470671679915 -0.9914562213815056
    outer loop
      vertex 106.9698 -107.726 0
      vertex 108.2989 -107.3937 0
      vertex 107.0708 -108.2343 0.0681
    endloop
  endfacet
  facet normal 0.09280480355405012 -0.3712461453837988 -0.9238850404541494
    outer loop
      vertex 107.0708 -108.2343 0.0681
      vertex 108.4493 -107.8897 0.0681
      vertex 107.1649 -108.708 0.2679
    endloop
  endfacet
  facet normal 0.08934161445829901 -0.6022092487200565 -0.7933234502282217
    outer loop
      vertex 105.752 -109.3364 0.5858
      vertex 107.1649 -108.708 0.2679
      vertex 107.2457 -109.1148 0.5858
    endloop
  endfacet
  facet normal 0.11641570510117914 -0.7847027920109908 -0.6088422717058589
    outer loop
      vertex 105.752 -109.3364 0.5858
      vertex 107.2457 -109.1148 0.5858
      vertex 105.7835 -109.6531 1
    endloop
  endfacet
  facet normal 0.11646354034442258 -0.7847644924534695 -0.608753591492232
    outer loop
      vertex 107.2457 -109.1148 0.5858
      vertex 107.3077 -109.4269 1
      vertex 105.7835 -109.6531 1
    endloop
  endfacet
  facet normal 0.04034475744107412 -0.7922663245584146 -0.6088401855312456
    outer loop
      vertex 104.24 -109.7317 1
      vertex 105.752 -109.3364 0.5858
      vertex 105.7835 -109.6531 1
    endloop
  endfacet
  facet normal 0.13563164486109763 -0.9139246379190621 -0.3825517129967978
    outer loop
      vertex 107.3077 -109.4269 1
      vertex 105.8032 -109.8521 1.4824
      vertex 105.7835 -109.6531 1
    endloop
  endfacet
  facet normal 0.04397334461074375 -0.1227917021098471 -0.991457786724534
    outer loop
      vertex 108.2989 -107.3937 0
      vertex 109.5943 -106.9298 0
      vertex 108.4493 -107.8897 0.0681
    endloop
  endfacet
  facet normal 0.03163124226842298 -0.12653414819216696 -0.9914578023566303
    outer loop
      vertex 107.0708 -108.2343 0.0681
      vertex 108.2989 -107.3937 0
      vertex 108.4493 -107.8897 0.0681
    endloop
  endfacet
  facet normal 0.09279509028136423 -0.37123247855892194 -0.9238915077446448
    outer loop
      vertex 107.1649 -108.708 0.2679
      vertex 108.4493 -107.8897 0.0681
      vertex 108.5895 -108.3519 0.2679
    endloop
  endfacet
  facet normal 0.14763665499451872 -0.5906295386273305 -0.7933222335236144
    outer loop
      vertex 107.1649 -108.708 0.2679
      vertex 108.5895 -108.3519 0.2679
      vertex 107.2457 -109.1148 0.5858
    endloop
  endfacet
  facet normal 0.1477117820866797 -0.5907260861871245 -0.7932363585532494
    outer loop
      vertex 107.2457 -109.1148 0.5858
      vertex 108.5895 -108.3519 0.2679
      vertex 108.7098 -108.7487 0.5858
    endloop
  endfacet
  facet normal 0.043970525124748784 -0.12278837702195827 -0.9914583235762193
    outer loop
      vertex 108.4493 -107.8897 0.0681
      vertex 109.5943 -106.9298 0
      vertex 109.7925 -107.4087 0.0681
    endloop
  endfacet
  facet normal 0.05565322982415289 -0.11795332210810838 -0.9914583863248123
    outer loop
      vertex 109.5943 -106.9298 0
      vertex 110.8365 -106.3437 0
      vertex 109.7925 -107.4087 0.0681
    endloop
  endfacet
  facet normal 0.12900531418999672 -0.360249351392935 -0.9238928691854429
    outer loop
      vertex 108.4493 -107.8897 0.0681
      vertex 109.7925 -107.4087 0.0681
      vertex 108.5895 -108.3519 0.2679
    endloop
  endfacet
  facet normal 0.12903381938939365 -0.3602821552649115 -0.9238760966988244
    outer loop
      vertex 108.5895 -108.3519 0.2679
      vertex 109.7925 -107.4087 0.0681
      vertex 109.9772 -107.8549 0.2679
    endloop
  endfacet
  facet normal 0.20531142414710712 -0.5732608919294561 -0.7932333634555037
    outer loop
      vertex 108.5895 -108.3519 0.2679
      vertex 109.9772 -107.8549 0.2679
      vertex 108.7098 -108.7487 0.5858
    endloop
  endfacet
  facet normal 0.20525896365943277 -0.5732055548021677 -0.7932869277766997
    outer loop
      vertex 108.7098 -108.7487 0.5858
      vertex 109.9772 -107.8549 0.2679
      vertex 110.1357 -108.2381 0.5858
    endloop
  endfacet
  facet normal 0.19245555364623224 -0.7696645072205591 -0.6087506929734504
    outer loop
      vertex 107.2457 -109.1148 0.5858
      vertex 108.7098 -108.7487 0.5858
      vertex 107.3077 -109.4269 1
    endloop
  endfacet
  facet normal 0.1924019535636566 -0.7696078142546044 -0.6088393059774794
    outer loop
      vertex 107.3077 -109.4269 1
      vertex 108.7098 -108.7487 0.5858
      vertex 108.8021 -109.0533 1
    endloop
  endfacet
  facet normal 0.22407629039556234 -0.8963051615822237 -0.3826576451655286
    outer loop
      vertex 107.3077 -109.4269 1
      vertex 108.8021 -109.0533 1
      vertex 107.3467 -109.6231 1.4824
    endloop
  endfacet
  facet normal 0.26744243843850335 -0.7468589364854369 -0.6088318906840454
    outer loop
      vertex 108.7098 -108.7487 0.5858
      vertex 110.1357 -108.2381 0.5858
      vertex 108.8021 -109.0533 1
    endloop
  endfacet
  facet normal 0.26749624211985507 -0.746905758167752 -0.6087508101576635
    outer loop
      vertex 110.1357 -108.2381 0.5858
      vertex 110.2574 -108.5321 1
      vertex 108.8021 -109.0533 1
    endloop
  endfacet
  facet normal 0.3115106910875478 -0.8698033552181827 -0.38262672748953414
    outer loop
      vertex 108.8021 -109.0533 1
      vertex 110.2574 -108.5321 1
      vertex 108.8602 -109.2447 1.4824
    endloop
  endfacet
  facet normal 0.04704551092192299 -0.9227295191110174 -0.3825662746025137
    outer loop
      vertex 104.24 -109.9318 1.4824
      vertex 105.7835 -109.6531 1
      vertex 105.8032 -109.8521 1.4824
    endloop
  endfacet
  facet normal 0.05045383914624196 -0.9901565932450244 -0.130553938924923
    outer loop
      vertex 104.24 -110 2
      vertex 105.8032 -109.8521 1.4824
      vertex 105.81 -109.92 2
    endloop
  endfacet
  facet normal 0.14550145174383522 -0.9807051998541906 -0.13056277616299447
    outer loop
      vertex 105.8032 -109.8521 1.4824
      vertex 107.3467 -109.6231 1.4824
      vertex 105.81 -109.92 2
    endloop
  endfacet
  facet normal 0.13558815937759763 -0.913887877726297 -0.38265493330351824
    outer loop
      vertex 107.3077 -109.4269 1
      vertex 107.3467 -109.6231 1.4824
      vertex 105.8032 -109.8521 1.4824
    endloop
  endfacet
  facet normal 0.14552479143962427 -0.9807105510061448 -0.13049655252794068
    outer loop
      vertex 107.3467 -109.6231 1.4824
      vertex 107.36 -109.69 2
      vertex 105.81 -109.92 2
    endloop
  endfacet
  facet normal 0.22409418218292892 -0.8963175072248029 -0.38261824806728684
    outer loop
      vertex 108.8021 -109.0533 1
      vertex 108.8602 -109.2447 1.4824
      vertex 107.3467 -109.6231 1.4824
    endloop
  endfacet
  facet normal 0.24046014733639592 -0.9618405893455927 -0.13054347256864893
    outer loop
      vertex 107.36 -109.69 2
      vertex 108.8602 -109.2447 1.4824
      vertex 108.88 -109.31 2
    endloop
  endfacet
  facet normal 0.31144456272331456 -0.8697666327181169 -0.382764012101806
    outer loop
      vertex 108.8602 -109.2447 1.4824
      vertex 110.2574 -108.5321 1
      vertex 110.3339 -108.717 1.4824
    endloop
  endfacet
  facet normal 0.33423249995378473 -0.9334061686221232 -0.13054332749249073
    outer loop
      vertex 108.8602 -109.2447 1.4824
      vertex 110.3339 -108.717 1.4824
      vertex 108.88 -109.31 2
    endloop
  endfacet
  facet normal 0.3342606177558137 -0.9334070080728388 -0.13046530840807113
    outer loop
      vertex 108.88 -109.31 2
      vertex 110.3339 -108.717 1.4824
      vertex 110.36 -108.78 2
    endloop
  endfacet
  facet normal 0.24047656161750847 -0.9618426955816641 -0.13049770982212175
    outer loop
      vertex 107.3467 -109.6231 1.4824
      vertex 108.8602 -109.2447 1.4824
      vertex 107.36 -109.69 2
    endloop
  endfacet
  facet normal 0.07745101956861779 -0.10494226421638535 -0.9914577453169247
    outer loop
      vertex 112.0191 -105.6341 0
      vertex 113.1181 -104.823 0
      vertex 112.3066 -106.0653 0.0681
    endloop
  endfacet
  facet normal 0.07745522741529819 -0.10494497910990705 -0.9914571292323564
    outer loop
      vertex 113.1181 -104.823 0
      vertex 113.4473 -105.2234 0.0681
      vertex 112.3066 -106.0653 0.0681
    endloop
  endfacet
  facet normal 0.22722098257373713 -0.3078643245300657 -0.9238994440737973
    outer loop
      vertex 113.4473 -105.2234 0.0681
      vertex 112.5746 -106.4671 0.2679
      vertex 112.3066 -106.0653 0.0681
    endloop
  endfacet
  facet normal 0.227251873113966 -0.30788374033760846 -0.9238853763329724
    outer loop
      vertex 113.4473 -105.2234 0.0681
      vertex 113.7541 -105.5965 0.2679
      vertex 112.5746 -106.4671 0.2679
    endloop
  endfacet
  facet normal 0.08798137780646642 -0.09629062488123304 -0.9914572067009536
    outer loop
      vertex 113.1181 -104.823 0
      vertex 114.1344 -103.8944 0
      vertex 113.4473 -105.2234 0.0681
    endloop
  endfacet
  facet normal 0.2581527056143857 -0.2824743534789586 -0.9238860428703406
    outer loop
      vertex 113.4473 -105.2234 0.0681
      vertex 114.5007 -104.2607 0.0681
      vertex 113.7541 -105.5965 0.2679
    endloop
  endfacet
  facet normal 0.09631783064373248 -0.08800623589075095 -0.9914523578793016
    outer loop
      vertex 114.1344 -103.8944 0
      vertex 115.063 -102.8781 0
      vertex 114.5007 -104.2607 0.0681
    endloop
  endfacet
  facet normal 0.09628196987679913 -0.08799188570381115 -0.9914571147190031
    outer loop
      vertex 115.063 -102.8781 0
      vertex 115.4634 -103.2073 0.0681
      vertex 114.5007 -104.2607 0.0681
    endloop
  endfacet
  facet normal 0.28243294106076283 -0.2581148588942442 -0.9239092777008855
    outer loop
      vertex 114.5007 -104.2607 0.0681
      vertex 115.4634 -103.2073 0.0681
      vertex 114.8422 -104.6022 0.2679
    endloop
  endfacet
  facet normal 0.08801586877302779 -0.09630821249143796 -0.9914524371097352
    outer loop
      vertex 113.4473 -105.2234 0.0681
      vertex 114.1344 -103.8944 0
      vertex 114.5007 -104.2607 0.0681
    endloop
  endfacet
  facet normal 0.25809953821399784 -0.28244806148109347 -0.9239089354147916
    outer loop
      vertex 113.7541 -105.5965 0.2679
      vertex 114.5007 -104.2607 0.0681
      vertex 114.8422 -104.6022 0.2679
    endloop
  endfacet
  facet normal 0.4107099647847571 -0.44945540851080606 -0.7932888254519208
    outer loop
      vertex 113.7541 -105.5965 0.2679
      vertex 114.8422 -104.6022 0.2679
      vertex 114.0175 -105.9169 0.5858
    endloop
  endfacet
  facet normal 0.41068901414845743 -0.449446156550721 -0.7933049136489404
    outer loop
      vertex 114.8422 -104.6022 0.2679
      vertex 115.1354 -104.8954 0.5858
      vertex 114.0175 -105.9169 0.5858
    endloop
  endfacet
  facet normal 0.5351921943066053 -0.5856988291878172 -0.6087086303325272
    outer loop
      vertex 114.0175 -105.9169 0.5858
      vertex 115.1354 -104.8954 0.5858
      vertex 114.2196 -106.1627 1
    endloop
  endfacet
  facet normal 0.5352408695866612 -0.5857149462178641 -0.6086503210391984
    outer loop
      vertex 115.1354 -104.8954 0.5858
      vertex 115.3603 -105.1203 1
      vertex 114.2196 -106.1627 1
    endloop
  endfacet
  facet normal 0.623212105716189 -0.6819820116946023 -0.3827625987655757
    outer loop
      vertex 115.3603 -105.1203 1
      vertex 114.3467 -106.3173 1.4824
      vertex 114.2196 -106.1627 1
    endloop
  endfacet
  facet normal 0.6231732885981208 -0.6819777031356569 -0.38283346876104885
    outer loop
      vertex 115.3603 -105.1203 1
      vertex 115.5018 -105.2618 1.4824
      vertex 114.3467 -106.3173 1.4824
    endloop
  endfacet
  facet normal 0.668797444322066 -0.7319070847336948 -0.1304683784865025
    outer loop
      vertex 115.5018 -105.2618 1.4824
      vertex 114.39 -106.37 2
      vertex 114.3467 -106.3173 1.4824
    endloop
  endfacet
  facet normal 0.6688079553753654 -0.7319030455051131 -0.13043715270950812
    outer loop
      vertex 115.5018 -105.2618 1.4824
      vertex 115.55 -105.31 2
      vertex 114.39 -106.37 2
    endloop
  endfacet
  facet normal 0.12278779115002843 -0.043971944043924134 -0.9914583332049284
    outer loop
      vertex 117.6337 -98.0589 0
      vertex 117.6487 -99.5525 0.0681
      vertex 117.1698 -99.3543 0
    endloop
  endfacet
  facet normal 0.12902086345292268 0.019145521751060608 -0.9914570418282086
    outer loop
      vertex 117.966 -91.2702 0
      vertex 118.6832 -92.5768 0.0681
      vertex 118.1675 -92.6281 0
    endloop
  endfacet
  facet normal 0.37851352790617754 0.056174677450696445 -0.9238895576882171
    outer loop
      vertex 118.4743 -91.1692 0.0681
      vertex 119.1638 -92.5291 0.2679
      vertex 118.6832 -92.5768 0.0681
    endloop
  endfacet
  facet normal 0.13026526541218328 0.006635913253501956 -0.9914569709686777
    outer loop
      vertex 118.1675 -92.6281 0
      vertex 118.6832 -92.5768 0.0681
      vertex 118.7557 -94 0.0681
    endloop
  endfacet
  facet normal 0.13026855041102106 0.006637343591901066 -0.9914565297802291
    outer loop
      vertex 118.1675 -92.6281 0
      vertex 118.7557 -94 0.0681
      vertex 118.2374 -94 0
    endloop
  endfacet
  facet normal 0.3821779530277583 0.019468733554324442 -0.923883640202219
    outer loop
      vertex 118.6832 -92.5768 0.0681
      vertex 119.2387 -94 0.2679
      vertex 118.7557 -94 0.0681
    endloop
  endfacet
  facet normal 0.13026855150294997 -0.006636080652026824 -0.9914565380907542
    outer loop
      vertex 118.2374 -94 0
      vertex 118.7557 -94 0.0681
      vertex 118.6832 -95.4232 0.0681
    endloop
  endfacet
  facet normal 0.13026514144543444 -0.006637169900892607 -0.9914569788447241
    outer loop
      vertex 118.2374 -94 0
      vertex 118.6832 -95.4232 0.0681
      vertex 118.1675 -95.3719 0
    endloop
  endfacet
  facet normal 0.38215775217137476 -0.019467704491587086 -0.9238920180070559
    outer loop
      vertex 118.7557 -94 0.0681
      vertex 119.1638 -95.4709 0.2679
      vertex 118.6832 -95.4232 0.0681
    endloop
  endfacet
  facet normal 0.3821584650424935 0.019459969428025397 -0.9238918860917795
    outer loop
      vertex 118.6832 -92.5768 0.0681
      vertex 119.1638 -92.5291 0.2679
      vertex 119.2387 -94 0.2679
    endloop
  endfacet
  facet normal 0.6022861840279627 0.08939020530483897 -0.793259568946126
    outer loop
      vertex 118.948 -91.0751 0.2679
      vertex 119.5764 -92.488 0.5858
      vertex 119.1638 -92.5291 0.2679
    endloop
  endfacet
  facet normal 0.6080033464528007 0.030960262865806294 -0.7933305697031192
    outer loop
      vertex 119.1638 -92.5291 0.2679
      vertex 119.6535 -94 0.5858
      vertex 119.2387 -94 0.2679
    endloop
  endfacet
  facet normal 0.608098695956651 0.031008207313657447 -0.7932556126842176
    outer loop
      vertex 119.1638 -92.5291 0.2679
      vertex 119.5764 -92.488 0.5858
      vertex 119.6535 -94 0.5858
    endloop
  endfacet
  facet normal 0.38217801084227976 -0.01946096472369743 -0.9238837799640501
    outer loop
      vertex 118.7557 -94 0.0681
      vertex 119.2387 -94 0.2679
      vertex 119.1638 -95.4709 0.2679
    endloop
  endfacet
  facet normal 0.6080025349098888 -0.031003303863455484 -0.793329510791512
    outer loop
      vertex 119.2387 -94 0.2679
      vertex 119.6535 -94 0.5858
      vertex 119.5764 -95.512 0.5858
    endloop
  endfacet
  facet normal 0.6081021951429123 -0.030965296360190242 -0.7932546064686274
    outer loop
      vertex 119.2387 -94 0.2679
      vertex 119.5764 -95.512 0.5858
      vertex 119.1638 -95.4709 0.2679
    endloop
  endfacet
  facet normal 0.7923606119039998 0.04040410263081236 -0.6087135362333564
    outer loop
      vertex 119.5764 -92.488 0.5858
      vertex 119.9717 -94 1
      vertex 119.6535 -94 0.5858
    endloop
  endfacet
  facet normal 0.792266324558416 0.040344757441067275 -0.6088401855312446
    outer loop
      vertex 119.5764 -92.488 0.5858
      vertex 119.8931 -92.4565 1
      vertex 119.9717 -94 1
    endloop
  endfacet
  facet normal 0.92266744288147 0.04698520311660426 -0.3827233733843031
    outer loop
      vertex 119.8931 -92.4565 1
      vertex 120.1718 -94 1.4824
      vertex 119.9717 -94 1
    endloop
  endfacet
  facet normal 0.7923623569292852 -0.04034964771923396 -0.6087148768104831
    outer loop
      vertex 119.6535 -94 0.5858
      vertex 119.9717 -94 1
      vertex 119.8931 -95.5435 1
    endloop
  endfacet
  facet normal 0.7922625795437239 -0.040399103758472894 -0.6088414551180272
    outer loop
      vertex 119.6535 -94 0.5858
      vertex 119.8931 -95.5435 1
      vertex 119.5764 -95.512 0.5858
    endloop
  endfacet
  facet normal 0.9227328221907427 -0.046988532441974415 -0.3825653103338784
    outer loop
      vertex 119.9717 -94 1
      vertex 120.0921 -95.5632 1.4824
      vertex 119.8931 -95.5435 1
    endloop
  endfacet
  facet normal 0.129026915842506 -0.01914641987058416 -0.9914562368527974
    outer loop
      vertex 118.1675 -95.3719 0
      vertex 118.4743 -96.8308 0.0681
      vertex 117.966 -96.7298 0
    endloop
  endfacet
  facet normal 0.12902063722967283 -0.01914777715066681 -0.99145702771176
    outer loop
      vertex 118.1675 -95.3719 0
      vertex 118.6832 -95.4232 0.0681
      vertex 118.4743 -96.8308 0.0681
    endloop
  endfacet
  facet normal 0.37851315051917966 -0.056178224127950434 -0.9238894966487468
    outer loop
      vertex 118.6832 -95.4232 0.0681
      vertex 119.1638 -95.4709 0.2679
      vertex 118.948 -96.9249 0.2679
    endloop
  endfacet
  facet normal 0.3785226965836905 -0.056176038161645896 -0.9238857185320448
    outer loop
      vertex 118.6832 -95.4232 0.0681
      vertex 118.948 -96.9249 0.2679
      vertex 118.4743 -96.8308 0.0681
    endloop
  endfacet
  facet normal 0.1265328342528719 -0.031635588610509434 -0.9914578313721678
    outer loop
      vertex 117.6337 -98.0589 0
      vertex 117.966 -96.7298 0
      vertex 118.1297 -98.2093 0.0681
    endloop
  endfacet
  facet normal 0.12654559539309693 -0.03163410386105266 -0.9914562500481375
    outer loop
      vertex 117.966 -96.7298 0
      vertex 118.4743 -96.8308 0.0681
      vertex 118.1297 -98.2093 0.0681
    endloop
  endfacet
  facet normal 0.12279214883550255 -0.04397187581140279 -0.9914577965410258
    outer loop
      vertex 117.6337 -98.0589 0
      vertex 118.1297 -98.2093 0.0681
      vertex 117.6487 -99.5525 0.0681
    endloop
  endfacet
  facet normal 0.36024465917890536 -0.12902039029467213 -0.9238925935525648
    outer loop
      vertex 118.1297 -98.2093 0.0681
      vertex 118.5919 -98.3495 0.2679
      vertex 118.0949 -99.7372 0.2679
    endloop
  endfacet
  facet normal 0.37123074619831214 -0.0928009540369518 -0.9238916148590569
    outer loop
      vertex 118.4743 -96.8308 0.0681
      vertex 118.5919 -98.3495 0.2679
      vertex 118.1297 -98.2093 0.0681
    endloop
  endfacet
  facet normal 0.37124737954643167 -0.09279881500525225 -0.9238851460617433
    outer loop
      vertex 118.4743 -96.8308 0.0681
      vertex 118.948 -96.9249 0.2679
      vertex 118.5919 -98.3495 0.2679
    endloop
  endfacet
  facet normal 0.5907395776406976 -0.14766416088575693 -0.7932351776105215
    outer loop
      vertex 118.948 -96.9249 0.2679
      vertex 118.9887 -98.4698 0.5858
      vertex 118.5919 -98.3495 0.2679
    endloop
  endfacet
  facet normal 0.5732703515114687 -0.2052821666889363 -0.7932340991897745
    outer loop
      vertex 118.5919 -98.3495 0.2679
      vertex 118.9887 -98.4698 0.5858
      vertex 118.4781 -99.8957 0.5858
    endloop
  endfacet
  facet normal 0.6022904815845652 -0.08935366587610959 -0.7932604226779079
    outer loop
      vertex 119.1638 -95.4709 0.2679
      vertex 119.5764 -95.512 0.5858
      vertex 119.3548 -97.0057 0.5858
    endloop
  endfacet
  facet normal 0.6022027346796486 -0.08937781990637529 -0.7933243168169851
    outer loop
      vertex 119.1638 -95.4709 0.2679
      vertex 119.3548 -97.0057 0.5858
      vertex 118.948 -96.9249 0.2679
    endloop
  endfacet
  facet normal 0.5906190202710533 -0.1476850101231023 -0.7933210640585566
    outer loop
      vertex 118.948 -96.9249 0.2679
      vertex 119.3548 -97.0057 0.5858
      vertex 118.9887 -98.4698 0.5858
    endloop
  endfacet
  facet normal 0.7847707933815651 -0.11642579354178328 -0.6087526890728573
    outer loop
      vertex 119.5764 -95.512 0.5858
      vertex 119.6669 -97.0677 1
      vertex 119.3548 -97.0057 0.5858
    endloop
  endfacet
  facet normal 0.7846978527780281 -0.11645365063534545 -0.6088413809024917
    outer loop
      vertex 119.5764 -95.512 0.5858
      vertex 119.8931 -95.5435 1
      vertex 119.6669 -97.0677 1
    endloop
  endfacet
  facet normal 0.9138820895325778 -0.13562533043712982 -0.38265558427310165
    outer loop
      vertex 119.8931 -95.5435 1
      vertex 119.8631 -97.1067 1.4824
      vertex 119.6669 -97.0677 1
    endloop
  endfacet
  facet normal 0.7695978596994956 -0.19243888835187986 -0.6088402159810472
    outer loop
      vertex 119.3548 -97.0057 0.5858
      vertex 119.2933 -98.5621 1
      vertex 118.9887 -98.4698 0.5858
    endloop
  endfacet
  facet normal 0.7696731120250668 -0.1924182780062649 -0.6087515970531435
    outer loop
      vertex 119.3548 -97.0057 0.5858
      vertex 119.6669 -97.0677 1
      vertex 119.2933 -98.5621 1
    endloop
  endfacet
  facet normal 0.8963210924751027 -0.2240802731187736 -0.3826179953730016
    outer loop
      vertex 119.6669 -97.0677 1
      vertex 119.4847 -98.6202 1.4824
      vertex 119.2933 -98.5621 1
    endloop
  endfacet
  facet normal 0.9227295191110173 0.04704551092192339 -0.38256627460251363
    outer loop
      vertex 119.8931 -92.4565 1
      vertex 120.0921 -92.4368 1.4824
      vertex 120.1718 -94 1.4824
    endloop
  endfacet
  facet normal 0.9901666158350351 0.050483801997220495 -0.13046631221008453
    outer loop
      vertex 120.0921 -92.4368 1.4824
      vertex 120.24 -94 2
      vertex 120.1718 -94 1.4824
    endloop
  endfacet
  facet normal 0.9901565932450279 0.050453839146242595 -0.1305539389248963
    outer loop
      vertex 120.0921 -92.4368 1.4824
      vertex 120.16 -92.43 2
      vertex 120.24 -94 2
    endloop
  endfacet
  facet normal 0.9226649641448708 -0.04704221957673285 -0.38272234520189546
    outer loop
      vertex 119.9717 -94 1
      vertex 120.1718 -94 1.4824
      vertex 120.0921 -95.5632 1.4824
    endloop
  endfacet
  facet normal 0.9901680876443328 -0.05045442484811801 -0.13046650613858934
    outer loop
      vertex 120.1718 -94 1.4824
      vertex 120.24 -94 2
      vertex 120.16 -95.57 2
    endloop
  endfacet
  facet normal 0.9901550714697458 -0.050483213405924716 -0.13055412520083173
    outer loop
      vertex 120.1718 -94 1.4824
      vertex 120.16 -95.57 2
      vertex 120.0921 -95.5632 1.4824
    endloop
  endfacet
  facet normal 0.913929894593228 -0.13559439317256064 -0.382552360218802
    outer loop
      vertex 119.8931 -95.5435 1
      vertex 120.0921 -95.5632 1.4824
      vertex 119.8631 -97.1067 1.4824
    endloop
  endfacet
  facet normal 0.9807019445650413 -0.14552351435480504 -0.13056263897521903
    outer loop
      vertex 120.0921 -95.5632 1.4824
      vertex 120.16 -95.57 2
      vertex 119.93 -97.12 2
    endloop
  endfacet
  facet normal 0.9807138425963741 -0.14550273401656472 -0.13049641119034336
    outer loop
      vertex 120.0921 -95.5632 1.4824
      vertex 119.93 -97.12 2
      vertex 119.8631 -97.1067 1.4824
    endloop
  endfacet
  facet normal 0.8963017774981004 -0.22409024949143175 -0.3826573973368524
    outer loop
      vertex 119.6669 -97.0677 1
      vertex 119.8631 -97.1067 1.4824
      vertex 119.4847 -98.6202 1.4824
    endloop
  endfacet
  facet normal 0.9618368383613771 -0.24047509721568938 -0.13054357123234764
    outer loop
      vertex 119.8631 -97.1067 1.4824
      vertex 119.55 -98.64 2
      vertex 119.4847 -98.6202 1.4824
    endloop
  endfacet
  facet normal 0.9618464215638622 -0.2404616053909723 -0.1304978070987758
    outer loop
      vertex 119.8631 -97.1067 1.4824
      vertex 119.93 -97.12 2
      vertex 119.55 -98.64 2
    endloop
  endfacet
  facet normal 0.11183897977647951 -0.06710717068272425 -0.9914578509677131
    outer loop
      vertex 115.8741 -101.7791 0
      vertex 116.5837 -100.5965 0
      vertex 116.3053 -102.0666 0.0681
    endloop
  endfacet
  facet normal 0.10494127814989243 -0.07745249590110871 -0.9914577343583314
    outer loop
      vertex 115.8741 -101.7791 0
      vertex 116.3053 -102.0666 0.0681
      vertex 115.4634 -103.2073 0.0681
    endloop
  endfacet
  facet normal 0.11795252962578363 -0.05565285591182691 -0.9914585015943613
    outer loop
      vertex 116.5837 -100.5965 0
      vertex 117.1698 -99.3543 0
      vertex 117.0409 -100.8407 0.0681
    endloop
  endfacet
  facet normal 0.11795344639051146 -0.055652930225239906 -0.9914583883562362
    outer loop
      vertex 117.1698 -99.3543 0
      vertex 117.6487 -99.5525 0.0681
      vertex 117.0409 -100.8407 0.0681
    endloop
  endfacet
  facet normal 0.3461030357215408 -0.16329873087374322 -0.923875648103877
    outer loop
      vertex 117.6487 -99.5525 0.0681
      vertex 117.4669 -101.0682 0.2679
      vertex 117.0409 -100.8407 0.0681
    endloop
  endfacet
  facet normal 0.11183491953424594 -0.06710642532783309 -0.9914583594142967
    outer loop
      vertex 116.3053 -102.0666 0.0681
      vertex 116.5837 -100.5965 0
      vertex 117.0409 -100.8407 0.0681
    endloop
  endfacet
  facet normal 0.3281642552658142 -0.19688818789558366 -0.9238740514989188
    outer loop
      vertex 117.0409 -100.8407 0.0681
      vertex 117.4669 -101.0682 0.2679
      vertex 116.7071 -102.3346 0.2679
    endloop
  endfacet
  facet normal 0.32810265198237604 -0.19687764972529057 -0.9238981766411153
    outer loop
      vertex 116.3053 -102.0666 0.0681
      vertex 117.0409 -100.8407 0.0681
      vertex 116.7071 -102.3346 0.2679
    endloop
  endfacet
  facet normal 0.5221164041601356 -0.3132533511377711 -0.7932633853316604
    outer loop
      vertex 116.7071 -102.3346 0.2679
      vertex 117.4669 -101.0682 0.2679
      vertex 117.0521 -102.5646 0.5858
    endloop
  endfacet
  facet normal 0.5220815574796417 -0.3132489344877873 -0.7932880639350989
    outer loop
      vertex 117.4669 -101.0682 0.2679
      vertex 117.8327 -101.2636 0.5858
      vertex 117.0521 -102.5646 0.5858
    endloop
  endfacet
  facet normal 0.6802857631160957 -0.40817145786966036 -0.6087752799532085
    outer loop
      vertex 117.0521 -102.5646 0.5858
      vertex 117.8327 -101.2636 0.5858
      vertex 117.3168 -102.7412 1
    endloop
  endfacet
  facet normal 0.7922514387417638 -0.47537473343001324 -0.3825657075953739
    outer loop
      vertex 117.3168 -102.7412 1
      vertex 118.1134 -101.4136 1
      vertex 117.4832 -102.8521 1.4824
    endloop
  endfacet
  facet normal 0.10494610568142361 -0.07745385470264059 -0.9914571172239401
    outer loop
      vertex 115.063 -102.8781 0
      vertex 115.8741 -101.7791 0
      vertex 115.4634 -103.2073 0.0681
    endloop
  endfacet
  facet normal 0.2824881573454434 -0.25813617760185076 -0.9238864404095787
    outer loop
      vertex 114.8422 -104.6022 0.2679
      vertex 115.4634 -103.2073 0.0681
      vertex 115.8365 -103.5141 0.2679
    endloop
  endfacet
  facet normal 0.3078921326063435 -0.22724150647960148 -0.9238851294462959
    outer loop
      vertex 116.3053 -102.0666 0.0681
      vertex 115.8365 -103.5141 0.2679
      vertex 115.4634 -103.2073 0.0681
    endloop
  endfacet
  facet normal 0.30785684840196337 -0.22723202392432984 -0.9238992197178562
    outer loop
      vertex 116.3053 -102.0666 0.0681
      vertex 116.7071 -102.3346 0.2679
      vertex 115.8365 -103.5141 0.2679
    endloop
  endfacet
  facet normal 0.4494614071181093 -0.4107029496119037 -0.7932890587241774
    outer loop
      vertex 115.1354 -104.8954 0.5858
      vertex 115.8365 -103.5141 0.2679
      vertex 116.1569 -103.7775 0.5858
    endloop
  endfacet
  facet normal 0.48985653006575736 -0.3615676940019032 -0.7932902259615215
    outer loop
      vertex 116.7071 -102.3346 0.2679
      vertex 116.1569 -103.7775 0.5858
      vertex 115.8365 -103.5141 0.2679
    endloop
  endfacet
  facet normal 0.44943974070634585 -0.4106956476282684 -0.7933051143746709
    outer loop
      vertex 114.8422 -104.6022 0.2679
      vertex 115.8365 -103.5141 0.2679
      vertex 115.1354 -104.8954 0.5858
    endloop
  endfacet
  facet normal 0.4898979631252606 -0.361576928509962 -0.7932604304356939
    outer loop
      vertex 116.7071 -102.3346 0.2679
      vertex 117.0521 -102.5646 0.5858
      vertex 116.1569 -103.7775 0.5858
    endloop
  endfacet
  facet normal 0.5857321604716388 -0.5352226513299733 -0.6086497758913086
    outer loop
      vertex 115.1354 -104.8954 0.5858
      vertex 116.1569 -103.7775 0.5858
      vertex 115.3603 -105.1203 1
    endloop
  endfacet
  facet normal 0.5856822830357683 -0.535211021159365 -0.6087079974565474
    outer loop
      vertex 116.1569 -103.7775 0.5858
      vertex 116.4027 -103.9796 1
      vertex 115.3603 -105.1203 1
    endloop
  endfacet
  facet normal 0.6819602085767675 -0.6231921814854263 -0.382833878925791
    outer loop
      vertex 116.4027 -103.9796 1
      vertex 115.5018 -105.2618 1.4824
      vertex 115.3603 -105.1203 1
    endloop
  endfacet
  facet normal 0.6382876584530256 -0.4711391703746079 -0.6087830050233662
    outer loop
      vertex 117.0521 -102.5646 0.5858
      vertex 117.3168 -102.7412 1
      vertex 116.4027 -103.9796 1
    endloop
  endfacet
  facet normal 0.6383542287891206 -0.47114741991262277 -0.6087068155497568
    outer loop
      vertex 116.1569 -103.7775 0.5858
      vertex 117.0521 -102.5646 0.5858
      vertex 116.4027 -103.9796 1
    endloop
  endfacet
  facet normal 0.7432903242416283 -0.5486447717936667 -0.3827641679575696
    outer loop
      vertex 116.4027 -103.9796 1
      vertex 117.3168 -102.7412 1
      vertex 116.5573 -104.1067 1.4824
    endloop
  endfacet
  facet normal 0.3602880908611284 -0.1290191867958616 -0.9238758255426851
    outer loop
      vertex 118.1297 -98.2093 0.0681
      vertex 118.0949 -99.7372 0.2679
      vertex 117.6487 -99.5525 0.0681
    endloop
  endfacet
  facet normal 0.34609912754958183 -0.16329846138327342 -0.9238771598103689
    outer loop
      vertex 117.6487 -99.5525 0.0681
      vertex 118.0949 -99.7372 0.2679
      vertex 117.4669 -101.0682 0.2679
    endloop
  endfacet
  facet normal 0.5506319392193016 -0.2598022973927278 -0.7932888715852832
    outer loop
      vertex 117.4669 -101.0682 0.2679
      vertex 118.0949 -99.7372 0.2679
      vertex 117.8327 -101.2636 0.5858
    endloop
  endfacet
  facet normal 0.5506412898327586 -0.25980253560791133 -0.7932823031071699
    outer loop
      vertex 118.0949 -99.7372 0.2679
      vertex 118.4781 -99.8957 0.5858
      vertex 117.8327 -101.2636 0.5858
    endloop
  endfacet
  facet normal 0.5731943139296813 -0.20528757946461954 -0.7932876453066943
    outer loop
      vertex 118.5919 -98.3495 0.2679
      vertex 118.4781 -99.8957 0.5858
      vertex 118.0949 -99.7372 0.2679
    endloop
  endfacet
  facet normal 0.7469181057215805 -0.26746362632823956 -0.6087499913237239
    outer loop
      vertex 118.9887 -98.4698 0.5858
      vertex 118.7721 -100.0174 1
      vertex 118.4781 -99.8957 0.5858
    endloop
  endfacet
  facet normal 0.7175155976093263 -0.3385099012643303 -0.6087548060864445
    outer loop
      vertex 118.4781 -99.8957 0.5858
      vertex 118.7721 -100.0174 1
      vertex 118.1134 -101.4136 1
    endloop
  endfacet
  facet normal 0.7174659040920633 -0.3385134107032802 -0.6088114217386124
    outer loop
      vertex 118.4781 -99.8957 0.5858
      vertex 118.1134 -101.4136 1
      vertex 117.8327 -101.2636 0.5858
    endloop
  endfacet
  facet normal 0.6802497909865032 -0.4081703702168164 -0.6088162043998877
    outer loop
      vertex 117.3168 -102.7412 1
      vertex 117.8327 -101.2636 0.5858
      vertex 118.1134 -101.4136 1
    endloop
  endfacet
  facet normal 0.8356123705000224 -0.3942256614012022 -0.382541624088305
    outer loop
      vertex 118.7721 -100.0174 1
      vertex 118.2898 -101.5078 1.4824
      vertex 118.1134 -101.4136 1
    endloop
  endfacet
  facet normal 0.7468477860944762 -0.2674754800470337 -0.6088310537245848
    outer loop
      vertex 118.9887 -98.4698 0.5858
      vertex 119.2933 -98.5621 1
      vertex 118.7721 -100.0174 1
    endloop
  endfacet
  facet normal 0.8697494845884849 -0.3114913979025127 -0.38276486658365527
    outer loop
      vertex 119.2933 -98.5621 1
      vertex 118.957 -100.0939 1.4824
      vertex 118.7721 -100.0174 1
    endloop
  endfacet
  facet normal 0.6819992355439642 -0.6231929643465128 -0.3827630754219305
    outer loop
      vertex 116.4027 -103.9796 1
      vertex 116.5573 -104.1067 1.4824
      vertex 115.5018 -105.2618 1.4824
    endloop
  endfacet
  facet normal 0.7319101237035414 -0.668800221252784 -0.1304370916284705
    outer loop
      vertex 115.5018 -105.2618 1.4824
      vertex 116.5573 -104.1067 1.4824
      vertex 115.55 -105.31 2
    endloop
  endfacet
  facet normal 0.7319000194308913 -0.6688051901696109 -0.13046830710655843
    outer loop
      vertex 116.5573 -104.1067 1.4824
      vertex 116.61 -104.15 2
      vertex 115.55 -105.31 2
    endloop
  endfacet
  facet normal 0.743403666052662 -0.5486349867672189 -0.3825580225199776
    outer loop
      vertex 117.3168 -102.7412 1
      vertex 117.4832 -102.8521 1.4824
      vertex 116.5573 -104.1067 1.4824
    endloop
  endfacet
  facet normal 0.7977312754357891 -0.5887289876661802 -0.13047218582189749
    outer loop
      vertex 116.5573 -104.1067 1.4824
      vertex 117.4832 -102.8521 1.4824
      vertex 116.61 -104.15 2
    endloop
  endfacet
  facet normal 0.7976781715143909 -0.5887624599272905 -0.13064570589890637
    outer loop
      vertex 117.4832 -102.8521 1.4824
      vertex 117.54 -102.89 2
      vertex 116.61 -104.15 2
    endloop
  endfacet
  facet normal 0.8354960087523843 -0.3942590968523845 -0.38276126228757534
    outer loop
      vertex 118.7721 -100.0174 1
      vertex 118.957 -100.0939 1.4824
      vertex 118.2898 -101.5078 1.4824
    endloop
  endfacet
  facet normal 0.896654747818274 -0.42306949368890445 -0.1304701756140526
    outer loop
      vertex 118.957 -100.0939 1.4824
      vertex 119.02 -100.12 2
      vertex 118.35 -101.54 2
    endloop
  endfacet
  facet normal 0.7922669103366523 -0.47537193325712346 -0.38253714572182357
    outer loop
      vertex 118.1134 -101.4136 1
      vertex 118.2898 -101.5078 1.4824
      vertex 117.4832 -102.8521 1.4824
    endloop
  endfacet
  facet normal 0.8501382565669275 -0.5100956019838516 -0.13064234213331066
    outer loop
      vertex 117.4832 -102.8521 1.4824
      vertex 118.2898 -101.5078 1.4824
      vertex 117.54 -102.89 2
    endloop
  endfacet
  facet normal 0.8501474922395561 -0.5100884953437282 -0.13060998567018228
    outer loop
      vertex 117.54 -102.89 2
      vertex 118.2898 -101.5078 1.4824
      vertex 118.35 -101.54 2
    endloop
  endfacet
  facet normal 0.8966197324698124 -0.4231025429689895 -0.13060357376020246
    outer loop
      vertex 118.957 -100.0939 1.4824
      vertex 118.35 -101.54 2
      vertex 118.2898 -101.5078 1.4824
    endloop
  endfacet
  facet normal 0.8698198327992979 -0.3114636125182844 -0.3826275951183626
    outer loop
      vertex 119.2933 -98.5621 1
      vertex 119.4847 -98.6202 1.4824
      vertex 118.957 -100.0939 1.4824
    endloop
  endfacet
  facet normal 0.9334158576555226 -0.33423596938645994 -0.13046514264545325
    outer loop
      vertex 119.4847 -98.6202 1.4824
      vertex 119.02 -100.12 2
      vertex 118.957 -100.0939 1.4824
    endloop
  endfacet
  facet normal 0.9333973604658835 -0.33425716286953916 -0.13054315970485736
    outer loop
      vertex 119.4847 -98.6202 1.4824
      vertex 119.55 -98.64 2
      vertex 119.02 -100.12 2
    endloop
  endfacet
  facet normal 0.055652569666328186 -0.11795268220494186 -0.991458499509785
    outer loop
      vertex 109.7925 -107.4087 0.0681
      vertex 110.8365 -106.3437 0
      vertex 111.0807 -106.8009 0.0681
    endloop
  endfacet
  facet normal 0.16329714848306884 -0.34609968192808227 -0.923877184189857
    outer loop
      vertex 109.7925 -107.4087 0.0681
      vertex 111.0807 -106.8009 0.0681
      vertex 109.9772 -107.8549 0.2679
    endloop
  endfacet
  facet normal 0.1632999928995403 -0.3461023734861283 -0.9238756731218105
    outer loop
      vertex 109.9772 -107.8549 0.2679
      vertex 111.0807 -106.8009 0.0681
      vertex 111.3082 -107.2269 0.2679
    endloop
  endfacet
  facet normal 0.06710514543127676 -0.11183560454767201 -0.9914583687740519
    outer loop
      vertex 112.0191 -105.6341 0
      vertex 111.0807 -106.8009 0.0681
      vertex 110.8365 -106.3437 0
    endloop
  endfacet
  facet normal 0.2597989342201331 -0.5506336568325326 -0.7932887807988435
    outer loop
      vertex 110.1357 -108.2381 0.5858
      vertex 111.3082 -107.2269 0.2679
      vertex 111.5036 -107.5927 0.5858
    endloop
  endfacet
  facet normal 0.2598059986614384 -0.5506397837872217 -0.7932822143287309
    outer loop
      vertex 109.9772 -107.8549 0.2679
      vertex 111.3082 -107.2269 0.2679
      vertex 110.1357 -108.2381 0.5858
    endloop
  endfacet
  facet normal 0.19690811609230535 -0.3281534251190285 -0.923873651209747
    outer loop
      vertex 111.0807 -106.8009 0.0681
      vertex 112.3066 -106.0653 0.0681
      vertex 111.3082 -107.2269 0.2679
    endloop
  endfacet
  facet normal 0.06710837906861088 -0.11183817550327645 -0.9914578599007029
    outer loop
      vertex 112.0191 -105.6341 0
      vertex 112.3066 -106.0653 0.0681
      vertex 111.0807 -106.8009 0.0681
    endloop
  endfacet
  facet normal 0.19685869772115971 -0.3281151023875731 -0.9238977934364394
    outer loop
      vertex 111.3082 -107.2269 0.2679
      vertex 112.3066 -106.0653 0.0681
      vertex 112.5746 -106.4671 0.2679
    endloop
  endfacet
  facet normal 0.313236580872624 -0.5220884522467666 -0.7932884043232977
    outer loop
      vertex 111.3082 -107.2269 0.2679
      vertex 112.5746 -106.4671 0.2679
      vertex 111.5036 -107.5927 0.5858
    endloop
  endfacet
  facet normal 0.31326525915376574 -0.5221087652562761 -0.7932637106598857
    outer loop
      vertex 112.5746 -106.4671 0.2679
      vertex 112.8046 -106.8121 0.5858
      vertex 111.5036 -107.5927 0.5858
    endloop
  endfacet
  facet normal 0.3385321356687053 -0.7175055909222456 -0.6087542362192682
    outer loop
      vertex 110.1357 -108.2381 0.5858
      vertex 111.5036 -107.5927 0.5858
      vertex 110.2574 -108.5321 1
    endloop
  endfacet
  facet normal 0.3384915567696893 -0.7174767140759689 -0.6088108333089867
    outer loop
      vertex 111.5036 -107.5927 0.5858
      vertex 111.6536 -107.8734 1
      vertex 110.2574 -108.5321 1
    endloop
  endfacet
  facet normal 0.39418660437360553 -0.8355295840692707 -0.38276263542493044
    outer loop
      vertex 110.2574 -108.5321 1
      vertex 111.6536 -107.8734 1
      vertex 110.3339 -108.717 1.4824
    endloop
  endfacet
  facet normal 0.4081551334293887 -0.6802585557156479 -0.6088166262766637
    outer loop
      vertex 111.5036 -107.5927 0.5858
      vertex 112.8046 -106.8121 0.5858
      vertex 111.6536 -107.8734 1
    endloop
  endfacet
  facet normal 0.40818636795610885 -0.6802764525464889 -0.6087756870355162
    outer loop
      vertex 111.6536 -107.8734 1
      vertex 112.8046 -106.8121 0.5858
      vertex 112.9812 -107.0768 1
    endloop
  endfacet
  facet normal 0.47538085704709243 -0.7922616442577497 -0.38253696264698245
    outer loop
      vertex 111.6536 -107.8734 1
      vertex 112.9812 -107.0768 1
      vertex 111.7478 -108.0498 1.4824
    endloop
  endfacet
  facet normal 0.3615910548574495 -0.4898881796512292 -0.7932600333340146
    outer loop
      vertex 113.7541 -105.5965 0.2679
      vertex 112.8046 -106.8121 0.5858
      vertex 112.5746 -106.4671 0.2679
    endloop
  endfacet
  facet normal 0.361554211343459 -0.48986718380080624 -0.7932897922543038
    outer loop
      vertex 113.7541 -105.5965 0.2679
      vertex 114.0175 -105.9169 0.5858
      vertex 112.8046 -106.8121 0.5858
    endloop
  endfacet
  facet normal 0.4711123603110796 -0.6383067267887725 -0.6087837600481201
    outer loop
      vertex 114.0175 -105.9169 0.5858
      vertex 112.9812 -107.0768 1
      vertex 112.8046 -106.8121 0.5858
    endloop
  endfacet
  facet normal 0.471173508938621 -0.6383341794875664 -0.6087076472103852
    outer loop
      vertex 114.0175 -105.9169 0.5858
      vertex 114.2196 -106.1627 1
      vertex 112.9812 -107.0768 1
    endloop
  endfacet
  facet normal 0.5486957914702586 -0.7433594444336111 -0.3825567471554768
    outer loop
      vertex 112.9812 -107.0768 1
      vertex 114.2196 -106.1627 1
      vertex 113.0921 -107.2432 1.4824
    endloop
  endfacet
  facet normal 0.3942976704381924 -0.8355777521471291 -0.3825430266045449
    outer loop
      vertex 111.6536 -107.8734 1
      vertex 111.7478 -108.0498 1.4824
      vertex 110.3339 -108.717 1.4824
    endloop
  endfacet
  facet normal 0.42311005408383356 -0.8966356496839581 -0.1304698963324563
    outer loop
      vertex 110.3339 -108.717 1.4824
      vertex 111.7478 -108.0498 1.4824
      vertex 110.36 -108.78 2
    endloop
  endfacet
  facet normal 0.42306201539757665 -0.8966388983053104 -0.13060328163403828
    outer loop
      vertex 111.7478 -108.0498 1.4824
      vertex 111.78 -108.11 2
      vertex 110.36 -108.78 2
    endloop
  endfacet
  facet normal 0.47536588578493166 -0.7922568314662572 -0.3825655337676851
    outer loop
      vertex 112.9812 -107.0768 1
      vertex 113.0921 -107.2432 1.4824
      vertex 111.7478 -108.0498 1.4824
    endloop
  endfacet
  facet normal 0.510086306555569 -0.8501438442592756 -0.13064227467615092
    outer loop
      vertex 111.78 -108.11 2
      vertex 113.0921 -107.2432 1.4824
      vertex 113.13 -107.3 2
    endloop
  endfacet
  facet normal 0.5100978000783849 -0.8501419199669876 -0.13060991643070657
    outer loop
      vertex 111.7478 -108.0498 1.4824
      vertex 113.0921 -107.2432 1.4824
      vertex 111.78 -108.11 2
    endloop
  endfacet
  facet normal 0.5485846284139504 -0.7433354301848377 -0.3827627773175576
    outer loop
      vertex 114.2196 -106.1627 1
      vertex 114.3467 -106.3173 1.4824
      vertex 113.0921 -107.2432 1.4824
    endloop
  endfacet
  facet normal 0.5887153910078052 -0.7977128518829156 -0.13064606512005014
    outer loop
      vertex 113.0921 -107.2432 1.4824
      vertex 114.3467 -106.3173 1.4824
      vertex 113.13 -107.3 2
    endloop
  endfacet
  facet normal 0.5887759988084922 -0.7976965145147407 -0.13047257933411321
    outer loop
      vertex 114.3467 -106.3173 1.4824
      vertex 114.39 -106.37 2
      vertex 113.13 -107.3 2
    endloop
  endfacet
  facet normal -0.1467799414970258 -0.9891691709581986 0
    outer loop
      vertex 101.12 -109.69 2
      vertex 102.67 -109.92 2
      vertex 101.12 -109.69 20
    endloop
  endfacet
  facet normal -0.05088939085473405 -0.9987042955241726 0
    outer loop
      vertex 102.67 -109.92 2
      vertex 104.24 -110 2
      vertex 102.67 -109.92 20
    endloop
  endfacet
  facet normal 0.05088939085473359 -0.9987042955241726 0
    outer loop
      vertex 104.24 -110 2
      vertex 105.81 -109.92 2
      vertex 104.24 -110 20
    endloop
  endfacet
  facet normal 0.1467799414970258 -0.9891691709581986 0
    outer loop
      vertex 105.81 -109.92 2
      vertex 107.36 -109.69 2
      vertex 105.81 -109.92 20
    endloop
  endfacet
  facet normal 0.33714221441261866 -0.941453730812596 0
    outer loop
      vertex 108.88 -109.31 2
      vertex 110.36 -108.78 2
      vertex 108.88 -109.31 20
    endloop
  endfacet
  facet normal 0.24253562503633083 -0.9701425001453324 0
    outer loop
      vertex 107.36 -109.69 2
      vertex 108.88 -109.31 2
      vertex 107.36 -109.69 20
    endloop
  endfacet
  facet normal 0.9987042955241726 0.05088939085473405 0
    outer loop
      vertex 120.16 -92.43 2
      vertex 120.24 -94 20
      vertex 120.24 -94 2
    endloop
  endfacet
  facet normal 0.9987042955241726 -0.05088939085473405 0
    outer loop
      vertex 120.24 -94 2
      vertex 120.16 -95.57 20
      vertex 120.16 -95.57 2
    endloop
  endfacet
  facet normal 0.9891691709582 -0.14677994149701562 0
    outer loop
      vertex 120.16 -95.57 2
      vertex 119.93 -97.12 20
      vertex 119.93 -97.12 2
    endloop
  endfacet
  facet normal 0.9701425001453302 -0.24253562503633935 0
    outer loop
      vertex 119.93 -97.12 2
      vertex 119.55 -98.64 20
      vertex 119.55 -98.64 2
    endloop
  endfacet
  facet normal 0.7382098828926542 -0.6745710998846702 0
    outer loop
      vertex 115.55 -105.31 2
      vertex 116.61 -104.15 2
      vertex 115.55 -105.31 20
    endloop
  endfacet
  facet normal 0.8045740795857662 -0.5938522968371152 0
    outer loop
      vertex 116.61 -104.15 2
      vertex 117.54 -102.89 2
      vertex 116.61 -104.15 20
    endloop
  endfacet
  facet normal 0.8574929257125466 -0.5144957554275226 0
    outer loop
      vertex 117.54 -102.89 2
      vertex 118.35 -101.54 2
      vertex 117.54 -102.89 20
    endloop
  endfacet
  facet normal 0.9043852206147877 -0.42671697029007644 0
    outer loop
      vertex 118.35 -101.54 2
      vertex 119.02 -100.12 2
      vertex 118.35 -101.54 20
    endloop
  endfacet
  facet normal 0.941453730812596 -0.33714221441261866 0
    outer loop
      vertex 119.55 -98.64 2
      vertex 119.02 -100.12 20
      vertex 119.02 -100.12 2
    endloop
  endfacet
  facet normal 0.42671697029007644 -0.9043852206147877 0
    outer loop
      vertex 110.36 -108.78 2
      vertex 111.78 -108.11 2
      vertex 110.36 -108.78 20
    endloop
  endfacet
  facet normal 0.5144957554275292 -0.8574929257125427 0
    outer loop
      vertex 111.78 -108.11 2
      vertex 113.13 -107.3 2
      vertex 111.78 -108.11 20
    endloop
  endfacet
  facet normal 0.5938522968371093 -0.8045740795857707 0
    outer loop
      vertex 113.13 -107.3 2
      vertex 114.39 -106.37 2
      vertex 113.13 -107.3 20
    endloop
  endfacet
  facet normal 0.6745710998846702 -0.7382098828926542 0
    outer loop
      vertex 115.55 -105.31 2
      vertex 114.39 -106.37 20
      vertex 114.39 -106.37 2
    endloop
  endfacet
  facet normal 0.9557790087219341 0.29408584883757444 0
    outer loop
      vertex 94.83 -114 2
      vertex 94.83 -114 20
      vertex 94.87 -114.13 20
    endloop
  endfacet
  facet normal 0.9701425001453376 0.2425356250363098 0
    outer loop
      vertex 94.87 -114.13 2
      vertex 94.87 -114.13 20
      vertex 94.94 -114.41 20
    endloop
  endfacet
  facet normal 0.986393923832145 0.16439898730534971 0
    outer loop
      vertex 94.94 -114.41 2
      vertex 94.94 -114.41 20
      vertex 94.99 -114.71 20
    endloop
  endfacet
  facet normal 0.9994059993535869 0.03446227583979575 0
    outer loop
      vertex 94.99 -114.71 2
      vertex 94.99 -114.71 20
      vertex 95 -115 20
    endloop
  endfacet
  facet normal 0.9980525784828893 0.06237828615516951 0
    outer loop
      vertex 95.98 -107.68 2
      vertex 95.98 -107.68 20
      vertex 96 -108 20
    endloop
  endfacet
  facet normal 0.9987042955241726 -0.05088939085473405 0
    outer loop
      vertex 96 -108 2
      vertex 96 -108 20
      vertex 95.92 -109.57 20
    endloop
  endfacet
  facet normal -0.5127411190260129 -0.8585432690668258 0
    outer loop
      vertex 96.7 -108.11 2
      vertex 96.7 -108.11 20
      vertex 95.98 -107.68 20
    endloop
  endfacet
  facet normal 0.9891691709581988 -0.1467799414970245 0
    outer loop
      vertex 95.92 -109.57 2
      vertex 95.92 -109.57 20
      vertex 95.69 -111.12 20
    endloop
  endfacet
  facet normal 0.9701425001453324 -0.24253562503633083 0
    outer loop
      vertex 95.69 -111.12 2
      vertex 95.69 -111.12 20
      vertex 95.31 -112.64 20
    endloop
  endfacet
  facet normal -0.42671697029007644 -0.9043852206147877 0
    outer loop
      vertex 98.12 -108.78 2
      vertex 98.12 -108.78 20
      vertex 96.7 -108.11 20
    endloop
  endfacet
  facet normal -0.33714221441262154 -0.941453730812595 0
    outer loop
      vertex 99.6 -109.31 2
      vertex 99.6 -109.31 20
      vertex 98.12 -108.78 20
    endloop
  endfacet
  facet normal 0.9429903335828885 -0.33282011773514003 0
    outer loop
      vertex 95.31 -112.64 2
      vertex 95.31 -112.64 20
      vertex 94.83 -114 20
    endloop
  endfacet
  facet normal 0 0 1
    outer loop
      vertex 94.83 -114 20
      vertex 95.8449999988079 -86.56300000101328 20
      vertex 92.12699999660254 -92.12699999660254 20
    endloop
  endfacet
  facet normal 0 0 1
    outer loop
      vertex 95.98 -107.68 20
      vertex 95.8449999988079 -86.56300000101328 20
      vertex 95.92 -109.57 20
    endloop
  endfacet
  facet normal 0 0 1
    outer loop
      vertex 95.98 -107.68 20
      vertex 96.7 -108.11 20
      vertex 95.8449999988079 -86.56300000101328 20
    endloop
  endfacet
  facet normal 0 0 1
    outer loop
      vertex 95.69 -111.12 20
      vertex 95.92 -109.57 20
      vertex 95.8449999988079 -86.56300000101328 20
    endloop
  endfacet
  facet normal 0 0 1
    outer loop
      vertex 96.7 -108.11 20
      vertex 98.12 -108.78 20
      vertex 95.8449999988079 -86.56300000101328 20
    endloop
  endfacet
  facet normal 0 0 1
    outer loop
      vertex 95.69 -111.12 20
      vertex 95.8449999988079 -86.56300000101328 20
      vertex 95.31 -112.64 20
    endloop
  endfacet
  facet normal 0 0 1
    outer loop
      vertex 94.83 -114 20
      vertex 95.31 -112.64 20
      vertex 95.8449999988079 -86.56300000101328 20
    endloop
  endfacet
  facet normal 0 0 1
    outer loop
      vertex 98.12 -108.78 20
      vertex 99.6 -109.31 20
      vertex 97.14999999850988 -80 20
    endloop
  endfacet
  facet normal 0 0 1
    outer loop
      vertex 99.6 -109.31 20
      vertex 101.12 -109.69 20
      vertex 97.14999999850988 -80 20
    endloop
  endfacet
  facet normal 0 0 1
    outer loop
      vertex 92 -148 20
      vertex 92.12699999660254 -92.12699999660254 20
      vertex 86.56300000101328 -95.8449999988079 20
    endloop
  endfacet
  facet normal 0 0 1
    outer loop
      vertex 94.83 -114 20
      vertex 94.94 -114.41 20
      vertex 94.87 -114.13 20
    endloop
  endfacet
  facet normal 0 0 1
    outer loop
      vertex 94.83 -114 20
      vertex 94.99 -114.71 20
      vertex 94.94 -114.41 20
    endloop
  endfacet
  facet normal 0 0 1
    outer loop
      vertex 94.83 -114 20
      vertex 95 -115 20
      vertex 94.99 -114.71 20
    endloop
  endfacet
  facet normal 0 0 1
    outer loop
      vertex 94.83 -114 20
      vertex 92.12699999660254 -92.12699999660254 20
      vertex 95 -145 20
    endloop
  endfacet
  facet normal 0 0 1
    outer loop
      vertex 95.98 -107.68 20
      vertex 95.92 -109.57 20
      vertex 96 -108 20
    endloop
  endfacet
  facet normal 0 -1 0
    outer loop
      vertex 92 -148 20
      vertex 68 -148 7.960999999999999
      vertex 92 -148 7.960999999999999
    endloop
  endfacet
  facet normal 1 0 0
    outer loop
      vertex 95 -115 2
      vertex 95 -115 20
      vertex 95 -145 20
    endloop
  endfacet
  facet normal 0.03446227583974683 -0.9994059993535885 0
    outer loop
      vertex 92.29 -147.99 2
      vertex 92.29 -147.99 20
      vertex 92 -148 20
    endloop
  endfacet
  facet normal 0.16439898730539518 -0.9863939238321375 0
    outer loop
      vertex 92.59 -147.94 2
      vertex 92.59 -147.94 20
      vertex 92.29 -147.99 20
    endloop
  endfacet
  facet normal 0.2425356250363098 -0.9701425001453376 0
    outer loop
      vertex 92.87 -147.87 2
      vertex 92.87 -147.87 20
      vertex 92.59 -147.94 20
    endloop
  endfacet
  facet normal 0.33633639699813805 -0.9417419115948439 0
    outer loop
      vertex 93.15 -147.77 2
      vertex 93.15 -147.77 20
      vertex 92.87 -147.87 20
    endloop
  endfacet
  facet normal 0.4190581774617721 -0.9079593845004401 0
    outer loop
      vertex 93.41 -147.65 2
      vertex 93.41 -147.65 20
      vertex 93.15 -147.77 20
    endloop
  endfacet
  facet normal 0.524097425664319 -0.8516583167045534 0
    outer loop
      vertex 93.67 -147.49 2
      vertex 93.67 -147.49 20
      vertex 93.41 -147.65 20
    endloop
  endfacet
  facet normal 0.594391061083835 -0.8041761414663037 0
    outer loop
      vertex 93.9 -147.32 2
      vertex 93.9 -147.32 20
      vertex 93.67 -147.49 20
    endloop
  endfacet
  facet normal 0.9994059993535869 -0.034462275839797434 0
    outer loop
      vertex 95 -145 2
      vertex 95 -145 20
      vertex 94.99 -145.29 20
    endloop
  endfacet
  facet normal 0.9079593845004589 -0.4190581774617312 0
    outer loop
      vertex 94.77 -146.15 2
      vertex 94.77 -146.15 20
      vertex 94.65 -146.41 20
    endloop
  endfacet
  facet normal 0.9701425001453376 -0.2425356250363098 0
    outer loop
      vertex 94.94 -145.59 2
      vertex 94.94 -145.59 20
      vertex 94.87 -145.87 20
    endloop
  endfacet
  facet normal 0.9863939238321463 -0.16439898730534214 0
    outer loop
      vertex 94.99 -145.29 2
      vertex 94.99 -145.29 20
      vertex 94.94 -145.59 20
    endloop
  endfacet
  facet normal 0.9417419115948288 -0.3363363969981804 0
    outer loop
      vertex 94.87 -145.87 2
      vertex 94.87 -145.87 20
      vertex 94.77 -146.15 20
    endloop
  endfacet
  facet normal 0.739940073395961 -0.6726727939962934 0
    outer loop
      vertex 94.32 -146.9 2
      vertex 94.32 -146.9 20
      vertex 94.12 -147.12 20
    endloop
  endfacet
  facet normal 0.8041761414663451 -0.5943910610837793 0
    outer loop
      vertex 94.49 -146.67 2
      vertex 94.49 -146.67 20
      vertex 94.32 -146.9 20
    endloop
  endfacet
  facet normal 0.6726727939962934 -0.739940073395961 0
    outer loop
      vertex 94.12 -147.12 2
      vertex 94.12 -147.12 20
      vertex 93.9 -147.32 20
    endloop
  endfacet
  facet normal 0.8516583167045199 -0.5240974256643736 0
    outer loop
      vertex 94.65 -146.41 2
      vertex 94.65 -146.41 20
      vertex 94.49 -146.67 20
    endloop
  endfacet
  facet normal 0 0 1
    outer loop
      vertex 68 -148 20
      vertex 92 -148 20
      vertex 86.56300000101328 -95.8449999988079 20
    endloop
  endfacet
  facet normal 0 0 1
    outer loop
      vertex 94.83 -114 20
      vertex 95 -145 20
      vertex 95 -115 20
    endloop
  endfacet
  facet normal 0 0 1
    outer loop
      vertex 92 -148 20
      vertex 92.29 -147.99 20
      vertex 92.12699999660254 -92.12699999660254 20
    endloop
  endfacet
  facet normal 0 0 1
    outer loop
      vertex 92.29 -147.99 20
      vertex 92.59 -147.94 20
      vertex 92.12699999660254 -92.12699999660254 20
    endloop
  endfacet
  facet normal 0 0 1
    outer loop
      vertex 92.59 -147.94 20
      vertex 92.87 -147.87 20
      vertex 92.12699999660254 -92.12699999660254 20
    endloop
  endfacet
  facet normal 0 0 1
    outer loop
      vertex 94.12 -147.12 20
      vertex 94.32 -146.9 20
      vertex 92.12699999660254 -92.12699999660254 20
    endloop
  endfacet
  facet normal 0 0 1
    outer loop
      vertex 94.32 -146.9 20
      vertex 94.49 -146.67 20
      vertex 92.12699999660254 -92.12699999660254 20
    endloop
  endfacet
  facet normal 0 0 1
    outer loop
      vertex 94.49 -146.67 20
      vertex 94.65 -146.41 20
      vertex 92.12699999660254 -92.12699999660254 20
    endloop
  endfacet
  facet normal 0 0 1
    outer loop
      vertex 92.87 -147.87 20
      vertex 93.15 -147.77 20
      vertex 92.12699999660254 -92.12699999660254 20
    endloop
  endfacet
  facet normal 0 0 1
    outer loop
      vertex 93.15 -147.77 20
      vertex 93.41 -147.65 20
      vertex 92.12699999660254 -92.12699999660254 20
    endloop
  endfacet
  facet normal 0 0 1
    outer loop
      vertex 93.41 -147.65 20
      vertex 93.67 -147.49 20
      vertex 92.12699999660254 -92.12699999660254 20
    endloop
  endfacet
  facet normal 0 0 1
    outer loop
      vertex 93.67 -147.49 20
      vertex 93.9 -147.32 20
      vertex 92.12699999660254 -92.12699999660254 20
    endloop
  endfacet
  facet normal 0 0 1
    outer loop
      vertex 94.12 -147.12 20
      vertex 92.12699999660254 -92.12699999660254 20
      vertex 93.9 -147.32 20
    endloop
  endfacet
  facet normal 0 0 1
    outer loop
      vertex 94.94 -145.59 20
      vertex 92.12699999660254 -92.12699999660254 20
      vertex 94.87 -145.87 20
    endloop
  endfacet
  facet normal 0 0 1
    outer loop
      vertex 95 -145 20
      vertex 92.12699999660254 -92.12699999660254 20
      vertex 94.99 -145.29 20
    endloop
  endfacet
  facet normal 0 0 1
    outer loop
      vertex 94.99 -145.29 20
      vertex 92.12699999660254 -92.12699999660254 20
      vertex 94.94 -145.59 20
    endloop
  endfacet
  facet normal 0 0 1
    outer loop
      vertex 94.77 -146.15 20
      vertex 94.87 -145.87 20
      vertex 92.12699999660254 -92.12699999660254 20
    endloop
  endfacet
  facet normal 0 0 1
    outer loop
      vertex 94.77 -146.15 20
      vertex 92.12699999660254 -92.12699999660254 20
      vertex 94.65 -146.41 20
    endloop
  endfacet
  facet normal -0.2425356250363287 -0.970142500145333 0
    outer loop
      vertex 101.12 -109.69 2
      vertex 101.12 -109.69 20
      vertex 99.6 -109.31 20
    endloop
  endfacet
  facet normal -0.1467799414970258 -0.9891691709581986 0
    outer loop
      vertex 102.67 -109.92 2
      vertex 102.67 -109.92 20
      vertex 101.12 -109.69 20
    endloop
  endfacet
  facet normal -0.05088939085473405 -0.9987042955241726 0
    outer loop
      vertex 104.24 -110 2
      vertex 104.24 -110 20
      vertex 102.67 -109.92 20
    endloop
  endfacet
  facet normal 0.05088939085473359 -0.9987042955241726 0
    outer loop
      vertex 105.81 -109.92 2
      vertex 105.81 -109.92 20
      vertex 104.24 -110 20
    endloop
  endfacet
  facet normal 0.1467799414970258 -0.9891691709581986 0
    outer loop
      vertex 107.36 -109.69 2
      vertex 107.36 -109.69 20
      vertex 105.81 -109.92 20
    endloop
  endfacet
  facet normal 0.24253562503633083 -0.9701425001453324 0
    outer loop
      vertex 108.88 -109.31 2
      vertex 108.88 -109.31 20
      vertex 107.36 -109.69 20
    endloop
  endfacet
  facet normal 0.33714221441261866 -0.941453730812596 0
    outer loop
      vertex 110.36 -108.78 2
      vertex 110.36 -108.78 20
      vertex 108.88 -109.31 20
    endloop
  endfacet
  facet normal 0.6745710998846702 -0.7382098828926542 0
    outer loop
      vertex 115.55 -105.31 2
      vertex 115.55 -105.31 20
      vertex 114.39 -106.37 20
    endloop
  endfacet
  facet normal 0.9987042955241726 0.05088939085473405 0
    outer loop
      vertex 120.16 -92.43 2
      vertex 120.16 -92.43 20
      vertex 120.24 -94 20
    endloop
  endfacet
  facet normal 0.9987042955241726 -0.05088939085473405 0
    outer loop
      vertex 120.24 -94 2
      vertex 120.24 -94 20
      vertex 120.16 -95.57 20
    endloop
  endfacet
  facet normal 0.9891691709582 -0.14677994149701562 0
    outer loop
      vertex 120.16 -95.57 2
      vertex 120.16 -95.57 20
      vertex 119.93 -97.12 20
    endloop
  endfacet
  facet normal 0.9701425001453302 -0.24253562503633935 0
    outer loop
      vertex 119.93 -97.12 2
      vertex 119.93 -97.12 20
      vertex 119.55 -98.64 20
    endloop
  endfacet
  facet normal 0.7382098828926542 -0.6745710998846702 0
    outer loop
      vertex 116.61 -104.15 2
      vertex 116.61 -104.15 20
      vertex 115.55 -105.31 20
    endloop
  endfacet
  facet normal 0.8045740795857662 -0.5938522968371152 0
    outer loop
      vertex 117.54 -102.89 2
      vertex 117.54 -102.89 20
      vertex 116.61 -104.15 20
    endloop
  endfacet
  facet normal 0.9043852206147877 -0.42671697029007644 0
    outer loop
      vertex 119.02 -100.12 2
      vertex 119.02 -100.12 20
      vertex 118.35 -101.54 20
    endloop
  endfacet
  facet normal 0.8574929257125466 -0.5144957554275226 0
    outer loop
      vertex 118.35 -101.54 2
      vertex 118.35 -101.54 20
      vertex 117.54 -102.89 20
    endloop
  endfacet
  facet normal 0.941453730812596 -0.33714221441261866 0
    outer loop
      vertex 119.55 -98.64 2
      vertex 119.55 -98.64 20
      vertex 119.02 -100.12 20
    endloop
  endfacet
  facet normal 0.42671697029007644 -0.9043852206147877 0
    outer loop
      vertex 111.78 -108.11 2
      vertex 111.78 -108.11 20
      vertex 110.36 -108.78 20
    endloop
  endfacet
  facet normal 0.5144957554275292 -0.8574929257125427 0
    outer loop
      vertex 113.13 -107.3 2
      vertex 113.13 -107.3 20
      vertex 111.78 -108.11 20
    endloop
  endfacet
  facet normal 0.5938522968371093 -0.8045740795857707 0
    outer loop
      vertex 114.39 -106.37 2
      vertex 114.39 -106.37 20
      vertex 113.13 -107.3 20
    endloop
  endfacet
  facet normal 1 0 0
    outer loop
      vertex 69.5 -139.9399999976158 0.999
      vertex 69.5 -139.9399999976158 1.599
      vertex 69.5 -141.9399999976158 0.999
    endloop
  endfacet
  facet normal 1 0 0
    outer loop
      vertex 69.5 -139.9399999976158 1.599
      vertex 69.5 -141.9399999976158 1.599
      vertex 69.5 -141.9399999976158 0.999
    endloop
  endfacet
  facet normal 0 0 1
    outer loop
      vertex 69.5 -139.9399999976158 0.999
      vertex 69.5 -141.9399999976158 0.999
      vertex 71.5 -139.9399999976158 0.999
    endloop
  endfacet
  facet normal 0 -1 0
    outer loop
      vertex 69.5 -139.9399999976158 0.999
      vertex 71.5 -139.9399999976158 0.999
      vertex 71.5 -139.9399999976158 1.599
    endloop
  endfacet
  facet normal 0 -1 0
    outer loop
      vertex 69.5 -139.9399999976158 0.999
      vertex 71.5 -139.9399999976158 1.599
      vertex 69.5 -139.9399999976158 1.599
    endloop
  endfacet
  facet normal -1 0 0
    outer loop
      vertex 71.5 -139.9399999976158 0.999
      vertex 71.5 -141.9399999976158 1.599
      vertex 71.5 -139.9399999976158 1.599
    endloop
  endfacet
  facet normal 0 1 0
    outer loop
      vertex 69.5 -141.9399999976158 0.999
      vertex 69.5 -141.9399999976158 1.599
      vertex 71.5 -141.9399999976158 0.999
    endloop
  endfacet
  facet normal 0 0 1
    outer loop
      vertex 69.5 -141.9399999976158 0.999
      vertex 71.5 -141.9399999976158 0.999
      vertex 71.5 -139.9399999976158 0.999
    endloop
  endfacet
  facet normal -1 0 0
    outer loop
      vertex 71.5 -139.9399999976158 0.999
      vertex 71.5 -141.9399999976158 0.999
      vertex 71.5 -141.9399999976158 1.599
    endloop
  endfacet
  facet normal 0 1 0
    outer loop
      vertex 69.5 -141.9399999976158 1.599
      vertex 71.5 -141.9399999976158 1.599
      vertex 71.5 -141.9399999976158 0.999
    endloop
  endfacet
  facet normal 1 0 0
    outer loop
      vertex 88.5 -139.9399999976158 0.999
      vertex 88.5 -139.9399999976158 1.599
      vertex 88.5 -141.9399999976158 0.999
    endloop
  endfacet
  facet normal 0 0 1
    outer loop
      vertex 88.5 -139.9399999976158 0.999
      vertex 88.5 -141.9399999976158 0.999
      vertex 90.5 -139.9399999976158 0.999
    endloop
  endfacet
  facet normal 0 -1 0
    outer loop
      vertex 88.5 -139.9399999976158 0.999
      vertex 90.5 -139.9399999976158 0.999
      vertex 90.5 -139.9399999976158 1.599
    endloop
  endfacet
  facet normal 0 -1 0
    outer loop
      vertex 88.5 -139.9399999976158 0.999
      vertex 90.5 -139.9399999976158 1.599
      vertex 88.5 -139.9399999976158 1.599
    endloop
  endfacet
  facet normal 0 1 0
    outer loop
      vertex 88.5 -141.9399999976158 0.999
      vertex 88.5 -141.9399999976158 1.599
      vertex 90.5 -141.9399999976158 0.999
    endloop
  endfacet
  facet normal 0 0 1
    outer loop
      vertex 88.5 -141.9399999976158 0.999
      vertex 90.5 -141.9399999976158 0.999
      vertex 90.5 -139.9399999976158 0.999
    endloop
  endfacet
  facet normal 1 0 0
    outer loop
      vertex 88.5 -139.9399999976158 1.599
      vertex 88.5 -141.9399999976158 1.599
      vertex 88.5 -141.9399999976158 0.999
    endloop
  endfacet
  facet normal 0 1 0
    outer loop
      vertex 88.5 -141.9399999976158 1.599
      vertex 90.5 -141.9399999976158 1.599
      vertex 90.5 -141.9399999976158 0.999
    endloop
  endfacet
  facet normal -1 0 0
    outer loop
      vertex 90.5 -139.9399999976158 0.999
      vertex 90.5 -139.94 1.599
      vertex 90.5 -139.9399999976158 1.599
    endloop
  endfacet
  facet normal -1 0 0
    outer loop
      vertex 90.5 -139.9399999976158 0.999
      vertex 90.5 -141.9399999976158 1.599
      vertex 90.5 -139.94 1.599
    endloop
  endfacet
  facet normal -1 0 0
    outer loop
      vertex 90.5 -139.9399999976158 0.999
      vertex 90.5 -141.9399999976158 0.999
      vertex 90.5 -141.9399999976158 1.599
    endloop
  endfacet
  facet normal 0 -1 0
    outer loop
      vertex 66.32000000029802 -75.875 0.999
      vertex 68.36999999731779 -75.875 0.999
      vertex 68.36999999731779 -75.875 1.599
    endloop
  endfacet
  facet normal 0 -1 0
    outer loop
      vertex 66.32000000029802 -75.875 0.999
      vertex 68.36999999731779 -75.875 1.599
      vertex 66.32000000029802 -75.875 1.599
    endloop
  endfacet
  facet normal 0 -1 0
    outer loop
      vertex 66.32000000029802 -75.875 2.601
      vertex 68.36999999731779 -75.875 2.601
      vertex 66.32000000029802 -75.875 4.499
    endloop
  endfacet
  facet normal 0 -1 0
    outer loop
      vertex 66.32000000029802 -75.875 4.499
      vertex 68.36999999731779 -75.875 2.601
      vertex 68.36999999731779 -75.875 4.499
    endloop
  endfacet
  facet normal 1 0 0
    outer loop
      vertex 66.32000000029802 -75.875 0.999
      vertex 66.32000000029802 -75.875 1.599
      vertex 66.32000000029802 -84.125 0.999
    endloop
  endfacet
  facet normal 0 0 1
    outer loop
      vertex 66.32000000029802 -75.875 0.999
      vertex 66.32000000029802 -84.125 0.999
      vertex 68.36999999731779 -75.875 0.999
    endloop
  endfacet
  facet normal 0 1 0
    outer loop
      vertex 66.32000000029802 -84.125 0.999
      vertex 66.32000000029802 -84.125 1.599
      vertex 68.36999999731779 -84.125 0.999
    endloop
  endfacet
  facet normal 0 0 1
    outer loop
      vertex 66.32000000029802 -84.125 0.999
      vertex 68.36999999731779 -84.125 0.999
      vertex 68.36999999731779 -75.875 0.999
    endloop
  endfacet
  facet normal -1 0 0
    outer loop
      vertex 68.36999999731779 -75.875 0.999
      vertex 68.36999999731779 -84.125 0.999
      vertex 68.36999999731779 -84.125 1.599
    endloop
  endfacet
  facet normal 1 0 0
    outer loop
      vertex 66.32000000029802 -75.875 1.599
      vertex 66.32000000029802 -84.125 1.599
      vertex 66.32000000029802 -84.125 0.999
    endloop
  endfacet
  facet normal -1 0 0
    outer loop
      vertex 68.36999999731779 -75.875 0.999
      vertex 68.36999999731779 -84.125 1.599
      vertex 68.36999999731779 -75.875 1.599
    endloop
  endfacet
  facet normal 0 1 0
    outer loop
      vertex 66.32000000029802 -84.125 1.599
      vertex 68.36999999731779 -84.125 1.599
      vertex 68.36999999731779 -84.125 0.999
    endloop
  endfacet
  facet normal 1 0 0
    outer loop
      vertex 66.32000000029802 -75.875 2.601
      vertex 66.32000000029802 -84.125 4.499
      vertex 66.32000000029802 -84.125 2.601
    endloop
  endfacet
  facet normal -1 0 0
    outer loop
      vertex 68.36999999731779 -75.875 2.601
      vertex 68.36999999731779 -84.125 2.601
      vertex 68.36999999731779 -75.875 4.499
    endloop
  endfacet
  facet normal 0 1 0
    outer loop
      vertex 66.32000000029802 -84.125 2.601
      vertex 68.36999999731779 -84.125 4.499
      vertex 68.36999999731779 -84.125 2.601
    endloop
  endfacet
  facet normal 1 0 0
    outer loop
      vertex 66.32000000029802 -75.875 2.601
      vertex 66.32000000029802 -75.875 4.499
      vertex 66.32000000029802 -84.125 4.499
    endloop
  endfacet
  facet normal 0 1 0
    outer loop
      vertex 66.32000000029802 -84.125 2.601
      vertex 66.32000000029802 -84.125 4.499
      vertex 68.36999999731779 -84.125 4.499
    endloop
  endfacet
  facet normal -1 0 0
    outer loop
      vertex 68.36999999731779 -84.125 2.601
      vertex 68.36999999731779 -84.125 4.499
      vertex 68.36999999731779 -75.875 4.499
    endloop
  endfacet
  facet normal 0 -1 0
    outer loop
      vertex 91.63000000268221 -75.875 0.999
      vertex 93.67999999970198 -75.875 0.999
      vertex 93.67999999970198 -75.875 1.599
    endloop
  endfacet
  facet normal 0 -1 0
    outer loop
      vertex 91.63000000268221 -75.875 0.999
      vertex 93.67999999970198 -75.875 1.599
      vertex 91.63000000268221 -75.875 1.599
    endloop
  endfacet
  facet normal 0 -1 0
    outer loop
      vertex 91.63000000268221 -75.875 2.601
      vertex 93.67999999970198 -75.875 2.601
      vertex 91.63000000268221 -75.875 4.499
    endloop
  endfacet
  facet normal 0 -1 0
    outer loop
      vertex 91.63000000268221 -75.875 4.499
      vertex 93.67999999970198 -75.875 2.601
      vertex 93.67999999970198 -75.875 4.499
    endloop
  endfacet
  facet normal 1 0 0
    outer loop
      vertex 91.63000000268221 -75.875 0.999
      vertex 91.63000000268221 -75.875 1.599
      vertex 91.63000000268221 -84.125 0.999
    endloop
  endfacet
  facet normal 0 0 1
    outer loop
      vertex 91.63000000268221 -75.875 0.999
      vertex 91.63000000268221 -84.125 0.999
      vertex 93.67999999970198 -75.875 0.999
    endloop
  endfacet
  facet normal 0 1 0
    outer loop
      vertex 91.63000000268221 -84.125 0.999
      vertex 91.63000000268221 -84.125 1.599
      vertex 93.67999999970198 -84.125 0.999
    endloop
  endfacet
  facet normal 0 0 1
    outer loop
      vertex 91.63000000268221 -84.125 0.999
      vertex 93.67999999970198 -84.125 0.999
      vertex 93.67999999970198 -75.875 0.999
    endloop
  endfacet
  facet normal -1 0 0
    outer loop
      vertex 93.67999999970198 -75.875 0.999
      vertex 93.67999999970198 -84.125 0.999
      vertex 93.67999999970198 -84.125 1.599
    endloop
  endfacet
  facet normal 1 0 0
    outer loop
      vertex 91.63000000268221 -75.875 1.599
      vertex 91.63000000268221 -84.125 1.599
      vertex 91.63000000268221 -84.125 0.999
    endloop
  endfacet
  facet normal -1 0 0
    outer loop
      vertex 93.67999999970198 -75.875 0.999
      vertex 93.67999999970198 -84.125 1.599
      vertex 93.67999999970198 -75.875 1.599
    endloop
  endfacet
  facet normal 0 1 0
    outer loop
      vertex 91.63000000268221 -84.125 1.599
      vertex 93.67999999970198 -84.125 1.599
      vertex 93.67999999970198 -84.125 0.999
    endloop
  endfacet
  facet normal 1 0 0
    outer loop
      vertex 91.63000000268221 -75.875 2.601
      vertex 91.63000000268221 -84.125 4.499
      vertex 91.63000000268221 -84.125 2.601
    endloop
  endfacet
  facet normal -1 0 0
    outer loop
      vertex 93.67999999970198 -75.875 2.601
      vertex 93.67999999970198 -84.125 2.601
      vertex 93.67999999970198 -75.875 4.499
    endloop
  endfacet
  facet normal 0 1 0
    outer loop
      vertex 91.63000000268221 -84.125 2.601
      vertex 93.67999999970198 -84.125 4.499
      vertex 93.67999999970198 -84.125 2.601
    endloop
  endfacet
  facet normal 1 0 0
    outer loop
      vertex 91.63000000268221 -75.875 2.601
      vertex 91.63000000268221 -75.875 4.499
      vertex 91.63000000268221 -84.125 4.499
    endloop
  endfacet
  facet normal 0 1 0
    outer loop
      vertex 91.63000000268221 -84.125 2.601
      vertex 91.63000000268221 -84.125 4.499
      vertex 93.67999999970198 -84.125 4.499
    endloop
  endfacet
  facet normal -1 0 0
    outer loop
      vertex 93.67999999970198 -84.125 2.601
      vertex 93.67999999970198 -84.125 4.499
      vertex 93.67999999970198 -75.875 4.499
    endloop
  endfacet
  facet normal 0.8614519299071778 -0.5078391206466856 0
    outer loop
      vertex 62.78000000119209 -77.98300000280142 1.599
      vertex 63.37600000202656 -76.97200000286102 1.599
      vertex 62.78000000119209 -77.98300000280142 2.601
    endloop
  endfacet
  facet normal 0.8614519299071778 -0.5078391206466856 0
    outer loop
      vertex 63.37600000202656 -76.97200000286102 1.599
      vertex 63.37600000202656 -76.97200000286102 2.601
      vertex 62.78000000119209 -77.98300000280142 2.601
    endloop
  endfacet
  facet normal 0.6799168798774925 -0.7332891901955567 0
    outer loop
      vertex 63.37600000202656 -76.97200000286102 2.601
      vertex 64.64000000059605 -75.79999999701977 1.599
      vertex 64.64000000059605 -75.79999999701977 2.601
    endloop
  endfacet
  facet normal 0.6799168798774925 -0.7332891901955567 0
    outer loop
      vertex 63.37600000202656 -76.97200000286102 1.599
      vertex 64.64000000059605 -75.79999999701977 1.599
      vertex 63.37600000202656 -76.97200000286102 2.601
    endloop
  endfacet
  facet normal 0 0 1
    outer loop
      vertex 64.64000000059605 -75.79999999701977 1.599
      vertex 66.32000000029802 -75.875 1.599
      vertex 66.62900000065565 -75.05799999833107 1.599
    endloop
  endfacet
  facet normal 0 0 1
    outer loop
      vertex 66.32000000029802 -75.875 1.599
      vertex 68.36999999731779 -75.875 1.599
      vertex 66.62900000065565 -75.05799999833107 1.599
    endloop
  endfacet
  facet normal 0.34952263257835503 -0.9369279210886483 0
    outer loop
      vertex 64.64000000059605 -75.79999999701977 1.599
      vertex 66.62900000065565 -75.05799999833107 1.599
      vertex 64.64000000059605 -75.79999999701977 2.601
    endloop
  endfacet
  facet normal 0.34952263257835503 -0.9369279210886483 0
    outer loop
      vertex 66.62900000065565 -75.05799999833107 1.599
      vertex 66.62900000065565 -75.05799999833107 2.601
      vertex 64.64000000059605 -75.79999999701977 2.601
    endloop
  endfacet
  facet normal -0.07349473198166075 -0.9972956053101527 0
    outer loop
      vertex 66.62900000065565 -75.05799999833107 1.599
      vertex 68.77300000190735 -75.21599999815226 1.599
      vertex 66.62900000065565 -75.05799999833107 2.601
    endloop
  endfacet
  facet normal 0 0 1
    outer loop
      vertex 66.62900000065565 -75.05799999833107 1.599
      vertex 68.36999999731779 -75.875 1.599
      vertex 68.77300000190735 -75.21599999815226 1.599
    endloop
  endfacet
  facet normal -0.07349473198166075 -0.9972956053101527 0
    outer loop
      vertex 66.62900000065565 -75.05799999833107 2.601
      vertex 68.77300000190735 -75.21599999815226 1.599
      vertex 68.77300000190735 -75.21599999815226 2.601
    endloop
  endfacet
  facet normal -0.45258273339847976 -0.8917224172518937 0
    outer loop
      vertex 68.77300000190735 -75.21599999815226 1.599
      vertex 70.36500000208616 -76.02399999648333 1.599
      vertex 68.77300000190735 -75.21599999815226 2.601
    endloop
  endfacet
  facet normal -0.45258273339847976 -0.8917224172518937 0
    outer loop
      vertex 68.77300000190735 -75.21599999815226 2.601
      vertex 70.36500000208616 -76.02399999648333 1.599
      vertex 70.36500000208616 -76.02399999648333 2.601
    endloop
  endfacet
  facet normal 0 0 -1
    outer loop
      vertex 64.64000000059605 -75.79999999701977 2.601
      vertex 66.62900000065565 -75.05799999833107 2.601
      vertex 66.32000000029802 -75.875 2.601
    endloop
  endfacet
  facet normal 0 0 -1
    outer loop
      vertex 66.32000000029802 -75.875 2.601
      vertex 66.62900000065565 -75.05799999833107 2.601
      vertex 68.77300000190735 -75.21599999815226 2.601
    endloop
  endfacet
  facet normal 0 0 -1
    outer loop
      vertex 66.32000000029802 -75.875 2.601
      vertex 68.77300000190735 -75.21599999815226 2.601
      vertex 68.36999999731779 -75.875 2.601
    endloop
  endfacet
  facet normal 0 0 -1
    outer loop
      vertex 68.36999999731779 -75.875 2.601
      vertex 68.77300000190735 -75.21599999815226 2.601
      vertex 70.36500000208616 -76.02399999648333 2.601
    endloop
  endfacet
  facet normal 0.9963068626071073 0.08586405255974419 0
    outer loop
      vertex 62.351000003516674 -79.94900000095367 1.599
      vertex 62.351000003516674 -79.94900000095367 2.601
      vertex 62.47200000286102 -81.35300000011921 2.601
    endloop
  endfacet
  facet normal 0 0 1
    outer loop
      vertex 62.78000000119209 -77.98300000280142 1.599
      vertex 62.351000003516674 -79.94900000095367 1.599
      vertex 63.37600000202656 -76.97200000286102 1.599
    endloop
  endfacet
  facet normal 0 0 1
    outer loop
      vertex 63.37600000202656 -76.97200000286102 1.599
      vertex 62.351000003516674 -79.94900000095367 1.599
      vertex 62.47200000286102 -81.35300000011921 1.599
    endloop
  endfacet
  facet normal 0 0 1
    outer loop
      vertex 63.37600000202656 -76.97200000286102 1.599
      vertex 62.47200000286102 -81.35300000011921 1.599
      vertex 64.64000000059605 -75.79999999701977 1.599
    endloop
  endfacet
  facet normal 0 0 1
    outer loop
      vertex 62.47200000286102 -81.35300000011921 1.599
      vertex 63.09700000286102 -82.87900000065565 1.599
      vertex 64.64000000059605 -75.79999999701977 1.599
    endloop
  endfacet
  facet normal 0 0 1
    outer loop
      vertex 63.09700000286102 -82.87900000065565 1.599
      vertex 65.5080000013113 -85.49099999666214 1.599
      vertex 64.64000000059605 -75.79999999701977 1.599
    endloop
  endfacet
  facet normal 0.9770101158520873 -0.21319294904543853 0
    outer loop
      vertex 62.78000000119209 -77.98300000280142 1.599
      vertex 62.351000003516674 -79.94900000095367 2.601
      vertex 62.351000003516674 -79.94900000095367 1.599
    endloop
  endfacet
  facet normal 0.9770101158520873 -0.21319294904543853 0
    outer loop
      vertex 62.78000000119209 -77.98300000280142 1.599
      vertex 62.78000000119209 -77.98300000280142 2.601
      vertex 62.351000003516674 -79.94900000095367 2.601
    endloop
  endfacet
  facet normal 0.9963068626071073 0.08586405255974419 0
    outer loop
      vertex 62.351000003516674 -79.94900000095367 1.599
      vertex 62.47200000286102 -81.35300000011921 2.601
      vertex 62.47200000286102 -81.35300000011921 1.599
    endloop
  endfacet
  facet normal 0.9253923233097865 0.3790106172118607 0
    outer loop
      vertex 62.47200000286102 -81.35300000011921 1.599
      vertex 63.09700000286102 -82.87900000065565 2.601
      vertex 63.09700000286102 -82.87900000065565 1.599
    endloop
  endfacet
  facet normal 0.9253923233097865 0.3790106172118607 0
    outer loop
      vertex 62.47200000286102 -81.35300000011921 1.599
      vertex 62.47200000286102 -81.35300000011921 2.601
      vertex 63.09700000286102 -82.87900000065565 2.601
    endloop
  endfacet
  facet normal 0.7348142297601337 0.6782684186529854 0
    outer loop
      vertex 63.09700000286102 -82.87900000065565 1.599
      vertex 65.5080000013113 -85.49099999666214 2.601
      vertex 65.5080000013113 -85.49099999666214 1.599
    endloop
  endfacet
  facet normal 0.7348142297601337 0.6782684186529854 0
    outer loop
      vertex 63.09700000286102 -82.87900000065565 1.599
      vertex 63.09700000286102 -82.87900000065565 2.601
      vertex 65.5080000013113 -85.49099999666214 2.601
    endloop
  endfacet
  facet normal 0 0 1
    outer loop
      vertex 64.64000000059605 -75.79999999701977 1.599
      vertex 65.5080000013113 -85.49099999666214 1.599
      vertex 66.32000000029802 -75.875 1.599
    endloop
  endfacet
  facet normal 0 0 1
    outer loop
      vertex 66.32000000029802 -75.875 1.599
      vertex 65.5080000013113 -85.49099999666214 1.599
      vertex 66.32000000029802 -84.125 1.599
    endloop
  endfacet
  facet normal 0 0 1
    outer loop
      vertex 66.32000000029802 -84.125 1.599
      vertex 65.5080000013113 -85.49099999666214 1.599
      vertex 68.36999999731779 -84.125 1.599
    endloop
  endfacet
  facet normal 0 0 1
    outer loop
      vertex 68.36999999731779 -75.875 1.599
      vertex 68.36999999731779 -84.125 1.599
      vertex 68.77300000190735 -75.21599999815226 1.599
    endloop
  endfacet
  facet normal 0 0 1
    outer loop
      vertex 68.77300000190735 -75.21599999815226 1.599
      vertex 68.36999999731779 -84.125 1.599
      vertex 70.36500000208616 -76.02399999648333 1.599
    endloop
  endfacet
  facet normal 0 0 1
    outer loop
      vertex 68.36999999731779 -84.125 1.599
      vertex 65.5080000013113 -85.49099999666214 1.599
      vertex 75.39199999719858 -82.19799999892712 1.599
    endloop
  endfacet
  facet normal 0 0 -1
    outer loop
      vertex 62.78000000119209 -77.98300000280142 2.601
      vertex 63.37600000202656 -76.97200000286102 2.601
      vertex 62.351000003516674 -79.94900000095367 2.601
    endloop
  endfacet
  facet normal 0 0 -1
    outer loop
      vertex 63.37600000202656 -76.97200000286102 2.601
      vertex 62.47200000286102 -81.35300000011921 2.601
      vertex 62.351000003516674 -79.94900000095367 2.601
    endloop
  endfacet
  facet normal 0 0 -1
    outer loop
      vertex 63.37600000202656 -76.97200000286102 2.601
      vertex 64.64000000059605 -75.79999999701977 2.601
      vertex 62.47200000286102 -81.35300000011921 2.601
    endloop
  endfacet
  facet normal 0 0 -1
    outer loop
      vertex 62.47200000286102 -81.35300000011921 2.601
      vertex 64.64000000059605 -75.79999999701977 2.601
      vertex 63.09700000286102 -82.87900000065565 2.601
    endloop
  endfacet
  facet normal 0 0 -1
    outer loop
      vertex 63.09700000286102 -82.87900000065565 2.601
      vertex 64.64000000059605 -75.79999999701977 2.601
      vertex 65.5080000013113 -85.49099999666214 2.601
    endloop
  endfacet
  facet normal 0 0 -1
    outer loop
      vertex 64.64000000059605 -75.79999999701977 2.601
      vertex 66.32000000029802 -75.875 2.601
      vertex 66.32000000029802 -84.125 2.601
    endloop
  endfacet
  facet normal 0 0 -1
    outer loop
      vertex 64.64000000059605 -75.79999999701977 2.601
      vertex 66.32000000029802 -84.125 2.601
      vertex 65.5080000013113 -85.49099999666214 2.601
    endloop
  endfacet
  facet normal 0 0 -1
    outer loop
      vertex 66.32000000029802 -84.125 2.601
      vertex 68.36999999731779 -84.125 2.601
      vertex 65.5080000013113 -85.49099999666214 2.601
    endloop
  endfacet
  facet normal 0 0 -1
    outer loop
      vertex 68.36999999731779 -84.125 2.601
      vertex 75.39199999719858 -82.19799999892712 2.601
      vertex 65.5080000013113 -85.49099999666214 2.601
    endloop
  endfacet
  facet normal -0.7080700098685739 -0.7061422385927054 0
    outer loop
      vertex 70.36500000208616 -76.02399999648333 1.599
      vertex 74.02799999713898 -79.69699999690056 1.599
      vertex 70.36500000208616 -76.02399999648333 2.601
    endloop
  endfacet
  facet normal 0 0 -1
    outer loop
      vertex 68.36999999731779 -75.875 2.601
      vertex 70.36500000208616 -76.02399999648333 2.601
      vertex 74.02799999713898 -79.69699999690056 2.601
    endloop
  endfacet
  facet normal 0 0 1
    outer loop
      vertex 68.36999999731779 -84.125 1.599
      vertex 74.02799999713898 -79.69699999690056 1.599
      vertex 70.36500000208616 -76.02399999648333 1.599
    endloop
  endfacet
  facet normal 0 0 1
    outer loop
      vertex 68.36999999731779 -84.125 1.599
      vertex 74.7609999999404 -80.625 1.599
      vertex 74.02799999713898 -79.69699999690056 1.599
    endloop
  endfacet
  facet normal -0.7080700098685739 -0.7061422385927054 0
    outer loop
      vertex 70.36500000208616 -76.02399999648333 2.601
      vertex 74.02799999713898 -79.69699999690056 1.599
      vertex 74.02799999713898 -79.69699999690056 2.601
    endloop
  endfacet
  facet normal -0.7847312237798261 -0.619836193219641 0
    outer loop
      vertex 74.02799999713898 -79.69699999690056 1.599
      vertex 74.7609999999404 -80.625 1.599
      vertex 74.02799999713898 -79.69699999690056 2.601
    endloop
  endfacet
  facet normal -0.7847312237798261 -0.619836193219641 0
    outer loop
      vertex 74.7609999999404 -80.625 1.599
      vertex 74.7609999999404 -80.625 2.601
      vertex 74.02799999713898 -79.69699999690056 2.601
    endloop
  endfacet
  facet normal 0 0 1
    outer loop
      vertex 68.36999999731779 -84.125 1.599
      vertex 75.39199999719858 -82.19799999892712 1.599
      vertex 74.7609999999404 -80.625 1.599
    endloop
  endfacet
  facet normal -0.9281100172613697 -0.3723060513329057 0
    outer loop
      vertex 74.7609999999404 -80.625 1.599
      vertex 75.39199999719858 -82.19799999892712 1.599
      vertex 74.7609999999404 -80.625 2.601
    endloop
  endfacet
  facet normal -0.9281100172613697 -0.3723060513329057 0
    outer loop
      vertex 75.39199999719858 -82.19799999892712 1.599
      vertex 75.39199999719858 -82.19799999892712 2.601
      vertex 74.7609999999404 -80.625 2.601
    endloop
  endfacet
  facet normal 0 0 -1
    outer loop
      vertex 68.36999999731779 -75.875 2.601
      vertex 75.39199999719858 -82.19799999892712 2.601
      vertex 68.36999999731779 -84.125 2.601
    endloop
  endfacet
  facet normal 0 0 -1
    outer loop
      vertex 68.36999999731779 -75.875 2.601
      vertex 74.02799999713898 -79.69699999690056 2.601
      vertex 74.7609999999404 -80.625 2.601
    endloop
  endfacet
  facet normal 0 0 -1
    outer loop
      vertex 68.36999999731779 -75.875 2.601
      vertex 74.7609999999404 -80.625 2.601
      vertex 75.39199999719858 -82.19799999892712 2.601
    endloop
  endfacet
  facet normal 0.9999963023500682 0.0027194275483895724 0
    outer loop
      vertex 65.5080000013113 -85.49099999666214 1.599
      vertex 65.5080000013113 -85.49099999666214 2.601
      vertex 65.57299999892712 -109.39299999922514 2.601
    endloop
  endfacet
  facet normal 0 0 1
    outer loop
      vertex 65.5080000013113 -85.49099999666214 1.599
      vertex 65.57299999892712 -109.39299999922514 1.599
      vertex 75.39199999719858 -82.19799999892712 1.599
    endloop
  endfacet
  facet normal 0.9999963023500682 0.0027194275483895724 0
    outer loop
      vertex 65.5080000013113 -85.49099999666214 1.599
      vertex 65.57299999892712 -109.39299999922514 2.601
      vertex 65.57299999892712 -109.39299999922514 1.599
    endloop
  endfacet
  facet normal 0 0 1
    outer loop
      vertex 75.39199999719858 -82.19799999892712 1.599
      vertex 65.57299999892712 -109.39299999922514 1.599
      vertex 66.65799999982119 -113.9839999973774 1.599
    endloop
  endfacet
  facet normal 0 0 1
    outer loop
      vertex 75.39199999719858 -82.19799999892712 1.599
      vertex 66.65799999982119 -113.9839999973774 1.599
      vertex 66.5 -115.06599999964237 1.599
    endloop
  endfacet
  facet normal 0 0 -1
    outer loop
      vertex 65.5080000013113 -85.49099999666214 2.601
      vertex 75.39199999719858 -82.19799999892712 2.601
      vertex 65.57299999892712 -109.39299999922514 2.601
    endloop
  endfacet
  facet normal 0 0 -1
    outer loop
      vertex 75.39199999719858 -82.19799999892712 2.601
      vertex 66.65799999982119 -113.9839999973774 2.601
      vertex 65.57299999892712 -109.39299999922514 2.601
    endloop
  endfacet
  facet normal 0 0 -1
    outer loop
      vertex 75.39199999719858 -82.19799999892712 2.601
      vertex 66.5 -115.06599999964237 2.601
      vertex 66.65799999982119 -113.9839999973774 2.601
    endloop
  endfacet
  facet normal 0.9731915145054894 0.2299962523488415 0
    outer loop
      vertex 65.57299999892712 -109.39299999922514 1.599
      vertex 65.57299999892712 -109.39299999922514 2.601
      vertex 66.65799999982119 -113.9839999973774 2.601
    endloop
  endfacet
  facet normal 0.9731915145054894 0.2299962523488415 0
    outer loop
      vertex 65.57299999892712 -109.39299999922514 1.599
      vertex 66.65799999982119 -113.9839999973774 2.601
      vertex 66.65799999982119 -113.9839999973774 1.599
    endloop
  endfacet
  facet normal 0.9895057573885805 -0.14449344654638083 0
    outer loop
      vertex 66.65799999982119 -113.9839999973774 1.599
      vertex 66.5 -115.06599999964237 2.601
      vertex 66.5 -115.06599999964237 1.599
    endloop
  endfacet
  facet normal 0.9895057573885805 -0.14449344654638083 0
    outer loop
      vertex 66.65799999982119 -113.9839999973774 1.599
      vertex 66.65799999982119 -113.9839999973774 2.601
      vertex 66.5 -115.06599999964237 2.601
    endloop
  endfacet
  facet normal -0.9999993623458957 -0.0011292952677779504 0
    outer loop
      vertex 75.39199999719858 -82.19799999892712 1.599
      vertex 75.45899999886751 -141.527000002563 1.599
      vertex 75.39199999719858 -82.19799999892712 2.601
    endloop
  endfacet
  facet normal 0 0 1
    outer loop
      vertex 75.39199999719858 -82.19799999892712 1.599
      vertex 66.5 -115.06599999964237 1.599
      vertex 75.45899999886751 -141.527000002563 1.599
    endloop
  endfacet
  facet normal 0 0 -1
    outer loop
      vertex 75.39199999719858 -82.19799999892712 2.601
      vertex 75.45840485987901 -141 2.601
      vertex 66.5 -115.06599999964237 2.601
    endloop
  endfacet
  facet normal 0.9999999945478086 0.00010442405278691613 0
    outer loop
      vertex 66.5 -115.06599999964237 1.599
      vertex 66.5 -115.06599999964237 2.601
      vertex 66.50270813339978 -141 2.199
    endloop
  endfacet
  facet normal 0.9999999945478086 0.00010442405278681936 -4.182481538000801e-15
    outer loop
      vertex 66.5 -115.06599999964237 1.599
      vertex 66.50270813339978 -141 2.199
      vertex 66.5029999986291 -143.79500000178814 1.599
    endloop
  endfacet
  facet normal 0.9999999945478085 0.00010442405278691612 0
    outer loop
      vertex 66.5 -115.06599999964237 2.601
      vertex 66.50270813339978 -141 2.601
      vertex 66.50270813339978 -141 2.199
    endloop
  endfacet
  facet normal 0 0 1
    outer loop
      vertex 66.5 -115.06599999964237 1.599
      vertex 69.499 -141.93104199761646 1.599
      vertex 69.4998793924239 -139.939 1.599
    endloop
  endfacet
  facet normal 0 0 1
    outer loop
      vertex 66.5 -115.06599999964237 1.599
      vertex 69.4998793924239 -139.939 1.599
      vertex 71.49979898737318 -139.939 1.599
    endloop
  endfacet
  facet normal 0 0 -1
    outer loop
      vertex 66.5 -115.06599999964237 2.601
      vertex 68.61500000208616 -140.9399999976158 2.601
      vertex 66.50270813339978 -141 2.601
    endloop
  endfacet
  facet normal 0 0 -1
    outer loop
      vertex 66.5 -115.06599999964237 2.601
      vertex 72.38499999791384 -140.9399999976158 2.601
      vertex 68.61500000208616 -140.9399999976158 2.601
    endloop
  endfacet
  facet normal 0 0 1
    outer loop
      vertex 66.5 -115.06599999964237 1.599
      vertex 66.5029999986291 -143.79500000178814 1.599
      vertex 67.1359999999404 -144.6359999999404 1.599
    endloop
  endfacet
  facet normal 0 0 1
    outer loop
      vertex 66.5 -115.06599999964237 1.599
      vertex 67.1359999999404 -144.6359999999404 1.599
      vertex 68.63000000268221 -145.5680000036955 1.599
    endloop
  endfacet
  facet normal 0 0 1
    outer loop
      vertex 66.5 -115.06599999964237 1.599
      vertex 69.89199999719858 -145.8940000012517 1.599
      vertex 69.499 -141.93104199761646 1.599
    endloop
  endfacet
  facet normal 0 0 1
    outer loop
      vertex 66.5 -115.06599999964237 1.599
      vertex 68.63000000268221 -145.5680000036955 1.599
      vertex 69.89199999719858 -145.8940000012517 1.599
    endloop
  endfacet
  facet normal 0.7989727997782619 0.6013671633989383 0
    outer loop
      vertex 66.5029999986291 -143.79500000178814 1.599
      vertex 67.1359999999404 -144.6359999999404 2.199
      vertex 67.1359999999404 -144.6359999999404 1.599
    endloop
  endfacet
  facet normal 0.9999999945478086 0.00010442405278592156 0
    outer loop
      vertex 66.50270813339978 -141 2.199
      vertex 66.5029999986291 -143.79500000178814 2.199
      vertex 66.5029999986291 -143.79500000178814 1.599
    endloop
  endfacet
  facet normal 0.7989727997782619 0.6013671633989383 0
    outer loop
      vertex 66.5029999986291 -143.79500000178814 1.599
      vertex 66.5029999986291 -143.79500000178814 2.199
      vertex 67.1359999999404 -144.6359999999404 2.199
    endloop
  endfacet
  facet normal 0.5292840902077367 0.8484446663471746 0
    outer loop
      vertex 67.1359999999404 -144.6359999999404 1.599
      vertex 67.1359999999404 -144.6359999999404 2.199
      vertex 67.7194935609876 -145 2.199
    endloop
  endfacet
  facet normal 0 0 1
    outer loop
      vertex 69.499 -141.93104199761646 1.599
      vertex 69.89199999719858 -145.8940000012517 1.599
      vertex 69.50000000021505 -141.93999999978496 1.599
    endloop
  endfacet
  facet normal 0.5292840902077357 0.8484446663471751 -2.5219887602954134e-15
    outer loop
      vertex 67.1359999999404 -144.6359999999404 1.599
      vertex 68.61500000208616 -145.55864257358425 2.199
      vertex 68.63000000268221 -145.5680000036955 1.599
    endloop
  endfacet
  facet normal 0.2501100449678408 0.9682174163927154 0
    outer loop
      vertex 68.63000000268221 -145.5680000036955 1.599
      vertex 69.89199999719858 -145.8940000012517 2.199
      vertex 69.89199999719858 -145.8940000012517 1.599
    endloop
  endfacet
  facet normal 0.5292840902077341 0.8484446663471764 3.68157018379703e-15
    outer loop
      vertex 67.1359999999404 -144.6359999999404 1.599
      vertex 67.7194935609876 -145 2.199
      vertex 68.61500000208616 -145.55864257358425 2.199
    endloop
  endfacet
  facet normal 0.5292840902078064 0.8484446663471311 0
    outer loop
      vertex 68.63000000268221 -145.5680000036955 1.599
      vertex 68.61500000208616 -145.55864257358425 2.199
      vertex 68.63000000268221 -145.5680000036955 2.199
    endloop
  endfacet
  facet normal 0.529284090207734 0.8484446663471763 0
    outer loop
      vertex 67.7194935609876 -145 2.199
      vertex 67.7194935609876 -145 2.601
      vertex 68.61500000208616 -145.55864257358425 2.199
    endloop
  endfacet
  facet normal 0.529284090207734 0.8484446663471763 0
    outer loop
      vertex 68.61500000208616 -145.55864257358425 2.199
      vertex 67.7194935609876 -145 2.601
      vertex 68.61500000208616 -145.55864257358425 2.601
    endloop
  endfacet
  facet normal 0.2501100449678408 0.9682174163927154 0
    outer loop
      vertex 68.63000000268221 -145.5680000036955 1.599
      vertex 68.63000000268221 -145.5680000036955 2.199
      vertex 69.89199999719858 -145.8940000012517 2.199
    endloop
  endfacet
  facet normal 0 0 -1
    outer loop
      vertex 66.50270813339978 -141 2.601
      vertex 68.61500000208616 -140.9399999976158 2.601
      vertex 68.61500000208616 -141 2.601
    endloop
  endfacet
  facet normal 0 0 -1
    outer loop
      vertex 67.7194935609876 -145 2.601
      vertex 68.61500000208616 -145 2.601
      vertex 68.61500000208616 -145.55864257358425 2.601
    endloop
  endfacet
  facet normal 0 0 1
    outer loop
      vertex 66.5 -115.06599999964237 1.599
      vertex 71.49979898737318 -139.939 1.599
      vertex 72.82699999958277 -145.36299999803305 1.599
    endloop
  endfacet
  facet normal 0 0 1
    outer loop
      vertex 66.5 -115.06599999964237 1.599
      vertex 75.07699999958277 -142.93900000303984 1.599
      vertex 75.45899999886751 -141.527000002563 1.599
    endloop
  endfacet
  facet normal -0.9999993623458959 -0.0011292952677780905 8.294373296130797e-15
    outer loop
      vertex 75.39199999719858 -82.19799999892712 2.601
      vertex 75.45899999886751 -141.527000002563 1.599
      vertex 75.45840485987901 -141 2.199
    endloop
  endfacet
  facet normal -0.9999993623458958 -0.001129295267778034 0
    outer loop
      vertex 75.39199999719858 -82.19799999892712 2.601
      vertex 75.45840485987901 -141 2.199
      vertex 75.45840485987901 -141 2.601
    endloop
  endfacet
  facet normal 0 0 -1
    outer loop
      vertex 66.5 -115.06599999964237 2.601
      vertex 75.45840485987901 -141 2.601
      vertex 72.38499999791384 -140.9399999976158 2.601
    endloop
  endfacet
  facet normal 0 0 1
    outer loop
      vertex 66.5 -115.06599999964237 1.599
      vertex 72.82699999958277 -145.36299999803305 1.599
      vertex 74.17000000178814 -144.33200000226498 1.599
    endloop
  endfacet
  facet normal 0 0 1
    outer loop
      vertex 66.5 -115.06599999964237 1.599
      vertex 74.17000000178814 -144.33200000226498 1.599
      vertex 75.07699999958277 -142.93900000303984 1.599
    endloop
  endfacet
  facet normal 0 0 1
    outer loop
      vertex 69.50000000117514 -141.93999999882487 1.599
      vertex 69.50000000021505 -141.93999999978496 1.599
      vertex 71.21599999815226 -145.88199999928474 1.599
    endloop
  endfacet
  facet normal 0 0 1
    outer loop
      vertex 69.50000000117514 -141.93999999882487 1.599
      vertex 71.21599999815226 -145.88199999928474 1.599
      vertex 72.82699999958277 -145.36299999803305 1.599
    endloop
  endfacet
  facet normal 0 0 1
    outer loop
      vertex 71.49979898737318 -139.939 1.599
      vertex 71.50000000046872 -139.9399999995313 1.599
      vertex 72.82699999958277 -145.36299999803305 1.599
    endloop
  endfacet
  facet normal 0 0 1
    outer loop
      vertex 71.50000000046872 -139.9399999995313 1.599
      vertex 71.50038767255718 -141.941 1.599
      vertex 72.82699999958277 -145.36299999803305 1.599
    endloop
  endfacet
  facet normal 0 0 1
    outer loop
      vertex 69.50000000117514 -141.93999999882487 1.599
      vertex 72.82699999958277 -145.36299999803305 1.599
      vertex 71.50038767255718 -141.941 1.599
    endloop
  endfacet
  facet normal 0 0 1
    outer loop
      vertex 69.50000000021505 -141.93999999978496 1.599
      vertex 69.89199999719858 -145.8940000012517 1.599
      vertex 71.21599999815226 -145.88199999928474 1.599
    endloop
  endfacet
  facet normal -0.009063073347671851 0.9999589295073547 0
    outer loop
      vertex 69.89199999719858 -145.8940000012517 1.599
      vertex 71.21599999815226 -145.88199999928474 2.199
      vertex 71.21599999815226 -145.88199999928474 1.599
    endloop
  endfacet
  facet normal -0.30664024189401884 0.9518254892842372 2.0881136704305056e-14
    outer loop
      vertex 71.21599999815226 -145.88199999928474 1.599
      vertex 72.38499999791384 -145.505394784635 2.199
      vertex 72.82699999958277 -145.36299999803305 1.599
    endloop
  endfacet
  facet normal -0.009063073347671851 0.9999589295073547 0
    outer loop
      vertex 69.89199999719858 -145.8940000012517 1.599
      vertex 69.89199999719858 -145.8940000012517 2.199
      vertex 71.21599999815226 -145.88199999928474 2.199
    endloop
  endfacet
  facet normal -0.3066402418940091 0.9518254892842404 0
    outer loop
      vertex 71.21599999815226 -145.88199999928474 1.599
      vertex 71.21599999815226 -145.88199999928474 2.199
      vertex 72.38499999791384 -145.505394784635 2.199
    endloop
  endfacet
  facet normal -0.8380172771010557 0.5456436962708654 0
    outer loop
      vertex 74.17000000178814 -144.33200000226498 1.599
      vertex 75.07699999958277 -142.93900000303984 2.199
      vertex 75.07699999958277 -142.93900000303984 1.599
    endloop
  endfacet
  facet normal -0.8380172771010557 0.5456436962708654 0
    outer loop
      vertex 74.17000000178814 -144.33200000226498 1.599
      vertex 74.17000000178814 -144.33200000226498 2.199
      vertex 75.07699999958277 -142.93900000303984 2.199
    endloop
  endfacet
  facet normal -0.6089397967573417 0.7932164420415954 0
    outer loop
      vertex 72.82699999958277 -145.36299999803305 1.599
      vertex 74.17000000178814 -144.33200000226498 2.199
      vertex 74.17000000178814 -144.33200000226498 1.599
    endloop
  endfacet
  facet normal -0.6089397967573388 0.7932164420415976 0
    outer loop
      vertex 73.29985063019383 -145 2.199
      vertex 72.82699999958277 -145.36299999803305 1.599
      vertex 72.82699999958277 -145.36299999803305 2.601
    endloop
  endfacet
  facet normal -0.30664024189404454 0.951825489284229 0
    outer loop
      vertex 72.82699999958277 -145.36299999803305 1.599
      vertex 72.38499999791384 -145.505394784635 2.199
      vertex 72.38499999791384 -145.505394784635 2.601
    endloop
  endfacet
  facet normal -0.6089397967573432 0.7932164420415941 5.65069261634383e-15
    outer loop
      vertex 73.29985063019383 -145 2.199
      vertex 74.17000000178814 -144.33200000226498 2.199
      vertex 72.82699999958277 -145.36299999803305 1.599
    endloop
  endfacet
  facet normal -0.30664024189404454 0.9518254892842289 0
    outer loop
      vertex 72.82699999958277 -145.36299999803305 1.599
      vertex 72.38499999791384 -145.505394784635 2.601
      vertex 72.82699999958277 -145.36299999803305 2.601
    endloop
  endfacet
  facet normal -0.6089397967573388 0.7932164420415975 0
    outer loop
      vertex 73.29985063019383 -145 2.199
      vertex 72.82699999958277 -145.36299999803305 2.601
      vertex 73.29985063019383 -145 2.601
    endloop
  endfacet
  facet normal -0.965298210281079 0.26115008180765653 0
    outer loop
      vertex 75.45899999886751 -141.527000002563 1.599
      vertex 75.07699999958277 -142.93900000303984 1.599
      vertex 75.45899999886751 -141.527000002563 2.199
    endloop
  endfacet
  facet normal -0.9999993623458958 -0.001129295267768641 0
    outer loop
      vertex 75.45899999886751 -141.527000002563 1.599
      vertex 75.45899999886751 -141.527000002563 2.199
      vertex 75.45840485987901 -141 2.199
    endloop
  endfacet
  facet normal -0.965298210281079 0.26115008180765653 0
    outer loop
      vertex 75.45899999886751 -141.527000002563 2.199
      vertex 75.07699999958277 -142.93900000303984 1.599
      vertex 75.07699999958277 -142.93900000303984 2.199
    endloop
  endfacet
  facet normal 0 0 -1
    outer loop
      vertex 72.38499999791384 -140.9399999976158 2.601
      vertex 75.45840485987901 -141 2.601
      vertex 72.38499999791384 -141 2.601
    endloop
  endfacet
  facet normal 0 0 -1
    outer loop
      vertex 72.38499999791384 -145 2.601
      vertex 72.82699999958277 -145.36299999803305 2.601
      vertex 72.38499999791384 -145.505394784635 2.601
    endloop
  endfacet
  facet normal 0 0 -1
    outer loop
      vertex 72.38499999791384 -145 2.601
      vertex 73.29985063019383 -145 2.601
      vertex 72.82699999958277 -145.36299999803305 2.601
    endloop
  endfacet
  facet normal 0 0 1
    outer loop
      vertex 85.55099999904633 -80.21500000357628 1.599
      vertex 91.63000000268221 -75.875 1.599
      vertex 89.26299999654293 -76.32999999821186 1.599
    endloop
  endfacet
  facet normal 0.723021676769515 -0.6908253432825109 0
    outer loop
      vertex 85.55099999904633 -80.21500000357628 2.601
      vertex 89.26299999654293 -76.32999999821186 1.599
      vertex 89.26299999654293 -76.32999999821186 2.601
    endloop
  endfacet
  facet normal 0.5000887428590113 -0.8659741620081363 0
    outer loop
      vertex 89.26299999654293 -76.32999999821186 1.599
      vertex 91.17300000041723 -75.22699999809265 1.599
      vertex 89.26299999654293 -76.32999999821186 2.601
    endloop
  endfacet
  facet normal 0.9677684813484025 -0.25184155040145095 0
    outer loop
      vertex 84.88199999928474 -81.38000000268221 1.599
      vertex 84.56400000303984 -82.60199999809265 2.601
      vertex 84.56400000303984 -82.60199999809265 1.599
    endloop
  endfacet
  facet normal 0.9677684813484025 -0.25184155040145095 0
    outer loop
      vertex 84.88199999928474 -81.38000000268221 1.599
      vertex 84.88199999928474 -81.38000000268221 2.601
      vertex 84.56400000303984 -82.60199999809265 2.601
    endloop
  endfacet
  facet normal 0 0 1
    outer loop
      vertex 84.88199999928474 -81.38000000268221 1.599
      vertex 91.63000000268221 -75.875 1.599
      vertex 85.55099999904633 -80.21500000357628 1.599
    endloop
  endfacet
  facet normal 0.8671876187382264 -0.49798155980630904 0
    outer loop
      vertex 84.88199999928474 -81.38000000268221 1.599
      vertex 85.55099999904633 -80.21500000357628 1.599
      vertex 84.88199999928474 -81.38000000268221 2.601
    endloop
  endfacet
  facet normal 0.8671876187382264 -0.49798155980630904 0
    outer loop
      vertex 85.55099999904633 -80.21500000357628 1.599
      vertex 85.55099999904633 -80.21500000357628 2.601
      vertex 84.88199999928474 -81.38000000268221 2.601
    endloop
  endfacet
  facet normal 0.723021676769515 -0.6908253432825109 0
    outer loop
      vertex 85.55099999904633 -80.21500000357628 1.599
      vertex 89.26299999654293 -76.32999999821186 1.599
      vertex 85.55099999904633 -80.21500000357628 2.601
    endloop
  endfacet
  facet normal 0 0 1
    outer loop
      vertex 84.88199999928474 -81.38000000268221 1.599
      vertex 91.63000000268221 -84.125 1.599
      vertex 91.63000000268221 -75.875 1.599
    endloop
  endfacet
  facet normal 0 0 1
    outer loop
      vertex 84.88199999928474 -81.38000000268221 1.599
      vertex 84.56400000303984 -82.60199999809265 1.599
      vertex 94.51200000196695 -85.49099999666214 1.599
    endloop
  endfacet
  facet normal 0 0 -1
    outer loop
      vertex 84.88199999928474 -81.38000000268221 2.601
      vertex 85.55099999904633 -80.21500000357628 2.601
      vertex 91.63000000268221 -84.125 2.601
    endloop
  endfacet
  facet normal 0 0 -1
    outer loop
      vertex 85.55099999904633 -80.21500000357628 2.601
      vertex 89.26299999654293 -76.32999999821186 2.601
      vertex 91.63000000268221 -84.125 2.601
    endloop
  endfacet
  facet normal 0 0 -1
    outer loop
      vertex 84.88199999928474 -81.38000000268221 2.601
      vertex 94.51200000196695 -85.49099999666214 2.601
      vertex 84.56400000303984 -82.60199999809265 2.601
    endloop
  endfacet
  facet normal 0 0 1
    outer loop
      vertex 89.26299999654293 -76.32999999821186 1.599
      vertex 93.2419999986887 -75.04100000113249 1.599
      vertex 91.17300000041723 -75.22699999809265 1.599
    endloop
  endfacet
  facet normal 0 0 1
    outer loop
      vertex 89.26299999654293 -76.32999999821186 1.599
      vertex 91.63000000268221 -75.875 1.599
      vertex 93.2419999986887 -75.04100000113249 1.599
    endloop
  endfacet
  facet normal 0.5000887428590113 -0.8659741620081363 0
    outer loop
      vertex 89.26299999654293 -76.32999999821186 2.601
      vertex 91.17300000041723 -75.22699999809265 1.599
      vertex 91.17300000041723 -75.22699999809265 2.601
    endloop
  endfacet
  facet normal 0.08953741928281879 -0.9959834589731763 0
    outer loop
      vertex 91.17300000041723 -75.22699999809265 1.599
      vertex 93.2419999986887 -75.04100000113249 1.599
      vertex 91.17300000041723 -75.22699999809265 2.601
    endloop
  endfacet
  facet normal 0.08953741928281879 -0.9959834589731763 0
    outer loop
      vertex 91.17300000041723 -75.22699999809265 2.601
      vertex 93.2419999986887 -75.04100000113249 1.599
      vertex 93.2419999986887 -75.04100000113249 2.601
    endloop
  endfacet
  facet normal 0 0 1
    outer loop
      vertex 91.63000000268221 -75.875 1.599
      vertex 93.67999999970198 -75.875 1.599
      vertex 93.2419999986887 -75.04100000113249 1.599
    endloop
  endfacet
  facet normal 0 0 1
    outer loop
      vertex 93.2419999986887 -75.04100000113249 1.599
      vertex 93.67999999970198 -75.875 1.599
      vertex 94.98200000077486 -75.57699999958277 1.599
    endloop
  endfacet
  facet normal -0.29439459639117777 -0.9556839548803127 0
    outer loop
      vertex 93.2419999986887 -75.04100000113249 1.599
      vertex 94.98200000077486 -75.57699999958277 1.599
      vertex 93.2419999986887 -75.04100000113249 2.601
    endloop
  endfacet
  facet normal -0.29439459639117777 -0.9556839548803127 0
    outer loop
      vertex 94.98200000077486 -75.57699999958277 1.599
      vertex 94.98200000077486 -75.57699999958277 2.601
      vertex 93.2419999986887 -75.04100000113249 2.601
    endloop
  endfacet
  facet normal -0.6089397995261266 -0.7932164399160426 0
    outer loop
      vertex 94.98200000077486 -75.57699999958277 1.599
      vertex 96.32500000298023 -76.60800000280142 1.599
      vertex 94.98200000077486 -75.57699999958277 2.601
    endloop
  endfacet
  facet normal -0.6089397995261266 -0.7932164399160426 0
    outer loop
      vertex 94.98200000077486 -75.57699999958277 2.601
      vertex 96.32500000298023 -76.60800000280142 1.599
      vertex 96.32500000298023 -76.60800000280142 2.601
    endloop
  endfacet
  facet normal -0.8489333202435154 -0.5284999695178051 0
    outer loop
      vertex 96.32500000298023 -76.60800000280142 1.599
      vertex 97.30799999833107 -78.18699999898672 1.599
      vertex 96.32500000298023 -76.60800000280142 2.601
    endloop
  endfacet
  facet normal -0.8489333202435154 -0.5284999695178051 0
    outer loop
      vertex 97.30799999833107 -78.18699999898672 1.599
      vertex 97.30799999833107 -78.18699999898672 2.601
      vertex 96.32500000298023 -76.60800000280142 2.601
    endloop
  endfacet
  facet normal 0 0 -1
    outer loop
      vertex 89.26299999654293 -76.32999999821186 2.601
      vertex 91.17300000041723 -75.22699999809265 2.601
      vertex 93.2419999986887 -75.04100000113249 2.601
    endloop
  endfacet
  facet normal 0 0 -1
    outer loop
      vertex 89.26299999654293 -76.32999999821186 2.601
      vertex 93.2419999986887 -75.04100000113249 2.601
      vertex 91.63000000268221 -75.875 2.601
    endloop
  endfacet
  facet normal 0 0 -1
    outer loop
      vertex 91.63000000268221 -75.875 2.601
      vertex 93.2419999986887 -75.04100000113249 2.601
      vertex 94.98200000077486 -75.57699999958277 2.601
    endloop
  endfacet
  facet normal 0 0 -1
    outer loop
      vertex 91.63000000268221 -75.875 2.601
      vertex 94.98200000077486 -75.57699999958277 2.601
      vertex 93.67999999970198 -75.875 2.601
    endloop
  endfacet
  facet normal 0 0 -1
    outer loop
      vertex 93.67999999970198 -75.875 2.601
      vertex 94.98200000077486 -75.57699999958277 2.601
      vertex 96.32500000298023 -76.60800000280142 2.601
    endloop
  endfacet
  facet normal 0 0 -1
    outer loop
      vertex 93.67999999970198 -75.875 2.601
      vertex 96.32500000298023 -76.60800000280142 2.601
      vertex 97.30799999833107 -78.18699999898672 2.601
    endloop
  endfacet
  facet normal 0 0 1
    outer loop
      vertex 84.88199999928474 -81.38000000268221 1.599
      vertex 94.51200000196695 -85.49099999666214 1.599
      vertex 91.63000000268221 -84.125 1.599
    endloop
  endfacet
  facet normal 0 0 1
    outer loop
      vertex 93.67999999970198 -75.875 1.599
      vertex 93.67999999970198 -84.125 1.599
      vertex 94.98200000077486 -75.57699999958277 1.599
    endloop
  endfacet
  facet normal 0 0 1
    outer loop
      vertex 94.98200000077486 -75.57699999958277 1.599
      vertex 93.67999999970198 -84.125 1.599
      vertex 96.32500000298023 -76.60800000280142 1.599
    endloop
  endfacet
  facet normal 0 0 1
    outer loop
      vertex 91.63000000268221 -84.125 1.599
      vertex 94.51200000196695 -85.49099999666214 1.599
      vertex 93.67999999970198 -84.125 1.599
    endloop
  endfacet
  facet normal 0 0 1
    outer loop
      vertex 93.67999999970198 -84.125 1.599
      vertex 94.51200000196695 -85.49099999666214 1.599
      vertex 96.3589999973774 -83.60100000351667 1.599
    endloop
  endfacet
  facet normal 0 0 1
    outer loop
      vertex 93.67999999970198 -84.125 1.599
      vertex 97.30799999833107 -78.18699999898672 1.599
      vertex 96.32500000298023 -76.60800000280142 1.599
    endloop
  endfacet
  facet normal 0 0 1
    outer loop
      vertex 93.67999999970198 -84.125 1.599
      vertex 97.652000002563 -80 1.599
      vertex 97.30799999833107 -78.18699999898672 1.599
    endloop
  endfacet
  facet normal -0.9824711264495393 -0.18641482154853842 0
    outer loop
      vertex 97.30799999833107 -78.18699999898672 1.599
      vertex 97.652000002563 -80 1.599
      vertex 97.30799999833107 -78.18699999898672 2.601
    endloop
  endfacet
  facet normal -0.9824711264495393 -0.18641482154853842 0
    outer loop
      vertex 97.30799999833107 -78.18699999898672 2.601
      vertex 97.652000002563 -80 1.599
      vertex 97.652000002563 -80 2.601
    endloop
  endfacet
  facet normal -0.9835423485774152 0.18067774781312249 0
    outer loop
      vertex 97.652000002563 -80 1.599
      vertex 97.24400000274181 -82.22100000083447 1.599
      vertex 97.652000002563 -80 2.601
    endloop
  endfacet
  facet normal -0.9835423485774152 0.18067774781312249 0
    outer loop
      vertex 97.24400000274181 -82.22100000083447 1.599
      vertex 97.24400000274181 -82.22100000083447 2.601
      vertex 97.652000002563 -80 2.601
    endloop
  endfacet
  facet normal 0 0 1
    outer loop
      vertex 93.67999999970198 -84.125 1.599
      vertex 97.24400000274181 -82.22100000083447 1.599
      vertex 97.652000002563 -80 1.599
    endloop
  endfacet
  facet normal 0 0 1
    outer loop
      vertex 93.67999999970198 -84.125 1.599
      vertex 96.3589999973774 -83.60100000351667 1.599
      vertex 97.24400000274181 -82.22100000083447 1.599
    endloop
  endfacet
  facet normal -0.715195799913886 0.6989241502377327 0
    outer loop
      vertex 96.3589999973774 -83.60100000351667 1.599
      vertex 94.51200000196695 -85.49099999666214 1.599
      vertex 96.3589999973774 -83.60100000351667 2.601
    endloop
  endfacet
  facet normal -0.715195799913886 0.6989241502377327 0
    outer loop
      vertex 96.3589999973774 -83.60100000351667 2.601
      vertex 94.51200000196695 -85.49099999666214 1.599
      vertex 94.51200000196695 -85.49099999666214 2.601
    endloop
  endfacet
  facet normal -0.841772531348052 0.5398323864570307 0
    outer loop
      vertex 96.3589999973774 -83.60100000351667 1.599
      vertex 97.24400000274181 -82.22100000083447 2.601
      vertex 97.24400000274181 -82.22100000083447 1.599
    endloop
  endfacet
  facet normal -0.841772531348052 0.5398323864570307 0
    outer loop
      vertex 96.3589999973774 -83.60100000351667 1.599
      vertex 96.3589999973774 -83.60100000351667 2.601
      vertex 97.24400000274181 -82.22100000083447 2.601
    endloop
  endfacet
  facet normal 0 0 -1
    outer loop
      vertex 89.26299999654293 -76.32999999821186 2.601
      vertex 91.63000000268221 -75.875 2.601
      vertex 91.63000000268221 -84.125 2.601
    endloop
  endfacet
  facet normal 0 0 -1
    outer loop
      vertex 84.88199999928474 -81.38000000268221 2.601
      vertex 91.63000000268221 -84.125 2.601
      vertex 94.51200000196695 -85.49099999666214 2.601
    endloop
  endfacet
  facet normal 0 0 -1
    outer loop
      vertex 91.63000000268221 -84.125 2.601
      vertex 93.67999999970198 -84.125 2.601
      vertex 94.51200000196695 -85.49099999666214 2.601
    endloop
  endfacet
  facet normal 0 0 -1
    outer loop
      vertex 93.67999999970198 -75.875 2.601
      vertex 94.51200000196695 -85.49099999666214 2.601
      vertex 93.67999999970198 -84.125 2.601
    endloop
  endfacet
  facet normal 0 0 -1
    outer loop
      vertex 93.67999999970198 -75.875 2.601
      vertex 96.3589999973774 -83.60100000351667 2.601
      vertex 94.51200000196695 -85.49099999666214 2.601
    endloop
  endfacet
  facet normal 0 0 -1
    outer loop
      vertex 93.67999999970198 -75.875 2.601
      vertex 97.30799999833107 -78.18699999898672 2.601
      vertex 97.652000002563 -80 2.601
    endloop
  endfacet
  facet normal 0 0 -1
    outer loop
      vertex 93.67999999970198 -75.875 2.601
      vertex 97.652000002563 -80 2.601
      vertex 97.24400000274181 -82.22100000083447 2.601
    endloop
  endfacet
  facet normal 0 0 -1
    outer loop
      vertex 93.67999999970198 -75.875 2.601
      vertex 97.24400000274181 -82.22100000083447 2.601
      vertex 96.3589999973774 -83.60100000351667 2.601
    endloop
  endfacet
  facet normal 0.9999999826317145 -0.00018637749489542187 0
    outer loop
      vertex 84.56400000303984 -82.60199999809265 1.599
      vertex 84.56400000303984 -82.60199999809265 2.601
      vertex 84.55311592990354 -141 2.199
    endloop
  endfacet
  facet normal 0 0 1
    outer loop
      vertex 84.56400000303984 -82.60199999809265 1.599
      vertex 84.55300000309944 -141.6220000013709 1.599
      vertex 93.5 -115.06599999964237 1.599
    endloop
  endfacet
  facet normal 0 0 -1
    outer loop
      vertex 84.56400000303984 -82.60199999809265 2.601
      vertex 93.5 -115.06599999964237 2.601
      vertex 84.55311592990354 -141 2.601
    endloop
  endfacet
  facet normal 0 0 1
    outer loop
      vertex 84.56400000303984 -82.60199999809265 1.599
      vertex 94.4970000013709 -108.02099999785423 1.599
      vertex 94.51200000196695 -85.49099999666214 1.599
    endloop
  endfacet
  facet normal -0.9999997783692434 0.0006657788402481712 0
    outer loop
      vertex 94.51200000196695 -85.49099999666214 1.599
      vertex 94.4970000013709 -108.02099999785423 1.599
      vertex 94.51200000196695 -85.49099999666214 2.601
    endloop
  endfacet
  facet normal 0 0 1
    outer loop
      vertex 84.56400000303984 -82.60199999809265 1.599
      vertex 94.22200000286102 -110.79599999636412 1.599
      vertex 94.4970000013709 -108.02099999785423 1.599
    endloop
  endfacet
  facet normal 0 0 1
    outer loop
      vertex 84.56400000303984 -82.60199999809265 1.599
      vertex 93.34200000017881 -113.9839999973774 1.599
      vertex 94.22200000286102 -110.79599999636412 1.599
    endloop
  endfacet
  facet normal 0 0 1
    outer loop
      vertex 84.56400000303984 -82.60199999809265 1.599
      vertex 93.5 -115.06599999964237 1.599
      vertex 93.34200000017881 -113.9839999973774 1.599
    endloop
  endfacet
  facet normal -0.9999997783692434 0.0006657788402481712 0
    outer loop
      vertex 94.51200000196695 -85.49099999666214 2.601
      vertex 94.4970000013709 -108.02099999785423 1.599
      vertex 94.4970000013709 -108.02099999785423 2.601
    endloop
  endfacet
  facet normal 0 0 -1
    outer loop
      vertex 84.56400000303984 -82.60199999809265 2.601
      vertex 94.51200000196695 -85.49099999666214 2.601
      vertex 94.4970000013709 -108.02099999785423 2.601
    endloop
  endfacet
  facet normal 0 0 -1
    outer loop
      vertex 84.56400000303984 -82.60199999809265 2.601
      vertex 94.4970000013709 -108.02099999785423 2.601
      vertex 94.22200000286102 -110.79599999636412 2.601
    endloop
  endfacet
  facet normal 0 0 -1
    outer loop
      vertex 84.56400000303984 -82.60199999809265 2.601
      vertex 94.22200000286102 -110.79599999636412 2.601
      vertex 93.34200000017881 -113.9839999973774 2.601
    endloop
  endfacet
  facet normal 0 0 -1
    outer loop
      vertex 84.56400000303984 -82.60199999809265 2.601
      vertex 93.34200000017881 -113.9839999973774 2.601
      vertex 93.5 -115.06599999964237 2.601
    endloop
  endfacet
  facet normal -0.9951255576639478 0.09861604577357924 0
    outer loop
      vertex 94.4970000013709 -108.02099999785423 1.599
      vertex 94.22200000286102 -110.79599999636412 1.599
      vertex 94.4970000013709 -108.02099999785423 2.601
    endloop
  endfacet
  facet normal -0.9639498396644445 0.2660840217128635 0
    outer loop
      vertex 93.34200000017881 -113.9839999973774 1.599
      vertex 93.34200000017881 -113.9839999973774 2.601
      vertex 94.22200000286102 -110.79599999636412 2.601
    endloop
  endfacet
  facet normal -0.9951255576639478 0.09861604577357924 0
    outer loop
      vertex 94.4970000013709 -108.02099999785423 2.601
      vertex 94.22200000286102 -110.79599999636412 1.599
      vertex 94.22200000286102 -110.79599999636412 2.601
    endloop
  endfacet
  facet normal -0.9639498396644445 0.2660840217128635 0
    outer loop
      vertex 94.22200000286102 -110.79599999636412 1.599
      vertex 93.34200000017881 -113.9839999973774 1.599
      vertex 94.22200000286102 -110.79599999636412 2.601
    endloop
  endfacet
  facet normal -0.9895057573885805 -0.14449344654638083 0
    outer loop
      vertex 93.34200000017881 -113.9839999973774 1.599
      vertex 93.5 -115.06599999964237 1.599
      vertex 93.34200000017881 -113.9839999973774 2.601
    endloop
  endfacet
  facet normal -0.9895057573885805 -0.14449344654638083 0
    outer loop
      vertex 93.5 -115.06599999964237 1.599
      vertex 93.5 -115.06599999964237 2.601
      vertex 93.34200000017881 -113.9839999973774 2.601
    endloop
  endfacet
  facet normal 0.9999999826317145 -0.00018637749489551378 -8.941477496500894e-15
    outer loop
      vertex 84.56400000303984 -82.60199999809265 1.599
      vertex 84.55311592990354 -141 2.199
      vertex 84.55300000309944 -141.6220000013709 1.599
    endloop
  endfacet
  facet normal 0.9999999826317145 -0.0001863774948954219 0
    outer loop
      vertex 84.56400000303984 -82.60199999809265 2.601
      vertex 84.55311592990354 -141 2.601
      vertex 84.55311592990354 -141 2.199
    endloop
  endfacet
  facet normal 0 0 1
    outer loop
      vertex 84.55300000309944 -141.6220000013709 1.599
      vertex 85.07800000160933 -143.2660000026226 1.599
      vertex 93.5 -115.06599999964237 1.599
    endloop
  endfacet
  facet normal 0 0 1
    outer loop
      vertex 86.40799999982119 -144.86200000345707 1.599
      vertex 88.50020101262682 -139.939 1.599
      vertex 93.5 -115.06599999964237 1.599
    endloop
  endfacet
  facet normal 0 0 -1
    outer loop
      vertex 84.55311592990354 -141 2.601
      vertex 93.5 -115.06599999964237 2.601
      vertex 87.61500000208616 -140.9399999976158 2.601
    endloop
  endfacet
  facet normal 0.9526056327181369 0.3042080020539857 0
    outer loop
      vertex 84.55300000309944 -141.6220000013709 1.599
      vertex 85.07800000160933 -143.2660000026226 2.199
      vertex 85.07800000160933 -143.2660000026226 1.599
    endloop
  endfacet
  facet normal 0.9999999826317146 -0.00018637749490414002 0
    outer loop
      vertex 84.55300000309944 -141.6220000013709 1.599
      vertex 84.55311592990354 -141 2.199
      vertex 84.55300000309944 -141.6220000013709 2.199
    endloop
  endfacet
  facet normal 0.9526056327181369 0.3042080020539857 0
    outer loop
      vertex 84.55300000309944 -141.6220000013709 1.599
      vertex 84.55300000309944 -141.6220000013709 2.199
      vertex 85.07800000160933 -143.2660000026226 2.199
    endloop
  endfacet
  facet normal 0 0 1
    outer loop
      vertex 85.07800000160933 -143.2660000026226 1.599
      vertex 86.40799999982119 -144.86200000345707 1.599
      vertex 93.5 -115.06599999964237 1.599
    endloop
  endfacet
  facet normal 0.7682212801852898 0.6401843989589833 0
    outer loop
      vertex 85.07800000160933 -143.2660000026226 1.599
      vertex 86.40799999982119 -144.86200000345707 2.199
      vertex 86.40799999982119 -144.86200000345707 1.599
    endloop
  endfacet
  facet normal 0.7682212801852898 0.6401843989589833 0
    outer loop
      vertex 85.07800000160933 -143.2660000026226 1.599
      vertex 85.07800000160933 -143.2660000026226 2.199
      vertex 86.40799999982119 -144.86200000345707 2.199
    endloop
  endfacet
  facet normal 0.4328650820032248 0.9014587182907166 0
    outer loop
      vertex 86.40799999982119 -144.86200000345707 1.599
      vertex 86.40799999982119 -144.86200000345707 2.199
      vertex 86.69539047130945 -145 2.199
    endloop
  endfacet
  facet normal 0.4328650820032375 0.9014587182907104 -7.436784824307483e-15
    outer loop
      vertex 86.40799999982119 -144.86200000345707 1.599
      vertex 86.69539047130945 -145 2.199
      vertex 87.61500000208616 -145.44158079219136 2.199
    endloop
  endfacet
  facet normal 0.43286508200322765 0.901458718290715 1.6658418110032972e-14
    outer loop
      vertex 86.40799999982119 -144.86200000345707 1.599
      vertex 87.61500000208616 -145.44158079219136 2.199
      vertex 88.37600000202656 -145.8069999963045 2.199
    endloop
  endfacet
  facet normal 0.4328650820032375 0.9014587182907104 0
    outer loop
      vertex 86.69539047130945 -145 2.199
      vertex 86.69539047130945 -145 2.601
      vertex 87.61500000208616 -145.44158079219136 2.199
    endloop
  endfacet
  facet normal 0.4328650820032375 0.9014587182907104 0
    outer loop
      vertex 87.61500000208616 -145.44158079219136 2.199
      vertex 86.69539047130945 -145 2.601
      vertex 87.61500000208616 -145.44158079219136 2.601
    endloop
  endfacet
  facet normal 0 0 1
    outer loop
      vertex 86.40799999982119 -144.86200000345707 1.599
      vertex 88.499 -139.94235277008497 1.599
      vertex 88.50020101262682 -139.939 1.599
    endloop
  endfacet
  facet normal 0 0 1
    outer loop
      vertex 86.40799999982119 -144.86200000345707 1.599
      vertex 88.49999999399071 -141.94000000600929 1.599
      vertex 88.499 -139.94235277008497 1.599
    endloop
  endfacet
  facet normal 0 0 1
    outer loop
      vertex 86.40799999982119 -144.86200000345707 1.599
      vertex 88.37600000202656 -145.8069999963045 1.599
      vertex 88.49999999399071 -141.94000000600929 1.599
    endloop
  endfacet
  facet normal 0 0 1
    outer loop
      vertex 88.50000000103445 -141.93999999896556 1.599
      vertex 88.49999999399071 -141.94000000600929 1.599
      vertex 89.75199999660254 -145.92800000309944 1.599
    endloop
  endfacet
  facet normal 0 0 1
    outer loop
      vertex 88.50000000103445 -141.93999999896556 1.599
      vertex 89.75199999660254 -145.92800000309944 1.599
      vertex 91.30200000107288 -145.59600000083447 1.599
    endloop
  endfacet
  facet normal 0.43286508200323187 0.9014587182907132 0
    outer loop
      vertex 86.40799999982119 -144.86200000345707 1.599
      vertex 88.37600000202656 -145.8069999963045 2.199
      vertex 88.37600000202656 -145.8069999963045 1.599
    endloop
  endfacet
  facet normal 0 0 1
    outer loop
      vertex 88.49999999399071 -141.94000000600929 1.599
      vertex 88.37600000202656 -145.8069999963045 1.599
      vertex 89.75199999660254 -145.92800000309944 1.599
    endloop
  endfacet
  facet normal 0.08759801727280209 0.996155905152338 0
    outer loop
      vertex 88.37600000202656 -145.8069999963045 1.599
      vertex 89.75199999660254 -145.92800000309944 2.199
      vertex 89.75199999660254 -145.92800000309944 1.599
    endloop
  endfacet
  facet normal 0.08759801727280209 0.996155905152338 0
    outer loop
      vertex 88.37600000202656 -145.8069999963045 1.599
      vertex 88.37600000202656 -145.8069999963045 2.199
      vertex 89.75199999660254 -145.92800000309944 2.199
    endloop
  endfacet
  facet normal 0 0 -1
    outer loop
      vertex 84.55311592990354 -141 2.601
      vertex 87.61500000208616 -140.9399999976158 2.601
      vertex 87.61500000208616 -141 2.601
    endloop
  endfacet
  facet normal 0 0 -1
    outer loop
      vertex 86.69539047130945 -145 2.601
      vertex 87.61500000208616 -145 2.601
      vertex 87.61500000208616 -145.44158079219136 2.601
    endloop
  endfacet
  facet normal -0.9999999945478085 0.00010442405278681936 0
    outer loop
      vertex 93.5 -115.06599999964237 1.599
      vertex 93.4970000013709 -143.79500000178814 1.599
      vertex 93.5 -115.06599999964237 2.601
    endloop
  endfacet
  facet normal 0 0 1
    outer loop
      vertex 88.50020101262682 -139.939 1.599
      vertex 90.5001206075761 -139.939 1.599
      vertex 93.5 -115.06599999964237 1.599
    endloop
  endfacet
  facet normal 0 0 1
    outer loop
      vertex 93.5 -115.06599999964237 1.599
      vertex 90.5001206075761 -139.939 1.599
      vertex 90.501 -141.93104199761646 1.599
    endloop
  endfacet
  facet normal -0.9999999945478086 0.00010442405278699356 -4.993839170220981e-15
    outer loop
      vertex 93.5 -115.06599999964237 2.601
      vertex 93.4970000013709 -143.79500000178814 1.599
      vertex 93.49729186660022 -141 2.199
    endloop
  endfacet
  facet normal -0.9999999945478085 0.00010442405278691612 0
    outer loop
      vertex 93.5 -115.06599999964237 2.601
      vertex 93.49729186660022 -141 2.199
      vertex 93.49729186660022 -141 2.601
    endloop
  endfacet
  facet normal 0 0 -1
    outer loop
      vertex 87.61500000208616 -140.9399999976158 2.601
      vertex 93.5 -115.06599999964237 2.601
      vertex 91.38499999791384 -140.9399999976158 2.601
    endloop
  endfacet
  facet normal 0 0 -1
    outer loop
      vertex 93.5 -115.06599999964237 2.601
      vertex 93.49729186660022 -141 2.601
      vertex 91.38499999791384 -140.9399999976158 2.601
    endloop
  endfacet
  facet normal 0 0 1
    outer loop
      vertex 93.5 -115.06599999964237 1.599
      vertex 90.501 -141.93104199761646 1.599
      vertex 91.30200000107288 -145.59600000083447 1.599
    endloop
  endfacet
  facet normal 0 0 1
    outer loop
      vertex 93.5 -115.06599999964237 1.599
      vertex 91.30200000107288 -145.59600000083447 1.599
      vertex 92.45099999755621 -144.96500000357628 1.599
    endloop
  endfacet
  facet normal 0 0 1
    outer loop
      vertex 90.5001206075761 -139.939 1.599
      vertex 90.5 -139.94 1.599
      vertex 90.501 -141.93104199761646 1.599
    endloop
  endfacet
  facet normal 0 0 1
    outer loop
      vertex 93.5 -115.06599999964237 1.599
      vertex 92.45099999755621 -144.96500000357628 1.599
      vertex 93.4970000013709 -143.79500000178814 1.599
    endloop
  endfacet
  facet normal 0 0 1
    outer loop
      vertex 88.50000000103445 -141.93999999896556 1.599
      vertex 91.30200000107288 -145.59600000083447 1.599
      vertex 90.5002193659498 -141.941 1.599
    endloop
  endfacet
  facet normal 0 0 1
    outer loop
      vertex 90.501 -141.93104199761646 1.599
      vertex 90.5002193659498 -141.941 1.599
      vertex 91.30200000107288 -145.59600000083447 1.599
    endloop
  endfacet
  facet normal -0.2094429235305839 0.9778208740781524 0
    outer loop
      vertex 89.75199999660254 -145.92800000309944 1.599
      vertex 91.30200000107288 -145.59600000083447 2.199
      vertex 91.30200000107288 -145.59600000083447 1.599
    endloop
  endfacet
  facet normal -0.48136225031285235 0.8765217532804003 1.4115675008052294e-15
    outer loop
      vertex 91.30200000107288 -145.59600000083447 1.599
      vertex 92.38726783282956 -145 2.199
      vertex 92.45099999755621 -144.96500000357628 1.599
    endloop
  endfacet
  facet normal -0.2094429235305839 0.9778208740781524 0
    outer loop
      vertex 89.75199999660254 -145.92800000309944 1.599
      vertex 89.75199999660254 -145.92800000309944 2.199
      vertex 91.30200000107288 -145.59600000083447 2.199
    endloop
  endfacet
  facet normal -0.4813622503128245 0.8765217532804156 0
    outer loop
      vertex 91.30200000107288 -145.59600000083447 1.599
      vertex 91.30200000107288 -145.59600000083447 2.199
      vertex 91.38499999791384 -145.5504186275191 2.199
    endloop
  endfacet
  facet normal -0.481362250312854 0.8765217532803994 5.319902178345336e-15
    outer loop
      vertex 91.30200000107288 -145.59600000083447 1.599
      vertex 91.38499999791384 -145.5504186275191 2.199
      vertex 92.38726783282956 -145 2.199
    endloop
  endfacet
  facet normal -0.4813622503128629 0.8765217532803944 0
    outer loop
      vertex 92.45099999755621 -144.96500000357628 1.599
      vertex 92.38726783282956 -145 2.199
      vertex 92.45099999755621 -144.96500000357628 2.199
    endloop
  endfacet
  facet normal -0.481362250312854 0.8765217532803993 0
    outer loop
      vertex 91.38499999791384 -145.5504186275191 2.199
      vertex 91.38499999791384 -145.5504186275191 2.601
      vertex 92.38726783282956 -145 2.199
    endloop
  endfacet
  facet normal -0.481362250312854 0.8765217532803993 0
    outer loop
      vertex 92.38726783282956 -145 2.199
      vertex 91.38499999791384 -145.5504186275191 2.601
      vertex 92.38726783282956 -145 2.601
    endloop
  endfacet
  facet normal -0.7455078911710237 0.6664967998435799 0
    outer loop
      vertex 92.45099999755621 -144.96500000357628 1.599
      vertex 93.4970000013709 -143.79500000178814 2.199
      vertex 93.4970000013709 -143.79500000178814 1.599
    endloop
  endfacet
  facet normal -0.9999999945478086 0.00010442405278592156 0
    outer loop
      vertex 93.49729186660022 -141 2.199
      vertex 93.4970000013709 -143.79500000178814 1.599
      vertex 93.4970000013709 -143.79500000178814 2.199
    endloop
  endfacet
  facet normal -0.7455078911710237 0.6664967998435799 0
    outer loop
      vertex 92.45099999755621 -144.96500000357628 1.599
      vertex 92.45099999755621 -144.96500000357628 2.199
      vertex 93.4970000013709 -143.79500000178814 2.199
    endloop
  endfacet
  facet normal 0 0 -1
    outer loop
      vertex 91.38499999791384 -140.9399999976158 2.601
      vertex 93.49729186660022 -141 2.601
      vertex 91.38499999791384 -141 2.601
    endloop
  endfacet
  facet normal 0 0 -1
    outer loop
      vertex 91.38499999791384 -145 2.601
      vertex 92.38726783282956 -145 2.601
      vertex 91.38499999791384 -145.5504186275191 2.601
    endloop
  endfacet
  facet normal 0 0 1
    outer loop
      vertex 68.61500000208616 -145.55864257358425 2.199
      vertex 68.61500000208616 -148 2.199
      vertex 68.63000000268221 -145.5680000036955 2.199
    endloop
  endfacet
  facet normal 1 0 0
    outer loop
      vertex 68.61500000208616 -145.55864257358425 2.199
      vertex 68.61500000208616 -145.55864257358425 2.601
      vertex 68.61500000208616 -148 2.199
    endloop
  endfacet
  facet normal 0 0 1
    outer loop
      vertex 68.63000000268221 -145.5680000036955 2.199
      vertex 68.61500000208616 -148 2.199
      vertex 69.89199999719858 -145.8940000012517 2.199
    endloop
  endfacet
  facet normal 0 0 1
    outer loop
      vertex 69.89199999719858 -145.8940000012517 2.199
      vertex 68.61500000208616 -148 2.199
      vertex 71.21599999815226 -145.88199999928474 2.199
    endloop
  endfacet
  facet normal 1 0 0
    outer loop
      vertex 68.61500000208616 -140.9399999976158 2.601
      vertex 68.61500000208616 -141 5.271
      vertex 68.61500000208616 -141 2.601
    endloop
  endfacet
  facet normal 1 0 0
    outer loop
      vertex 68.61500000208616 -140.9399999976158 2.601
      vertex 68.61500000208616 -140.9399999976158 5.271
      vertex 68.61500000208616 -141 5.271
    endloop
  endfacet
  facet normal 0 -1 0
    outer loop
      vertex 68.61500000208616 -140.9399999976158 2.601
      vertex 72.38499999791384 -140.9399999976158 5.271
      vertex 68.61500000208616 -140.9399999976158 5.271
    endloop
  endfacet
  facet normal 1 0 0
    outer loop
      vertex 68.61500000208616 -145 2.601
      vertex 68.61500000208616 -148 5.271
      vertex 68.61500000208616 -145.55864257358425 2.601
    endloop
  endfacet
  facet normal 1 0 0
    outer loop
      vertex 68.61500000208616 -145.55864257358425 2.601
      vertex 68.61500000208616 -148 5.271
      vertex 68.61500000208616 -148 2.199
    endloop
  endfacet
  facet normal 1 0 0
    outer loop
      vertex 68.61500000208616 -145 2.601
      vertex 68.61500000208616 -145 5.271
      vertex 68.61500000208616 -148 5.271
    endloop
  endfacet
  facet normal 0 0 1
    outer loop
      vertex 71.21599999815226 -145.88199999928474 2.199
      vertex 68.61500000208616 -148 2.199
      vertex 72.38499999791384 -148 2.199
    endloop
  endfacet
  facet normal 0 0 1
    outer loop
      vertex 71.21599999815226 -145.88199999928474 2.199
      vertex 72.38499999791384 -148 2.199
      vertex 72.38499999791384 -145.505394784635 2.199
    endloop
  endfacet
  facet normal -1 0 0
    outer loop
      vertex 72.38499999791384 -145.505394784635 2.199
      vertex 72.38499999791384 -148 2.199
      vertex 72.38499999791384 -145.505394784635 2.601
    endloop
  endfacet
  facet normal 0 -1 0
    outer loop
      vertex 68.61500000208616 -140.9399999976158 2.601
      vertex 72.38499999791384 -140.9399999976158 2.601
      vertex 72.38499999791384 -140.9399999976158 5.271
    endloop
  endfacet
  facet normal -1 0 0
    outer loop
      vertex 72.38499999791384 -140.9399999976158 2.601
      vertex 72.38499999791384 -141 2.601
      vertex 72.38499999791384 -140.9399999976158 5.271
    endloop
  endfacet
  facet normal -1 0 0
    outer loop
      vertex 72.38499999791384 -141 2.601
      vertex 72.38499999791384 -141 5.271
      vertex 72.38499999791384 -140.9399999976158 5.271
    endloop
  endfacet
  facet normal -1 0 0
    outer loop
      vertex 72.38499999791384 -145.505394784635 2.601
      vertex 72.38499999791384 -148 2.199
      vertex 72.38499999791384 -145 5.271
    endloop
  endfacet
  facet normal -1 0 0
    outer loop
      vertex 72.38499999791384 -145 2.601
      vertex 72.38499999791384 -145.505394784635 2.601
      vertex 72.38499999791384 -145 5.271
    endloop
  endfacet
  facet normal -1 0 0
    outer loop
      vertex 72.38499999791384 -145 5.271
      vertex 72.38499999791384 -148 2.199
      vertex 72.38499999791384 -148 5.271
    endloop
  endfacet
  facet normal 0 0 -1
    outer loop
      vertex 68.61500000208616 -140.9399999976158 5.271
      vertex 72.38499999791384 -141 5.271
      vertex 68.61500000208616 -141 5.271
    endloop
  endfacet
  facet normal 0 0 -1
    outer loop
      vertex 68.61500000208616 -145 5.271
      vertex 72.38499999791384 -148 5.271
      vertex 68.61500000208616 -148 5.271
    endloop
  endfacet
  facet normal 0 0 -1
    outer loop
      vertex 68.61500000208616 -140.9399999976158 5.271
      vertex 72.38499999791384 -140.9399999976158 5.271
      vertex 72.38499999791384 -141 5.271
    endloop
  endfacet
  facet normal 0 0 -1
    outer loop
      vertex 68.61500000208616 -145 5.271
      vertex 72.38499999791384 -145 5.271
      vertex 72.38499999791384 -148 5.271
    endloop
  endfacet
  facet normal 1 0 0
    outer loop
      vertex 87.61500000208616 -145.44158079219136 2.199
      vertex 87.61500000208616 -145.44158079219136 2.601
      vertex 87.61500000208616 -148 2.199
    endloop
  endfacet
  facet normal 0 0 1
    outer loop
      vertex 87.61500000208616 -145.44158079219136 2.199
      vertex 87.61500000208616 -148 2.199
      vertex 88.37600000202656 -145.8069999963045 2.199
    endloop
  endfacet
  facet normal 0 0 1
    outer loop
      vertex 88.37600000202656 -145.8069999963045 2.199
      vertex 87.61500000208616 -148 2.199
      vertex 89.75199999660254 -145.92800000309944 2.199
    endloop
  endfacet
  facet normal 0 0 1
    outer loop
      vertex 89.75199999660254 -145.92800000309944 2.199
      vertex 87.61500000208616 -148 2.199
      vertex 91.38499999791384 -148 2.199
    endloop
  endfacet
  facet normal 1 0 0
    outer loop
      vertex 87.61500000208616 -140.9399999976158 2.601
      vertex 87.61500000208616 -141 5.271
      vertex 87.61500000208616 -141 2.601
    endloop
  endfacet
  facet normal 1 0 0
    outer loop
      vertex 87.61500000208616 -140.9399999976158 2.601
      vertex 87.61500000208616 -140.9399999976158 5.271
      vertex 87.61500000208616 -141 5.271
    endloop
  endfacet
  facet normal 0 -1 0
    outer loop
      vertex 87.61500000208616 -140.9399999976158 2.601
      vertex 91.38499999791384 -140.9399999976158 5.271
      vertex 87.61500000208616 -140.9399999976158 5.271
    endloop
  endfacet
  facet normal 1 0 0
    outer loop
      vertex 87.61500000208616 -145 2.601
      vertex 87.61500000208616 -148 5.271
      vertex 87.61500000208616 -145.44158079219136 2.601
    endloop
  endfacet
  facet normal 1 0 0
    outer loop
      vertex 87.61500000208616 -145.44158079219136 2.601
      vertex 87.61500000208616 -148 5.271
      vertex 87.61500000208616 -148 2.199
    endloop
  endfacet
  facet normal 1 0 0
    outer loop
      vertex 87.61500000208616 -145 2.601
      vertex 87.61500000208616 -145 5.271
      vertex 87.61500000208616 -148 5.271
    endloop
  endfacet
  facet normal 0 0 1
    outer loop
      vertex 89.75199999660254 -145.92800000309944 2.199
      vertex 91.38499999791384 -148 2.199
      vertex 91.30200000107288 -145.59600000083447 2.199
    endloop
  endfacet
  facet normal 0 0 1
    outer loop
      vertex 91.30200000107288 -145.59600000083447 2.199
      vertex 91.38499999791384 -148 2.199
      vertex 91.38499999791384 -145.5504186275191 2.199
    endloop
  endfacet
  facet normal -1 0 0
    outer loop
      vertex 91.38499999791384 -145.5504186275191 2.199
      vertex 91.38499999791384 -148 2.199
      vertex 91.38499999791384 -145.5504186275191 2.601
    endloop
  endfacet
  facet normal 0 -1 0
    outer loop
      vertex 87.61500000208616 -140.9399999976158 2.601
      vertex 91.38499999791384 -140.9399999976158 2.601
      vertex 91.38499999791384 -140.9399999976158 5.271
    endloop
  endfacet
  facet normal -1 0 0
    outer loop
      vertex 91.38499999791384 -140.9399999976158 2.601
      vertex 91.38499999791384 -141 2.601
      vertex 91.38499999791384 -140.9399999976158 5.271
    endloop
  endfacet
  facet normal -1 0 0
    outer loop
      vertex 91.38499999791384 -141 2.601
      vertex 91.38499999791384 -141 5.271
      vertex 91.38499999791384 -140.9399999976158 5.271
    endloop
  endfacet
  facet normal -1 0 0
    outer loop
      vertex 91.38499999791384 -145.5504186275191 2.601
      vertex 91.38499999791384 -148 2.199
      vertex 91.38499999791384 -145 5.271
    endloop
  endfacet
  facet normal -1 0 0
    outer loop
      vertex 91.38499999791384 -145 2.601
      vertex 91.38499999791384 -145.5504186275191 2.601
      vertex 91.38499999791384 -145 5.271
    endloop
  endfacet
  facet normal -1 0 0
    outer loop
      vertex 91.38499999791384 -145 5.271
      vertex 91.38499999791384 -148 2.199
      vertex 91.38499999791384 -148 5.271
    endloop
  endfacet
  facet normal 0 0 -1
    outer loop
      vertex 87.61500000208616 -140.9399999976158 5.271
      vertex 91.38499999791384 -141 5.271
      vertex 87.61500000208616 -141 5.271
    endloop
  endfacet
  facet normal 0 0 -1
    outer loop
      vertex 87.61500000208616 -145 5.271
      vertex 91.38499999791384 -148 5.271
      vertex 87.61500000208616 -148 5.271
    endloop
  endfacet
  facet normal 0 0 -1
    outer loop
      vertex 87.61500000208616 -140.9399999976158 5.271
      vertex 91.38499999791384 -140.9399999976158 5.271
      vertex 91.38499999791384 -141 5.271
    endloop
  endfacet
  facet normal 0 0 -1
    outer loop
      vertex 87.61500000208616 -145 5.271
      vertex 91.38499999791384 -145 5.271
      vertex 91.38499999791384 -148 5.271
    endloop
  endfacet
  facet normal 0 -1 0
    outer loop
      vertex 68.61500000208616 -148 2.199
      vertex 68.61500000208616 -148 5.271
      vertex 68 -148 2.199
    endloop
  endfacet
  facet normal 0 -1 0
    outer loop
      vertex 68.61500000208616 -148 5.271
      vertex 68 -148 7.960999999999999
      vertex 68 -148 2.199
    endloop
  endfacet
  facet normal 0 -1 0
    outer loop
      vertex 68.61500000208616 -148 5.271
      vertex 72.38499999791384 -148 5.271
      vertex 68 -148 7.960999999999999
    endloop
  endfacet
  facet normal 0 -1 0
    outer loop
      vertex 72.38499999791384 -148 5.271
      vertex 87.61500000208616 -148 5.271
      vertex 68 -148 7.960999999999999
    endloop
  endfacet
  facet normal 0 -1 0
    outer loop
      vertex 91.38499999791384 -148 5.271
      vertex 91.38499999791384 -148 2.199
      vertex 92 -148 2.199
    endloop
  endfacet
  facet normal 0 -1 0
    outer loop
      vertex 68 -148 7.960999999999999
      vertex 87.61500000208616 -148 5.271
      vertex 92 -148 7.960999999999999
    endloop
  endfacet
  facet normal 0 -1 0
    outer loop
      vertex 91.38499999791384 -148 5.271
      vertex 92 -148 2.199
      vertex 92 -148 7.960999999999999
    endloop
  endfacet
  facet normal 0 -1 0
    outer loop
      vertex 91.38499999791384 -148 5.271
      vertex 92 -148 7.960999999999999
      vertex 87.61500000208616 -148 5.271
    endloop
  endfacet
  facet normal 0 0 1
    outer loop
      vertex 66.5 -141 2.199
      vertex 66.5029999986291 -143.79500000178814 2.199
      vertex 66.50270813339978 -141 2.199
    endloop
  endfacet
  facet normal 0 0 1
    outer loop
      vertex 66.5 -141 2.199
      vertex 66.5 -145 2.199
      vertex 66.5029999986291 -143.79500000178814 2.199
    endloop
  endfacet
  facet normal 0 0 1
    outer loop
      vertex 66.5029999986291 -143.79500000178814 2.199
      vertex 66.5 -145 2.199
      vertex 67.1359999999404 -144.6359999999404 2.199
    endloop
  endfacet
  facet normal 0 0 1
    outer loop
      vertex 66.5 -145 2.199
      vertex 67.7194935609876 -145 2.199
      vertex 67.1359999999404 -144.6359999999404 2.199
    endloop
  endfacet
  facet normal 0 1 0
    outer loop
      vertex 66.5 -145 2.199
      vertex 67.7194935609876 -145 2.601
      vertex 67.7194935609876 -145 2.199
    endloop
  endfacet
  facet normal 0 -1 0
    outer loop
      vertex 66.50270813339978 -141 2.601
      vertex 68.61500000208616 -141 2.601
      vertex 68.61500000208616 -141 5.271
    endloop
  endfacet
  facet normal 0 -1 0
    outer loop
      vertex 66.5 -141 2.199
      vertex 66.50270813339978 -141 2.199
      vertex 66.5 -141 8.201
    endloop
  endfacet
  facet normal 0 -1 0
    outer loop
      vertex 66.50270813339978 -141 2.199
      vertex 66.50270813339978 -141 2.601
      vertex 66.5 -141 8.201
    endloop
  endfacet
  facet normal 1 0 0
    outer loop
      vertex 66.5 -141 2.199
      vertex 66.5 -145 8.201
      vertex 66.5 -145 2.199
    endloop
  endfacet
  facet normal 0 1 0
    outer loop
      vertex 66.5 -145 2.199
      vertex 66.5 -145 8.201
      vertex 67.7194935609876 -145 2.601
    endloop
  endfacet
  facet normal 0 1 0
    outer loop
      vertex 67.7194935609876 -145 2.601
      vertex 66.5 -145 8.201
      vertex 68.61500000208616 -145 2.601
    endloop
  endfacet
  facet normal 0 0 1
    outer loop
      vertex 75.45840485987901 -141 2.199
      vertex 75.45899999886751 -141.527000002563 2.199
      vertex 84.55311592990354 -141 2.199
    endloop
  endfacet
  facet normal 0 -1 0
    outer loop
      vertex 75.45840485987901 -141 2.199
      vertex 84.55311592990354 -141 2.199
      vertex 75.45840485987901 -141 2.601
    endloop
  endfacet
  facet normal 0 0 1
    outer loop
      vertex 75.45899999886751 -141.527000002563 2.199
      vertex 75.07699999958277 -142.93900000303984 2.199
      vertex 85.07800000160933 -143.2660000026226 2.199
    endloop
  endfacet
  facet normal 0 0 1
    outer loop
      vertex 74.17000000178814 -144.33200000226498 2.199
      vertex 85.07800000160933 -143.2660000026226 2.199
      vertex 75.07699999958277 -142.93900000303984 2.199
    endloop
  endfacet
  facet normal 0 1 0
    outer loop
      vertex 73.29985063019383 -145 2.199
      vertex 73.29985063019383 -145 2.601
      vertex 86.69539047130945 -145 2.199
    endloop
  endfacet
  facet normal 0 0 1
    outer loop
      vertex 73.29985063019383 -145 2.199
      vertex 86.40799999982119 -144.86200000345707 2.199
      vertex 74.17000000178814 -144.33200000226498 2.199
    endloop
  endfacet
  facet normal 0 -1 0
    outer loop
      vertex 72.38499999791384 -141 2.601
      vertex 75.45840485987901 -141 2.601
      vertex 72.38499999791384 -141 5.271
    endloop
  endfacet
  facet normal 0 1 0
    outer loop
      vertex 72.38499999791384 -145 2.601
      vertex 72.38499999791384 -145 5.271
      vertex 73.29985063019383 -145 2.601
    endloop
  endfacet
  facet normal 0 -1 0
    outer loop
      vertex 75.45840485987901 -141 2.601
      vertex 84.55311592990354 -141 2.601
      vertex 72.38499999791384 -141 5.271
    endloop
  endfacet
  facet normal 0 -1 0
    outer loop
      vertex 66.50270813339978 -141 2.601
      vertex 68.61500000208616 -141 5.271
      vertex 66.5 -141 8.201
    endloop
  endfacet
  facet normal 1 0 0
    outer loop
      vertex 66.5 -141 2.199
      vertex 66.5 -141 8.201
      vertex 66.5 -145 8.201
    endloop
  endfacet
  facet normal 0 -1 0
    outer loop
      vertex 68.61500000208616 -141 5.271
      vertex 72.38499999791384 -141 5.271
      vertex 66.5 -141 8.201
    endloop
  endfacet
  facet normal 0 1 0
    outer loop
      vertex 68.61500000208616 -145 2.601
      vertex 66.5 -145 8.201
      vertex 68.61500000208616 -145 5.271
    endloop
  endfacet
  facet normal 0 -1 0
    outer loop
      vertex 66.5 -141 8.201
      vertex 72.38499999791384 -141 5.271
      vertex 84.55311592990354 -141 2.601
    endloop
  endfacet
  facet normal 0 -1 0
    outer loop
      vertex 66.5 -141 8.201
      vertex 84.55311592990354 -141 2.601
      vertex 87.61500000208616 -141 5.271
    endloop
  endfacet
  facet normal 0 1 0
    outer loop
      vertex 73.29985063019383 -145 2.601
      vertex 72.38499999791384 -145 5.271
      vertex 93.5 -145 8.201
    endloop
  endfacet
  facet normal 0 1 0
    outer loop
      vertex 68.61500000208616 -145 5.271
      vertex 93.5 -145 8.201
      vertex 72.38499999791384 -145 5.271
    endloop
  endfacet
  facet normal 0 1 0
    outer loop
      vertex 68.61500000208616 -145 5.271
      vertex 66.5 -145 8.201
      vertex 93.5 -145 8.201
    endloop
  endfacet
  facet normal 0 0 -1
    outer loop
      vertex 66.5 -141 8.201
      vertex 93.5 -141 8.201
      vertex 66.5 -145 8.201
    endloop
  endfacet
  facet normal 0 0 1
    outer loop
      vertex 75.45899999886751 -141.527000002563 2.199
      vertex 84.55300000309944 -141.6220000013709 2.199
      vertex 84.55311592990354 -141 2.199
    endloop
  endfacet
  facet normal 0 -1 0
    outer loop
      vertex 75.45840485987901 -141 2.601
      vertex 84.55311592990354 -141 2.199
      vertex 84.55311592990354 -141 2.601
    endloop
  endfacet
  facet normal 0 0 1
    outer loop
      vertex 75.45899999886751 -141.527000002563 2.199
      vertex 85.07800000160933 -143.2660000026226 2.199
      vertex 84.55300000309944 -141.6220000013709 2.199
    endloop
  endfacet
  facet normal 0 0 1
    outer loop
      vertex 74.17000000178814 -144.33200000226498 2.199
      vertex 86.40799999982119 -144.86200000345707 2.199
      vertex 85.07800000160933 -143.2660000026226 2.199
    endloop
  endfacet
  facet normal 0 0 1
    outer loop
      vertex 73.29985063019383 -145 2.199
      vertex 86.69539047130945 -145 2.199
      vertex 86.40799999982119 -144.86200000345707 2.199
    endloop
  endfacet
  facet normal 0 1 0
    outer loop
      vertex 73.29985063019383 -145 2.601
      vertex 86.69539047130945 -145 2.601
      vertex 86.69539047130945 -145 2.199
    endloop
  endfacet
  facet normal 0 1 0
    outer loop
      vertex 73.29985063019383 -145 2.601
      vertex 87.61500000208616 -145 5.271
      vertex 86.69539047130945 -145 2.601
    endloop
  endfacet
  facet normal 0 -1 0
    outer loop
      vertex 84.55311592990354 -141 2.601
      vertex 87.61500000208616 -141 2.601
      vertex 87.61500000208616 -141 5.271
    endloop
  endfacet
  facet normal 0 1 0
    outer loop
      vertex 86.69539047130945 -145 2.601
      vertex 87.61500000208616 -145 5.271
      vertex 87.61500000208616 -145 2.601
    endloop
  endfacet
  facet normal 0 -1 0
    outer loop
      vertex 93.5 -141 2.199
      vertex 93.49729186660022 -141 2.601
      vertex 93.49729186660022 -141 2.199
    endloop
  endfacet
  facet normal 0 0 1
    outer loop
      vertex 93.5 -141 2.199
      vertex 93.49729186660022 -141 2.199
      vertex 93.4970000013709 -143.79500000178814 2.199
    endloop
  endfacet
  facet normal 0 0 1
    outer loop
      vertex 93.5 -141 2.199
      vertex 93.4970000013709 -143.79500000178814 2.199
      vertex 93.5 -145 2.199
    endloop
  endfacet
  facet normal 0 0 1
    outer loop
      vertex 92.38726783282956 -145 2.199
      vertex 93.5 -145 2.199
      vertex 92.45099999755621 -144.96500000357628 2.199
    endloop
  endfacet
  facet normal 0 0 1
    outer loop
      vertex 92.45099999755621 -144.96500000357628 2.199
      vertex 93.5 -145 2.199
      vertex 93.4970000013709 -143.79500000178814 2.199
    endloop
  endfacet
  facet normal 0 1 0
    outer loop
      vertex 91.38499999791384 -145 2.601
      vertex 91.38499999791384 -145 5.271
      vertex 92.38726783282956 -145 2.601
    endloop
  endfacet
  facet normal 0 -1 0
    outer loop
      vertex 93.5 -141 2.199
      vertex 93.5 -141 8.201
      vertex 93.49729186660022 -141 2.601
    endloop
  endfacet
  facet normal -1 0 0
    outer loop
      vertex 93.5 -141 2.199
      vertex 93.5 -145 2.199
      vertex 93.5 -141 8.201
    endloop
  endfacet
  facet normal 0 -1 0
    outer loop
      vertex 91.38499999791384 -141 2.601
      vertex 93.49729186660022 -141 2.601
      vertex 93.5 -141 8.201
    endloop
  endfacet
  facet normal 0 1 0
    outer loop
      vertex 92.38726783282956 -145 2.199
      vertex 93.5 -145 8.201
      vertex 93.5 -145 2.199
    endloop
  endfacet
  facet normal 0 1 0
    outer loop
      vertex 92.38726783282956 -145 2.199
      vertex 92.38726783282956 -145 2.601
      vertex 93.5 -145 8.201
    endloop
  endfacet
  facet normal 0 -1 0
    outer loop
      vertex 66.5 -141 8.201
      vertex 87.61500000208616 -141 5.271
      vertex 91.38499999791384 -141 5.271
    endloop
  endfacet
  facet normal 0 1 0
    outer loop
      vertex 73.29985063019383 -145 2.601
      vertex 93.5 -145 8.201
      vertex 87.61500000208616 -145 5.271
    endloop
  endfacet
  facet normal 0 -1 0
    outer loop
      vertex 66.5 -141 8.201
      vertex 91.38499999791384 -141 5.271
      vertex 93.5 -141 8.201
    endloop
  endfacet
  facet normal 0 0 -1
    outer loop
      vertex 66.5 -145 8.201
      vertex 93.5 -141 8.201
      vertex 93.5 -145 8.201
    endloop
  endfacet
  facet normal 0 -1 0
    outer loop
      vertex 91.38499999791384 -141 2.601
      vertex 93.5 -141 8.201
      vertex 91.38499999791384 -141 5.271
    endloop
  endfacet
  facet normal 0 1 0
    outer loop
      vertex 92.38726783282956 -145 2.601
      vertex 91.38499999791384 -145 5.271
      vertex 93.5 -145 8.201
    endloop
  endfacet
  facet normal 0 1 0
    outer loop
      vertex 87.61500000208616 -145 5.271
      vertex 93.5 -145 8.201
      vertex 91.38499999791384 -145 5.271
    endloop
  endfacet
  facet normal -1 0 0
    outer loop
      vertex 93.5 -145 2.199
      vertex 93.5 -145 8.201
      vertex 93.5 -141 8.201
    endloop
  endfacet
  facet normal 0.19502392543858724 -0.9807984851673275 0
    outer loop
      vertex 73.43699999898672 -64.1550000011921 5.999
      vertex 80 -62.850000001490116 5.999
      vertex 73.43699999898672 -64.1550000011921 17.999
    endloop
  endfacet
  facet normal 0 0 1
    outer loop
      vertex 64.1550000011921 -73.43699999898672 5.999
      vertex 62.850000001490116 -80 5.999
      vertex 65.81918362183755 -73.8640171770972 5.999
    endloop
  endfacet
  facet normal 0 0 1
    outer loop
      vertex 64.1550000011921 -73.43699999898672 5.999
      vertex 68.87081637816244 -73.8640171770972 5.999
      vertex 67.87300000339746 -67.87300000339746 5.999
    endloop
  endfacet
  facet normal 0 0 1
    outer loop
      vertex 64.1550000011921 -73.43699999898672 5.999
      vertex 65.81918362183755 -73.8640171770972 5.999
      vertex 68.87081637816244 -73.8640171770972 5.999
    endloop
  endfacet
  facet normal 0.9807984851673275 -0.19502392543858724 0
    outer loop
      vertex 64.1550000011921 -73.43699999898672 5.999
      vertex 62.850000001490116 -80 17.999
      vertex 62.850000001490116 -80 5.999
    endloop
  endfacet
  facet normal 0.5555964801011501 -0.8314520739641056 0
    outer loop
      vertex 67.87300000339746 -67.87300000339746 5.999
      vertex 73.43699999898672 -64.1550000011921 5.999
      vertex 67.87300000339746 -67.87300000339746 17.999
    endloop
  endfacet
  facet normal 0.8314520739641056 -0.5555964801011501 0
    outer loop
      vertex 64.1550000011921 -73.43699999898672 5.999
      vertex 67.87300000339746 -67.87300000339746 5.999
      vertex 64.1550000011921 -73.43699999898672 17.999
    endloop
  endfacet
  facet normal 0 0 1
    outer loop
      vertex 62.850000001490116 -80 5.999
      vertex 64.1550000011921 -86.56300000101328 5.999
      vertex 65.81918362183755 -73.8640171770972 5.999
    endloop
  endfacet
  facet normal 0 0 1
    outer loop
      vertex 65.81918362183755 -73.8640171770972 5.999
      vertex 64.1550000011921 -86.56300000101328 5.999
      vertex 65.81918362183755 -86.1359828229028 5.999
    endloop
  endfacet
  facet normal 0.9807984851673275 0.19502392543858724 0
    outer loop
      vertex 62.850000001490116 -80 5.999
      vertex 64.1550000011921 -86.56300000101328 17.999
      vertex 64.1550000011921 -86.56300000101328 5.999
    endloop
  endfacet
  facet normal 0.8314520739641056 0.5555964801011501 0
    outer loop
      vertex 64.1550000011921 -86.56300000101328 5.999
      vertex 67.87300000339746 -92.12699999660254 17.999
      vertex 67.87300000339746 -92.12699999660254 5.999
    endloop
  endfacet
  facet normal 0 0 1
    outer loop
      vertex 67.87300000339746 -67.87300000339746 5.999
      vertex 95.8449999988079 -73.43699999898672 5.999
      vertex 73.43699999898672 -64.1550000011921 5.999
    endloop
  endfacet
  facet normal 0 0 1
    outer loop
      vertex 67.87300000339746 -67.87300000339746 5.999
      vertex 68.87081637816244 -73.8640171770972 5.999
      vertex 91.12918362183756 -73.8640171770972 5.999
    endloop
  endfacet
  facet normal 0 0 1
    outer loop
      vertex 68.87081637816244 -73.8640171770972 5.999
      vertex 68.87081637816244 -86.1359828229028 5.999
      vertex 91.12918362183756 -73.8640171770972 5.999
    endloop
  endfacet
  facet normal 0 0 1
    outer loop
      vertex 64.1550000011921 -86.56300000101328 5.999
      vertex 92.12699999660254 -92.12699999660254 5.999
      vertex 65.81918362183755 -86.1359828229028 5.999
    endloop
  endfacet
  facet normal 0 0 1
    outer loop
      vertex 64.1550000011921 -86.56300000101328 5.999
      vertex 67.87300000339746 -92.12699999660254 5.999
      vertex 86.56300000101328 -95.8449999988079 5.999
    endloop
  endfacet
  facet normal 0 0 1
    outer loop
      vertex 65.81918362183755 -86.1359828229028 5.999
      vertex 92.12699999660254 -92.12699999660254 5.999
      vertex 68.87081637816244 -86.1359828229028 5.999
    endloop
  endfacet
  facet normal 0.19502392543858724 -0.9807984851673275 0
    outer loop
      vertex 80 -62.850000001490116 5.999
      vertex 80 -62.850000001490116 17.999
      vertex 73.43699999898672 -64.1550000011921 17.999
    endloop
  endfacet
  facet normal 0.9807984851673275 -0.19502392543858724 0
    outer loop
      vertex 64.1550000011921 -73.43699999898672 5.999
      vertex 64.1550000011921 -73.43699999898672 17.999
      vertex 62.850000001490116 -80 17.999
    endloop
  endfacet
  facet normal 0.8314520739641056 -0.5555964801011501 0
    outer loop
      vertex 67.87300000339746 -67.87300000339746 5.999
      vertex 67.87300000339746 -67.87300000339746 17.999
      vertex 64.1550000011921 -73.43699999898672 17.999
    endloop
  endfacet
  facet normal 0.9807984851673275 0.19502392543858724 0
    outer loop
      vertex 62.850000001490116 -80 5.999
      vertex 62.850000001490116 -80 17.999
      vertex 64.1550000011921 -86.56300000101328 17.999
    endloop
  endfacet
  facet normal 0.8314520739641056 0.5555964801011501 0
    outer loop
      vertex 64.1550000011921 -86.56300000101328 5.999
      vertex 64.1550000011921 -86.56300000101328 17.999
      vertex 67.87300000339746 -92.12699999660254 17.999
    endloop
  endfacet
  facet normal 0.5555964801011501 -0.8314520739641056 0
    outer loop
      vertex 73.43699999898672 -64.1550000011921 5.999
      vertex 73.43699999898672 -64.1550000011921 17.999
      vertex 67.87300000339746 -67.87300000339746 17.999
    endloop
  endfacet
  facet normal 0 0 1
    outer loop
      vertex 67.87300000339746 -92.12699999660254 5.999
      vertex 73.43699999898672 -95.8449999988079 5.999
      vertex 80 -97.14999999850988 5.999
    endloop
  endfacet
  facet normal 0 0 1
    outer loop
      vertex 67.87300000339746 -92.12699999660254 5.999
      vertex 80 -97.14999999850988 5.999
      vertex 86.56300000101328 -95.8449999988079 5.999
    endloop
  endfacet
  facet normal 0.5555964801011501 0.8314520739641056 0
    outer loop
      vertex 67.87300000339746 -92.12699999660254 5.999
      vertex 73.43699999898672 -95.8449999988079 17.999
      vertex 73.43699999898672 -95.8449999988079 5.999
    endloop
  endfacet
  facet normal 0.19502392543858724 0.9807984851673275 0
    outer loop
      vertex 73.43699999898672 -95.8449999988079 5.999
      vertex 80 -97.14999999850988 17.999
      vertex 80 -97.14999999850988 5.999
    endloop
  endfacet
  facet normal 0.5555964801011501 0.8314520739641056 0
    outer loop
      vertex 67.87300000339746 -92.12699999660254 5.999
      vertex 67.87300000339746 -92.12699999660254 17.999
      vertex 73.43699999898672 -95.8449999988079 17.999
    endloop
  endfacet
  facet normal 0.19502392543858724 0.9807984851673275 0
    outer loop
      vertex 73.43699999898672 -95.8449999988079 5.999
      vertex 73.43699999898672 -95.8449999988079 17.999
      vertex 80 -97.14999999850988 17.999
    endloop
  endfacet
  facet normal -0.19502392543858724 -0.9807984851673275 0
    outer loop
      vertex 80 -62.850000001490116 5.999
      vertex 86.56300000101328 -64.1550000011921 5.999
      vertex 80 -62.850000001490116 17.999
    endloop
  endfacet
  facet normal 0 0 1
    outer loop
      vertex 73.43699999898672 -64.1550000011921 5.999
      vertex 92.12699999660254 -67.87300000339746 5.999
      vertex 80 -62.850000001490116 5.999
    endloop
  endfacet
  facet normal 0 0 1
    outer loop
      vertex 67.87300000339746 -67.87300000339746 5.999
      vertex 91.12918362183756 -73.8640171770972 5.999
      vertex 94.18081637816245 -73.8640171770972 5.999
    endloop
  endfacet
  facet normal 0 0 1
    outer loop
      vertex 80 -62.850000001490116 5.999
      vertex 92.12699999660254 -67.87300000339746 5.999
      vertex 86.56300000101328 -64.1550000011921 5.999
    endloop
  endfacet
  facet normal 0 0 1
    outer loop
      vertex 73.43699999898672 -64.1550000011921 5.999
      vertex 95.8449999988079 -73.43699999898672 5.999
      vertex 92.12699999660254 -67.87300000339746 5.999
    endloop
  endfacet
  facet normal 0 0 1
    outer loop
      vertex 67.87300000339746 -67.87300000339746 5.999
      vertex 94.18081637816245 -73.8640171770972 5.999
      vertex 95.8449999988079 -73.43699999898672 5.999
    endloop
  endfacet
  facet normal -0.5555964801011501 -0.8314520739641056 0
    outer loop
      vertex 86.56300000101328 -64.1550000011921 5.999
      vertex 92.12699999660254 -67.87300000339746 5.999
      vertex 86.56300000101328 -64.1550000011921 17.999
    endloop
  endfacet
  facet normal 0 0 1
    outer loop
      vertex 68.87081637816244 -86.1359828229028 5.999
      vertex 91.12918362183756 -86.1359828229028 5.999
      vertex 91.12918362183756 -73.8640171770972 5.999
    endloop
  endfacet
  facet normal 0 0 1
    outer loop
      vertex 64.1550000011921 -86.56300000101328 5.999
      vertex 86.56300000101328 -95.8449999988079 5.999
      vertex 92.12699999660254 -92.12699999660254 5.999
    endloop
  endfacet
  facet normal 0 0 1
    outer loop
      vertex 68.87081637816244 -86.1359828229028 5.999
      vertex 92.12699999660254 -92.12699999660254 5.999
      vertex 91.12918362183756 -86.1359828229028 5.999
    endloop
  endfacet
  facet normal 0 0 1
    outer loop
      vertex 95.8449999988079 -73.43699999898672 5.999
      vertex 94.18081637816245 -73.8640171770972 5.999
      vertex 94.18081637816245 -86.1359828229028 5.999
    endloop
  endfacet
  facet normal -0.8314520739641056 -0.5555964801011501 0
    outer loop
      vertex 92.12699999660254 -67.87300000339746 5.999
      vertex 95.8449999988079 -73.43699999898672 5.999
      vertex 92.12699999660254 -67.87300000339746 17.999
    endloop
  endfacet
  facet normal -0.9807984851673275 -0.19502392543858724 0
    outer loop
      vertex 95.8449999988079 -73.43699999898672 5.999
      vertex 97.14999999850988 -80 5.999
      vertex 95.8449999988079 -73.43699999898672 17.999
    endloop
  endfacet
  facet normal 0 0 1
    outer loop
      vertex 91.12918362183756 -86.1359828229028 5.999
      vertex 95.8449999988079 -86.56300000101328 5.999
      vertex 94.18081637816245 -86.1359828229028 5.999
    endloop
  endfacet
  facet normal 0 0 1
    outer loop
      vertex 91.12918362183756 -86.1359828229028 5.999
      vertex 92.12699999660254 -92.12699999660254 5.999
      vertex 95.8449999988079 -86.56300000101328 5.999
    endloop
  endfacet
  facet normal 0 0 1
    outer loop
      vertex 95.8449999988079 -73.43699999898672 5.999
      vertex 94.18081637816245 -86.1359828229028 5.999
      vertex 97.14999999850988 -80 5.999
    endloop
  endfacet
  facet normal 0 0 1
    outer loop
      vertex 97.14999999850988 -80 5.999
      vertex 94.18081637816245 -86.1359828229028 5.999
      vertex 95.8449999988079 -86.56300000101328 5.999
    endloop
  endfacet
  facet normal -0.8314520739641056 0.5555964801011501 0
    outer loop
      vertex 92.12699999660254 -92.12699999660254 5.999
      vertex 95.8449999988079 -86.56300000101328 17.999
      vertex 95.8449999988079 -86.56300000101328 5.999
    endloop
  endfacet
  facet normal -0.9807984851673275 0.19502392543858724 0
    outer loop
      vertex 97.14999999850988 -80 5.999
      vertex 95.8449999988079 -86.56300000101328 5.999
      vertex 97.14999999850988 -80 17.999
    endloop
  endfacet
  facet normal -0.19502392543858724 -0.9807984851673275 0
    outer loop
      vertex 80 -62.850000001490116 17.999
      vertex 86.56300000101328 -64.1550000011921 5.999
      vertex 86.56300000101328 -64.1550000011921 17.999
    endloop
  endfacet
  facet normal -0.5555964801011501 -0.8314520739641056 0
    outer loop
      vertex 92.12699999660254 -67.87300000339746 5.999
      vertex 92.12699999660254 -67.87300000339746 17.999
      vertex 86.56300000101328 -64.1550000011921 17.999
    endloop
  endfacet
  facet normal -0.8314520739641056 -0.5555964801011501 0
    outer loop
      vertex 95.8449999988079 -73.43699999898672 5.999
      vertex 95.8449999988079 -73.43699999898672 17.999
      vertex 92.12699999660254 -67.87300000339746 17.999
    endloop
  endfacet
  facet normal -0.9807984851673275 -0.19502392543858724 0
    outer loop
      vertex 97.14999999850988 -80 5.999
      vertex 97.14999999850988 -80 17.999
      vertex 95.8449999988079 -73.43699999898672 17.999
    endloop
  endfacet
  facet normal -0.8314520739641056 0.5555964801011501 0
    outer loop
      vertex 92.12699999660254 -92.12699999660254 5.999
      vertex 92.12699999660254 -92.12699999660254 17.999
      vertex 95.8449999988079 -86.56300000101328 17.999
    endloop
  endfacet
  facet normal -0.9807984851673275 0.19502392543858724 0
    outer loop
      vertex 95.8449999988079 -86.56300000101328 5.999
      vertex 95.8449999988079 -86.56300000101328 17.999
      vertex 97.14999999850988 -80 17.999
    endloop
  endfacet
  facet normal -0.19502392543858724 0.9807984851673275 0
    outer loop
      vertex 80 -97.14999999850988 5.999
      vertex 86.56300000101328 -95.8449999988079 17.999
      vertex 86.56300000101328 -95.8449999988079 5.999
    endloop
  endfacet
  facet normal -0.5555964801011501 0.8314520739641056 0
    outer loop
      vertex 86.56300000101328 -95.8449999988079 5.999
      vertex 92.12699999660254 -92.12699999660254 17.999
      vertex 92.12699999660254 -92.12699999660254 5.999
    endloop
  endfacet
  facet normal -0.19502392543858724 0.9807984851673275 0
    outer loop
      vertex 80 -97.14999999850988 5.999
      vertex 80 -97.14999999850988 17.999
      vertex 86.56300000101328 -95.8449999988079 17.999
    endloop
  endfacet
  facet normal -0.5555964801011501 0.8314520739641056 0
    outer loop
      vertex 86.56300000101328 -95.8449999988079 5.999
      vertex 86.56300000101328 -95.8449999988079 17.999
      vertex 92.12699999660254 -92.12699999660254 17.999
    endloop
  endfacet
  facet normal 0.19502392543858724 -0.9807984851673274 0
    outer loop
      vertex 73.43699999898672 -64.1550000011921 17.999
      vertex 80 -62.850000001490116 17.999
      vertex 73.43699999898672 -64.1550000011921 20
    endloop
  endfacet
  facet normal 0.19502392543858724 -0.9807984851673274 0
    outer loop
      vertex 80 -62.850000001490116 17.999
      vertex 80 -62.850000001490116 20
      vertex 73.43699999898672 -64.1550000011921 20
    endloop
  endfacet
  facet normal 0.9807984851673274 -0.19502392543858724 0
    outer loop
      vertex 64.1550000011921 -73.43699999898672 17.999
      vertex 62.850000001490116 -80 20
      vertex 62.850000001490116 -80 17.999
    endloop
  endfacet
  facet normal 0.9807984851673274 -0.19502392543858724 0
    outer loop
      vertex 64.1550000011921 -73.43699999898672 17.999
      vertex 64.1550000011921 -73.43699999898672 20
      vertex 62.850000001490116 -80 20
    endloop
  endfacet
  facet normal 0.55559648010115 -0.8314520739641055 0
    outer loop
      vertex 67.87300000339746 -67.87300000339746 17.999
      vertex 73.43699999898672 -64.1550000011921 17.999
      vertex 67.87300000339746 -67.87300000339746 20
    endloop
  endfacet
  facet normal 0.8314520739641055 -0.55559648010115 0
    outer loop
      vertex 67.87300000339746 -67.87300000339746 17.999
      vertex 67.87300000339746 -67.87300000339746 20
      vertex 64.1550000011921 -73.43699999898672 20
    endloop
  endfacet
  facet normal 0.8314520739641055 -0.55559648010115 0
    outer loop
      vertex 64.1550000011921 -73.43699999898672 17.999
      vertex 67.87300000339746 -67.87300000339746 17.999
      vertex 64.1550000011921 -73.43699999898672 20
    endloop
  endfacet
  facet normal 0.9807984851673274 0.19502392543858724 0
    outer loop
      vertex 62.850000001490116 -80 17.999
      vertex 64.1550000011921 -86.56300000101328 20
      vertex 64.1550000011921 -86.56300000101328 17.999
    endloop
  endfacet
  facet normal 0.9807984851673274 0.19502392543858724 0
    outer loop
      vertex 62.850000001490116 -80 17.999
      vertex 62.850000001490116 -80 20
      vertex 64.1550000011921 -86.56300000101328 20
    endloop
  endfacet
  facet normal 0.8314520739641055 0.55559648010115 0
    outer loop
      vertex 64.1550000011921 -86.56300000101328 17.999
      vertex 67.87300000339746 -92.12699999660254 20
      vertex 67.87300000339746 -92.12699999660254 17.999
    endloop
  endfacet
  facet normal 0.8314520739641055 0.55559648010115 0
    outer loop
      vertex 64.1550000011921 -86.56300000101328 17.999
      vertex 64.1550000011921 -86.56300000101328 20
      vertex 67.87300000339746 -92.12699999660254 20
    endloop
  endfacet
  facet normal 0.55559648010115 -0.8314520739641055 0
    outer loop
      vertex 73.43699999898672 -64.1550000011921 17.999
      vertex 73.43699999898672 -64.1550000011921 20
      vertex 67.87300000339746 -67.87300000339746 20
    endloop
  endfacet
  facet normal 0.55559648010115 0.8314520739641055 0
    outer loop
      vertex 67.87300000339746 -92.12699999660254 17.999
      vertex 67.87300000339746 -92.12699999660254 20
      vertex 73.43699999898672 -95.8449999988079 20
    endloop
  endfacet
  facet normal 0.55559648010115 0.8314520739641055 0
    outer loop
      vertex 67.87300000339746 -92.12699999660254 17.999
      vertex 73.43699999898672 -95.8449999988079 20
      vertex 73.43699999898672 -95.8449999988079 17.999
    endloop
  endfacet
  facet normal 0.19502392543858724 0.9807984851673274 0
    outer loop
      vertex 73.43699999898672 -95.8449999988079 17.999
      vertex 80 -97.14999999850988 20
      vertex 80 -97.14999999850988 17.999
    endloop
  endfacet
  facet normal 0.19502392543858724 0.9807984851673274 0
    outer loop
      vertex 73.43699999898672 -95.8449999988079 17.999
      vertex 73.43699999898672 -95.8449999988079 20
      vertex 80 -97.14999999850988 20
    endloop
  endfacet
  facet normal -0.19502392543858724 -0.9807984851673274 0
    outer loop
      vertex 80 -62.850000001490116 17.999
      vertex 86.56300000101328 -64.1550000011921 17.999
      vertex 80 -62.850000001490116 20
    endloop
  endfacet
  facet normal -0.19502392543858724 -0.9807984851673274 0
    outer loop
      vertex 86.56300000101328 -64.1550000011921 17.999
      vertex 86.56300000101328 -64.1550000011921 20
      vertex 80 -62.850000001490116 20
    endloop
  endfacet
  facet normal -0.55559648010115 -0.8314520739641055 0
    outer loop
      vertex 86.56300000101328 -64.1550000011921 17.999
      vertex 92.12699999660254 -67.87300000339746 17.999
      vertex 86.56300000101328 -64.1550000011921 20
    endloop
  endfacet
  facet normal -0.8314520739641055 -0.55559648010115 0
    outer loop
      vertex 92.12699999660254 -67.87300000339746 17.999
      vertex 95.8449999988079 -73.43699999898672 17.999
      vertex 92.12699999660254 -67.87300000339746 20
    endloop
  endfacet
  facet normal -0.55559648010115 -0.8314520739641055 0
    outer loop
      vertex 92.12699999660254 -67.87300000339746 17.999
      vertex 92.12699999660254 -67.87300000339746 20
      vertex 86.56300000101328 -64.1550000011921 20
    endloop
  endfacet
  facet normal -0.8314520739641055 -0.55559648010115 0
    outer loop
      vertex 95.8449999988079 -73.43699999898672 17.999
      vertex 95.8449999988079 -73.43699999898672 20
      vertex 92.12699999660254 -67.87300000339746 20
    endloop
  endfacet
  facet normal -0.9807984851673274 -0.19502392543858724 0
    outer loop
      vertex 95.8449999988079 -73.43699999898672 17.999
      vertex 97.14999999850988 -80 17.999
      vertex 95.8449999988079 -73.43699999898672 20
    endloop
  endfacet
  facet normal -0.9807984851673275 -0.19502392543858724 0
    outer loop
      vertex 97.14999999850988 -80 18.001
      vertex 95.8449999988079 -73.43699999898672 20
      vertex 97.14999999850988 -80 17.999
    endloop
  endfacet
  facet normal -0.9807984851673276 -0.19502392543858724 0
    outer loop
      vertex 97.14999999850988 -80 18.001
      vertex 97.14999999850988 -80 20
      vertex 95.8449999988079 -73.43699999898672 20
    endloop
  endfacet
  facet normal -0.8314520739641055 0.55559648010115 0
    outer loop
      vertex 92.12699999660254 -92.12699999660254 17.999
      vertex 95.8449999988079 -86.56300000101328 20
      vertex 95.8449999988079 -86.56300000101328 17.999
    endloop
  endfacet
  facet normal -0.8314520739641055 0.55559648010115 0
    outer loop
      vertex 92.12699999660254 -92.12699999660254 17.999
      vertex 92.12699999660254 -92.12699999660254 20
      vertex 95.8449999988079 -86.56300000101328 20
    endloop
  endfacet
  facet normal -0.9807984851673275 0.19502392543858724 0
    outer loop
      vertex 97.14999999850988 -80 18.001
      vertex 97.14999999850988 -80 17.999
      vertex 95.8449999988079 -86.56300000101328 17.999
    endloop
  endfacet
  facet normal -0.9807984851673276 0.19502392543858724 0
    outer loop
      vertex 97.14999999850988 -80 18.001
      vertex 95.8449999988079 -86.56300000101328 17.999
      vertex 97.14999999850988 -80 20
    endloop
  endfacet
  facet normal -0.9807984851673274 0.19502392543858724 0
    outer loop
      vertex 95.8449999988079 -86.56300000101328 17.999
      vertex 95.8449999988079 -86.56300000101328 20
      vertex 97.14999999850988 -80 20
    endloop
  endfacet
  facet normal -0.19502392543858724 0.9807984851673274 0
    outer loop
      vertex 80 -97.14999999850988 17.999
      vertex 86.56300000101328 -95.8449999988079 20
      vertex 86.56300000101328 -95.8449999988079 17.999
    endloop
  endfacet
  facet normal -0.19502392543858724 0.9807984851673274 0
    outer loop
      vertex 80 -97.14999999850988 17.999
      vertex 80 -97.14999999850988 20
      vertex 86.56300000101328 -95.8449999988079 20
    endloop
  endfacet
  facet normal -0.55559648010115 0.8314520739641055 0
    outer loop
      vertex 86.56300000101328 -95.8449999988079 17.999
      vertex 86.56300000101328 -95.8449999988079 20
      vertex 92.12699999660254 -92.12699999660254 20
    endloop
  endfacet
  facet normal -0.55559648010115 0.8314520739641055 0
    outer loop
      vertex 86.56300000101328 -95.8449999988079 17.999
      vertex 92.12699999660254 -92.12699999660254 20
      vertex 92.12699999660254 -92.12699999660254 17.999
    endloop
  endfacet
  facet normal 0.9487181333658719 0 0.31612324087731336
    outer loop
      vertex 66.319 -75.874 4.499
      vertex 65.81918362183755 -73.8640171770972 5.999
      vertex 66.319 -84.126 4.499
    endloop
  endfacet
  facet normal 0 0 1
    outer loop
      vertex 66.319 -75.874 4.499
      vertex 66.32000000029802 -75.875 4.499
      vertex 68.36999999731779 -75.875 4.499
    endloop
  endfacet
  facet normal 0 0 1
    outer loop
      vertex 66.319 -75.874 4.499
      vertex 68.36999999731779 -75.875 4.499
      vertex 68.371 -75.874 4.499
    endloop
  endfacet
  facet normal 0 -0.5980876957533819 0.8014306633692088
    outer loop
      vertex 66.319 -75.874 4.499
      vertex 68.371 -75.874 4.499
      vertex 68.87081637816244 -73.8640171770972 5.999
    endloop
  endfacet
  facet normal 0 0 1
    outer loop
      vertex 66.319 -75.874 4.499
      vertex 66.319 -84.126 4.499
      vertex 66.32000000029802 -75.875 4.499
    endloop
  endfacet
  facet normal 0 0 1
    outer loop
      vertex 66.32000000029802 -75.875 4.499
      vertex 66.319 -84.126 4.499
      vertex 66.32000000029802 -84.125 4.499
    endloop
  endfacet
  facet normal 0 0 1
    outer loop
      vertex 66.319 -84.126 4.499
      vertex 68.371 -84.126 4.499
      vertex 66.32000000029802 -84.125 4.499
    endloop
  endfacet
  facet normal 0 0.5980876957533819 0.8014306633692088
    outer loop
      vertex 66.319 -84.126 4.499
      vertex 65.81918362183755 -86.1359828229028 5.999
      vertex 68.371 -84.126 4.499
    endloop
  endfacet
  facet normal 0 0 1
    outer loop
      vertex 68.371 -75.874 4.499
      vertex 68.36999999731779 -75.875 4.499
      vertex 68.36999999731779 -84.125 4.499
    endloop
  endfacet
  facet normal 0 0 1
    outer loop
      vertex 68.371 -75.874 4.499
      vertex 68.36999999731779 -84.125 4.499
      vertex 68.371 -84.126 4.499
    endloop
  endfacet
  facet normal -0.9487181333658719 0 0.31612324087731336
    outer loop
      vertex 68.371 -75.874 4.499
      vertex 68.371 -84.126 4.499
      vertex 68.87081637816244 -86.1359828229028 5.999
    endloop
  endfacet
  facet normal 0 0 1
    outer loop
      vertex 66.32000000029802 -84.125 4.499
      vertex 68.371 -84.126 4.499
      vertex 68.36999999731779 -84.125 4.499
    endloop
  endfacet
  facet normal 0 -0.5980876957533819 0.8014306633692088
    outer loop
      vertex 66.319 -75.874 4.499
      vertex 68.87081637816244 -73.8640171770972 5.999
      vertex 65.81918362183755 -73.8640171770972 5.999
    endloop
  endfacet
  facet normal 0.9487181333658717 0 0.31612324087731336
    outer loop
      vertex 65.81918362183755 -73.8640171770972 5.999
      vertex 65.81918362183755 -86.1359828229028 5.999
      vertex 66.319 -84.126 4.499
    endloop
  endfacet
  facet normal -0.9487181333658717 0 0.31612324087731336
    outer loop
      vertex 68.371 -75.874 4.499
      vertex 68.87081637816244 -86.1359828229028 5.999
      vertex 68.87081637816244 -73.8640171770972 5.999
    endloop
  endfacet
  facet normal 0 0.5980876957533819 0.8014306633692088
    outer loop
      vertex 68.371 -84.126 4.499
      vertex 65.81918362183755 -86.1359828229028 5.999
      vertex 68.87081637816244 -86.1359828229028 5.999
    endloop
  endfacet
  facet normal 0 0 1
    outer loop
      vertex 91.629 -75.874 4.499
      vertex 91.63000000268221 -75.875 4.499
      vertex 93.67999999970198 -75.875 4.499
    endloop
  endfacet
  facet normal 0.9487181333658719 0 0.31612324087731336
    outer loop
      vertex 91.629 -75.874 4.499
      vertex 91.12918362183756 -73.8640171770972 5.999
      vertex 91.629 -84.126 4.499
    endloop
  endfacet
  facet normal 0 0 1
    outer loop
      vertex 91.629 -75.874 4.499
      vertex 93.67999999970198 -75.875 4.499
      vertex 93.681 -75.874 4.499
    endloop
  endfacet
  facet normal 0 -0.5980876957533819 0.8014306633692088
    outer loop
      vertex 91.629 -75.874 4.499
      vertex 93.681 -75.874 4.499
      vertex 94.18081637816245 -73.8640171770972 5.999
    endloop
  endfacet
  facet normal 0 0 1
    outer loop
      vertex 91.629 -75.874 4.499
      vertex 91.629 -84.126 4.499
      vertex 91.63000000268221 -75.875 4.499
    endloop
  endfacet
  facet normal 0 0 1
    outer loop
      vertex 91.63000000268221 -75.875 4.499
      vertex 91.629 -84.126 4.499
      vertex 91.63000000268221 -84.125 4.499
    endloop
  endfacet
  facet normal 0 0 1
    outer loop
      vertex 91.629 -84.126 4.499
      vertex 93.681 -84.126 4.499
      vertex 91.63000000268221 -84.125 4.499
    endloop
  endfacet
  facet normal 0 0.5980876957533819 0.8014306633692088
    outer loop
      vertex 91.629 -84.126 4.499
      vertex 91.12918362183756 -86.1359828229028 5.999
      vertex 93.681 -84.126 4.499
    endloop
  endfacet
  facet normal 0 0 1
    outer loop
      vertex 93.681 -75.874 4.499
      vertex 93.67999999970198 -75.875 4.499
      vertex 93.67999999970198 -84.125 4.499
    endloop
  endfacet
  facet normal 0 0 1
    outer loop
      vertex 93.681 -75.874 4.499
      vertex 93.67999999970198 -84.125 4.499
      vertex 93.681 -84.126 4.499
    endloop
  endfacet
  facet normal 0 0 1
    outer loop
      vertex 91.63000000268221 -84.125 4.499
      vertex 93.681 -84.126 4.499
      vertex 93.67999999970198 -84.125 4.499
    endloop
  endfacet
  facet normal -0.9487181333658719 0 0.31612324087731336
    outer loop
      vertex 93.681 -75.874 4.499
      vertex 93.681 -84.126 4.499
      vertex 94.18081637816245 -86.1359828229028 5.999
    endloop
  endfacet
  facet normal 0 -0.5980876957533819 0.8014306633692088
    outer loop
      vertex 91.629 -75.874 4.499
      vertex 94.18081637816245 -73.8640171770972 5.999
      vertex 91.12918362183756 -73.8640171770972 5.999
    endloop
  endfacet
  facet normal 0.9487181333658717 0 0.31612324087731336
    outer loop
      vertex 91.12918362183756 -73.8640171770972 5.999
      vertex 91.12918362183756 -86.1359828229028 5.999
      vertex 91.629 -84.126 4.499
    endloop
  endfacet
  facet normal -0.9487181333658717 0 0.31612324087731336
    outer loop
      vertex 93.681 -75.874 4.499
      vertex 94.18081637816245 -86.1359828229028 5.999
      vertex 94.18081637816245 -73.8640171770972 5.999
    endloop
  endfacet
  facet normal 0 0.5980876957533819 0.8014306633692088
    outer loop
      vertex 93.681 -84.126 4.499
      vertex 91.12918362183756 -86.1359828229028 5.999
      vertex 94.18081637816245 -86.1359828229028 5.999
    endloop
  endfacet
  facet normal 0 0 1
    outer loop
      vertex 69.4998793924239 -139.939 1.599
      vertex 69.499 -141.93104199761646 1.599
      vertex 69.5 -139.9399999976158 1.599
    endloop
  endfacet
  facet normal 0 0 1
    outer loop
      vertex 69.5 -139.9399999976158 1.599
      vertex 69.499 -141.93104199761646 1.599
      vertex 69.5 -141.9399999976158 1.599
    endloop
  endfacet
  facet normal 0 0 1
    outer loop
      vertex 69.499 -141.93104199761646 1.599
      vertex 69.50000000021505 -141.93999999978496 1.599
      vertex 69.5 -141.9399999976158 1.599
    endloop
  endfacet
  facet normal 0 0 1
    outer loop
      vertex 69.5 -141.9399999976158 1.599
      vertex 69.50000000021505 -141.93999999978496 1.599
      vertex 69.50000000117514 -141.93999999882487 1.599
    endloop
  endfacet
  facet normal 0 0 1
    outer loop
      vertex 69.4998793924239 -139.939 1.599
      vertex 69.5 -139.9399999976158 1.599
      vertex 71.49979898737318 -139.939 1.599
    endloop
  endfacet
  facet normal 0 0 1
    outer loop
      vertex 69.5 -139.9399999976158 1.599
      vertex 71.5 -139.9399999976158 1.599
      vertex 71.49979898737318 -139.939 1.599
    endloop
  endfacet
  facet normal 0 0 1
    outer loop
      vertex 71.49979898737318 -139.939 1.599
      vertex 71.5 -139.9399999976158 1.599
      vertex 71.50000000046872 -139.9399999995313 1.599
    endloop
  endfacet
  facet normal 0 0 1
    outer loop
      vertex 71.50000000046872 -139.9399999995313 1.599
      vertex 71.5 -139.9399999976158 1.599
      vertex 71.5 -141.9399999976158 1.599
    endloop
  endfacet
  facet normal 0 0 1
    outer loop
      vertex 69.5 -141.9399999976158 1.599
      vertex 69.50000000117514 -141.93999999882487 1.599
      vertex 71.50038767255718 -141.941 1.599
    endloop
  endfacet
  facet normal 0 0 1
    outer loop
      vertex 69.5 -141.9399999976158 1.599
      vertex 71.50038767255718 -141.941 1.599
      vertex 71.5 -141.9399999976158 1.599
    endloop
  endfacet
  facet normal 0 0 1
    outer loop
      vertex 71.50000000046872 -139.9399999995313 1.599
      vertex 71.5 -141.9399999976158 1.599
      vertex 71.50038767255718 -141.941 1.599
    endloop
  endfacet
  facet normal 0 0 1
    outer loop
      vertex 88.5 -139.9399999976158 1.599
      vertex 88.50020101262682 -139.939 1.599
      vertex 88.499 -139.94235277008497 1.599
    endloop
  endfacet
  facet normal 0 0 1
    outer loop
      vertex 88.5 -139.9399999976158 1.599
      vertex 88.499 -139.94235277008497 1.599
      vertex 88.5 -141.9399999976158 1.599
    endloop
  endfacet
  facet normal 0 0 1
    outer loop
      vertex 88.5 -139.9399999976158 1.599
      vertex 90.5 -139.9399999976158 1.599
      vertex 88.50020101262682 -139.939 1.599
    endloop
  endfacet
  facet normal 0 0 1
    outer loop
      vertex 88.50020101262682 -139.939 1.599
      vertex 90.5 -139.9399999976158 1.599
      vertex 90.5001206075761 -139.939 1.599
    endloop
  endfacet
  facet normal 0 0 1
    outer loop
      vertex 88.499 -139.94235277008497 1.599
      vertex 88.49999999399071 -141.94000000600929 1.599
      vertex 88.5 -141.9399999976158 1.599
    endloop
  endfacet
  facet normal 0 0 1
    outer loop
      vertex 88.5 -141.9399999976158 1.599
      vertex 88.49999999399071 -141.94000000600929 1.599
      vertex 88.50000000103445 -141.93999999896556 1.599
    endloop
  endfacet
  facet normal 0 0 1
    outer loop
      vertex 88.5 -141.9399999976158 1.599
      vertex 88.50000000103445 -141.93999999896556 1.599
      vertex 90.5 -141.9399999976158 1.599
    endloop
  endfacet
  facet normal 0 0 1
    outer loop
      vertex 88.50000000103445 -141.93999999896556 1.599
      vertex 90.5002193659498 -141.941 1.599
      vertex 90.5 -141.9399999976158 1.599
    endloop
  endfacet
  facet normal 0 0 1
    outer loop
      vertex 90.5001206075761 -139.939 1.599
      vertex 90.5 -139.9399999976158 1.599
      vertex 90.5 -139.94 1.599
    endloop
  endfacet
  facet normal 0 0 1
    outer loop
      vertex 90.5 -139.94 1.599
      vertex 90.5 -141.9399999976158 1.599
      vertex 90.501 -141.93104199761646 1.599
    endloop
  endfacet
  facet normal 0 0 1
    outer loop
      vertex 90.501 -141.93104199761646 1.599
      vertex 90.5 -141.9399999976158 1.599
      vertex 90.5002193659498 -141.941 1.599
    endloop
  endfacet
endsolid OpenSCAD_Model
