solid OpenSCAD_Model
  facet normal 0 0 -1
    outer loop
      vertex 95.61635221775948 -2.633056667657167 0
      vertex 95.12362483589413 -2.369688395062254 0
      vertex 95.67919506891373 -1.5382187827597087 0
    endloop
  endfacet
  facet normal 0 0 -1
    outer loop
      vertex 96.15099258225403 -2.795238049149207 0
      vertex 96.707 -1.85 0
      vertex 96.707 -2.85 0
    endloop
  endfacet
  facet normal 0 0 -1
    outer loop
      vertex 95.61635221775948 -2.633056667657167 0
      vertex 96.34608290427016 -1.8144527687459764 0
      vertex 96.15099258225403 -2.795238049149207 0
    endloop
  endfacet
  facet normal 0 0 -1
    outer loop
      vertex 95.61635221775948 -2.633056667657167 0
      vertex 95.99903565012458 -1.7091771351458807 0
      vertex 96.34608290427016 -1.8144527687459764 0
    endloop
  endfacet
  facet normal 0 0 -1
    outer loop
      vertex 96.15099258225403 -2.795238049149207 0
      vertex 96.34608290427016 -1.8144527687459764 0
      vertex 96.707 -1.85 0
    endloop
  endfacet
  facet normal 0 0 -1
    outer loop
      vertex 96.707 -2.85 0
      vertex 96.707 -1.85 0
      vertex 97.06791709572983 -1.8144527687459764 0
    endloop
  endfacet
  facet normal 0 0 -1
    outer loop
      vertex 94.69174567361833 -2.0152543263816605 0
      vertex 95.16878121724028 -1.027804931086264 0
      vertex 95.12362483589413 -2.369688395062254 0
    endloop
  endfacet
  facet normal 0 0 -1
    outer loop
      vertex 95.12362483589413 -2.369688395062254 0
      vertex 95.39885245480488 -1.308147545195113 0
      vertex 95.67919506891373 -1.5382187827597087 0
    endloop
  endfacet
  facet normal 0 0 -1
    outer loop
      vertex 94.69174567361833 -2.0152543263816605 0
      vertex 94.99782286485411 -0.7079643498754161 0
      vertex 95.16878121724028 -1.027804931086264 0
    endloop
  endfacet
  facet normal 0 0 -1
    outer loop
      vertex 95.12362483589413 -2.369688395062254 0
      vertex 95.16878121724028 -1.027804931086264 0
      vertex 95.39885245480488 -1.308147545195113 0
    endloop
  endfacet
  facet normal 0 0 -1
    outer loop
      vertex 95.61635221775948 -2.633056667657167 0
      vertex 95.67919506891373 -1.5382187827597087 0
      vertex 95.99903565012458 -1.7091771351458807 0
    endloop
  endfacet
  facet normal -0.7730104533627405 -0.6343932841636413 0
    outer loop
      vertex 94.69174567361833 -2.0152543263816605 0
      vertex 94.33731160493774 -1.5833751641058662 1.21
      vertex 94.33731160493774 -1.5833751641058662 0
    endloop
  endfacet
  facet normal -0.881921264348352 -0.471396736826003 0
    outer loop
      vertex 94.07394333234282 -1.0906477822405058 0
      vertex 94.33731160493774 -1.5833751641058662 0
      vertex 94.07394333234282 -1.0906477822405058 1.21
    endloop
  endfacet
  facet normal -0.4713967368260049 -0.881921264348351 0
    outer loop
      vertex 95.61635221775948 -2.633056667657167 0
      vertex 95.61635221775948 -2.633056667657167 1.21
      vertex 95.12362483589413 -2.369688395062254 0
    endloop
  endfacet
  facet normal -0.6343932841636355 -0.7730104533627451 0
    outer loop
      vertex 94.69174567361833 -2.0152543263816605 0
      vertex 95.12362483589413 -2.369688395062254 0
      vertex 95.12362483589413 -2.369688395062254 1.21
    endloop
  endfacet
  facet normal -0.29028467725445795 -0.9569403357322103 0
    outer loop
      vertex 95.61635221775948 -2.633056667657167 0
      vertex 96.15099258225403 -2.795238049149207 0
      vertex 96.15099258225403 -2.795238049149207 1.21
    endloop
  endfacet
  facet normal -0.09801714032956171 -0.9951847266721968 0
    outer loop
      vertex 96.15099258225403 -2.795238049149207 0
      vertex 96.707 -2.85 0
      vertex 96.707 -2.85 1.21
    endloop
  endfacet
  facet normal 0 0 -1
    outer loop
      vertex 96.707 -2.85 0
      vertex 97.06791709572983 -1.8144527687459764 0
      vertex 97.26300741774595 -2.795238049149207 0
    endloop
  endfacet
  facet normal 0 0 -1
    outer loop
      vertex 97.26300741774595 -2.795238049149207 0
      vertex 97.06791709572983 -1.8144527687459764 0
      vertex 97.4149643498754 -1.7091771351458807 0
    endloop
  endfacet
  facet normal 0 0 -1
    outer loop
      vertex 97.26300741774595 -2.795238049149207 0
      vertex 97.4149643498754 -1.7091771351458807 0
      vertex 97.7976477822405 -2.633056667657167 0
    endloop
  endfacet
  facet normal 0 0 -1
    outer loop
      vertex 97.7976477822405 -2.633056667657167 0
      vertex 98.0151475451951 -1.308147545195113 0
      vertex 98.29037516410585 -2.369688395062254 0
    endloop
  endfacet
  facet normal 0 0 -1
    outer loop
      vertex 97.7976477822405 -2.633056667657167 0
      vertex 97.4149643498754 -1.7091771351458807 0
      vertex 97.73480493108626 -1.5382187827597087 0
    endloop
  endfacet
  facet normal 0 0 -1
    outer loop
      vertex 97.7976477822405 -2.633056667657167 0
      vertex 97.73480493108626 -1.5382187827597087 0
      vertex 98.0151475451951 -1.308147545195113 0
    endloop
  endfacet
  facet normal 0 0 -1
    outer loop
      vertex 98.29037516410585 -2.369688395062254 0
      vertex 98.0151475451951 -1.308147545195113 0
      vertex 98.24521878275971 -1.027804931086264 0
    endloop
  endfacet
  facet normal 0 0 -1
    outer loop
      vertex 98.29037516410585 -2.369688395062254 0
      vertex 98.52145276874597 -0.36091709572983727 0
      vertex 98.72225432638166 -2.0152543263816605 0
    endloop
  endfacet
  facet normal 0 0 -1
    outer loop
      vertex 98.29037516410585 -2.369688395062254 0
      vertex 98.24521878275971 -1.027804931086264 0
      vertex 98.41617713514587 -0.7079643498754161 0
    endloop
  endfacet
  facet normal 0.09801714032956171 -0.9951847266721968 0
    outer loop
      vertex 96.707 -2.85 0
      vertex 97.26300741774595 -2.795238049149207 0
      vertex 97.26300741774595 -2.795238049149207 1.21
    endloop
  endfacet
  facet normal 0.29028467725445795 -0.9569403357322103 0
    outer loop
      vertex 97.26300741774595 -2.795238049149207 0
      vertex 97.7976477822405 -2.633056667657167 0
      vertex 97.7976477822405 -2.633056667657167 1.21
    endloop
  endfacet
  facet normal 0.4713967368260049 -0.881921264348351 0
    outer loop
      vertex 97.7976477822405 -2.633056667657167 0
      vertex 98.29037516410585 -2.369688395062254 0
      vertex 98.29037516410585 -2.369688395062254 1.21
    endloop
  endfacet
  facet normal 0.6343932841636355 -0.7730104533627451 0
    outer loop
      vertex 98.29037516410585 -2.369688395062254 0
      vertex 98.72225432638166 -2.0152543263816605 0
      vertex 98.72225432638166 -2.0152543263816605 1.21
    endloop
  endfacet
  facet normal 0.7730104533627405 -0.6343932841636413 0
    outer loop
      vertex 98.72225432638166 -2.0152543263816605 0
      vertex 99.07668839506225 -1.5833751641058662 0
      vertex 98.72225432638166 -2.0152543263816605 1.21
    endloop
  endfacet
  facet normal 0.881921264348352 -0.471396736826003 0
    outer loop
      vertex 99.07668839506225 -1.5833751641058662 0
      vertex 99.34005666765717 -1.0906477822405058 0
      vertex 99.07668839506225 -1.5833751641058662 1.21
    endloop
  endfacet
  facet normal -0.881921264348352 -0.471396736826003 0
    outer loop
      vertex 94.33731160493774 -1.5833751641058662 0
      vertex 94.33731160493774 -1.5833751641058662 1.21
      vertex 94.07394333234282 -1.0906477822405058 1.21
    endloop
  endfacet
  facet normal -0.4713967368260049 -0.881921264348351 0
    outer loop
      vertex 95.12362483589413 -2.369688395062254 0
      vertex 95.61635221775948 -2.633056667657167 1.21
      vertex 95.12362483589413 -2.369688395062254 1.21
    endloop
  endfacet
  facet normal -0.6343932841636355 -0.7730104533627451 0
    outer loop
      vertex 94.69174567361833 -2.0152543263816605 0
      vertex 95.12362483589413 -2.369688395062254 1.21
      vertex 94.69174567361833 -2.0152543263816605 1.21
    endloop
  endfacet
  facet normal -0.29028467725445795 -0.9569403357322103 0
    outer loop
      vertex 95.61635221775948 -2.633056667657167 0
      vertex 96.15099258225403 -2.795238049149207 1.21
      vertex 95.61635221775948 -2.633056667657167 1.21
    endloop
  endfacet
  facet normal -0.09801714032956171 -0.9951847266721968 0
    outer loop
      vertex 96.15099258225403 -2.795238049149207 0
      vertex 96.707 -2.85 1.21
      vertex 96.15099258225403 -2.795238049149207 1.21
    endloop
  endfacet
  facet normal -0.7730104533627405 -0.6343932841636413 0
    outer loop
      vertex 94.69174567361833 -2.0152543263816605 0
      vertex 94.69174567361833 -2.0152543263816605 1.21
      vertex 94.33731160493774 -1.5833751641058662 1.21
    endloop
  endfacet
  facet normal 0.09801714032956171 -0.9951847266721968 0
    outer loop
      vertex 96.707 -2.85 0
      vertex 97.26300741774595 -2.795238049149207 1.21
      vertex 96.707 -2.85 1.21
    endloop
  endfacet
  facet normal 0.29028467725445795 -0.9569403357322103 0
    outer loop
      vertex 97.26300741774595 -2.795238049149207 0
      vertex 97.7976477822405 -2.633056667657167 1.21
      vertex 97.26300741774595 -2.795238049149207 1.21
    endloop
  endfacet
  facet normal 0.4713967368260049 -0.881921264348351 0
    outer loop
      vertex 97.7976477822405 -2.633056667657167 0
      vertex 98.29037516410585 -2.369688395062254 1.21
      vertex 97.7976477822405 -2.633056667657167 1.21
    endloop
  endfacet
  facet normal 0.6343932841636355 -0.7730104533627451 0
    outer loop
      vertex 98.29037516410585 -2.369688395062254 0
      vertex 98.72225432638166 -2.0152543263816605 1.21
      vertex 98.29037516410585 -2.369688395062254 1.21
    endloop
  endfacet
  facet normal 0.7730104533627405 -0.6343932841636413 0
    outer loop
      vertex 99.07668839506225 -1.5833751641058662 0
      vertex 99.07668839506225 -1.5833751641058662 1.21
      vertex 98.72225432638166 -2.0152543263816605 1.21
    endloop
  endfacet
  facet normal 0.881921264348352 -0.471396736826003 0
    outer loop
      vertex 99.34005666765717 -1.0906477822405058 0
      vertex 99.34005666765717 -1.0906477822405058 1.21
      vertex 99.07668839506225 -1.5833751641058662 1.21
    endloop
  endfacet
  facet normal 0 0 -1
    outer loop
      vertex 94.07394333234282 -1.0906477822405058 0
      vertex 94.33731160493774 1.5833751641058662 0
      vertex 94.33731160493774 -1.5833751641058662 0
    endloop
  endfacet
  facet normal 0 0 -1
    outer loop
      vertex 93.91176195085079 -0.5560074177459655 0
      vertex 93.857 0 0
      vertex 93.91176195085079 0.5560074177459655 0
    endloop
  endfacet
  facet normal 0 0 -1
    outer loop
      vertex 94.07394333234282 -1.0906477822405058 0
      vertex 93.91176195085079 -0.5560074177459655 0
      vertex 94.07394333234282 1.0906477822405058 0
    endloop
  endfacet
  facet normal 0 0 -1
    outer loop
      vertex 93.91176195085079 -0.5560074177459655 0
      vertex 93.91176195085079 0.5560074177459655 0
      vertex 94.07394333234282 1.0906477822405058 0
    endloop
  endfacet
  facet normal 0 0 -1
    outer loop
      vertex 94.07394333234282 -1.0906477822405058 0
      vertex 94.07394333234282 1.0906477822405058 0
      vertex 94.33731160493774 1.5833751641058662 0
    endloop
  endfacet
  facet normal 0 0 -1
    outer loop
      vertex 94.69174567361833 -2.0152543263816605 0
      vertex 94.89254723125401 -0.36091709572983727 0
      vertex 94.99782286485411 -0.7079643498754161 0
    endloop
  endfacet
  facet normal 0 0 -1
    outer loop
      vertex 94.69174567361833 -2.0152543263816605 0
      vertex 94.857 0 0
      vertex 94.89254723125401 -0.36091709572983727 0
    endloop
  endfacet
  facet normal 0 0 -1
    outer loop
      vertex 94.69174567361833 -2.0152543263816605 0
      vertex 94.33731160493774 -1.5833751641058662 0
      vertex 94.69174567361833 2.0152543263816605 0
    endloop
  endfacet
  facet normal 0 0 -1
    outer loop
      vertex 94.69174567361833 -2.0152543263816605 0
      vertex 94.69174567361833 2.0152543263816605 0
      vertex 94.857 0 0
    endloop
  endfacet
  facet normal -0.9569403357322122 -0.2902846772544516 0
    outer loop
      vertex 94.07394333234282 -1.0906477822405058 0
      vertex 93.91176195085079 -0.5560074177459655 1.21
      vertex 93.91176195085079 -0.5560074177459655 0
    endloop
  endfacet
  facet normal -0.9951847266721975 -0.09801714032955361 0
    outer loop
      vertex 93.91176195085079 -0.5560074177459655 0
      vertex 93.857 0 1.21
      vertex 93.857 0 0
    endloop
  endfacet
  facet normal -0.9951847266721975 0.09801714032955361 0
    outer loop
      vertex 93.857 0 0
      vertex 93.91176195085079 0.5560074177459655 1.21
      vertex 93.91176195085079 0.5560074177459655 0
    endloop
  endfacet
  facet normal 0 0 -1
    outer loop
      vertex 94.33731160493774 -1.5833751641058662 0
      vertex 94.33731160493774 1.5833751641058662 0
      vertex 94.69174567361833 2.0152543263816605 0
    endloop
  endfacet
  facet normal 0 0 -1
    outer loop
      vertex 94.69174567361833 2.0152543263816605 0
      vertex 94.89254723125401 0.36091709572983727 0
      vertex 94.857 0 0
    endloop
  endfacet
  facet normal 0 0 -1
    outer loop
      vertex 94.89254723125401 0.36091709572983727 0
      vertex 95.12362483589413 2.369688395062254 0
      vertex 94.99782286485411 0.7079643498754161 0
    endloop
  endfacet
  facet normal 0 0 -1
    outer loop
      vertex 94.99782286485411 0.7079643498754161 0
      vertex 95.12362483589413 2.369688395062254 0
      vertex 95.16878121724028 1.027804931086264 0
    endloop
  endfacet
  facet normal 0 0 -1
    outer loop
      vertex 94.69174567361833 2.0152543263816605 0
      vertex 95.12362483589413 2.369688395062254 0
      vertex 94.89254723125401 0.36091709572983727 0
    endloop
  endfacet
  facet normal 0 0 -1
    outer loop
      vertex 95.16878121724028 1.027804931086264 0
      vertex 95.12362483589413 2.369688395062254 0
      vertex 95.39885245480488 1.308147545195113 0
    endloop
  endfacet
  facet normal 0 0 -1
    outer loop
      vertex 95.39885245480488 1.308147545195113 0
      vertex 95.61635221775948 2.633056667657167 0
      vertex 95.67919506891373 1.5382187827597087 0
    endloop
  endfacet
  facet normal 0 0 -1
    outer loop
      vertex 95.39885245480488 1.308147545195113 0
      vertex 95.12362483589413 2.369688395062254 0
      vertex 95.61635221775948 2.633056667657167 0
    endloop
  endfacet
  facet normal 0 0 -1
    outer loop
      vertex 95.67919506891373 1.5382187827597087 0
      vertex 95.61635221775948 2.633056667657167 0
      vertex 95.99903565012458 1.7091771351458807 0
    endloop
  endfacet
  facet normal 0 0 -1
    outer loop
      vertex 95.99903565012458 1.7091771351458807 0
      vertex 96.15099258225403 2.795238049149207 0
      vertex 96.34608290427016 1.8144527687459764 0
    endloop
  endfacet
  facet normal 0 0 -1
    outer loop
      vertex 96.34608290427016 1.8144527687459764 0
      vertex 96.707 2.85 0
      vertex 96.707 1.85 0
    endloop
  endfacet
  facet normal -0.9569403357322122 0.2902846772544516 0
    outer loop
      vertex 93.91176195085079 0.5560074177459655 0
      vertex 94.07394333234282 1.0906477822405058 1.21
      vertex 94.07394333234282 1.0906477822405058 0
    endloop
  endfacet
  facet normal -0.881921264348352 0.471396736826003 0
    outer loop
      vertex 94.07394333234282 1.0906477822405058 0
      vertex 94.33731160493774 1.5833751641058662 1.21
      vertex 94.33731160493774 1.5833751641058662 0
    endloop
  endfacet
  facet normal -0.7730104533627405 0.6343932841636413 0
    outer loop
      vertex 94.33731160493774 1.5833751641058662 0
      vertex 94.69174567361833 2.0152543263816605 1.21
      vertex 94.69174567361833 2.0152543263816605 0
    endloop
  endfacet
  facet normal -0.6343932841636355 0.7730104533627451 0
    outer loop
      vertex 94.69174567361833 2.0152543263816605 0
      vertex 94.69174567361833 2.0152543263816605 1.21
      vertex 95.12362483589413 2.369688395062254 0
    endloop
  endfacet
  facet normal 0 0 -1
    outer loop
      vertex 98.29037516410585 -2.369688395062254 0
      vertex 98.41617713514587 -0.7079643498754161 0
      vertex 98.52145276874597 -0.36091709572983727 0
    endloop
  endfacet
  facet normal 0 0 -1
    outer loop
      vertex 98.52145276874597 -0.36091709572983727 0
      vertex 98.55699999999999 0 0
      vertex 98.72225432638166 -2.0152543263816605 0
    endloop
  endfacet
  facet normal 0 0 -1
    outer loop
      vertex 98.72225432638166 -2.0152543263816605 0
      vertex 99.07668839506225 1.5833751641058662 0
      vertex 99.07668839506225 -1.5833751641058662 0
    endloop
  endfacet
  facet normal 0 0 -1
    outer loop
      vertex 98.72225432638166 -2.0152543263816605 0
      vertex 98.55699999999999 0 0
      vertex 98.72225432638166 2.0152543263816605 0
    endloop
  endfacet
  facet normal 0 0 -1
    outer loop
      vertex 98.72225432638166 -2.0152543263816605 0
      vertex 98.72225432638166 2.0152543263816605 0
      vertex 99.07668839506225 1.5833751641058662 0
    endloop
  endfacet
  facet normal 0 0 -1
    outer loop
      vertex 99.07668839506225 -1.5833751641058662 0
      vertex 99.07668839506225 1.5833751641058662 0
      vertex 99.34005666765717 1.0906477822405058 0
    endloop
  endfacet
  facet normal 0 0 -1
    outer loop
      vertex 99.07668839506225 -1.5833751641058662 0
      vertex 99.34005666765717 1.0906477822405058 0
      vertex 99.34005666765717 -1.0906477822405058 0
    endloop
  endfacet
  facet normal 0 0 -1
    outer loop
      vertex 99.34005666765717 -1.0906477822405058 0
      vertex 99.5022380491492 0.5560074177459655 0
      vertex 99.5022380491492 -0.5560074177459655 0
    endloop
  endfacet
  facet normal 0 0 -1
    outer loop
      vertex 99.5022380491492 -0.5560074177459655 0
      vertex 99.5022380491492 0.5560074177459655 0
      vertex 99.55699999999999 0 0
    endloop
  endfacet
  facet normal 0 0 -1
    outer loop
      vertex 99.34005666765717 -1.0906477822405058 0
      vertex 99.34005666765717 1.0906477822405058 0
      vertex 99.5022380491492 0.5560074177459655 0
    endloop
  endfacet
  facet normal 0.9569403357322122 -0.2902846772544516 0
    outer loop
      vertex 99.34005666765717 -1.0906477822405058 0
      vertex 99.5022380491492 -0.5560074177459655 0
      vertex 99.34005666765717 -1.0906477822405058 1.21
    endloop
  endfacet
  facet normal 0.9951847266721975 -0.09801714032955361 0
    outer loop
      vertex 99.5022380491492 -0.5560074177459655 0
      vertex 99.55699999999999 0 0
      vertex 99.5022380491492 -0.5560074177459655 1.21
    endloop
  endfacet
  facet normal 0.9951847266721975 0.09801714032955361 0
    outer loop
      vertex 99.55699999999999 0 0
      vertex 99.5022380491492 0.5560074177459655 0
      vertex 99.55699999999999 0 1.21
    endloop
  endfacet
  facet normal 0 0 -1
    outer loop
      vertex 98.55699999999999 0 0
      vertex 98.52145276874597 0.36091709572983727 0
      vertex 98.72225432638166 2.0152543263816605 0
    endloop
  endfacet
  facet normal 0 0 -1
    outer loop
      vertex 98.52145276874597 0.36091709572983727 0
      vertex 98.41617713514587 0.7079643498754161 0
      vertex 98.72225432638166 2.0152543263816605 0
    endloop
  endfacet
  facet normal 0 0 -1
    outer loop
      vertex 98.41617713514587 0.7079643498754161 0
      vertex 98.24521878275971 1.027804931086264 0
      vertex 98.72225432638166 2.0152543263816605 0
    endloop
  endfacet
  facet normal 0 0 -1
    outer loop
      vertex 98.0151475451951 1.308147545195113 0
      vertex 97.73480493108626 1.5382187827597087 0
      vertex 98.29037516410585 2.369688395062254 0
    endloop
  endfacet
  facet normal 0 0 -1
    outer loop
      vertex 96.707 1.85 0
      vertex 97.26300741774595 2.795238049149207 0
      vertex 97.06791709572983 1.8144527687459764 0
    endloop
  endfacet
  facet normal 0 0 -1
    outer loop
      vertex 97.4149643498754 1.7091771351458807 0
      vertex 97.06791709572983 1.8144527687459764 0
      vertex 97.7976477822405 2.633056667657167 0
    endloop
  endfacet
  facet normal 0 0 -1
    outer loop
      vertex 97.4149643498754 1.7091771351458807 0
      vertex 97.7976477822405 2.633056667657167 0
      vertex 97.73480493108626 1.5382187827597087 0
    endloop
  endfacet
  facet normal 0 0 -1
    outer loop
      vertex 97.73480493108626 1.5382187827597087 0
      vertex 97.7976477822405 2.633056667657167 0
      vertex 98.29037516410585 2.369688395062254 0
    endloop
  endfacet
  facet normal 0 0 -1
    outer loop
      vertex 98.0151475451951 1.308147545195113 0
      vertex 98.29037516410585 2.369688395062254 0
      vertex 98.24521878275971 1.027804931086264 0
    endloop
  endfacet
  facet normal 0 0 -1
    outer loop
      vertex 98.24521878275971 1.027804931086264 0
      vertex 98.29037516410585 2.369688395062254 0
      vertex 98.72225432638166 2.0152543263816605 0
    endloop
  endfacet
  facet normal 0.7730104533627405 0.6343932841636413 0
    outer loop
      vertex 99.07668839506225 1.5833751641058662 0
      vertex 98.72225432638166 2.0152543263816605 0
      vertex 99.07668839506225 1.5833751641058662 1.21
    endloop
  endfacet
  facet normal 0.6343932841636355 0.7730104533627451 0
    outer loop
      vertex 98.29037516410585 2.369688395062254 0
      vertex 98.29037516410585 2.369688395062254 1.21
      vertex 98.72225432638166 2.0152543263816605 0
    endloop
  endfacet
  facet normal 0.9569403357322122 0.2902846772544516 0
    outer loop
      vertex 99.5022380491492 0.5560074177459655 0
      vertex 99.34005666765717 1.0906477822405058 0
      vertex 99.5022380491492 0.5560074177459655 1.21
    endloop
  endfacet
  facet normal 0.881921264348352 0.471396736826003 0
    outer loop
      vertex 99.07668839506225 1.5833751641058662 0
      vertex 99.34005666765717 1.0906477822405058 1.21
      vertex 99.34005666765717 1.0906477822405058 0
    endloop
  endfacet
  facet normal -0.9569403357322122 -0.2902846772544516 0
    outer loop
      vertex 94.07394333234282 -1.0906477822405058 0
      vertex 94.07394333234282 -1.0906477822405058 1.21
      vertex 93.91176195085079 -0.5560074177459655 1.21
    endloop
  endfacet
  facet normal -0.9951847266721975 -0.09801714032955361 0
    outer loop
      vertex 93.91176195085079 -0.5560074177459655 0
      vertex 93.91176195085079 -0.5560074177459655 1.21
      vertex 93.857 0 1.21
    endloop
  endfacet
  facet normal -0.9951847266721975 0.09801714032955361 0
    outer loop
      vertex 93.857 0 0
      vertex 93.857 0 1.21
      vertex 93.91176195085079 0.5560074177459655 1.21
    endloop
  endfacet
  facet normal -0.9569403357322122 0.2902846772544516 0
    outer loop
      vertex 93.91176195085079 0.5560074177459655 0
      vertex 93.91176195085079 0.5560074177459655 1.21
      vertex 94.07394333234282 1.0906477822405058 1.21
    endloop
  endfacet
  facet normal -0.881921264348352 0.471396736826003 0
    outer loop
      vertex 94.07394333234282 1.0906477822405058 0
      vertex 94.07394333234282 1.0906477822405058 1.21
      vertex 94.33731160493774 1.5833751641058662 1.21
    endloop
  endfacet
  facet normal -0.7730104533627405 0.6343932841636413 0
    outer loop
      vertex 94.33731160493774 1.5833751641058662 0
      vertex 94.33731160493774 1.5833751641058662 1.21
      vertex 94.69174567361833 2.0152543263816605 1.21
    endloop
  endfacet
  facet normal -0.6343932841636355 0.7730104533627451 0
    outer loop
      vertex 95.12362483589413 2.369688395062254 0
      vertex 94.69174567361833 2.0152543263816605 1.21
      vertex 95.12362483589413 2.369688395062254 1.21
    endloop
  endfacet
  facet normal 0.9569403357322122 -0.2902846772544516 0
    outer loop
      vertex 99.5022380491492 -0.5560074177459655 0
      vertex 99.5022380491492 -0.5560074177459655 1.21
      vertex 99.34005666765717 -1.0906477822405058 1.21
    endloop
  endfacet
  facet normal 0.9951847266721975 -0.09801714032955361 0
    outer loop
      vertex 99.55699999999999 0 0
      vertex 99.55699999999999 0 1.21
      vertex 99.5022380491492 -0.5560074177459655 1.21
    endloop
  endfacet
  facet normal 0.9951847266721975 0.09801714032955361 0
    outer loop
      vertex 99.5022380491492 0.5560074177459655 0
      vertex 99.5022380491492 0.5560074177459655 1.21
      vertex 99.55699999999999 0 1.21
    endloop
  endfacet
  facet normal 0.881921264348352 0.471396736826003 0
    outer loop
      vertex 99.07668839506225 1.5833751641058662 0
      vertex 99.07668839506225 1.5833751641058662 1.21
      vertex 99.34005666765717 1.0906477822405058 1.21
    endloop
  endfacet
  facet normal 0.6343932841636355 0.7730104533627451 0
    outer loop
      vertex 98.72225432638166 2.0152543263816605 0
      vertex 98.29037516410585 2.369688395062254 1.21
      vertex 98.72225432638166 2.0152543263816605 1.21
    endloop
  endfacet
  facet normal 0.7730104533627405 0.6343932841636413 0
    outer loop
      vertex 98.72225432638166 2.0152543263816605 0
      vertex 98.72225432638166 2.0152543263816605 1.21
      vertex 99.07668839506225 1.5833751641058662 1.21
    endloop
  endfacet
  facet normal 0.9569403357322122 0.2902846772544516 0
    outer loop
      vertex 99.34005666765717 1.0906477822405058 0
      vertex 99.34005666765717 1.0906477822405058 1.21
      vertex 99.5022380491492 0.5560074177459655 1.21
    endloop
  endfacet
  facet normal 0 0 -1
    outer loop
      vertex 95.99903565012458 1.7091771351458807 0
      vertex 95.61635221775948 2.633056667657167 0
      vertex 96.15099258225403 2.795238049149207 0
    endloop
  endfacet
  facet normal 0 0 -1
    outer loop
      vertex 96.34608290427016 1.8144527687459764 0
      vertex 96.15099258225403 2.795238049149207 0
      vertex 96.707 2.85 0
    endloop
  endfacet
  facet normal -0.4713967368260049 0.881921264348351 0
    outer loop
      vertex 95.12362483589413 2.369688395062254 0
      vertex 95.12362483589413 2.369688395062254 1.21
      vertex 95.61635221775948 2.633056667657167 0
    endloop
  endfacet
  facet normal -0.29028467725445795 0.9569403357322103 0
    outer loop
      vertex 95.61635221775948 2.633056667657167 0
      vertex 95.61635221775948 2.633056667657167 1.21
      vertex 96.15099258225403 2.795238049149207 0
    endloop
  endfacet
  facet normal -0.09801714032956171 0.9951847266721968 0
    outer loop
      vertex 96.15099258225403 2.795238049149207 0
      vertex 96.15099258225403 2.795238049149207 1.21
      vertex 96.707 2.85 0
    endloop
  endfacet
  facet normal 0 0 -1
    outer loop
      vertex 97.06791709572983 1.8144527687459764 0
      vertex 97.26300741774595 2.795238049149207 0
      vertex 97.7976477822405 2.633056667657167 0
    endloop
  endfacet
  facet normal 0 0 -1
    outer loop
      vertex 96.707 1.85 0
      vertex 96.707 2.85 0
      vertex 97.26300741774595 2.795238049149207 0
    endloop
  endfacet
  facet normal 0.4713967368260049 0.881921264348351 0
    outer loop
      vertex 98.29037516410585 2.369688395062254 0
      vertex 97.7976477822405 2.633056667657167 0
      vertex 97.7976477822405 2.633056667657167 1.21
    endloop
  endfacet
  facet normal 0.09801714032956171 0.9951847266721968 0
    outer loop
      vertex 96.707 2.85 0
      vertex 96.707 2.85 1.21
      vertex 97.26300741774595 2.795238049149207 0
    endloop
  endfacet
  facet normal 0.29028467725445795 0.9569403357322103 0
    outer loop
      vertex 97.26300741774595 2.795238049149207 0
      vertex 97.26300741774595 2.795238049149207 1.21
      vertex 97.7976477822405 2.633056667657167 0
    endloop
  endfacet
  facet normal -0.4713967368260049 0.881921264348351 0
    outer loop
      vertex 95.61635221775948 2.633056667657167 0
      vertex 95.12362483589413 2.369688395062254 1.21
      vertex 95.61635221775948 2.633056667657167 1.21
    endloop
  endfacet
  facet normal -0.29028467725445795 0.9569403357322103 0
    outer loop
      vertex 96.15099258225403 2.795238049149207 0
      vertex 95.61635221775948 2.633056667657167 1.21
      vertex 96.15099258225403 2.795238049149207 1.21
    endloop
  endfacet
  facet normal -0.09801714032956171 0.9951847266721968 0
    outer loop
      vertex 96.707 2.85 0
      vertex 96.15099258225403 2.795238049149207 1.21
      vertex 96.707 2.85 1.21
    endloop
  endfacet
  facet normal 0.09801714032956171 0.9951847266721968 0
    outer loop
      vertex 97.26300741774595 2.795238049149207 0
      vertex 96.707 2.85 1.21
      vertex 97.26300741774595 2.795238049149207 1.21
    endloop
  endfacet
  facet normal 0.29028467725445795 0.9569403357322103 0
    outer loop
      vertex 97.7976477822405 2.633056667657167 0
      vertex 97.26300741774595 2.795238049149207 1.21
      vertex 97.7976477822405 2.633056667657167 1.21
    endloop
  endfacet
  facet normal 0.4713967368260049 0.881921264348351 0
    outer loop
      vertex 98.29037516410585 2.369688395062254 0
      vertex 97.7976477822405 2.633056667657167 1.21
      vertex 98.29037516410585 2.369688395062254 1.21
    endloop
  endfacet
  facet normal 0 0 -1
    outer loop
      vertex 72.98835221775948 -2.633056667657167 0
      vertex 72.49562483589413 -2.369688395062254 0
      vertex 73.05119506891373 -1.5382187827597087 0
    endloop
  endfacet
  facet normal 0 0 -1
    outer loop
      vertex 72.98835221775948 -2.633056667657167 0
      vertex 73.71808290427016 -1.8144527687459764 0
      vertex 73.52299258225403 -2.795238049149207 0
    endloop
  endfacet
  facet normal 0 0 -1
    outer loop
      vertex 72.98835221775948 -2.633056667657167 0
      vertex 73.37103565012458 -1.7091771351458807 0
      vertex 73.71808290427016 -1.8144527687459764 0
    endloop
  endfacet
  facet normal 0 0 -1
    outer loop
      vertex 73.52299258225403 -2.795238049149207 0
      vertex 73.71808290427016 -1.8144527687459764 0
      vertex 74.079 -1.85 0
    endloop
  endfacet
  facet normal 0 0 -1
    outer loop
      vertex 72.06374567361833 -2.0152543263816605 0
      vertex 72.54078121724028 -1.027804931086264 0
      vertex 72.49562483589413 -2.369688395062254 0
    endloop
  endfacet
  facet normal 0 0 -1
    outer loop
      vertex 72.49562483589413 -2.369688395062254 0
      vertex 72.54078121724028 -1.027804931086264 0
      vertex 72.77085245480488 -1.308147545195113 0
    endloop
  endfacet
  facet normal 0 0 -1
    outer loop
      vertex 72.06374567361833 -2.0152543263816605 0
      vertex 72.36982286485411 -0.7079643498754161 0
      vertex 72.54078121724028 -1.027804931086264 0
    endloop
  endfacet
  facet normal 0 0 -1
    outer loop
      vertex 72.98835221775948 -2.633056667657167 0
      vertex 73.05119506891373 -1.5382187827597087 0
      vertex 73.37103565012458 -1.7091771351458807 0
    endloop
  endfacet
  facet normal 0 0 -1
    outer loop
      vertex 72.49562483589413 -2.369688395062254 0
      vertex 72.77085245480488 -1.308147545195113 0
      vertex 73.05119506891373 -1.5382187827597087 0
    endloop
  endfacet
  facet normal -0.6343932841636355 -0.7730104533627451 0
    outer loop
      vertex 72.06374567361833 -2.0152543263816605 0
      vertex 72.49562483589413 -2.369688395062254 0
      vertex 72.49562483589413 -2.369688395062254 1.21
    endloop
  endfacet
  facet normal -0.4713967368260049 -0.881921264348351 0
    outer loop
      vertex 72.98835221775948 -2.633056667657167 0
      vertex 72.98835221775948 -2.633056667657167 1.21
      vertex 72.49562483589413 -2.369688395062254 0
    endloop
  endfacet
  facet normal -0.29028467725445795 -0.9569403357322103 0
    outer loop
      vertex 72.98835221775948 -2.633056667657167 0
      vertex 73.52299258225403 -2.795238049149207 0
      vertex 73.52299258225403 -2.795238049149207 1.21
    endloop
  endfacet
  facet normal -0.7730104533627405 -0.6343932841636413 0
    outer loop
      vertex 72.06374567361833 -2.0152543263816605 0
      vertex 71.70931160493774 -1.5833751641058662 1.21
      vertex 71.70931160493774 -1.5833751641058662 0
    endloop
  endfacet
  facet normal -0.881921264348352 -0.471396736826003 0
    outer loop
      vertex 71.44594333234282 -1.0906477822405058 0
      vertex 71.70931160493774 -1.5833751641058662 0
      vertex 71.44594333234282 -1.0906477822405058 1.21
    endloop
  endfacet
  facet normal -0.6343932841636355 -0.7730104533627451 0
    outer loop
      vertex 72.06374567361833 -2.0152543263816605 0
      vertex 72.49562483589413 -2.369688395062254 1.21
      vertex 72.06374567361833 -2.0152543263816605 1.21
    endloop
  endfacet
  facet normal -0.29028467725445795 -0.9569403357322103 0
    outer loop
      vertex 72.98835221775948 -2.633056667657167 0
      vertex 73.52299258225403 -2.795238049149207 1.21
      vertex 72.98835221775948 -2.633056667657167 1.21
    endloop
  endfacet
  facet normal -0.4713967368260049 -0.881921264348351 0
    outer loop
      vertex 72.49562483589413 -2.369688395062254 0
      vertex 72.98835221775948 -2.633056667657167 1.21
      vertex 72.49562483589413 -2.369688395062254 1.21
    endloop
  endfacet
  facet normal -0.09801714032956171 -0.9951847266721968 0
    outer loop
      vertex 73.52299258225403 -2.795238049149207 0
      vertex 74.079 -2.85 1.21
      vertex 73.52299258225403 -2.795238049149207 1.21
    endloop
  endfacet
  facet normal -0.7730104533627405 -0.6343932841636413 0
    outer loop
      vertex 72.06374567361833 -2.0152543263816605 0
      vertex 72.06374567361833 -2.0152543263816605 1.21
      vertex 71.70931160493774 -1.5833751641058662 1.21
    endloop
  endfacet
  facet normal -0.881921264348352 -0.471396736826003 0
    outer loop
      vertex 71.70931160493774 -1.5833751641058662 0
      vertex 71.70931160493774 -1.5833751641058662 1.21
      vertex 71.44594333234282 -1.0906477822405058 1.21
    endloop
  endfacet
  facet normal 0 0 -1
    outer loop
      vertex 71.44594333234282 -1.0906477822405058 0
      vertex 71.28376195085079 -0.5560074177459655 0
      vertex 71.44594333234282 1.0906477822405058 0
    endloop
  endfacet
  facet normal 0 0 -1
    outer loop
      vertex 71.28376195085079 -0.5560074177459655 0
      vertex 71.229 0 0
      vertex 71.28376195085079 0.5560074177459655 0
    endloop
  endfacet
  facet normal 0 0 -1
    outer loop
      vertex 71.28376195085079 -0.5560074177459655 0
      vertex 71.28376195085079 0.5560074177459655 0
      vertex 71.44594333234282 1.0906477822405058 0
    endloop
  endfacet
  facet normal 0 0 -1
    outer loop
      vertex 72.06374567361833 -2.0152543263816605 0
      vertex 72.26454723125401 -0.36091709572983727 0
      vertex 72.36982286485411 -0.7079643498754161 0
    endloop
  endfacet
  facet normal 0 0 -1
    outer loop
      vertex 72.06374567361833 -2.0152543263816605 0
      vertex 72.229 0 0
      vertex 72.26454723125401 -0.36091709572983727 0
    endloop
  endfacet
  facet normal 0 0 -1
    outer loop
      vertex 72.06374567361833 -2.0152543263816605 0
      vertex 71.70931160493774 -1.5833751641058662 0
      vertex 72.06374567361833 2.0152543263816605 0
    endloop
  endfacet
  facet normal 0 0 -1
    outer loop
      vertex 71.44594333234282 -1.0906477822405058 0
      vertex 71.70931160493774 1.5833751641058662 0
      vertex 71.70931160493774 -1.5833751641058662 0
    endloop
  endfacet
  facet normal 0 0 -1
    outer loop
      vertex 72.06374567361833 -2.0152543263816605 0
      vertex 72.06374567361833 2.0152543263816605 0
      vertex 72.229 0 0
    endloop
  endfacet
  facet normal 0 0 -1
    outer loop
      vertex 71.44594333234282 -1.0906477822405058 0
      vertex 71.44594333234282 1.0906477822405058 0
      vertex 71.70931160493774 1.5833751641058662 0
    endloop
  endfacet
  facet normal -0.9569403357322122 -0.2902846772544516 0
    outer loop
      vertex 71.44594333234282 -1.0906477822405058 0
      vertex 71.28376195085079 -0.5560074177459655 1.21
      vertex 71.28376195085079 -0.5560074177459655 0
    endloop
  endfacet
  facet normal -0.9951847266721975 -0.09801714032955361 0
    outer loop
      vertex 71.28376195085079 -0.5560074177459655 0
      vertex 71.229 0 1.21
      vertex 71.229 0 0
    endloop
  endfacet
  facet normal -0.9951847266721975 0.09801714032955361 0
    outer loop
      vertex 71.229 0 0
      vertex 71.28376195085079 0.5560074177459655 1.21
      vertex 71.28376195085079 0.5560074177459655 0
    endloop
  endfacet
  facet normal 0 0 -1
    outer loop
      vertex 71.70931160493774 -1.5833751641058662 0
      vertex 71.70931160493774 1.5833751641058662 0
      vertex 72.06374567361833 2.0152543263816605 0
    endloop
  endfacet
  facet normal 0 0 -1
    outer loop
      vertex 72.06374567361833 2.0152543263816605 0
      vertex 72.26454723125401 0.36091709572983727 0
      vertex 72.229 0 0
    endloop
  endfacet
  facet normal 0 0 -1
    outer loop
      vertex 72.26454723125401 0.36091709572983727 0
      vertex 72.49562483589413 2.369688395062254 0
      vertex 72.36982286485411 0.7079643498754161 0
    endloop
  endfacet
  facet normal 0 0 -1
    outer loop
      vertex 72.36982286485411 0.7079643498754161 0
      vertex 72.49562483589413 2.369688395062254 0
      vertex 72.54078121724028 1.027804931086264 0
    endloop
  endfacet
  facet normal 0 0 -1
    outer loop
      vertex 72.06374567361833 2.0152543263816605 0
      vertex 72.49562483589413 2.369688395062254 0
      vertex 72.26454723125401 0.36091709572983727 0
    endloop
  endfacet
  facet normal 0 0 -1
    outer loop
      vertex 72.54078121724028 1.027804931086264 0
      vertex 72.49562483589413 2.369688395062254 0
      vertex 72.77085245480488 1.308147545195113 0
    endloop
  endfacet
  facet normal 0 0 -1
    outer loop
      vertex 72.77085245480488 1.308147545195113 0
      vertex 72.98835221775948 2.633056667657167 0
      vertex 73.05119506891373 1.5382187827597087 0
    endloop
  endfacet
  facet normal 0 0 -1
    outer loop
      vertex 73.05119506891373 1.5382187827597087 0
      vertex 72.98835221775948 2.633056667657167 0
      vertex 73.37103565012458 1.7091771351458807 0
    endloop
  endfacet
  facet normal 0 0 -1
    outer loop
      vertex 72.77085245480488 1.308147545195113 0
      vertex 72.49562483589413 2.369688395062254 0
      vertex 72.98835221775948 2.633056667657167 0
    endloop
  endfacet
  facet normal 0 0 -1
    outer loop
      vertex 73.37103565012458 1.7091771351458807 0
      vertex 73.52299258225403 2.795238049149207 0
      vertex 73.71808290427016 1.8144527687459764 0
    endloop
  endfacet
  facet normal -0.9569403357322122 0.2902846772544516 0
    outer loop
      vertex 71.28376195085079 0.5560074177459655 0
      vertex 71.44594333234282 1.0906477822405058 1.21
      vertex 71.44594333234282 1.0906477822405058 0
    endloop
  endfacet
  facet normal -0.881921264348352 0.471396736826003 0
    outer loop
      vertex 71.44594333234282 1.0906477822405058 0
      vertex 71.70931160493774 1.5833751641058662 1.21
      vertex 71.70931160493774 1.5833751641058662 0
    endloop
  endfacet
  facet normal -0.7730104533627405 0.6343932841636413 0
    outer loop
      vertex 71.70931160493774 1.5833751641058662 0
      vertex 72.06374567361833 2.0152543263816605 1.21
      vertex 72.06374567361833 2.0152543263816605 0
    endloop
  endfacet
  facet normal -0.6343932841636355 0.7730104533627451 0
    outer loop
      vertex 72.06374567361833 2.0152543263816605 0
      vertex 72.06374567361833 2.0152543263816605 1.21
      vertex 72.49562483589413 2.369688395062254 0
    endloop
  endfacet
  facet normal -0.9569403357322122 -0.2902846772544516 0
    outer loop
      vertex 71.44594333234282 -1.0906477822405058 0
      vertex 71.44594333234282 -1.0906477822405058 1.21
      vertex 71.28376195085079 -0.5560074177459655 1.21
    endloop
  endfacet
  facet normal -0.9951847266721975 -0.09801714032955361 0
    outer loop
      vertex 71.28376195085079 -0.5560074177459655 0
      vertex 71.28376195085079 -0.5560074177459655 1.21
      vertex 71.229 0 1.21
    endloop
  endfacet
  facet normal -0.9951847266721975 0.09801714032955361 0
    outer loop
      vertex 71.229 0 0
      vertex 71.229 0 1.21
      vertex 71.28376195085079 0.5560074177459655 1.21
    endloop
  endfacet
  facet normal -0.9569403357322122 0.2902846772544516 0
    outer loop
      vertex 71.28376195085079 0.5560074177459655 0
      vertex 71.28376195085079 0.5560074177459655 1.21
      vertex 71.44594333234282 1.0906477822405058 1.21
    endloop
  endfacet
  facet normal -0.881921264348352 0.471396736826003 0
    outer loop
      vertex 71.44594333234282 1.0906477822405058 0
      vertex 71.44594333234282 1.0906477822405058 1.21
      vertex 71.70931160493774 1.5833751641058662 1.21
    endloop
  endfacet
  facet normal -0.7730104533627405 0.6343932841636413 0
    outer loop
      vertex 71.70931160493774 1.5833751641058662 0
      vertex 71.70931160493774 1.5833751641058662 1.21
      vertex 72.06374567361833 2.0152543263816605 1.21
    endloop
  endfacet
  facet normal -0.6343932841636355 0.7730104533627451 0
    outer loop
      vertex 72.49562483589413 2.369688395062254 0
      vertex 72.06374567361833 2.0152543263816605 1.21
      vertex 72.49562483589413 2.369688395062254 1.21
    endloop
  endfacet
  facet normal 0 0 -1
    outer loop
      vertex 73.37103565012458 1.7091771351458807 0
      vertex 72.98835221775948 2.633056667657167 0
      vertex 73.52299258225403 2.795238049149207 0
    endloop
  endfacet
  facet normal 0 0 -1
    outer loop
      vertex 73.71808290427016 1.8144527687459764 0
      vertex 73.52299258225403 2.795238049149207 0
      vertex 74.079 2.85 0
    endloop
  endfacet
  facet normal -0.4713967368260049 0.881921264348351 0
    outer loop
      vertex 72.49562483589413 2.369688395062254 0
      vertex 72.49562483589413 2.369688395062254 1.21
      vertex 72.98835221775948 2.633056667657167 0
    endloop
  endfacet
  facet normal -0.29028467725445795 0.9569403357322103 0
    outer loop
      vertex 72.98835221775948 2.633056667657167 0
      vertex 72.98835221775948 2.633056667657167 1.21
      vertex 73.52299258225403 2.795238049149207 0
    endloop
  endfacet
  facet normal -0.09801714032956171 0.9951847266721968 0
    outer loop
      vertex 73.52299258225403 2.795238049149207 0
      vertex 73.52299258225403 2.795238049149207 1.21
      vertex 74.079 2.85 0
    endloop
  endfacet
  facet normal -0.4713967368260049 0.881921264348351 0
    outer loop
      vertex 72.98835221775948 2.633056667657167 0
      vertex 72.49562483589413 2.369688395062254 1.21
      vertex 72.98835221775948 2.633056667657167 1.21
    endloop
  endfacet
  facet normal -0.29028467725445795 0.9569403357322103 0
    outer loop
      vertex 73.52299258225403 2.795238049149207 0
      vertex 72.98835221775948 2.633056667657167 1.21
      vertex 73.52299258225403 2.795238049149207 1.21
    endloop
  endfacet
  facet normal 0 0 -1
    outer loop
      vertex 73.52299258225403 -2.795238049149207 0
      vertex 74.079 -1.85 0
      vertex 74.079 -2.85 0
    endloop
  endfacet
  facet normal 0 0 -1
    outer loop
      vertex 74.079 -2.85 0
      vertex 74.43991709572983 -1.8144527687459764 0
      vertex 74.63500741774595 -2.795238049149207 0
    endloop
  endfacet
  facet normal 0 0 -1
    outer loop
      vertex 74.079 -2.85 0
      vertex 74.079 -1.85 0
      vertex 74.43991709572983 -1.8144527687459764 0
    endloop
  endfacet
  facet normal 0 0 -1
    outer loop
      vertex 74.63500741774595 -2.795238049149207 0
      vertex 74.7869643498754 -1.7091771351458807 0
      vertex 75.1696477822405 -2.633056667657167 0
    endloop
  endfacet
  facet normal 0 0 -1
    outer loop
      vertex 74.63500741774595 -2.795238049149207 0
      vertex 74.43991709572983 -1.8144527687459764 0
      vertex 74.7869643498754 -1.7091771351458807 0
    endloop
  endfacet
  facet normal 0 0 -1
    outer loop
      vertex 75.1696477822405 -2.633056667657167 0
      vertex 75.3871475451951 -1.308147545195113 0
      vertex 75.66237516410585 -2.369688395062254 0
    endloop
  endfacet
  facet normal 0 0 -1
    outer loop
      vertex 75.1696477822405 -2.633056667657167 0
      vertex 74.7869643498754 -1.7091771351458807 0
      vertex 75.10680493108626 -1.5382187827597087 0
    endloop
  endfacet
  facet normal 0 0 -1
    outer loop
      vertex 75.1696477822405 -2.633056667657167 0
      vertex 75.10680493108626 -1.5382187827597087 0
      vertex 75.3871475451951 -1.308147545195113 0
    endloop
  endfacet
  facet normal 0 0 -1
    outer loop
      vertex 75.66237516410585 -2.369688395062254 0
      vertex 75.3871475451951 -1.308147545195113 0
      vertex 75.6172187827597 -1.027804931086264 0
    endloop
  endfacet
  facet normal 0 0 -1
    outer loop
      vertex 75.66237516410585 -2.369688395062254 0
      vertex 75.89345276874597 -0.36091709572983727 0
      vertex 76.09425432638166 -2.0152543263816605 0
    endloop
  endfacet
  facet normal 0 0 -1
    outer loop
      vertex 75.66237516410585 -2.369688395062254 0
      vertex 75.6172187827597 -1.027804931086264 0
      vertex 75.78817713514587 -0.7079643498754161 0
    endloop
  endfacet
  facet normal -0.09801714032956171 -0.9951847266721968 0
    outer loop
      vertex 73.52299258225403 -2.795238049149207 0
      vertex 74.079 -2.85 0
      vertex 74.079 -2.85 1.21
    endloop
  endfacet
  facet normal 0.09801714032956171 -0.9951847266721968 0
    outer loop
      vertex 74.079 -2.85 0
      vertex 74.63500741774595 -2.795238049149207 0
      vertex 74.63500741774595 -2.795238049149207 1.21
    endloop
  endfacet
  facet normal 0.29028467725445795 -0.9569403357322103 0
    outer loop
      vertex 74.63500741774595 -2.795238049149207 0
      vertex 75.1696477822405 -2.633056667657167 0
      vertex 75.1696477822405 -2.633056667657167 1.21
    endloop
  endfacet
  facet normal 0.4713967368260049 -0.881921264348351 0
    outer loop
      vertex 75.1696477822405 -2.633056667657167 0
      vertex 75.66237516410585 -2.369688395062254 0
      vertex 75.66237516410585 -2.369688395062254 1.21
    endloop
  endfacet
  facet normal 0.6343932841636355 -0.7730104533627451 0
    outer loop
      vertex 75.66237516410585 -2.369688395062254 0
      vertex 76.09425432638166 -2.0152543263816605 0
      vertex 76.09425432638166 -2.0152543263816605 1.21
    endloop
  endfacet
  facet normal 0.7730104533627405 -0.6343932841636413 0
    outer loop
      vertex 76.09425432638166 -2.0152543263816605 0
      vertex 76.44868839506225 -1.5833751641058662 0
      vertex 76.09425432638166 -2.0152543263816605 1.21
    endloop
  endfacet
  facet normal 0.881921264348352 -0.471396736826003 0
    outer loop
      vertex 76.44868839506225 -1.5833751641058662 0
      vertex 76.71205666765717 -1.0906477822405058 0
      vertex 76.44868839506225 -1.5833751641058662 1.21
    endloop
  endfacet
  facet normal 0.09801714032956171 -0.9951847266721968 0
    outer loop
      vertex 74.079 -2.85 0
      vertex 74.63500741774595 -2.795238049149207 1.21
      vertex 74.079 -2.85 1.21
    endloop
  endfacet
  facet normal 0.29028467725445795 -0.9569403357322103 0
    outer loop
      vertex 74.63500741774595 -2.795238049149207 0
      vertex 75.1696477822405 -2.633056667657167 1.21
      vertex 74.63500741774595 -2.795238049149207 1.21
    endloop
  endfacet
  facet normal 0.4713967368260049 -0.881921264348351 0
    outer loop
      vertex 75.1696477822405 -2.633056667657167 0
      vertex 75.66237516410585 -2.369688395062254 1.21
      vertex 75.1696477822405 -2.633056667657167 1.21
    endloop
  endfacet
  facet normal 0.6343932841636355 -0.7730104533627451 0
    outer loop
      vertex 75.66237516410585 -2.369688395062254 0
      vertex 76.09425432638166 -2.0152543263816605 1.21
      vertex 75.66237516410585 -2.369688395062254 1.21
    endloop
  endfacet
  facet normal 0.7730104533627405 -0.6343932841636413 0
    outer loop
      vertex 76.44868839506225 -1.5833751641058662 0
      vertex 76.44868839506225 -1.5833751641058662 1.21
      vertex 76.09425432638166 -2.0152543263816605 1.21
    endloop
  endfacet
  facet normal 0.881921264348352 -0.471396736826003 0
    outer loop
      vertex 76.71205666765717 -1.0906477822405058 0
      vertex 76.71205666765717 -1.0906477822405058 1.21
      vertex 76.44868839506225 -1.5833751641058662 1.21
    endloop
  endfacet
  facet normal 0 0 -1
    outer loop
      vertex 75.66237516410585 -2.369688395062254 0
      vertex 75.78817713514587 -0.7079643498754161 0
      vertex 75.89345276874597 -0.36091709572983727 0
    endloop
  endfacet
  facet normal 0 0 -1
    outer loop
      vertex 75.89345276874597 -0.36091709572983727 0
      vertex 75.92899999999999 0 0
      vertex 76.09425432638166 -2.0152543263816605 0
    endloop
  endfacet
  facet normal 0 0 -1
    outer loop
      vertex 76.09425432638166 -2.0152543263816605 0
      vertex 75.92899999999999 0 0
      vertex 76.09425432638166 2.0152543263816605 0
    endloop
  endfacet
  facet normal 0 0 -1
    outer loop
      vertex 76.09425432638166 -2.0152543263816605 0
      vertex 76.44868839506225 1.5833751641058662 0
      vertex 76.44868839506225 -1.5833751641058662 0
    endloop
  endfacet
  facet normal 0 0 -1
    outer loop
      vertex 76.44868839506225 -1.5833751641058662 0
      vertex 76.71205666765717 1.0906477822405058 0
      vertex 76.71205666765717 -1.0906477822405058 0
    endloop
  endfacet
  facet normal 0 0 -1
    outer loop
      vertex 76.71205666765717 -1.0906477822405058 0
      vertex 76.8742380491492 0.5560074177459655 0
      vertex 76.8742380491492 -0.5560074177459655 0
    endloop
  endfacet
  facet normal 0 0 -1
    outer loop
      vertex 76.8742380491492 -0.5560074177459655 0
      vertex 76.8742380491492 0.5560074177459655 0
      vertex 76.92899999999999 0 0
    endloop
  endfacet
  facet normal 0 0 -1
    outer loop
      vertex 76.09425432638166 -2.0152543263816605 0
      vertex 76.09425432638166 2.0152543263816605 0
      vertex 76.44868839506225 1.5833751641058662 0
    endloop
  endfacet
  facet normal 0 0 -1
    outer loop
      vertex 76.44868839506225 -1.5833751641058662 0
      vertex 76.44868839506225 1.5833751641058662 0
      vertex 76.71205666765717 1.0906477822405058 0
    endloop
  endfacet
  facet normal 0 0 -1
    outer loop
      vertex 76.71205666765717 -1.0906477822405058 0
      vertex 76.71205666765717 1.0906477822405058 0
      vertex 76.8742380491492 0.5560074177459655 0
    endloop
  endfacet
  facet normal 0.9569403357322122 -0.2902846772544516 0
    outer loop
      vertex 76.71205666765717 -1.0906477822405058 0
      vertex 76.8742380491492 -0.5560074177459655 0
      vertex 76.71205666765717 -1.0906477822405058 1.21
    endloop
  endfacet
  facet normal 0.9951847266721975 -0.09801714032955361 0
    outer loop
      vertex 76.8742380491492 -0.5560074177459655 0
      vertex 76.92899999999999 0 0
      vertex 76.8742380491492 -0.5560074177459655 1.21
    endloop
  endfacet
  facet normal 0.9951847266721975 0.09801714032955361 0
    outer loop
      vertex 76.92899999999999 0 0
      vertex 76.8742380491492 0.5560074177459655 0
      vertex 76.92899999999999 0 1.21
    endloop
  endfacet
  facet normal 0 0 -1
    outer loop
      vertex 75.92899999999999 0 0
      vertex 75.89345276874597 0.36091709572983727 0
      vertex 76.09425432638166 2.0152543263816605 0
    endloop
  endfacet
  facet normal 0 0 -1
    outer loop
      vertex 75.89345276874597 0.36091709572983727 0
      vertex 75.78817713514587 0.7079643498754161 0
      vertex 76.09425432638166 2.0152543263816605 0
    endloop
  endfacet
  facet normal 0 0 -1
    outer loop
      vertex 75.78817713514587 0.7079643498754161 0
      vertex 75.6172187827597 1.027804931086264 0
      vertex 76.09425432638166 2.0152543263816605 0
    endloop
  endfacet
  facet normal 0 0 -1
    outer loop
      vertex 73.71808290427016 1.8144527687459764 0
      vertex 74.079 2.85 0
      vertex 74.079 1.85 0
    endloop
  endfacet
  facet normal 0 0 -1
    outer loop
      vertex 74.079 1.85 0
      vertex 74.63500741774595 2.795238049149207 0
      vertex 74.43991709572983 1.8144527687459764 0
    endloop
  endfacet
  facet normal 0 0 -1
    outer loop
      vertex 74.7869643498754 1.7091771351458807 0
      vertex 74.43991709572983 1.8144527687459764 0
      vertex 75.1696477822405 2.633056667657167 0
    endloop
  endfacet
  facet normal 0 0 -1
    outer loop
      vertex 75.3871475451951 1.308147545195113 0
      vertex 75.10680493108626 1.5382187827597087 0
      vertex 75.66237516410585 2.369688395062254 0
    endloop
  endfacet
  facet normal 0 0 -1
    outer loop
      vertex 75.3871475451951 1.308147545195113 0
      vertex 75.66237516410585 2.369688395062254 0
      vertex 75.6172187827597 1.027804931086264 0
    endloop
  endfacet
  facet normal 0 0 -1
    outer loop
      vertex 75.6172187827597 1.027804931086264 0
      vertex 75.66237516410585 2.369688395062254 0
      vertex 76.09425432638166 2.0152543263816605 0
    endloop
  endfacet
  facet normal 0 0 -1
    outer loop
      vertex 74.7869643498754 1.7091771351458807 0
      vertex 75.1696477822405 2.633056667657167 0
      vertex 75.10680493108626 1.5382187827597087 0
    endloop
  endfacet
  facet normal 0 0 -1
    outer loop
      vertex 75.10680493108626 1.5382187827597087 0
      vertex 75.1696477822405 2.633056667657167 0
      vertex 75.66237516410585 2.369688395062254 0
    endloop
  endfacet
  facet normal 0.6343932841636355 0.7730104533627451 0
    outer loop
      vertex 75.66237516410585 2.369688395062254 0
      vertex 75.66237516410585 2.369688395062254 1.21
      vertex 76.09425432638166 2.0152543263816605 0
    endloop
  endfacet
  facet normal 0.9569403357322122 0.2902846772544516 0
    outer loop
      vertex 76.8742380491492 0.5560074177459655 0
      vertex 76.71205666765717 1.0906477822405058 0
      vertex 76.8742380491492 0.5560074177459655 1.21
    endloop
  endfacet
  facet normal 0.881921264348352 0.471396736826003 0
    outer loop
      vertex 76.44868839506225 1.5833751641058662 0
      vertex 76.71205666765717 1.0906477822405058 1.21
      vertex 76.71205666765717 1.0906477822405058 0
    endloop
  endfacet
  facet normal 0.7730104533627405 0.6343932841636413 0
    outer loop
      vertex 76.44868839506225 1.5833751641058662 0
      vertex 76.09425432638166 2.0152543263816605 0
      vertex 76.44868839506225 1.5833751641058662 1.21
    endloop
  endfacet
  facet normal 0.9569403357322122 -0.2902846772544516 0
    outer loop
      vertex 76.8742380491492 -0.5560074177459655 0
      vertex 76.8742380491492 -0.5560074177459655 1.21
      vertex 76.71205666765717 -1.0906477822405058 1.21
    endloop
  endfacet
  facet normal 0.9951847266721975 -0.09801714032955361 0
    outer loop
      vertex 76.92899999999999 0 0
      vertex 76.92899999999999 0 1.21
      vertex 76.8742380491492 -0.5560074177459655 1.21
    endloop
  endfacet
  facet normal 0.9951847266721975 0.09801714032955361 0
    outer loop
      vertex 76.8742380491492 0.5560074177459655 0
      vertex 76.8742380491492 0.5560074177459655 1.21
      vertex 76.92899999999999 0 1.21
    endloop
  endfacet
  facet normal 0.6343932841636355 0.7730104533627451 0
    outer loop
      vertex 76.09425432638166 2.0152543263816605 0
      vertex 75.66237516410585 2.369688395062254 1.21
      vertex 76.09425432638166 2.0152543263816605 1.21
    endloop
  endfacet
  facet normal 0.9569403357322122 0.2902846772544516 0
    outer loop
      vertex 76.71205666765717 1.0906477822405058 0
      vertex 76.71205666765717 1.0906477822405058 1.21
      vertex 76.8742380491492 0.5560074177459655 1.21
    endloop
  endfacet
  facet normal 0.881921264348352 0.471396736826003 0
    outer loop
      vertex 76.44868839506225 1.5833751641058662 0
      vertex 76.44868839506225 1.5833751641058662 1.21
      vertex 76.71205666765717 1.0906477822405058 1.21
    endloop
  endfacet
  facet normal 0.7730104533627405 0.6343932841636413 0
    outer loop
      vertex 76.09425432638166 2.0152543263816605 0
      vertex 76.09425432638166 2.0152543263816605 1.21
      vertex 76.44868839506225 1.5833751641058662 1.21
    endloop
  endfacet
  facet normal 0 0 -1
    outer loop
      vertex 74.079 1.85 0
      vertex 74.079 2.85 0
      vertex 74.63500741774595 2.795238049149207 0
    endloop
  endfacet
  facet normal 0 0 -1
    outer loop
      vertex 74.43991709572983 1.8144527687459764 0
      vertex 74.63500741774595 2.795238049149207 0
      vertex 75.1696477822405 2.633056667657167 0
    endloop
  endfacet
  facet normal 0.09801714032956171 0.9951847266721968 0
    outer loop
      vertex 74.079 2.85 0
      vertex 74.079 2.85 1.21
      vertex 74.63500741774595 2.795238049149207 0
    endloop
  endfacet
  facet normal 0.29028467725445795 0.9569403357322103 0
    outer loop
      vertex 74.63500741774595 2.795238049149207 0
      vertex 74.63500741774595 2.795238049149207 1.21
      vertex 75.1696477822405 2.633056667657167 0
    endloop
  endfacet
  facet normal 0.4713967368260049 0.881921264348351 0
    outer loop
      vertex 75.66237516410585 2.369688395062254 0
      vertex 75.1696477822405 2.633056667657167 0
      vertex 75.1696477822405 2.633056667657167 1.21
    endloop
  endfacet
  facet normal -0.09801714032956171 0.9951847266721968 0
    outer loop
      vertex 74.079 2.85 0
      vertex 73.52299258225403 2.795238049149207 1.21
      vertex 74.079 2.85 1.21
    endloop
  endfacet
  facet normal 0.09801714032956171 0.9951847266721968 0
    outer loop
      vertex 74.63500741774595 2.795238049149207 0
      vertex 74.079 2.85 1.21
      vertex 74.63500741774595 2.795238049149207 1.21
    endloop
  endfacet
  facet normal 0.4713967368260049 0.881921264348351 0
    outer loop
      vertex 75.66237516410585 2.369688395062254 0
      vertex 75.1696477822405 2.633056667657167 1.21
      vertex 75.66237516410585 2.369688395062254 1.21
    endloop
  endfacet
  facet normal 0.29028467725445795 0.9569403357322103 0
    outer loop
      vertex 75.1696477822405 2.633056667657167 0
      vertex 74.63500741774595 2.795238049149207 1.21
      vertex 75.1696477822405 2.633056667657167 1.21
    endloop
  endfacet
  facet normal 0 0 -1
    outer loop
      vertex 50.3603522177595 -2.633056667657167 0
      vertex 49.867624835894134 -2.369688395062254 0
      vertex 50.423195068913735 -1.5382187827597087 0
    endloop
  endfacet
  facet normal 0 0 -1
    outer loop
      vertex 50.3603522177595 -2.633056667657167 0
      vertex 50.74303565012458 -1.7091771351458807 0
      vertex 51.09008290427016 -1.8144527687459764 0
    endloop
  endfacet
  facet normal 0 0 -1
    outer loop
      vertex 49.43574567361834 -2.0152543263816605 0
      vertex 49.912781217240294 -1.027804931086264 0
      vertex 49.867624835894134 -2.369688395062254 0
    endloop
  endfacet
  facet normal 0 0 -1
    outer loop
      vertex 49.867624835894134 -2.369688395062254 0
      vertex 50.14285245480489 -1.308147545195113 0
      vertex 50.423195068913735 -1.5382187827597087 0
    endloop
  endfacet
  facet normal 0 0 -1
    outer loop
      vertex 50.3603522177595 -2.633056667657167 0
      vertex 50.423195068913735 -1.5382187827597087 0
      vertex 50.74303565012458 -1.7091771351458807 0
    endloop
  endfacet
  facet normal 0 0 -1
    outer loop
      vertex 49.867624835894134 -2.369688395062254 0
      vertex 49.912781217240294 -1.027804931086264 0
      vertex 50.14285245480489 -1.308147545195113 0
    endloop
  endfacet
  facet normal 0 0 -1
    outer loop
      vertex 49.43574567361834 -2.0152543263816605 0
      vertex 49.74182286485412 -0.7079643498754161 0
      vertex 49.912781217240294 -1.027804931086264 0
    endloop
  endfacet
  facet normal -0.29028467725446494 -0.956940335732208 0
    outer loop
      vertex 50.3603522177595 -2.633056667657167 0
      vertex 50.894992582254034 -2.795238049149207 0
      vertex 50.894992582254034 -2.795238049149207 1.21
    endloop
  endfacet
  facet normal -0.4713967368259943 -0.8819212643483567 0
    outer loop
      vertex 50.3603522177595 -2.633056667657167 0
      vertex 50.3603522177595 -2.633056667657167 1.21
      vertex 49.867624835894134 -2.369688395062254 0
    endloop
  endfacet
  facet normal -0.6343932841636479 -0.7730104533627349 0
    outer loop
      vertex 49.43574567361834 -2.0152543263816605 0
      vertex 49.867624835894134 -2.369688395062254 0
      vertex 49.867624835894134 -2.369688395062254 1.21
    endloop
  endfacet
  facet normal -0.7730104533627341 -0.6343932841636488 0
    outer loop
      vertex 49.43574567361834 -2.0152543263816605 0
      vertex 49.081311604937746 -1.5833751641058662 1.21
      vertex 49.081311604937746 -1.5833751641058662 0
    endloop
  endfacet
  facet normal -0.8819212643483574 -0.47139673682599315 0
    outer loop
      vertex 48.817943332342836 -1.0906477822405058 0
      vertex 49.081311604937746 -1.5833751641058662 0
      vertex 48.817943332342836 -1.0906477822405058 1.21
    endloop
  endfacet
  facet normal 0 0 -1
    outer loop
      vertex 50.894992582254034 -2.795238049149207 0
      vertex 51.451 -1.85 0
      vertex 51.451 -2.85 0
    endloop
  endfacet
  facet normal 0 0 -1
    outer loop
      vertex 51.451 -2.85 0
      vertex 51.81191709572984 -1.8144527687459764 0
      vertex 52.00700741774597 -2.795238049149207 0
    endloop
  endfacet
  facet normal 0 0 -1
    outer loop
      vertex 50.3603522177595 -2.633056667657167 0
      vertex 51.09008290427016 -1.8144527687459764 0
      vertex 50.894992582254034 -2.795238049149207 0
    endloop
  endfacet
  facet normal 0 0 -1
    outer loop
      vertex 50.894992582254034 -2.795238049149207 0
      vertex 51.09008290427016 -1.8144527687459764 0
      vertex 51.451 -1.85 0
    endloop
  endfacet
  facet normal 0 0 -1
    outer loop
      vertex 51.451 -2.85 0
      vertex 51.451 -1.85 0
      vertex 51.81191709572984 -1.8144527687459764 0
    endloop
  endfacet
  facet normal 0 0 -1
    outer loop
      vertex 52.00700741774597 -2.795238049149207 0
      vertex 52.15896434987542 -1.7091771351458807 0
      vertex 52.5416477822405 -2.633056667657167 0
    endloop
  endfacet
  facet normal 0 0 -1
    outer loop
      vertex 52.00700741774597 -2.795238049149207 0
      vertex 51.81191709572984 -1.8144527687459764 0
      vertex 52.15896434987542 -1.7091771351458807 0
    endloop
  endfacet
  facet normal 0 0 -1
    outer loop
      vertex 52.5416477822405 -2.633056667657167 0
      vertex 52.75914754519511 -1.308147545195113 0
      vertex 53.03437516410587 -2.369688395062254 0
    endloop
  endfacet
  facet normal 0 0 -1
    outer loop
      vertex 52.5416477822405 -2.633056667657167 0
      vertex 52.15896434987542 -1.7091771351458807 0
      vertex 52.478804931086266 -1.5382187827597087 0
    endloop
  endfacet
  facet normal 0 0 -1
    outer loop
      vertex 52.5416477822405 -2.633056667657167 0
      vertex 52.478804931086266 -1.5382187827597087 0
      vertex 52.75914754519511 -1.308147545195113 0
    endloop
  endfacet
  facet normal 0 0 -1
    outer loop
      vertex 53.03437516410587 -2.369688395062254 0
      vertex 52.75914754519511 -1.308147545195113 0
      vertex 52.98921878275971 -1.027804931086264 0
    endloop
  endfacet
  facet normal 0 0 -1
    outer loop
      vertex 53.03437516410587 -2.369688395062254 0
      vertex 53.26545276874597 -0.36091709572983727 0
      vertex 53.46625432638166 -2.0152543263816605 0
    endloop
  endfacet
  facet normal 0 0 -1
    outer loop
      vertex 53.03437516410587 -2.369688395062254 0
      vertex 52.98921878275971 -1.027804931086264 0
      vertex 53.16017713514588 -0.7079643498754161 0
    endloop
  endfacet
  facet normal -0.09801714032956048 -0.9951847266721969 0
    outer loop
      vertex 50.894992582254034 -2.795238049149207 0
      vertex 51.451 -2.85 0
      vertex 51.451 -2.85 1.21
    endloop
  endfacet
  facet normal 0.09801714032956048 -0.9951847266721969 0
    outer loop
      vertex 51.451 -2.85 0
      vertex 52.00700741774597 -2.795238049149207 0
      vertex 52.00700741774597 -2.795238049149207 1.21
    endloop
  endfacet
  facet normal 0.29028467725446494 -0.956940335732208 0
    outer loop
      vertex 52.00700741774597 -2.795238049149207 0
      vertex 52.5416477822405 -2.633056667657167 0
      vertex 52.5416477822405 -2.633056667657167 1.21
    endloop
  endfacet
  facet normal 0.4713967368259943 -0.8819212643483567 0
    outer loop
      vertex 52.5416477822405 -2.633056667657167 0
      vertex 53.03437516410587 -2.369688395062254 0
      vertex 53.03437516410587 -2.369688395062254 1.21
    endloop
  endfacet
  facet normal 0.6343932841636479 -0.7730104533627349 0
    outer loop
      vertex 53.03437516410587 -2.369688395062254 0
      vertex 53.46625432638166 -2.0152543263816605 0
      vertex 53.46625432638166 -2.0152543263816605 1.21
    endloop
  endfacet
  facet normal 0.7730104533627341 -0.6343932841636488 0
    outer loop
      vertex 53.46625432638166 -2.0152543263816605 0
      vertex 53.820688395062255 -1.5833751641058662 0
      vertex 53.46625432638166 -2.0152543263816605 1.21
    endloop
  endfacet
  facet normal 0.8819212643483574 -0.47139673682599315 0
    outer loop
      vertex 53.820688395062255 -1.5833751641058662 0
      vertex 54.084056667657165 -1.0906477822405058 0
      vertex 53.820688395062255 -1.5833751641058662 1.21
    endloop
  endfacet
  facet normal -0.6343932841636479 -0.7730104533627349 0
    outer loop
      vertex 49.43574567361834 -2.0152543263816605 0
      vertex 49.867624835894134 -2.369688395062254 1.21
      vertex 49.43574567361834 -2.0152543263816605 1.21
    endloop
  endfacet
  facet normal -0.4713967368259943 -0.8819212643483567 0
    outer loop
      vertex 49.867624835894134 -2.369688395062254 0
      vertex 50.3603522177595 -2.633056667657167 1.21
      vertex 49.867624835894134 -2.369688395062254 1.21
    endloop
  endfacet
  facet normal -0.29028467725446494 -0.956940335732208 0
    outer loop
      vertex 50.3603522177595 -2.633056667657167 0
      vertex 50.894992582254034 -2.795238049149207 1.21
      vertex 50.3603522177595 -2.633056667657167 1.21
    endloop
  endfacet
  facet normal -0.7730104533627341 -0.6343932841636488 0
    outer loop
      vertex 49.43574567361834 -2.0152543263816605 0
      vertex 49.43574567361834 -2.0152543263816605 1.21
      vertex 49.081311604937746 -1.5833751641058662 1.21
    endloop
  endfacet
  facet normal -0.8819212643483574 -0.47139673682599315 0
    outer loop
      vertex 49.081311604937746 -1.5833751641058662 0
      vertex 49.081311604937746 -1.5833751641058662 1.21
      vertex 48.817943332342836 -1.0906477822405058 1.21
    endloop
  endfacet
  facet normal -0.09801714032956048 -0.9951847266721969 0
    outer loop
      vertex 50.894992582254034 -2.795238049149207 0
      vertex 51.451 -2.85 1.21
      vertex 50.894992582254034 -2.795238049149207 1.21
    endloop
  endfacet
  facet normal 0.09801714032956048 -0.9951847266721969 0
    outer loop
      vertex 51.451 -2.85 0
      vertex 52.00700741774597 -2.795238049149207 1.21
      vertex 51.451 -2.85 1.21
    endloop
  endfacet
  facet normal 0.29028467725446494 -0.956940335732208 0
    outer loop
      vertex 52.00700741774597 -2.795238049149207 0
      vertex 52.5416477822405 -2.633056667657167 1.21
      vertex 52.00700741774597 -2.795238049149207 1.21
    endloop
  endfacet
  facet normal 0.4713967368259943 -0.8819212643483567 0
    outer loop
      vertex 52.5416477822405 -2.633056667657167 0
      vertex 53.03437516410587 -2.369688395062254 1.21
      vertex 52.5416477822405 -2.633056667657167 1.21
    endloop
  endfacet
  facet normal 0.6343932841636479 -0.7730104533627349 0
    outer loop
      vertex 53.03437516410587 -2.369688395062254 0
      vertex 53.46625432638166 -2.0152543263816605 1.21
      vertex 53.03437516410587 -2.369688395062254 1.21
    endloop
  endfacet
  facet normal 0.7730104533627341 -0.6343932841636488 0
    outer loop
      vertex 53.820688395062255 -1.5833751641058662 0
      vertex 53.820688395062255 -1.5833751641058662 1.21
      vertex 53.46625432638166 -2.0152543263816605 1.21
    endloop
  endfacet
  facet normal 0.8819212643483574 -0.47139673682599315 0
    outer loop
      vertex 54.084056667657165 -1.0906477822405058 0
      vertex 54.084056667657165 -1.0906477822405058 1.21
      vertex 53.820688395062255 -1.5833751641058662 1.21
    endloop
  endfacet
  facet normal 0 0 -1
    outer loop
      vertex 49.43574567361834 -2.0152543263816605 0
      vertex 49.601 0 0
      vertex 49.63654723125403 -0.36091709572983727 0
    endloop
  endfacet
  facet normal 0 0 -1
    outer loop
      vertex 48.817943332342836 -1.0906477822405058 0
      vertex 49.081311604937746 1.5833751641058662 0
      vertex 49.081311604937746 -1.5833751641058662 0
    endloop
  endfacet
  facet normal 0 0 -1
    outer loop
      vertex 49.43574567361834 -2.0152543263816605 0
      vertex 49.081311604937746 -1.5833751641058662 0
      vertex 49.43574567361834 2.0152543263816605 0
    endloop
  endfacet
  facet normal 0 0 -1
    outer loop
      vertex 49.43574567361834 -2.0152543263816605 0
      vertex 49.63654723125403 -0.36091709572983727 0
      vertex 49.74182286485412 -0.7079643498754161 0
    endloop
  endfacet
  facet normal 0 0 -1
    outer loop
      vertex 48.817943332342836 -1.0906477822405058 0
      vertex 48.655761950850795 -0.5560074177459655 0
      vertex 48.817943332342836 1.0906477822405058 0
    endloop
  endfacet
  facet normal 0 0 -1
    outer loop
      vertex 48.655761950850795 -0.5560074177459655 0
      vertex 48.601 0 0
      vertex 48.655761950850795 0.5560074177459655 0
    endloop
  endfacet
  facet normal 0 0 -1
    outer loop
      vertex 49.43574567361834 -2.0152543263816605 0
      vertex 49.43574567361834 2.0152543263816605 0
      vertex 49.601 0 0
    endloop
  endfacet
  facet normal 0 0 -1
    outer loop
      vertex 48.655761950850795 -0.5560074177459655 0
      vertex 48.655761950850795 0.5560074177459655 0
      vertex 48.817943332342836 1.0906477822405058 0
    endloop
  endfacet
  facet normal 0 0 -1
    outer loop
      vertex 48.817943332342836 -1.0906477822405058 0
      vertex 48.817943332342836 1.0906477822405058 0
      vertex 49.081311604937746 1.5833751641058662 0
    endloop
  endfacet
  facet normal -0.9569403357322086 -0.2902846772544633 0
    outer loop
      vertex 48.817943332342836 -1.0906477822405058 0
      vertex 48.655761950850795 -0.5560074177459655 1.21
      vertex 48.655761950850795 -0.5560074177459655 0
    endloop
  endfacet
  facet normal -0.9951847266721964 -0.09801714032956622 0
    outer loop
      vertex 48.655761950850795 -0.5560074177459655 0
      vertex 48.601 0 1.21
      vertex 48.601 0 0
    endloop
  endfacet
  facet normal -0.9951847266721964 0.09801714032956622 0
    outer loop
      vertex 48.601 0 0
      vertex 48.655761950850795 0.5560074177459655 1.21
      vertex 48.655761950850795 0.5560074177459655 0
    endloop
  endfacet
  facet normal 0 0 -1
    outer loop
      vertex 49.081311604937746 -1.5833751641058662 0
      vertex 49.081311604937746 1.5833751641058662 0
      vertex 49.43574567361834 2.0152543263816605 0
    endloop
  endfacet
  facet normal 0 0 -1
    outer loop
      vertex 49.43574567361834 2.0152543263816605 0
      vertex 49.63654723125403 0.36091709572983727 0
      vertex 49.601 0 0
    endloop
  endfacet
  facet normal 0 0 -1
    outer loop
      vertex 49.63654723125403 0.36091709572983727 0
      vertex 49.867624835894134 2.369688395062254 0
      vertex 49.74182286485412 0.7079643498754161 0
    endloop
  endfacet
  facet normal 0 0 -1
    outer loop
      vertex 49.74182286485412 0.7079643498754161 0
      vertex 49.867624835894134 2.369688395062254 0
      vertex 49.912781217240294 1.027804931086264 0
    endloop
  endfacet
  facet normal 0 0 -1
    outer loop
      vertex 49.43574567361834 2.0152543263816605 0
      vertex 49.867624835894134 2.369688395062254 0
      vertex 49.63654723125403 0.36091709572983727 0
    endloop
  endfacet
  facet normal 0 0 -1
    outer loop
      vertex 49.912781217240294 1.027804931086264 0
      vertex 49.867624835894134 2.369688395062254 0
      vertex 50.14285245480489 1.308147545195113 0
    endloop
  endfacet
  facet normal 0 0 -1
    outer loop
      vertex 50.14285245480489 1.308147545195113 0
      vertex 50.3603522177595 2.633056667657167 0
      vertex 50.423195068913735 1.5382187827597087 0
    endloop
  endfacet
  facet normal 0 0 -1
    outer loop
      vertex 50.14285245480489 1.308147545195113 0
      vertex 49.867624835894134 2.369688395062254 0
      vertex 50.3603522177595 2.633056667657167 0
    endloop
  endfacet
  facet normal 0 0 -1
    outer loop
      vertex 50.423195068913735 1.5382187827597087 0
      vertex 50.3603522177595 2.633056667657167 0
      vertex 50.74303565012458 1.7091771351458807 0
    endloop
  endfacet
  facet normal -0.9569403357322086 0.2902846772544633 0
    outer loop
      vertex 48.655761950850795 0.5560074177459655 0
      vertex 48.817943332342836 1.0906477822405058 1.21
      vertex 48.817943332342836 1.0906477822405058 0
    endloop
  endfacet
  facet normal -0.8819212643483574 0.47139673682599315 0
    outer loop
      vertex 48.817943332342836 1.0906477822405058 0
      vertex 49.081311604937746 1.5833751641058662 1.21
      vertex 49.081311604937746 1.5833751641058662 0
    endloop
  endfacet
  facet normal -0.7730104533627341 0.6343932841636488 0
    outer loop
      vertex 49.081311604937746 1.5833751641058662 0
      vertex 49.43574567361834 2.0152543263816605 1.21
      vertex 49.43574567361834 2.0152543263816605 0
    endloop
  endfacet
  facet normal -0.6343932841636479 0.7730104533627349 0
    outer loop
      vertex 49.43574567361834 2.0152543263816605 0
      vertex 49.43574567361834 2.0152543263816605 1.21
      vertex 49.867624835894134 2.369688395062254 0
    endloop
  endfacet
  facet normal 0 0 -1
    outer loop
      vertex 53.03437516410587 -2.369688395062254 0
      vertex 53.16017713514588 -0.7079643498754161 0
      vertex 53.26545276874597 -0.36091709572983727 0
    endloop
  endfacet
  facet normal 0 0 -1
    outer loop
      vertex 53.26545276874597 -0.36091709572983727 0
      vertex 53.301 0 0
      vertex 53.46625432638166 -2.0152543263816605 0
    endloop
  endfacet
  facet normal 0 0 -1
    outer loop
      vertex 53.46625432638166 -2.0152543263816605 0
      vertex 53.820688395062255 1.5833751641058662 0
      vertex 53.820688395062255 -1.5833751641058662 0
    endloop
  endfacet
  facet normal 0 0 -1
    outer loop
      vertex 53.820688395062255 -1.5833751641058662 0
      vertex 54.084056667657165 1.0906477822405058 0
      vertex 54.084056667657165 -1.0906477822405058 0
    endloop
  endfacet
  facet normal 0 0 -1
    outer loop
      vertex 54.084056667657165 -1.0906477822405058 0
      vertex 54.246238049149206 0.5560074177459655 0
      vertex 54.246238049149206 -0.5560074177459655 0
    endloop
  endfacet
  facet normal 0 0 -1
    outer loop
      vertex 53.46625432638166 -2.0152543263816605 0
      vertex 53.301 0 0
      vertex 53.46625432638166 2.0152543263816605 0
    endloop
  endfacet
  facet normal 0 0 -1
    outer loop
      vertex 53.46625432638166 -2.0152543263816605 0
      vertex 53.46625432638166 2.0152543263816605 0
      vertex 53.820688395062255 1.5833751641058662 0
    endloop
  endfacet
  facet normal 0 0 -1
    outer loop
      vertex 54.084056667657165 -1.0906477822405058 0
      vertex 54.084056667657165 1.0906477822405058 0
      vertex 54.246238049149206 0.5560074177459655 0
    endloop
  endfacet
  facet normal 0 0 -1
    outer loop
      vertex 53.820688395062255 -1.5833751641058662 0
      vertex 53.820688395062255 1.5833751641058662 0
      vertex 54.084056667657165 1.0906477822405058 0
    endloop
  endfacet
  facet normal 0 0 -1
    outer loop
      vertex 54.246238049149206 -0.5560074177459655 0
      vertex 54.246238049149206 0.5560074177459655 0
      vertex 54.301 0 0
    endloop
  endfacet
  facet normal 0.9569403357322086 -0.2902846772544633 0
    outer loop
      vertex 54.084056667657165 -1.0906477822405058 0
      vertex 54.246238049149206 -0.5560074177459655 0
      vertex 54.084056667657165 -1.0906477822405058 1.21
    endloop
  endfacet
  facet normal 0.9951847266721964 -0.09801714032956622 0
    outer loop
      vertex 54.246238049149206 -0.5560074177459655 0
      vertex 54.301 0 0
      vertex 54.246238049149206 -0.5560074177459655 1.21
    endloop
  endfacet
  facet normal 0.9951847266721964 0.09801714032956622 0
    outer loop
      vertex 54.301 0 0
      vertex 54.246238049149206 0.5560074177459655 0
      vertex 54.301 0 1.21
    endloop
  endfacet
  facet normal 0 0 -1
    outer loop
      vertex 50.74303565012458 1.7091771351458807 0
      vertex 50.894992582254034 2.795238049149207 0
      vertex 51.09008290427016 1.8144527687459764 0
    endloop
  endfacet
  facet normal 0 0 -1
    outer loop
      vertex 51.09008290427016 1.8144527687459764 0
      vertex 51.451 2.85 0
      vertex 51.451 1.85 0
    endloop
  endfacet
  facet normal 0 0 -1
    outer loop
      vertex 51.451 1.85 0
      vertex 52.00700741774597 2.795238049149207 0
      vertex 51.81191709572984 1.8144527687459764 0
    endloop
  endfacet
  facet normal 0 0 -1
    outer loop
      vertex 52.75914754519511 1.308147545195113 0
      vertex 53.03437516410587 2.369688395062254 0
      vertex 52.98921878275971 1.027804931086264 0
    endloop
  endfacet
  facet normal 0 0 -1
    outer loop
      vertex 52.75914754519511 1.308147545195113 0
      vertex 52.478804931086266 1.5382187827597087 0
      vertex 53.03437516410587 2.369688395062254 0
    endloop
  endfacet
  facet normal 0 0 -1
    outer loop
      vertex 52.15896434987542 1.7091771351458807 0
      vertex 52.5416477822405 2.633056667657167 0
      vertex 52.478804931086266 1.5382187827597087 0
    endloop
  endfacet
  facet normal 0 0 -1
    outer loop
      vertex 52.15896434987542 1.7091771351458807 0
      vertex 51.81191709572984 1.8144527687459764 0
      vertex 52.5416477822405 2.633056667657167 0
    endloop
  endfacet
  facet normal 0 0 -1
    outer loop
      vertex 52.478804931086266 1.5382187827597087 0
      vertex 52.5416477822405 2.633056667657167 0
      vertex 53.03437516410587 2.369688395062254 0
    endloop
  endfacet
  facet normal 0 0 -1
    outer loop
      vertex 53.301 0 0
      vertex 53.26545276874597 0.36091709572983727 0
      vertex 53.46625432638166 2.0152543263816605 0
    endloop
  endfacet
  facet normal 0 0 -1
    outer loop
      vertex 53.26545276874597 0.36091709572983727 0
      vertex 53.16017713514588 0.7079643498754161 0
      vertex 53.46625432638166 2.0152543263816605 0
    endloop
  endfacet
  facet normal 0 0 -1
    outer loop
      vertex 53.16017713514588 0.7079643498754161 0
      vertex 52.98921878275971 1.027804931086264 0
      vertex 53.46625432638166 2.0152543263816605 0
    endloop
  endfacet
  facet normal 0 0 -1
    outer loop
      vertex 52.98921878275971 1.027804931086264 0
      vertex 53.03437516410587 2.369688395062254 0
      vertex 53.46625432638166 2.0152543263816605 0
    endloop
  endfacet
  facet normal 0.9569403357322086 0.2902846772544633 0
    outer loop
      vertex 54.246238049149206 0.5560074177459655 0
      vertex 54.084056667657165 1.0906477822405058 0
      vertex 54.246238049149206 0.5560074177459655 1.21
    endloop
  endfacet
  facet normal 0.8819212643483574 0.47139673682599315 0
    outer loop
      vertex 53.820688395062255 1.5833751641058662 0
      vertex 54.084056667657165 1.0906477822405058 1.21
      vertex 54.084056667657165 1.0906477822405058 0
    endloop
  endfacet
  facet normal 0.7730104533627341 0.6343932841636488 0
    outer loop
      vertex 53.820688395062255 1.5833751641058662 0
      vertex 53.46625432638166 2.0152543263816605 0
      vertex 53.820688395062255 1.5833751641058662 1.21
    endloop
  endfacet
  facet normal 0.6343932841636479 0.7730104533627349 0
    outer loop
      vertex 53.03437516410587 2.369688395062254 0
      vertex 53.03437516410587 2.369688395062254 1.21
      vertex 53.46625432638166 2.0152543263816605 0
    endloop
  endfacet
  facet normal -0.9569403357322086 -0.2902846772544633 0
    outer loop
      vertex 48.817943332342836 -1.0906477822405058 0
      vertex 48.817943332342836 -1.0906477822405058 1.21
      vertex 48.655761950850795 -0.5560074177459655 1.21
    endloop
  endfacet
  facet normal -0.9951847266721964 -0.09801714032956622 0
    outer loop
      vertex 48.655761950850795 -0.5560074177459655 0
      vertex 48.655761950850795 -0.5560074177459655 1.21
      vertex 48.601 0 1.21
    endloop
  endfacet
  facet normal -0.9951847266721964 0.09801714032956622 0
    outer loop
      vertex 48.601 0 0
      vertex 48.601 0 1.21
      vertex 48.655761950850795 0.5560074177459655 1.21
    endloop
  endfacet
  facet normal -0.9569403357322086 0.2902846772544633 0
    outer loop
      vertex 48.655761950850795 0.5560074177459655 0
      vertex 48.655761950850795 0.5560074177459655 1.21
      vertex 48.817943332342836 1.0906477822405058 1.21
    endloop
  endfacet
  facet normal -0.8819212643483574 0.47139673682599315 0
    outer loop
      vertex 48.817943332342836 1.0906477822405058 0
      vertex 48.817943332342836 1.0906477822405058 1.21
      vertex 49.081311604937746 1.5833751641058662 1.21
    endloop
  endfacet
  facet normal -0.7730104533627341 0.6343932841636488 0
    outer loop
      vertex 49.081311604937746 1.5833751641058662 0
      vertex 49.081311604937746 1.5833751641058662 1.21
      vertex 49.43574567361834 2.0152543263816605 1.21
    endloop
  endfacet
  facet normal -0.6343932841636479 0.7730104533627349 0
    outer loop
      vertex 49.867624835894134 2.369688395062254 0
      vertex 49.43574567361834 2.0152543263816605 1.21
      vertex 49.867624835894134 2.369688395062254 1.21
    endloop
  endfacet
  facet normal 0.9569403357322086 -0.2902846772544633 0
    outer loop
      vertex 54.246238049149206 -0.5560074177459655 0
      vertex 54.246238049149206 -0.5560074177459655 1.21
      vertex 54.084056667657165 -1.0906477822405058 1.21
    endloop
  endfacet
  facet normal 0.9951847266721964 -0.09801714032956622 0
    outer loop
      vertex 54.301 0 0
      vertex 54.301 0 1.21
      vertex 54.246238049149206 -0.5560074177459655 1.21
    endloop
  endfacet
  facet normal 0.9951847266721964 0.09801714032956622 0
    outer loop
      vertex 54.246238049149206 0.5560074177459655 0
      vertex 54.246238049149206 0.5560074177459655 1.21
      vertex 54.301 0 1.21
    endloop
  endfacet
  facet normal 0.9569403357322086 0.2902846772544633 0
    outer loop
      vertex 54.084056667657165 1.0906477822405058 0
      vertex 54.084056667657165 1.0906477822405058 1.21
      vertex 54.246238049149206 0.5560074177459655 1.21
    endloop
  endfacet
  facet normal 0.8819212643483574 0.47139673682599315 0
    outer loop
      vertex 53.820688395062255 1.5833751641058662 0
      vertex 53.820688395062255 1.5833751641058662 1.21
      vertex 54.084056667657165 1.0906477822405058 1.21
    endloop
  endfacet
  facet normal 0.7730104533627341 0.6343932841636488 0
    outer loop
      vertex 53.46625432638166 2.0152543263816605 0
      vertex 53.46625432638166 2.0152543263816605 1.21
      vertex 53.820688395062255 1.5833751641058662 1.21
    endloop
  endfacet
  facet normal 0.6343932841636479 0.7730104533627349 0
    outer loop
      vertex 53.46625432638166 2.0152543263816605 0
      vertex 53.03437516410587 2.369688395062254 1.21
      vertex 53.46625432638166 2.0152543263816605 1.21
    endloop
  endfacet
  facet normal 0 0 -1
    outer loop
      vertex 50.74303565012458 1.7091771351458807 0
      vertex 50.3603522177595 2.633056667657167 0
      vertex 50.894992582254034 2.795238049149207 0
    endloop
  endfacet
  facet normal -0.4713967368259943 0.8819212643483567 0
    outer loop
      vertex 49.867624835894134 2.369688395062254 0
      vertex 49.867624835894134 2.369688395062254 1.21
      vertex 50.3603522177595 2.633056667657167 0
    endloop
  endfacet
  facet normal -0.29028467725446494 0.956940335732208 0
    outer loop
      vertex 50.3603522177595 2.633056667657167 0
      vertex 50.3603522177595 2.633056667657167 1.21
      vertex 50.894992582254034 2.795238049149207 0
    endloop
  endfacet
  facet normal 0 0 -1
    outer loop
      vertex 51.09008290427016 1.8144527687459764 0
      vertex 50.894992582254034 2.795238049149207 0
      vertex 51.451 2.85 0
    endloop
  endfacet
  facet normal 0 0 -1
    outer loop
      vertex 51.451 1.85 0
      vertex 51.451 2.85 0
      vertex 52.00700741774597 2.795238049149207 0
    endloop
  endfacet
  facet normal 0 0 -1
    outer loop
      vertex 51.81191709572984 1.8144527687459764 0
      vertex 52.00700741774597 2.795238049149207 0
      vertex 52.5416477822405 2.633056667657167 0
    endloop
  endfacet
  facet normal -0.09801714032956048 0.9951847266721969 0
    outer loop
      vertex 50.894992582254034 2.795238049149207 0
      vertex 50.894992582254034 2.795238049149207 1.21
      vertex 51.451 2.85 0
    endloop
  endfacet
  facet normal 0.09801714032956048 0.9951847266721969 0
    outer loop
      vertex 51.451 2.85 0
      vertex 51.451 2.85 1.21
      vertex 52.00700741774597 2.795238049149207 0
    endloop
  endfacet
  facet normal 0.4713967368259943 0.8819212643483567 0
    outer loop
      vertex 53.03437516410587 2.369688395062254 0
      vertex 52.5416477822405 2.633056667657167 0
      vertex 52.5416477822405 2.633056667657167 1.21
    endloop
  endfacet
  facet normal 0.29028467725446494 0.956940335732208 0
    outer loop
      vertex 52.00700741774597 2.795238049149207 0
      vertex 52.00700741774597 2.795238049149207 1.21
      vertex 52.5416477822405 2.633056667657167 0
    endloop
  endfacet
  facet normal -0.4713967368259943 0.8819212643483567 0
    outer loop
      vertex 50.3603522177595 2.633056667657167 0
      vertex 49.867624835894134 2.369688395062254 1.21
      vertex 50.3603522177595 2.633056667657167 1.21
    endloop
  endfacet
  facet normal -0.29028467725446494 0.956940335732208 0
    outer loop
      vertex 50.894992582254034 2.795238049149207 0
      vertex 50.3603522177595 2.633056667657167 1.21
      vertex 50.894992582254034 2.795238049149207 1.21
    endloop
  endfacet
  facet normal -0.09801714032956048 0.9951847266721969 0
    outer loop
      vertex 51.451 2.85 0
      vertex 50.894992582254034 2.795238049149207 1.21
      vertex 51.451 2.85 1.21
    endloop
  endfacet
  facet normal 0.09801714032956048 0.9951847266721969 0
    outer loop
      vertex 52.00700741774597 2.795238049149207 0
      vertex 51.451 2.85 1.21
      vertex 52.00700741774597 2.795238049149207 1.21
    endloop
  endfacet
  facet normal 0.4713967368259943 0.8819212643483567 0
    outer loop
      vertex 53.03437516410587 2.369688395062254 0
      vertex 52.5416477822405 2.633056667657167 1.21
      vertex 53.03437516410587 2.369688395062254 1.21
    endloop
  endfacet
  facet normal 0.29028467725446494 0.956940335732208 0
    outer loop
      vertex 52.5416477822405 2.633056667657167 0
      vertex 52.00700741774597 2.795238049149207 1.21
      vertex 52.5416477822405 2.633056667657167 1.21
    endloop
  endfacet
  facet normal 0 0 -1
    outer loop
      vertex 6.420624835894134 -2.369688395062254 0
      vertex 6.976195068913736 -1.5382187827597087 0
      vertex 6.913352217759494 -2.633056667657167 0
    endloop
  endfacet
  facet normal 0 0 -1
    outer loop
      vertex 5.9887456736183395 -2.0152543263816605 0
      vertex 6.465781217240291 -1.027804931086264 0
      vertex 6.420624835894134 -2.369688395062254 0
    endloop
  endfacet
  facet normal 0 0 -1
    outer loop
      vertex 6.420624835894134 -2.369688395062254 0
      vertex 6.6958524548048866 -1.308147545195113 0
      vertex 6.976195068913736 -1.5382187827597087 0
    endloop
  endfacet
  facet normal 0 0 -1
    outer loop
      vertex 5.9887456736183395 -2.0152543263816605 0
      vertex 6.294822864854119 -0.7079643498754161 0
      vertex 6.465781217240291 -1.027804931086264 0
    endloop
  endfacet
  facet normal 0 0 -1
    outer loop
      vertex 6.420624835894134 -2.369688395062254 0
      vertex 6.465781217240291 -1.027804931086264 0
      vertex 6.6958524548048866 -1.308147545195113 0
    endloop
  endfacet
  facet normal 0 0 -1
    outer loop
      vertex 7.4479925822540345 -2.795238049149207 0
      vertex 8.004 -1.85 0
      vertex 8.004 -2.85 0
    endloop
  endfacet
  facet normal 0 0 -1
    outer loop
      vertex 6.913352217759494 -2.633056667657167 0
      vertex 7.6430829042701625 -1.8144527687459764 0
      vertex 7.4479925822540345 -2.795238049149207 0
    endloop
  endfacet
  facet normal 0 0 -1
    outer loop
      vertex 6.913352217759494 -2.633056667657167 0
      vertex 7.296035650124583 -1.7091771351458807 0
      vertex 7.6430829042701625 -1.8144527687459764 0
    endloop
  endfacet
  facet normal 0 0 -1
    outer loop
      vertex 7.4479925822540345 -2.795238049149207 0
      vertex 7.6430829042701625 -1.8144527687459764 0
      vertex 8.004 -1.85 0
    endloop
  endfacet
  facet normal 0 0 -1
    outer loop
      vertex 8.004 -2.85 0
      vertex 8.364917095729837 -1.8144527687459764 0
      vertex 8.560007417745965 -2.795238049149207 0
    endloop
  endfacet
  facet normal 0 0 -1
    outer loop
      vertex 8.004 -2.85 0
      vertex 8.004 -1.85 0
      vertex 8.364917095729837 -1.8144527687459764 0
    endloop
  endfacet
  facet normal 0 0 -1
    outer loop
      vertex 8.560007417745965 -2.795238049149207 0
      vertex 8.364917095729837 -1.8144527687459764 0
      vertex 8.711964349875416 -1.7091771351458807 0
    endloop
  endfacet
  facet normal 0 0 -1
    outer loop
      vertex 8.560007417745965 -2.795238049149207 0
      vertex 8.711964349875416 -1.7091771351458807 0
      vertex 9.094647782240505 -2.633056667657167 0
    endloop
  endfacet
  facet normal 0 0 -1
    outer loop
      vertex 6.913352217759494 -2.633056667657167 0
      vertex 6.976195068913736 -1.5382187827597087 0
      vertex 7.296035650124583 -1.7091771351458807 0
    endloop
  endfacet
  facet normal 0 0 -1
    outer loop
      vertex 9.094647782240505 -2.633056667657167 0
      vertex 8.711964349875416 -1.7091771351458807 0
      vertex 9.031804931086263 -1.5382187827597087 0
    endloop
  endfacet
  facet normal 0 0 -1
    outer loop
      vertex 9.094647782240505 -2.633056667657167 0
      vertex 9.031804931086263 -1.5382187827597087 0
      vertex 9.312147545195113 -1.308147545195113 0
    endloop
  endfacet
  facet normal -0.47139673682599764 -0.881921264348355 0
    outer loop
      vertex 6.420624835894134 -2.369688395062254 0
      vertex 6.913352217759494 -2.633056667657167 0
      vertex 6.913352217759494 -2.633056667657167 1.21
    endloop
  endfacet
  facet normal -0.6343932841636457 -0.7730104533627369 0
    outer loop
      vertex 5.9887456736183395 -2.0152543263816605 0
      vertex 6.420624835894134 -2.369688395062254 0
      vertex 6.420624835894134 -2.369688395062254 1.21
    endloop
  endfacet
  facet normal -0.7730104533627365 -0.634393284163646 0
    outer loop
      vertex 5.9887456736183395 -2.0152543263816605 0
      vertex 5.6343116049377455 -1.5833751641058662 1.21
      vertex 5.6343116049377455 -1.5833751641058662 0
    endloop
  endfacet
  facet normal -0.8819212643483554 -0.4713967368259968 0
    outer loop
      vertex 5.370943332342833 -1.0906477822405058 0
      vertex 5.6343116049377455 -1.5833751641058662 0
      vertex 5.370943332342833 -1.0906477822405058 1.21
    endloop
  endfacet
  facet normal -0.29028467725446233 -0.9569403357322089 0
    outer loop
      vertex 6.913352217759494 -2.633056667657167 0
      vertex 7.4479925822540345 -2.795238049149207 0
      vertex 7.4479925822540345 -2.795238049149207 1.21
    endloop
  endfacet
  facet normal -0.09801714032956078 -0.9951847266721968 0
    outer loop
      vertex 7.4479925822540345 -2.795238049149207 0
      vertex 8.004 -2.85 0
      vertex 8.004 -2.85 1.21
    endloop
  endfacet
  facet normal 0.09801714032956078 -0.9951847266721968 0
    outer loop
      vertex 8.004 -2.85 0
      vertex 8.560007417745965 -2.795238049149207 0
      vertex 8.560007417745965 -2.795238049149207 1.21
    endloop
  endfacet
  facet normal 0.29028467725446233 -0.9569403357322089 0
    outer loop
      vertex 8.560007417745965 -2.795238049149207 0
      vertex 9.094647782240505 -2.633056667657167 0
      vertex 9.094647782240505 -2.633056667657167 1.21
    endloop
  endfacet
  facet normal -0.47139673682599764 -0.881921264348355 0
    outer loop
      vertex 6.420624835894134 -2.369688395062254 0
      vertex 6.913352217759494 -2.633056667657167 1.21
      vertex 6.420624835894134 -2.369688395062254 1.21
    endloop
  endfacet
  facet normal -0.6343932841636457 -0.7730104533627369 0
    outer loop
      vertex 5.9887456736183395 -2.0152543263816605 0
      vertex 6.420624835894134 -2.369688395062254 1.21
      vertex 5.9887456736183395 -2.0152543263816605 1.21
    endloop
  endfacet
  facet normal -0.8819212643483554 -0.4713967368259968 0
    outer loop
      vertex 5.6343116049377455 -1.5833751641058662 0
      vertex 5.6343116049377455 -1.5833751641058662 1.21
      vertex 5.370943332342833 -1.0906477822405058 1.21
    endloop
  endfacet
  facet normal -0.7730104533627365 -0.634393284163646 0
    outer loop
      vertex 5.9887456736183395 -2.0152543263816605 0
      vertex 5.9887456736183395 -2.0152543263816605 1.21
      vertex 5.6343116049377455 -1.5833751641058662 1.21
    endloop
  endfacet
  facet normal -0.29028467725446233 -0.9569403357322089 0
    outer loop
      vertex 6.913352217759494 -2.633056667657167 0
      vertex 7.4479925822540345 -2.795238049149207 1.21
      vertex 6.913352217759494 -2.633056667657167 1.21
    endloop
  endfacet
  facet normal -0.09801714032956078 -0.9951847266721968 0
    outer loop
      vertex 7.4479925822540345 -2.795238049149207 0
      vertex 8.004 -2.85 1.21
      vertex 7.4479925822540345 -2.795238049149207 1.21
    endloop
  endfacet
  facet normal 0.09801714032956078 -0.9951847266721968 0
    outer loop
      vertex 8.004 -2.85 0
      vertex 8.560007417745965 -2.795238049149207 1.21
      vertex 8.004 -2.85 1.21
    endloop
  endfacet
  facet normal 0.29028467725446233 -0.9569403357322089 0
    outer loop
      vertex 8.560007417745965 -2.795238049149207 0
      vertex 9.094647782240505 -2.633056667657167 1.21
      vertex 8.560007417745965 -2.795238049149207 1.21
    endloop
  endfacet
  facet normal 0 0 -1
    outer loop
      vertex 9.094647782240505 -2.633056667657167 0
      vertex 9.312147545195113 -1.308147545195113 0
      vertex 9.587375164105866 -2.369688395062254 0
    endloop
  endfacet
  facet normal 0 0 -1
    outer loop
      vertex 9.587375164105866 -2.369688395062254 0
      vertex 9.312147545195113 -1.308147545195113 0
      vertex 9.542218782759708 -1.027804931086264 0
    endloop
  endfacet
  facet normal 0 0 -1
    outer loop
      vertex 9.587375164105866 -2.369688395062254 0
      vertex 9.542218782759708 -1.027804931086264 0
      vertex 9.71317713514588 -0.7079643498754161 0
    endloop
  endfacet
  facet normal 0 0 -1
    outer loop
      vertex 9.587375164105866 -2.369688395062254 0
      vertex 9.818452768745976 -0.36091709572983727 0
      vertex 10.01925432638166 -2.0152543263816605 0
    endloop
  endfacet
  facet normal 0.47139673682599703 -0.8819212643483554 0
    outer loop
      vertex 9.094647782240505 -2.633056667657167 0
      vertex 9.587375164105866 -2.369688395062254 0
      vertex 9.587375164105866 -2.369688395062254 1.21
    endloop
  endfacet
  facet normal 0.6343932841636464 -0.7730104533627361 0
    outer loop
      vertex 9.587375164105866 -2.369688395062254 0
      vertex 10.01925432638166 -2.0152543263816605 0
      vertex 10.01925432638166 -2.0152543263816605 1.21
    endloop
  endfacet
  facet normal 0.7730104533627373 -0.6343932841636449 0
    outer loop
      vertex 10.01925432638166 -2.0152543263816605 0
      vertex 10.373688395062253 -1.5833751641058662 0
      vertex 10.01925432638166 -2.0152543263816605 1.21
    endloop
  endfacet
  facet normal 0.8819212643483548 -0.47139673682599814 0
    outer loop
      vertex 10.373688395062253 -1.5833751641058662 0
      vertex 10.637056667657166 -1.0906477822405058 0
      vertex 10.373688395062253 -1.5833751641058662 1.21
    endloop
  endfacet
  facet normal 0.47139673682599703 -0.8819212643483554 0
    outer loop
      vertex 9.094647782240505 -2.633056667657167 0
      vertex 9.587375164105866 -2.369688395062254 1.21
      vertex 9.094647782240505 -2.633056667657167 1.21
    endloop
  endfacet
  facet normal 0.6343932841636464 -0.7730104533627361 0
    outer loop
      vertex 9.587375164105866 -2.369688395062254 0
      vertex 10.01925432638166 -2.0152543263816605 1.21
      vertex 9.587375164105866 -2.369688395062254 1.21
    endloop
  endfacet
  facet normal 0.7730104533627373 -0.6343932841636449 0
    outer loop
      vertex 10.373688395062253 -1.5833751641058662 0
      vertex 10.373688395062253 -1.5833751641058662 1.21
      vertex 10.01925432638166 -2.0152543263816605 1.21
    endloop
  endfacet
  facet normal 0.8819212643483548 -0.47139673682599814 0
    outer loop
      vertex 10.637056667657166 -1.0906477822405058 0
      vertex 10.637056667657166 -1.0906477822405058 1.21
      vertex 10.373688395062253 -1.5833751641058662 1.21
    endloop
  endfacet
  facet normal 0 0 -1
    outer loop
      vertex 5.370943332342833 -1.0906477822405058 0
      vertex 5.6343116049377455 1.5833751641058662 0
      vertex 5.6343116049377455 -1.5833751641058662 0
    endloop
  endfacet
  facet normal 0 0 -1
    outer loop
      vertex 5.9887456736183395 -2.0152543263816605 0
      vertex 6.189547231254023 -0.36091709572983727 0
      vertex 6.294822864854119 -0.7079643498754161 0
    endloop
  endfacet
  facet normal 0 0 -1
    outer loop
      vertex 5.9887456736183395 -2.0152543263816605 0
      vertex 6.154 0 0
      vertex 6.189547231254023 -0.36091709572983727 0
    endloop
  endfacet
  facet normal 0 0 -1
    outer loop
      vertex 5.9887456736183395 -2.0152543263816605 0
      vertex 5.6343116049377455 -1.5833751641058662 0
      vertex 5.9887456736183395 2.0152543263816605 0
    endloop
  endfacet
  facet normal 0 0 -1
    outer loop
      vertex 5.208761950850793 -0.5560074177459655 0
      vertex 5.154 0 0
      vertex 5.208761950850793 0.5560074177459655 0
    endloop
  endfacet
  facet normal 0 0 -1
    outer loop
      vertex 5.370943332342833 -1.0906477822405058 0
      vertex 5.208761950850793 -0.5560074177459655 0
      vertex 5.370943332342833 1.0906477822405058 0
    endloop
  endfacet
  facet normal 0 0 -1
    outer loop
      vertex 5.208761950850793 -0.5560074177459655 0
      vertex 5.208761950850793 0.5560074177459655 0
      vertex 5.370943332342833 1.0906477822405058 0
    endloop
  endfacet
  facet normal 0 0 -1
    outer loop
      vertex 5.370943332342833 -1.0906477822405058 0
      vertex 5.370943332342833 1.0906477822405058 0
      vertex 5.6343116049377455 1.5833751641058662 0
    endloop
  endfacet
  facet normal 0 0 -1
    outer loop
      vertex 5.9887456736183395 -2.0152543263816605 0
      vertex 5.9887456736183395 2.0152543263816605 0
      vertex 6.154 0 0
    endloop
  endfacet
  facet normal -0.9569403357322086 -0.2902846772544633 0
    outer loop
      vertex 5.370943332342833 -1.0906477822405058 0
      vertex 5.208761950850793 -0.5560074177459655 1.21
      vertex 5.208761950850793 -0.5560074177459655 0
    endloop
  endfacet
  facet normal -0.995184726672197 -0.09801714032955992 0
    outer loop
      vertex 5.208761950850793 -0.5560074177459655 0
      vertex 5.154 0 1.21
      vertex 5.154 0 0
    endloop
  endfacet
  facet normal -0.995184726672197 0.09801714032955992 0
    outer loop
      vertex 5.154 0 0
      vertex 5.208761950850793 0.5560074177459655 1.21
      vertex 5.208761950850793 0.5560074177459655 0
    endloop
  endfacet
  facet normal 0 0 -1
    outer loop
      vertex 5.6343116049377455 -1.5833751641058662 0
      vertex 5.6343116049377455 1.5833751641058662 0
      vertex 5.9887456736183395 2.0152543263816605 0
    endloop
  endfacet
  facet normal 0 0 -1
    outer loop
      vertex 5.9887456736183395 2.0152543263816605 0
      vertex 6.189547231254023 0.36091709572983727 0
      vertex 6.154 0 0
    endloop
  endfacet
  facet normal 0 0 -1
    outer loop
      vertex 6.189547231254023 0.36091709572983727 0
      vertex 6.420624835894134 2.369688395062254 0
      vertex 6.294822864854119 0.7079643498754161 0
    endloop
  endfacet
  facet normal 0 0 -1
    outer loop
      vertex 6.294822864854119 0.7079643498754161 0
      vertex 6.420624835894134 2.369688395062254 0
      vertex 6.465781217240291 1.027804931086264 0
    endloop
  endfacet
  facet normal 0 0 -1
    outer loop
      vertex 5.9887456736183395 2.0152543263816605 0
      vertex 6.420624835894134 2.369688395062254 0
      vertex 6.189547231254023 0.36091709572983727 0
    endloop
  endfacet
  facet normal 0 0 -1
    outer loop
      vertex 6.465781217240291 1.027804931086264 0
      vertex 6.420624835894134 2.369688395062254 0
      vertex 6.6958524548048866 1.308147545195113 0
    endloop
  endfacet
  facet normal 0 0 -1
    outer loop
      vertex 6.6958524548048866 1.308147545195113 0
      vertex 6.913352217759494 2.633056667657167 0
      vertex 6.976195068913736 1.5382187827597087 0
    endloop
  endfacet
  facet normal 0 0 -1
    outer loop
      vertex 6.6958524548048866 1.308147545195113 0
      vertex 6.420624835894134 2.369688395062254 0
      vertex 6.913352217759494 2.633056667657167 0
    endloop
  endfacet
  facet normal 0 0 -1
    outer loop
      vertex 6.976195068913736 1.5382187827597087 0
      vertex 6.913352217759494 2.633056667657167 0
      vertex 7.296035650124583 1.7091771351458807 0
    endloop
  endfacet
  facet normal 0 0 -1
    outer loop
      vertex 7.296035650124583 1.7091771351458807 0
      vertex 7.4479925822540345 2.795238049149207 0
      vertex 7.6430829042701625 1.8144527687459764 0
    endloop
  endfacet
  facet normal 0 0 -1
    outer loop
      vertex 7.6430829042701625 1.8144527687459764 0
      vertex 8.004 2.85 0
      vertex 8.004 1.85 0
    endloop
  endfacet
  facet normal 0 0 -1
    outer loop
      vertex 8.004 1.85 0
      vertex 8.560007417745965 2.795238049149207 0
      vertex 8.364917095729837 1.8144527687459764 0
    endloop
  endfacet
  facet normal 0 0 -1
    outer loop
      vertex 8.711964349875416 1.7091771351458807 0
      vertex 9.094647782240505 2.633056667657167 0
      vertex 9.031804931086263 1.5382187827597087 0
    endloop
  endfacet
  facet normal 0 0 -1
    outer loop
      vertex 8.364917095729837 1.8144527687459764 0
      vertex 9.094647782240505 2.633056667657167 0
      vertex 8.711964349875416 1.7091771351458807 0
    endloop
  endfacet
  facet normal -0.9569403357322086 0.2902846772544633 0
    outer loop
      vertex 5.208761950850793 0.5560074177459655 0
      vertex 5.370943332342833 1.0906477822405058 1.21
      vertex 5.370943332342833 1.0906477822405058 0
    endloop
  endfacet
  facet normal -0.8819212643483554 0.4713967368259968 0
    outer loop
      vertex 5.370943332342833 1.0906477822405058 0
      vertex 5.6343116049377455 1.5833751641058662 1.21
      vertex 5.6343116049377455 1.5833751641058662 0
    endloop
  endfacet
  facet normal -0.7730104533627365 0.634393284163646 0
    outer loop
      vertex 5.6343116049377455 1.5833751641058662 0
      vertex 5.9887456736183395 2.0152543263816605 1.21
      vertex 5.9887456736183395 2.0152543263816605 0
    endloop
  endfacet
  facet normal -0.6343932841636457 0.7730104533627369 0
    outer loop
      vertex 5.9887456736183395 2.0152543263816605 0
      vertex 5.9887456736183395 2.0152543263816605 1.21
      vertex 6.420624835894134 2.369688395062254 0
    endloop
  endfacet
  facet normal -0.9569403357322086 -0.2902846772544633 0
    outer loop
      vertex 5.370943332342833 -1.0906477822405058 0
      vertex 5.370943332342833 -1.0906477822405058 1.21
      vertex 5.208761950850793 -0.5560074177459655 1.21
    endloop
  endfacet
  facet normal -0.995184726672197 -0.09801714032955992 0
    outer loop
      vertex 5.208761950850793 -0.5560074177459655 0
      vertex 5.208761950850793 -0.5560074177459655 1.21
      vertex 5.154 0 1.21
    endloop
  endfacet
  facet normal -0.995184726672197 0.09801714032955992 0
    outer loop
      vertex 5.154 0 0
      vertex 5.154 0 1.21
      vertex 5.208761950850793 0.5560074177459655 1.21
    endloop
  endfacet
  facet normal -0.9569403357322086 0.2902846772544633 0
    outer loop
      vertex 5.208761950850793 0.5560074177459655 0
      vertex 5.208761950850793 0.5560074177459655 1.21
      vertex 5.370943332342833 1.0906477822405058 1.21
    endloop
  endfacet
  facet normal -0.8819212643483554 0.4713967368259968 0
    outer loop
      vertex 5.370943332342833 1.0906477822405058 0
      vertex 5.370943332342833 1.0906477822405058 1.21
      vertex 5.6343116049377455 1.5833751641058662 1.21
    endloop
  endfacet
  facet normal -0.7730104533627365 0.634393284163646 0
    outer loop
      vertex 5.6343116049377455 1.5833751641058662 0
      vertex 5.6343116049377455 1.5833751641058662 1.21
      vertex 5.9887456736183395 2.0152543263816605 1.21
    endloop
  endfacet
  facet normal -0.6343932841636457 0.7730104533627369 0
    outer loop
      vertex 6.420624835894134 2.369688395062254 0
      vertex 5.9887456736183395 2.0152543263816605 1.21
      vertex 6.420624835894134 2.369688395062254 1.21
    endloop
  endfacet
  facet normal 0 0 -1
    outer loop
      vertex 7.296035650124583 1.7091771351458807 0
      vertex 6.913352217759494 2.633056667657167 0
      vertex 7.4479925822540345 2.795238049149207 0
    endloop
  endfacet
  facet normal 0 0 -1
    outer loop
      vertex 7.6430829042701625 1.8144527687459764 0
      vertex 7.4479925822540345 2.795238049149207 0
      vertex 8.004 2.85 0
    endloop
  endfacet
  facet normal 0 0 -1
    outer loop
      vertex 8.004 1.85 0
      vertex 8.004 2.85 0
      vertex 8.560007417745965 2.795238049149207 0
    endloop
  endfacet
  facet normal 0 0 -1
    outer loop
      vertex 8.364917095729837 1.8144527687459764 0
      vertex 8.560007417745965 2.795238049149207 0
      vertex 9.094647782240505 2.633056667657167 0
    endloop
  endfacet
  facet normal -0.47139673682599764 0.881921264348355 0
    outer loop
      vertex 6.420624835894134 2.369688395062254 0
      vertex 6.420624835894134 2.369688395062254 1.21
      vertex 6.913352217759494 2.633056667657167 0
    endloop
  endfacet
  facet normal -0.29028467725446233 0.9569403357322089 0
    outer loop
      vertex 6.913352217759494 2.633056667657167 0
      vertex 6.913352217759494 2.633056667657167 1.21
      vertex 7.4479925822540345 2.795238049149207 0
    endloop
  endfacet
  facet normal -0.09801714032956078 0.9951847266721968 0
    outer loop
      vertex 7.4479925822540345 2.795238049149207 0
      vertex 7.4479925822540345 2.795238049149207 1.21
      vertex 8.004 2.85 0
    endloop
  endfacet
  facet normal 0.09801714032956078 0.9951847266721968 0
    outer loop
      vertex 8.004 2.85 0
      vertex 8.004 2.85 1.21
      vertex 8.560007417745965 2.795238049149207 0
    endloop
  endfacet
  facet normal 0.29028467725446233 0.9569403357322089 0
    outer loop
      vertex 8.560007417745965 2.795238049149207 0
      vertex 8.560007417745965 2.795238049149207 1.21
      vertex 9.094647782240505 2.633056667657167 0
    endloop
  endfacet
  facet normal -0.47139673682599764 0.881921264348355 0
    outer loop
      vertex 6.913352217759494 2.633056667657167 0
      vertex 6.420624835894134 2.369688395062254 1.21
      vertex 6.913352217759494 2.633056667657167 1.21
    endloop
  endfacet
  facet normal -0.29028467725446233 0.9569403357322089 0
    outer loop
      vertex 7.4479925822540345 2.795238049149207 0
      vertex 6.913352217759494 2.633056667657167 1.21
      vertex 7.4479925822540345 2.795238049149207 1.21
    endloop
  endfacet
  facet normal -0.09801714032956078 0.9951847266721968 0
    outer loop
      vertex 8.004 2.85 0
      vertex 7.4479925822540345 2.795238049149207 1.21
      vertex 8.004 2.85 1.21
    endloop
  endfacet
  facet normal 0.09801714032956078 0.9951847266721968 0
    outer loop
      vertex 8.560007417745965 2.795238049149207 0
      vertex 8.004 2.85 1.21
      vertex 8.560007417745965 2.795238049149207 1.21
    endloop
  endfacet
  facet normal 0.29028467725446233 0.9569403357322089 0
    outer loop
      vertex 9.094647782240505 2.633056667657167 0
      vertex 8.560007417745965 2.795238049149207 1.21
      vertex 9.094647782240505 2.633056667657167 1.21
    endloop
  endfacet
  facet normal 0 0 -1
    outer loop
      vertex 9.587375164105866 -2.369688395062254 0
      vertex 9.71317713514588 -0.7079643498754161 0
      vertex 9.818452768745976 -0.36091709572983727 0
    endloop
  endfacet
  facet normal 0 0 -1
    outer loop
      vertex 9.818452768745976 -0.36091709572983727 0
      vertex 9.854 0 0
      vertex 10.01925432638166 -2.0152543263816605 0
    endloop
  endfacet
  facet normal 0 0 -1
    outer loop
      vertex 10.01925432638166 -2.0152543263816605 0
      vertex 10.373688395062253 1.5833751641058662 0
      vertex 10.373688395062253 -1.5833751641058662 0
    endloop
  endfacet
  facet normal 0 0 -1
    outer loop
      vertex 10.373688395062253 -1.5833751641058662 0
      vertex 10.637056667657166 1.0906477822405058 0
      vertex 10.637056667657166 -1.0906477822405058 0
    endloop
  endfacet
  facet normal 0 0 -1
    outer loop
      vertex 10.637056667657166 -1.0906477822405058 0
      vertex 10.799238049149206 0.5560074177459655 0
      vertex 10.799238049149206 -0.5560074177459655 0
    endloop
  endfacet
  facet normal 0 0 -1
    outer loop
      vertex 10.01925432638166 -2.0152543263816605 0
      vertex 9.854 0 0
      vertex 10.01925432638166 2.0152543263816605 0
    endloop
  endfacet
  facet normal 0 0 -1
    outer loop
      vertex 10.01925432638166 -2.0152543263816605 0
      vertex 10.01925432638166 2.0152543263816605 0
      vertex 10.373688395062253 1.5833751641058662 0
    endloop
  endfacet
  facet normal 0 0 -1
    outer loop
      vertex 10.799238049149206 -0.5560074177459655 0
      vertex 10.799238049149206 0.5560074177459655 0
      vertex 10.854 0 0
    endloop
  endfacet
  facet normal 0 0 -1
    outer loop
      vertex 10.637056667657166 -1.0906477822405058 0
      vertex 10.637056667657166 1.0906477822405058 0
      vertex 10.799238049149206 0.5560074177459655 0
    endloop
  endfacet
  facet normal 0 0 -1
    outer loop
      vertex 10.373688395062253 -1.5833751641058662 0
      vertex 10.373688395062253 1.5833751641058662 0
      vertex 10.637056667657166 1.0906477822405058 0
    endloop
  endfacet
  facet normal 0.9569403357322086 -0.2902846772544633 0
    outer loop
      vertex 10.637056667657166 -1.0906477822405058 0
      vertex 10.799238049149206 -0.5560074177459655 0
      vertex 10.637056667657166 -1.0906477822405058 1.21
    endloop
  endfacet
  facet normal 0.995184726672197 -0.09801714032955992 0
    outer loop
      vertex 10.799238049149206 -0.5560074177459655 0
      vertex 10.854 0 0
      vertex 10.799238049149206 -0.5560074177459655 1.21
    endloop
  endfacet
  facet normal 0.995184726672197 0.09801714032955992 0
    outer loop
      vertex 10.854 0 0
      vertex 10.799238049149206 0.5560074177459655 0
      vertex 10.854 0 1.21
    endloop
  endfacet
  facet normal 0 0 -1
    outer loop
      vertex 9.854 0 0
      vertex 9.818452768745976 0.36091709572983727 0
      vertex 10.01925432638166 2.0152543263816605 0
    endloop
  endfacet
  facet normal 0 0 -1
    outer loop
      vertex 9.71317713514588 0.7079643498754161 0
      vertex 9.542218782759708 1.027804931086264 0
      vertex 10.01925432638166 2.0152543263816605 0
    endloop
  endfacet
  facet normal 0 0 -1
    outer loop
      vertex 9.818452768745976 0.36091709572983727 0
      vertex 9.71317713514588 0.7079643498754161 0
      vertex 10.01925432638166 2.0152543263816605 0
    endloop
  endfacet
  facet normal 0 0 -1
    outer loop
      vertex 9.312147545195113 1.308147545195113 0
      vertex 9.587375164105866 2.369688395062254 0
      vertex 9.542218782759708 1.027804931086264 0
    endloop
  endfacet
  facet normal 0 0 -1
    outer loop
      vertex 9.312147545195113 1.308147545195113 0
      vertex 9.031804931086263 1.5382187827597087 0
      vertex 9.587375164105866 2.369688395062254 0
    endloop
  endfacet
  facet normal 0 0 -1
    outer loop
      vertex 9.542218782759708 1.027804931086264 0
      vertex 9.587375164105866 2.369688395062254 0
      vertex 10.01925432638166 2.0152543263816605 0
    endloop
  endfacet
  facet normal 0 0 -1
    outer loop
      vertex 9.031804931086263 1.5382187827597087 0
      vertex 9.094647782240505 2.633056667657167 0
      vertex 9.587375164105866 2.369688395062254 0
    endloop
  endfacet
  facet normal 0.9569403357322086 0.2902846772544633 0
    outer loop
      vertex 10.799238049149206 0.5560074177459655 0
      vertex 10.637056667657166 1.0906477822405058 0
      vertex 10.799238049149206 0.5560074177459655 1.21
    endloop
  endfacet
  facet normal 0.8819212643483548 0.47139673682599814 0
    outer loop
      vertex 10.373688395062253 1.5833751641058662 0
      vertex 10.637056667657166 1.0906477822405058 1.21
      vertex 10.637056667657166 1.0906477822405058 0
    endloop
  endfacet
  facet normal 0.7730104533627373 0.6343932841636449 0
    outer loop
      vertex 10.373688395062253 1.5833751641058662 0
      vertex 10.01925432638166 2.0152543263816605 0
      vertex 10.373688395062253 1.5833751641058662 1.21
    endloop
  endfacet
  facet normal 0.6343932841636464 0.7730104533627361 0
    outer loop
      vertex 9.587375164105866 2.369688395062254 0
      vertex 9.587375164105866 2.369688395062254 1.21
      vertex 10.01925432638166 2.0152543263816605 0
    endloop
  endfacet
  facet normal 0.9569403357322086 -0.2902846772544633 0
    outer loop
      vertex 10.799238049149206 -0.5560074177459655 0
      vertex 10.799238049149206 -0.5560074177459655 1.21
      vertex 10.637056667657166 -1.0906477822405058 1.21
    endloop
  endfacet
  facet normal 0.995184726672197 -0.09801714032955992 0
    outer loop
      vertex 10.854 0 0
      vertex 10.854 0 1.21
      vertex 10.799238049149206 -0.5560074177459655 1.21
    endloop
  endfacet
  facet normal 0.995184726672197 0.09801714032955992 0
    outer loop
      vertex 10.799238049149206 0.5560074177459655 0
      vertex 10.799238049149206 0.5560074177459655 1.21
      vertex 10.854 0 1.21
    endloop
  endfacet
  facet normal 0.9569403357322086 0.2902846772544633 0
    outer loop
      vertex 10.637056667657166 1.0906477822405058 0
      vertex 10.637056667657166 1.0906477822405058 1.21
      vertex 10.799238049149206 0.5560074177459655 1.21
    endloop
  endfacet
  facet normal 0.7730104533627373 0.6343932841636449 0
    outer loop
      vertex 10.01925432638166 2.0152543263816605 0
      vertex 10.01925432638166 2.0152543263816605 1.21
      vertex 10.373688395062253 1.5833751641058662 1.21
    endloop
  endfacet
  facet normal 0.6343932841636464 0.7730104533627361 0
    outer loop
      vertex 10.01925432638166 2.0152543263816605 0
      vertex 9.587375164105866 2.369688395062254 1.21
      vertex 10.01925432638166 2.0152543263816605 1.21
    endloop
  endfacet
  facet normal 0.8819212643483548 0.47139673682599814 0
    outer loop
      vertex 10.373688395062253 1.5833751641058662 0
      vertex 10.373688395062253 1.5833751641058662 1.21
      vertex 10.637056667657166 1.0906477822405058 1.21
    endloop
  endfacet
  facet normal 0.47139673682599703 0.8819212643483554 0
    outer loop
      vertex 9.094647782240505 2.633056667657167 0
      vertex 9.094647782240505 2.633056667657167 1.21
      vertex 9.587375164105866 2.369688395062254 0
    endloop
  endfacet
  facet normal 0.47139673682599703 0.8819212643483554 0
    outer loop
      vertex 9.587375164105866 2.369688395062254 0
      vertex 9.094647782240505 2.633056667657167 1.21
      vertex 9.587375164105866 2.369688395062254 1.21
    endloop
  endfacet
  facet normal 0 0 -1
    outer loop
      vertex 27.732352217759495 -2.633056667657167 0
      vertex 27.239624835894134 -2.369688395062254 0
      vertex 27.795195068913735 -1.5382187827597087 0
    endloop
  endfacet
  facet normal 0 0 -1
    outer loop
      vertex 26.80774567361834 -2.0152543263816605 0
      vertex 27.28478121724029 -1.027804931086264 0
      vertex 27.239624835894134 -2.369688395062254 0
    endloop
  endfacet
  facet normal 0 0 -1
    outer loop
      vertex 27.239624835894134 -2.369688395062254 0
      vertex 27.51485245480489 -1.308147545195113 0
      vertex 27.795195068913735 -1.5382187827597087 0
    endloop
  endfacet
  facet normal 0 0 -1
    outer loop
      vertex 26.80774567361834 -2.0152543263816605 0
      vertex 27.11382286485412 -0.7079643498754161 0
      vertex 27.28478121724029 -1.027804931086264 0
    endloop
  endfacet
  facet normal 0 0 -1
    outer loop
      vertex 27.239624835894134 -2.369688395062254 0
      vertex 27.28478121724029 -1.027804931086264 0
      vertex 27.51485245480489 -1.308147545195113 0
    endloop
  endfacet
  facet normal -0.47139673682599703 -0.8819212643483554 0
    outer loop
      vertex 27.732352217759495 -2.633056667657167 0
      vertex 27.732352217759495 -2.633056667657167 1.21
      vertex 27.239624835894134 -2.369688395062254 0
    endloop
  endfacet
  facet normal -0.6343932841636448 -0.7730104533627375 0
    outer loop
      vertex 26.80774567361834 -2.0152543263816605 0
      vertex 27.239624835894134 -2.369688395062254 0
      vertex 27.239624835894134 -2.369688395062254 1.21
    endloop
  endfacet
  facet normal -0.8819212643483548 -0.47139673682599814 0
    outer loop
      vertex 26.189943332342832 -1.0906477822405058 0
      vertex 26.453311604937745 -1.5833751641058662 0
      vertex 26.189943332342832 -1.0906477822405058 1.21
    endloop
  endfacet
  facet normal -0.7730104533627373 -0.6343932841636449 0
    outer loop
      vertex 26.80774567361834 -2.0152543263816605 0
      vertex 26.453311604937745 -1.5833751641058662 1.21
      vertex 26.453311604937745 -1.5833751641058662 0
    endloop
  endfacet
  facet normal -0.47139673682599703 -0.8819212643483554 0
    outer loop
      vertex 27.239624835894134 -2.369688395062254 0
      vertex 27.732352217759495 -2.633056667657167 1.21
      vertex 27.239624835894134 -2.369688395062254 1.21
    endloop
  endfacet
  facet normal -0.6343932841636448 -0.7730104533627375 0
    outer loop
      vertex 26.80774567361834 -2.0152543263816605 0
      vertex 27.239624835894134 -2.369688395062254 1.21
      vertex 26.80774567361834 -2.0152543263816605 1.21
    endloop
  endfacet
  facet normal -0.8819212643483548 -0.47139673682599814 0
    outer loop
      vertex 26.453311604937745 -1.5833751641058662 0
      vertex 26.453311604937745 -1.5833751641058662 1.21
      vertex 26.189943332342832 -1.0906477822405058 1.21
    endloop
  endfacet
  facet normal -0.7730104533627373 -0.6343932841636449 0
    outer loop
      vertex 26.80774567361834 -2.0152543263816605 0
      vertex 26.80774567361834 -2.0152543263816605 1.21
      vertex 26.453311604937745 -1.5833751641058662 1.21
    endloop
  endfacet
  facet normal 0 0 -1
    outer loop
      vertex 28.266992582254034 -2.795238049149207 0
      vertex 28.823 -1.85 0
      vertex 28.823 -2.85 0
    endloop
  endfacet
  facet normal 0 0 -1
    outer loop
      vertex 27.732352217759495 -2.633056667657167 0
      vertex 28.46208290427016 -1.8144527687459764 0
      vertex 28.266992582254034 -2.795238049149207 0
    endloop
  endfacet
  facet normal 0 0 -1
    outer loop
      vertex 27.732352217759495 -2.633056667657167 0
      vertex 28.115035650124586 -1.7091771351458807 0
      vertex 28.46208290427016 -1.8144527687459764 0
    endloop
  endfacet
  facet normal 0 0 -1
    outer loop
      vertex 28.266992582254034 -2.795238049149207 0
      vertex 28.46208290427016 -1.8144527687459764 0
      vertex 28.823 -1.85 0
    endloop
  endfacet
  facet normal 0 0 -1
    outer loop
      vertex 28.823 -2.85 0
      vertex 29.18391709572984 -1.8144527687459764 0
      vertex 29.379007417745967 -2.795238049149207 0
    endloop
  endfacet
  facet normal 0 0 -1
    outer loop
      vertex 28.823 -2.85 0
      vertex 28.823 -1.85 0
      vertex 29.18391709572984 -1.8144527687459764 0
    endloop
  endfacet
  facet normal 0 0 -1
    outer loop
      vertex 29.379007417745967 -2.795238049149207 0
      vertex 29.18391709572984 -1.8144527687459764 0
      vertex 29.530964349875415 -1.7091771351458807 0
    endloop
  endfacet
  facet normal 0 0 -1
    outer loop
      vertex 29.379007417745967 -2.795238049149207 0
      vertex 29.530964349875415 -1.7091771351458807 0
      vertex 29.913647782240506 -2.633056667657167 0
    endloop
  endfacet
  facet normal 0 0 -1
    outer loop
      vertex 27.732352217759495 -2.633056667657167 0
      vertex 27.795195068913735 -1.5382187827597087 0
      vertex 28.115035650124586 -1.7091771351458807 0
    endloop
  endfacet
  facet normal 0 0 -1
    outer loop
      vertex 29.913647782240506 -2.633056667657167 0
      vertex 29.530964349875415 -1.7091771351458807 0
      vertex 29.850804931086266 -1.5382187827597087 0
    endloop
  endfacet
  facet normal 0 0 -1
    outer loop
      vertex 29.913647782240506 -2.633056667657167 0
      vertex 29.850804931086266 -1.5382187827597087 0
      vertex 30.131147545195113 -1.308147545195113 0
    endloop
  endfacet
  facet normal 0 0 -1
    outer loop
      vertex 29.913647782240506 -2.633056667657167 0
      vertex 30.131147545195113 -1.308147545195113 0
      vertex 30.406375164105867 -2.369688395062254 0
    endloop
  endfacet
  facet normal 0 0 -1
    outer loop
      vertex 30.406375164105867 -2.369688395062254 0
      vertex 30.131147545195113 -1.308147545195113 0
      vertex 30.36121878275971 -1.027804931086264 0
    endloop
  endfacet
  facet normal 0 0 -1
    outer loop
      vertex 30.406375164105867 -2.369688395062254 0
      vertex 30.36121878275971 -1.027804931086264 0
      vertex 30.53217713514588 -0.7079643498754161 0
    endloop
  endfacet
  facet normal 0 0 -1
    outer loop
      vertex 30.406375164105867 -2.369688395062254 0
      vertex 30.637452768745977 -0.36091709572983727 0
      vertex 30.838254326381662 -2.0152543263816605 0
    endloop
  endfacet
  facet normal -0.2902846772544632 -0.9569403357322086 0
    outer loop
      vertex 27.732352217759495 -2.633056667657167 0
      vertex 28.266992582254034 -2.795238049149207 0
      vertex 28.266992582254034 -2.795238049149207 1.21
    endloop
  endfacet
  facet normal -0.09801714032956048 -0.9951847266721969 0
    outer loop
      vertex 28.266992582254034 -2.795238049149207 0
      vertex 28.823 -2.85 0
      vertex 28.823 -2.85 1.21
    endloop
  endfacet
  facet normal 0.09801714032956048 -0.9951847266721969 0
    outer loop
      vertex 28.823 -2.85 0
      vertex 29.379007417745967 -2.795238049149207 0
      vertex 29.379007417745967 -2.795238049149207 1.21
    endloop
  endfacet
  facet normal 0.2902846772544632 -0.9569403357322086 0
    outer loop
      vertex 29.379007417745967 -2.795238049149207 0
      vertex 29.913647782240506 -2.633056667657167 0
      vertex 29.913647782240506 -2.633056667657167 1.21
    endloop
  endfacet
  facet normal 0.47139673682599703 -0.8819212643483554 0
    outer loop
      vertex 29.913647782240506 -2.633056667657167 0
      vertex 30.406375164105867 -2.369688395062254 0
      vertex 30.406375164105867 -2.369688395062254 1.21
    endloop
  endfacet
  facet normal 0.6343932841636448 -0.7730104533627375 0
    outer loop
      vertex 30.406375164105867 -2.369688395062254 0
      vertex 30.838254326381662 -2.0152543263816605 0
      vertex 30.838254326381662 -2.0152543263816605 1.21
    endloop
  endfacet
  facet normal 0.7730104533627373 -0.6343932841636449 0
    outer loop
      vertex 30.838254326381662 -2.0152543263816605 0
      vertex 31.192688395062255 -1.5833751641058662 0
      vertex 30.838254326381662 -2.0152543263816605 1.21
    endloop
  endfacet
  facet normal 0.8819212643483548 -0.47139673682599814 0
    outer loop
      vertex 31.192688395062255 -1.5833751641058662 0
      vertex 31.45605666765717 -1.0906477822405058 0
      vertex 31.192688395062255 -1.5833751641058662 1.21
    endloop
  endfacet
  facet normal -0.2902846772544632 -0.9569403357322086 0
    outer loop
      vertex 27.732352217759495 -2.633056667657167 0
      vertex 28.266992582254034 -2.795238049149207 1.21
      vertex 27.732352217759495 -2.633056667657167 1.21
    endloop
  endfacet
  facet normal -0.09801714032956048 -0.9951847266721969 0
    outer loop
      vertex 28.266992582254034 -2.795238049149207 0
      vertex 28.823 -2.85 1.21
      vertex 28.266992582254034 -2.795238049149207 1.21
    endloop
  endfacet
  facet normal 0.09801714032956048 -0.9951847266721969 0
    outer loop
      vertex 28.823 -2.85 0
      vertex 29.379007417745967 -2.795238049149207 1.21
      vertex 28.823 -2.85 1.21
    endloop
  endfacet
  facet normal 0.2902846772544632 -0.9569403357322086 0
    outer loop
      vertex 29.379007417745967 -2.795238049149207 0
      vertex 29.913647782240506 -2.633056667657167 1.21
      vertex 29.379007417745967 -2.795238049149207 1.21
    endloop
  endfacet
  facet normal 0.47139673682599703 -0.8819212643483554 0
    outer loop
      vertex 29.913647782240506 -2.633056667657167 0
      vertex 30.406375164105867 -2.369688395062254 1.21
      vertex 29.913647782240506 -2.633056667657167 1.21
    endloop
  endfacet
  facet normal 0.6343932841636448 -0.7730104533627375 0
    outer loop
      vertex 30.406375164105867 -2.369688395062254 0
      vertex 30.838254326381662 -2.0152543263816605 1.21
      vertex 30.406375164105867 -2.369688395062254 1.21
    endloop
  endfacet
  facet normal 0.7730104533627373 -0.6343932841636449 0
    outer loop
      vertex 31.192688395062255 -1.5833751641058662 0
      vertex 31.192688395062255 -1.5833751641058662 1.21
      vertex 30.838254326381662 -2.0152543263816605 1.21
    endloop
  endfacet
  facet normal 0.8819212643483548 -0.47139673682599814 0
    outer loop
      vertex 31.45605666765717 -1.0906477822405058 0
      vertex 31.45605666765717 -1.0906477822405058 1.21
      vertex 31.192688395062255 -1.5833751641058662 1.21
    endloop
  endfacet
  facet normal 0 0 -1
    outer loop
      vertex 26.189943332342832 -1.0906477822405058 0
      vertex 26.453311604937745 1.5833751641058662 0
      vertex 26.453311604937745 -1.5833751641058662 0
    endloop
  endfacet
  facet normal 0 0 -1
    outer loop
      vertex 26.80774567361834 -2.0152543263816605 0
      vertex 27.008547231254024 -0.36091709572983727 0
      vertex 27.11382286485412 -0.7079643498754161 0
    endloop
  endfacet
  facet normal 0 0 -1
    outer loop
      vertex 26.80774567361834 -2.0152543263816605 0
      vertex 26.973 0 0
      vertex 27.008547231254024 -0.36091709572983727 0
    endloop
  endfacet
  facet normal 0 0 -1
    outer loop
      vertex 26.80774567361834 -2.0152543263816605 0
      vertex 26.453311604937745 -1.5833751641058662 0
      vertex 26.80774567361834 2.0152543263816605 0
    endloop
  endfacet
  facet normal 0 0 -1
    outer loop
      vertex 26.189943332342832 -1.0906477822405058 0
      vertex 26.027761950850795 -0.5560074177459655 0
      vertex 26.189943332342832 1.0906477822405058 0
    endloop
  endfacet
  facet normal 0 0 -1
    outer loop
      vertex 26.027761950850795 -0.5560074177459655 0
      vertex 25.973 0 0
      vertex 26.027761950850795 0.5560074177459655 0
    endloop
  endfacet
  facet normal 0 0 -1
    outer loop
      vertex 26.027761950850795 -0.5560074177459655 0
      vertex 26.027761950850795 0.5560074177459655 0
      vertex 26.189943332342832 1.0906477822405058 0
    endloop
  endfacet
  facet normal 0 0 -1
    outer loop
      vertex 26.189943332342832 -1.0906477822405058 0
      vertex 26.189943332342832 1.0906477822405058 0
      vertex 26.453311604937745 1.5833751641058662 0
    endloop
  endfacet
  facet normal 0 0 -1
    outer loop
      vertex 26.80774567361834 -2.0152543263816605 0
      vertex 26.80774567361834 2.0152543263816605 0
      vertex 26.973 0 0
    endloop
  endfacet
  facet normal -0.9569403357322103 -0.2902846772544574 0
    outer loop
      vertex 26.189943332342832 -1.0906477822405058 0
      vertex 26.027761950850795 -0.5560074177459655 1.21
      vertex 26.027761950850795 -0.5560074177459655 0
    endloop
  endfacet
  facet normal -0.9951847266721964 -0.09801714032956622 0
    outer loop
      vertex 26.027761950850795 -0.5560074177459655 0
      vertex 25.973 0 1.21
      vertex 25.973 0 0
    endloop
  endfacet
  facet normal -0.9951847266721964 0.09801714032956622 0
    outer loop
      vertex 25.973 0 0
      vertex 26.027761950850795 0.5560074177459655 1.21
      vertex 26.027761950850795 0.5560074177459655 0
    endloop
  endfacet
  facet normal 0 0 -1
    outer loop
      vertex 26.453311604937745 -1.5833751641058662 0
      vertex 26.453311604937745 1.5833751641058662 0
      vertex 26.80774567361834 2.0152543263816605 0
    endloop
  endfacet
  facet normal 0 0 -1
    outer loop
      vertex 26.80774567361834 2.0152543263816605 0
      vertex 27.008547231254024 0.36091709572983727 0
      vertex 26.973 0 0
    endloop
  endfacet
  facet normal 0 0 -1
    outer loop
      vertex 27.008547231254024 0.36091709572983727 0
      vertex 27.239624835894134 2.369688395062254 0
      vertex 27.11382286485412 0.7079643498754161 0
    endloop
  endfacet
  facet normal 0 0 -1
    outer loop
      vertex 27.11382286485412 0.7079643498754161 0
      vertex 27.239624835894134 2.369688395062254 0
      vertex 27.28478121724029 1.027804931086264 0
    endloop
  endfacet
  facet normal 0 0 -1
    outer loop
      vertex 26.80774567361834 2.0152543263816605 0
      vertex 27.239624835894134 2.369688395062254 0
      vertex 27.008547231254024 0.36091709572983727 0
    endloop
  endfacet
  facet normal 0 0 -1
    outer loop
      vertex 27.28478121724029 1.027804931086264 0
      vertex 27.239624835894134 2.369688395062254 0
      vertex 27.51485245480489 1.308147545195113 0
    endloop
  endfacet
  facet normal 0 0 -1
    outer loop
      vertex 27.51485245480489 1.308147545195113 0
      vertex 27.732352217759495 2.633056667657167 0
      vertex 27.795195068913735 1.5382187827597087 0
    endloop
  endfacet
  facet normal 0 0 -1
    outer loop
      vertex 27.51485245480489 1.308147545195113 0
      vertex 27.239624835894134 2.369688395062254 0
      vertex 27.732352217759495 2.633056667657167 0
    endloop
  endfacet
  facet normal -0.9569403357322103 0.2902846772544574 0
    outer loop
      vertex 26.027761950850795 0.5560074177459655 0
      vertex 26.189943332342832 1.0906477822405058 1.21
      vertex 26.189943332342832 1.0906477822405058 0
    endloop
  endfacet
  facet normal -0.8819212643483548 0.47139673682599814 0
    outer loop
      vertex 26.189943332342832 1.0906477822405058 0
      vertex 26.453311604937745 1.5833751641058662 1.21
      vertex 26.453311604937745 1.5833751641058662 0
    endloop
  endfacet
  facet normal -0.7730104533627373 0.6343932841636449 0
    outer loop
      vertex 26.453311604937745 1.5833751641058662 0
      vertex 26.80774567361834 2.0152543263816605 1.21
      vertex 26.80774567361834 2.0152543263816605 0
    endloop
  endfacet
  facet normal -0.6343932841636448 0.7730104533627375 0
    outer loop
      vertex 26.80774567361834 2.0152543263816605 0
      vertex 26.80774567361834 2.0152543263816605 1.21
      vertex 27.239624835894134 2.369688395062254 0
    endloop
  endfacet
  facet normal -0.9569403357322103 -0.2902846772544574 0
    outer loop
      vertex 26.189943332342832 -1.0906477822405058 0
      vertex 26.189943332342832 -1.0906477822405058 1.21
      vertex 26.027761950850795 -0.5560074177459655 1.21
    endloop
  endfacet
  facet normal -0.9951847266721964 -0.09801714032956622 0
    outer loop
      vertex 26.027761950850795 -0.5560074177459655 0
      vertex 26.027761950850795 -0.5560074177459655 1.21
      vertex 25.973 0 1.21
    endloop
  endfacet
  facet normal -0.9951847266721964 0.09801714032956622 0
    outer loop
      vertex 25.973 0 0
      vertex 25.973 0 1.21
      vertex 26.027761950850795 0.5560074177459655 1.21
    endloop
  endfacet
  facet normal -0.9569403357322103 0.2902846772544574 0
    outer loop
      vertex 26.027761950850795 0.5560074177459655 0
      vertex 26.027761950850795 0.5560074177459655 1.21
      vertex 26.189943332342832 1.0906477822405058 1.21
    endloop
  endfacet
  facet normal -0.8819212643483548 0.47139673682599814 0
    outer loop
      vertex 26.189943332342832 1.0906477822405058 0
      vertex 26.189943332342832 1.0906477822405058 1.21
      vertex 26.453311604937745 1.5833751641058662 1.21
    endloop
  endfacet
  facet normal -0.7730104533627373 0.6343932841636449 0
    outer loop
      vertex 26.453311604937745 1.5833751641058662 0
      vertex 26.453311604937745 1.5833751641058662 1.21
      vertex 26.80774567361834 2.0152543263816605 1.21
    endloop
  endfacet
  facet normal -0.6343932841636448 0.7730104533627375 0
    outer loop
      vertex 27.239624835894134 2.369688395062254 0
      vertex 26.80774567361834 2.0152543263816605 1.21
      vertex 27.239624835894134 2.369688395062254 1.21
    endloop
  endfacet
  facet normal -0.47139673682599703 0.8819212643483554 0
    outer loop
      vertex 27.239624835894134 2.369688395062254 0
      vertex 27.239624835894134 2.369688395062254 1.21
      vertex 27.732352217759495 2.633056667657167 0
    endloop
  endfacet
  facet normal -0.47139673682599703 0.8819212643483554 0
    outer loop
      vertex 27.732352217759495 2.633056667657167 0
      vertex 27.239624835894134 2.369688395062254 1.21
      vertex 27.732352217759495 2.633056667657167 1.21
    endloop
  endfacet
  facet normal 0 0 -1
    outer loop
      vertex 30.406375164105867 -2.369688395062254 0
      vertex 30.53217713514588 -0.7079643498754161 0
      vertex 30.637452768745977 -0.36091709572983727 0
    endloop
  endfacet
  facet normal 0 0 -1
    outer loop
      vertex 30.637452768745977 -0.36091709572983727 0
      vertex 30.673000000000002 0 0
      vertex 30.838254326381662 -2.0152543263816605 0
    endloop
  endfacet
  facet normal 0 0 -1
    outer loop
      vertex 30.838254326381662 -2.0152543263816605 0
      vertex 31.192688395062255 1.5833751641058662 0
      vertex 31.192688395062255 -1.5833751641058662 0
    endloop
  endfacet
  facet normal 0 0 -1
    outer loop
      vertex 31.192688395062255 -1.5833751641058662 0
      vertex 31.45605666765717 1.0906477822405058 0
      vertex 31.45605666765717 -1.0906477822405058 0
    endloop
  endfacet
  facet normal 0 0 -1
    outer loop
      vertex 31.45605666765717 -1.0906477822405058 0
      vertex 31.618238049149205 0.5560074177459655 0
      vertex 31.618238049149205 -0.5560074177459655 0
    endloop
  endfacet
  facet normal 0 0 -1
    outer loop
      vertex 30.838254326381662 -2.0152543263816605 0
      vertex 30.673000000000002 0 0
      vertex 30.838254326381662 2.0152543263816605 0
    endloop
  endfacet
  facet normal 0 0 -1
    outer loop
      vertex 30.838254326381662 -2.0152543263816605 0
      vertex 30.838254326381662 2.0152543263816605 0
      vertex 31.192688395062255 1.5833751641058662 0
    endloop
  endfacet
  facet normal 0 0 -1
    outer loop
      vertex 31.618238049149205 -0.5560074177459655 0
      vertex 31.618238049149205 0.5560074177459655 0
      vertex 31.673000000000002 0 0
    endloop
  endfacet
  facet normal 0 0 -1
    outer loop
      vertex 31.45605666765717 -1.0906477822405058 0
      vertex 31.45605666765717 1.0906477822405058 0
      vertex 31.618238049149205 0.5560074177459655 0
    endloop
  endfacet
  facet normal 0 0 -1
    outer loop
      vertex 31.192688395062255 -1.5833751641058662 0
      vertex 31.192688395062255 1.5833751641058662 0
      vertex 31.45605666765717 1.0906477822405058 0
    endloop
  endfacet
  facet normal 0.9569403357322103 -0.2902846772544574 0
    outer loop
      vertex 31.45605666765717 -1.0906477822405058 0
      vertex 31.618238049149205 -0.5560074177459655 0
      vertex 31.45605666765717 -1.0906477822405058 1.21
    endloop
  endfacet
  facet normal 0.9951847266721964 -0.09801714032956622 0
    outer loop
      vertex 31.618238049149205 -0.5560074177459655 0
      vertex 31.673000000000002 0 0
      vertex 31.618238049149205 -0.5560074177459655 1.21
    endloop
  endfacet
  facet normal 0.9951847266721964 0.09801714032956622 0
    outer loop
      vertex 31.673000000000002 0 0
      vertex 31.618238049149205 0.5560074177459655 0
      vertex 31.673000000000002 0 1.21
    endloop
  endfacet
  facet normal 0 0 -1
    outer loop
      vertex 27.795195068913735 1.5382187827597087 0
      vertex 27.732352217759495 2.633056667657167 0
      vertex 28.115035650124586 1.7091771351458807 0
    endloop
  endfacet
  facet normal 0 0 -1
    outer loop
      vertex 28.115035650124586 1.7091771351458807 0
      vertex 28.266992582254034 2.795238049149207 0
      vertex 28.46208290427016 1.8144527687459764 0
    endloop
  endfacet
  facet normal 0 0 -1
    outer loop
      vertex 28.46208290427016 1.8144527687459764 0
      vertex 28.823 2.85 0
      vertex 28.823 1.85 0
    endloop
  endfacet
  facet normal 0 0 -1
    outer loop
      vertex 28.823 1.85 0
      vertex 29.379007417745967 2.795238049149207 0
      vertex 29.18391709572984 1.8144527687459764 0
    endloop
  endfacet
  facet normal 0 0 -1
    outer loop
      vertex 29.530964349875415 1.7091771351458807 0
      vertex 29.913647782240506 2.633056667657167 0
      vertex 29.850804931086266 1.5382187827597087 0
    endloop
  endfacet
  facet normal 0 0 -1
    outer loop
      vertex 29.530964349875415 1.7091771351458807 0
      vertex 29.18391709572984 1.8144527687459764 0
      vertex 29.913647782240506 2.633056667657167 0
    endloop
  endfacet
  facet normal 0 0 -1
    outer loop
      vertex 30.673000000000002 0 0
      vertex 30.637452768745977 0.36091709572983727 0
      vertex 30.838254326381662 2.0152543263816605 0
    endloop
  endfacet
  facet normal 0 0 -1
    outer loop
      vertex 30.637452768745977 0.36091709572983727 0
      vertex 30.53217713514588 0.7079643498754161 0
      vertex 30.838254326381662 2.0152543263816605 0
    endloop
  endfacet
  facet normal 0 0 -1
    outer loop
      vertex 30.53217713514588 0.7079643498754161 0
      vertex 30.36121878275971 1.027804931086264 0
      vertex 30.838254326381662 2.0152543263816605 0
    endloop
  endfacet
  facet normal 0 0 -1
    outer loop
      vertex 30.131147545195113 1.308147545195113 0
      vertex 30.406375164105867 2.369688395062254 0
      vertex 30.36121878275971 1.027804931086264 0
    endloop
  endfacet
  facet normal 0 0 -1
    outer loop
      vertex 30.131147545195113 1.308147545195113 0
      vertex 29.850804931086266 1.5382187827597087 0
      vertex 30.406375164105867 2.369688395062254 0
    endloop
  endfacet
  facet normal 0 0 -1
    outer loop
      vertex 30.36121878275971 1.027804931086264 0
      vertex 30.406375164105867 2.369688395062254 0
      vertex 30.838254326381662 2.0152543263816605 0
    endloop
  endfacet
  facet normal 0 0 -1
    outer loop
      vertex 29.850804931086266 1.5382187827597087 0
      vertex 29.913647782240506 2.633056667657167 0
      vertex 30.406375164105867 2.369688395062254 0
    endloop
  endfacet
  facet normal 0.9569403357322103 0.2902846772544574 0
    outer loop
      vertex 31.618238049149205 0.5560074177459655 0
      vertex 31.45605666765717 1.0906477822405058 0
      vertex 31.618238049149205 0.5560074177459655 1.21
    endloop
  endfacet
  facet normal 0.8819212643483548 0.47139673682599814 0
    outer loop
      vertex 31.192688395062255 1.5833751641058662 0
      vertex 31.45605666765717 1.0906477822405058 1.21
      vertex 31.45605666765717 1.0906477822405058 0
    endloop
  endfacet
  facet normal 0.7730104533627373 0.6343932841636449 0
    outer loop
      vertex 31.192688395062255 1.5833751641058662 0
      vertex 30.838254326381662 2.0152543263816605 0
      vertex 31.192688395062255 1.5833751641058662 1.21
    endloop
  endfacet
  facet normal 0.6343932841636448 0.7730104533627375 0
    outer loop
      vertex 30.406375164105867 2.369688395062254 0
      vertex 30.406375164105867 2.369688395062254 1.21
      vertex 30.838254326381662 2.0152543263816605 0
    endloop
  endfacet
  facet normal 0.9569403357322103 -0.2902846772544574 0
    outer loop
      vertex 31.618238049149205 -0.5560074177459655 0
      vertex 31.618238049149205 -0.5560074177459655 1.21
      vertex 31.45605666765717 -1.0906477822405058 1.21
    endloop
  endfacet
  facet normal 0.9951847266721964 -0.09801714032956622 0
    outer loop
      vertex 31.673000000000002 0 0
      vertex 31.673000000000002 0 1.21
      vertex 31.618238049149205 -0.5560074177459655 1.21
    endloop
  endfacet
  facet normal 0.9951847266721964 0.09801714032956622 0
    outer loop
      vertex 31.618238049149205 0.5560074177459655 0
      vertex 31.618238049149205 0.5560074177459655 1.21
      vertex 31.673000000000002 0 1.21
    endloop
  endfacet
  facet normal 0.9569403357322103 0.2902846772544574 0
    outer loop
      vertex 31.45605666765717 1.0906477822405058 0
      vertex 31.45605666765717 1.0906477822405058 1.21
      vertex 31.618238049149205 0.5560074177459655 1.21
    endloop
  endfacet
  facet normal 0.7730104533627373 0.6343932841636449 0
    outer loop
      vertex 30.838254326381662 2.0152543263816605 0
      vertex 30.838254326381662 2.0152543263816605 1.21
      vertex 31.192688395062255 1.5833751641058662 1.21
    endloop
  endfacet
  facet normal 0.6343932841636448 0.7730104533627375 0
    outer loop
      vertex 30.838254326381662 2.0152543263816605 0
      vertex 30.406375164105867 2.369688395062254 1.21
      vertex 30.838254326381662 2.0152543263816605 1.21
    endloop
  endfacet
  facet normal 0.8819212643483548 0.47139673682599814 0
    outer loop
      vertex 31.192688395062255 1.5833751641058662 0
      vertex 31.192688395062255 1.5833751641058662 1.21
      vertex 31.45605666765717 1.0906477822405058 1.21
    endloop
  endfacet
  facet normal 0 0 -1
    outer loop
      vertex 28.115035650124586 1.7091771351458807 0
      vertex 27.732352217759495 2.633056667657167 0
      vertex 28.266992582254034 2.795238049149207 0
    endloop
  endfacet
  facet normal 0 0 -1
    outer loop
      vertex 28.46208290427016 1.8144527687459764 0
      vertex 28.266992582254034 2.795238049149207 0
      vertex 28.823 2.85 0
    endloop
  endfacet
  facet normal 0 0 -1
    outer loop
      vertex 28.823 1.85 0
      vertex 28.823 2.85 0
      vertex 29.379007417745967 2.795238049149207 0
    endloop
  endfacet
  facet normal 0 0 -1
    outer loop
      vertex 29.18391709572984 1.8144527687459764 0
      vertex 29.379007417745967 2.795238049149207 0
      vertex 29.913647782240506 2.633056667657167 0
    endloop
  endfacet
  facet normal -0.2902846772544632 0.9569403357322086 0
    outer loop
      vertex 27.732352217759495 2.633056667657167 0
      vertex 27.732352217759495 2.633056667657167 1.21
      vertex 28.266992582254034 2.795238049149207 0
    endloop
  endfacet
  facet normal -0.09801714032956048 0.9951847266721969 0
    outer loop
      vertex 28.266992582254034 2.795238049149207 0
      vertex 28.266992582254034 2.795238049149207 1.21
      vertex 28.823 2.85 0
    endloop
  endfacet
  facet normal 0.09801714032956048 0.9951847266721969 0
    outer loop
      vertex 28.823 2.85 0
      vertex 28.823 2.85 1.21
      vertex 29.379007417745967 2.795238049149207 0
    endloop
  endfacet
  facet normal 0.2902846772544632 0.9569403357322086 0
    outer loop
      vertex 29.379007417745967 2.795238049149207 0
      vertex 29.379007417745967 2.795238049149207 1.21
      vertex 29.913647782240506 2.633056667657167 0
    endloop
  endfacet
  facet normal 0.47139673682599703 0.8819212643483554 0
    outer loop
      vertex 30.406375164105867 2.369688395062254 0
      vertex 29.913647782240506 2.633056667657167 0
      vertex 29.913647782240506 2.633056667657167 1.21
    endloop
  endfacet
  facet normal -0.2902846772544632 0.9569403357322086 0
    outer loop
      vertex 28.266992582254034 2.795238049149207 0
      vertex 27.732352217759495 2.633056667657167 1.21
      vertex 28.266992582254034 2.795238049149207 1.21
    endloop
  endfacet
  facet normal -0.09801714032956048 0.9951847266721969 0
    outer loop
      vertex 28.823 2.85 0
      vertex 28.266992582254034 2.795238049149207 1.21
      vertex 28.823 2.85 1.21
    endloop
  endfacet
  facet normal 0.09801714032956048 0.9951847266721969 0
    outer loop
      vertex 29.379007417745967 2.795238049149207 0
      vertex 28.823 2.85 1.21
      vertex 29.379007417745967 2.795238049149207 1.21
    endloop
  endfacet
  facet normal 0.2902846772544632 0.9569403357322086 0
    outer loop
      vertex 29.913647782240506 2.633056667657167 0
      vertex 29.379007417745967 2.795238049149207 1.21
      vertex 29.913647782240506 2.633056667657167 1.21
    endloop
  endfacet
  facet normal 0.47139673682599703 0.8819212643483554 0
    outer loop
      vertex 30.406375164105867 2.369688395062254 0
      vertex 29.913647782240506 2.633056667657167 1.21
      vertex 30.406375164105867 2.369688395062254 1.21
    endloop
  endfacet
  facet normal 0.6343932841636485 0.7730104533627346 0
    outer loop
      vertex 95.67919506891373 -1.5382187827597087 0
      vertex 95.39885245480488 -1.308147545195113 0
      vertex 95.67919506891373 -1.5382187827597087 1.21
    endloop
  endfacet
  facet normal 0.4713967368259904 0.8819212643483589 0
    outer loop
      vertex 95.67919506891373 -1.5382187827597087 0
      vertex 95.99903565012458 -1.7091771351458807 1.21
      vertex 95.99903565012458 -1.7091771351458807 0
    endloop
  endfacet
  facet normal 0.2902846772544619 0.956940335732209 0
    outer loop
      vertex 96.34608290427016 -1.8144527687459764 0
      vertex 95.99903565012458 -1.7091771351458807 0
      vertex 96.34608290427016 -1.8144527687459764 1.21
    endloop
  endfacet
  facet normal 0.09801714032956217 0.9951847266721967 0
    outer loop
      vertex 96.34608290427016 -1.8144527687459764 0
      vertex 96.707 -1.85 1.21
      vertex 96.707 -1.85 0
    endloop
  endfacet
  facet normal -0.09801714032956217 0.9951847266721967 0
    outer loop
      vertex 96.707 -1.85 0
      vertex 97.06791709572983 -1.8144527687459764 1.21
      vertex 97.06791709572983 -1.8144527687459764 0
    endloop
  endfacet
  facet normal -0.2902846772544619 0.956940335732209 0
    outer loop
      vertex 97.06791709572983 -1.8144527687459764 0
      vertex 97.4149643498754 -1.7091771351458807 1.21
      vertex 97.4149643498754 -1.7091771351458807 0
    endloop
  endfacet
  facet normal -0.4713967368259904 0.8819212643483589 0
    outer loop
      vertex 97.4149643498754 -1.7091771351458807 0
      vertex 97.73480493108626 -1.5382187827597087 1.21
      vertex 97.73480493108626 -1.5382187827597087 0
    endloop
  endfacet
  facet normal -0.6343932841636485 0.7730104533627346 0
    outer loop
      vertex 97.73480493108626 -1.5382187827597087 0
      vertex 98.0151475451951 -1.308147545195113 1.21
      vertex 98.0151475451951 -1.308147545195113 0
    endloop
  endfacet
  facet normal -0.7730104533627294 0.6343932841636547 0
    outer loop
      vertex 98.0151475451951 -1.308147545195113 0
      vertex 98.0151475451951 -1.308147545195113 1.21
      vertex 98.24521878275971 -1.027804931086264 0
    endloop
  endfacet
  facet normal 0.6343932841636485 0.7730104533627346 0
    outer loop
      vertex 95.39885245480488 -1.308147545195113 0
      vertex 95.39885245480488 -1.308147545195113 1.21
      vertex 95.67919506891373 -1.5382187827597087 1.21
    endloop
  endfacet
  facet normal 0.7730104533627294 0.6343932841636547 0
    outer loop
      vertex 95.39885245480488 -1.308147545195113 0
      vertex 95.16878121724028 -1.027804931086264 1.21
      vertex 95.39885245480488 -1.308147545195113 1.21
    endloop
  endfacet
  facet normal 0.4713967368259904 0.8819212643483589 0
    outer loop
      vertex 95.67919506891373 -1.5382187827597087 0
      vertex 95.67919506891373 -1.5382187827597087 1.21
      vertex 95.99903565012458 -1.7091771351458807 1.21
    endloop
  endfacet
  facet normal 0.2902846772544619 0.956940335732209 0
    outer loop
      vertex 95.99903565012458 -1.7091771351458807 0
      vertex 95.99903565012458 -1.7091771351458807 1.21
      vertex 96.34608290427016 -1.8144527687459764 1.21
    endloop
  endfacet
  facet normal 0.09801714032956217 0.9951847266721967 0
    outer loop
      vertex 96.34608290427016 -1.8144527687459764 0
      vertex 96.34608290427016 -1.8144527687459764 1.21
      vertex 96.707 -1.85 1.21
    endloop
  endfacet
  facet normal -0.09801714032956217 0.9951847266721967 0
    outer loop
      vertex 96.707 -1.85 0
      vertex 96.707 -1.85 1.21
      vertex 97.06791709572983 -1.8144527687459764 1.21
    endloop
  endfacet
  facet normal -0.2902846772544619 0.956940335732209 0
    outer loop
      vertex 97.06791709572983 -1.8144527687459764 0
      vertex 97.06791709572983 -1.8144527687459764 1.21
      vertex 97.4149643498754 -1.7091771351458807 1.21
    endloop
  endfacet
  facet normal -0.4713967368259904 0.8819212643483589 0
    outer loop
      vertex 97.4149643498754 -1.7091771351458807 0
      vertex 97.4149643498754 -1.7091771351458807 1.21
      vertex 97.73480493108626 -1.5382187827597087 1.21
    endloop
  endfacet
  facet normal -0.6343932841636485 0.7730104533627346 0
    outer loop
      vertex 97.73480493108626 -1.5382187827597087 0
      vertex 97.73480493108626 -1.5382187827597087 1.21
      vertex 98.0151475451951 -1.308147545195113 1.21
    endloop
  endfacet
  facet normal 0.8819212643483625 0.4713967368259839 0
    outer loop
      vertex 95.16878121724028 -1.027804931086264 0
      vertex 94.99782286485411 -0.7079643498754161 0
      vertex 94.99782286485411 -0.7079643498754161 1.21
    endloop
  endfacet
  facet normal 0.7730104533627294 0.6343932841636547 0
    outer loop
      vertex 95.16878121724028 -1.027804931086264 0
      vertex 95.16878121724028 -1.027804931086264 1.21
      vertex 95.39885245480488 -1.308147545195113 0
    endloop
  endfacet
  facet normal 0.9569403357322049 0.29028467725447554 0
    outer loop
      vertex 94.99782286485411 -0.7079643498754161 0
      vertex 94.89254723125401 -0.36091709572983727 0
      vertex 94.89254723125401 -0.36091709572983727 1.21
    endloop
  endfacet
  facet normal 0.9951847266721994 0.09801714032953524 0
    outer loop
      vertex 94.89254723125401 -0.36091709572983727 0
      vertex 94.857 0 0
      vertex 94.857 0 1.21
    endloop
  endfacet
  facet normal 0.9951847266721994 -0.09801714032953524 0
    outer loop
      vertex 94.857 0 0
      vertex 94.89254723125401 0.36091709572983727 0
      vertex 94.89254723125401 0.36091709572983727 1.21
    endloop
  endfacet
  facet normal 0.9569403357322049 -0.29028467725447554 0
    outer loop
      vertex 94.89254723125401 0.36091709572983727 0
      vertex 94.99782286485411 0.7079643498754161 0
      vertex 94.99782286485411 0.7079643498754161 1.21
    endloop
  endfacet
  facet normal 0.8819212643483625 -0.4713967368259839 0
    outer loop
      vertex 94.99782286485411 0.7079643498754161 0
      vertex 95.16878121724028 1.027804931086264 0
      vertex 95.16878121724028 1.027804931086264 1.21
    endloop
  endfacet
  facet normal 0.7730104533627294 -0.6343932841636547 0
    outer loop
      vertex 95.16878121724028 1.027804931086264 0
      vertex 95.39885245480488 1.308147545195113 0
      vertex 95.39885245480488 1.308147545195113 1.21
    endloop
  endfacet
  facet normal 0.6343932841636485 -0.7730104533627346 0
    outer loop
      vertex 95.39885245480488 1.308147545195113 0
      vertex 95.67919506891373 1.5382187827597087 0
      vertex 95.39885245480488 1.308147545195113 1.21
    endloop
  endfacet
  facet normal 0.4713967368259904 -0.8819212643483589 0
    outer loop
      vertex 95.67919506891373 1.5382187827597087 0
      vertex 95.99903565012458 1.7091771351458807 0
      vertex 95.67919506891373 1.5382187827597087 1.21
    endloop
  endfacet
  facet normal 0.2902846772544619 -0.956940335732209 0
    outer loop
      vertex 95.99903565012458 1.7091771351458807 0
      vertex 96.34608290427016 1.8144527687459764 0
      vertex 95.99903565012458 1.7091771351458807 1.21
    endloop
  endfacet
  facet normal 0.09801714032956217 -0.9951847266721967 0
    outer loop
      vertex 96.34608290427016 1.8144527687459764 0
      vertex 96.707 1.85 0
      vertex 96.34608290427016 1.8144527687459764 1.21
    endloop
  endfacet
  facet normal -0.09801714032956217 -0.9951847266721967 0
    outer loop
      vertex 96.707 1.85 0
      vertex 97.06791709572983 1.8144527687459764 0
      vertex 96.707 1.85 1.21
    endloop
  endfacet
  facet normal -0.8819212643483625 0.4713967368259839 0
    outer loop
      vertex 98.24521878275971 -1.027804931086264 0
      vertex 98.24521878275971 -1.027804931086264 1.21
      vertex 98.41617713514587 -0.7079643498754161 0
    endloop
  endfacet
  facet normal -0.9569403357322049 0.29028467725447554 0
    outer loop
      vertex 98.41617713514587 -0.7079643498754161 0
      vertex 98.41617713514587 -0.7079643498754161 1.21
      vertex 98.52145276874597 -0.36091709572983727 0
    endloop
  endfacet
  facet normal -0.9951847266721994 0.09801714032953524 0
    outer loop
      vertex 98.52145276874597 -0.36091709572983727 0
      vertex 98.52145276874597 -0.36091709572983727 1.21
      vertex 98.55699999999999 0 0
    endloop
  endfacet
  facet normal -0.9951847266721994 -0.09801714032953524 0
    outer loop
      vertex 98.55699999999999 0 0
      vertex 98.55699999999999 0 1.21
      vertex 98.52145276874597 0.36091709572983727 0
    endloop
  endfacet
  facet normal -0.9569403357322049 -0.29028467725447554 0
    outer loop
      vertex 98.52145276874597 0.36091709572983727 0
      vertex 98.52145276874597 0.36091709572983727 1.21
      vertex 98.41617713514587 0.7079643498754161 0
    endloop
  endfacet
  facet normal -0.8819212643483625 -0.4713967368259839 0
    outer loop
      vertex 98.41617713514587 0.7079643498754161 0
      vertex 98.41617713514587 0.7079643498754161 1.21
      vertex 98.24521878275971 1.027804931086264 0
    endloop
  endfacet
  facet normal -0.7730104533627294 -0.6343932841636547 0
    outer loop
      vertex 98.0151475451951 1.308147545195113 0
      vertex 98.24521878275971 1.027804931086264 0
      vertex 98.24521878275971 1.027804931086264 1.21
    endloop
  endfacet
  facet normal -0.2902846772544619 -0.956940335732209 0
    outer loop
      vertex 97.4149643498754 1.7091771351458807 0
      vertex 97.06791709572983 1.8144527687459764 1.21
      vertex 97.06791709572983 1.8144527687459764 0
    endloop
  endfacet
  facet normal -0.6343932841636485 -0.7730104533627346 0
    outer loop
      vertex 98.0151475451951 1.308147545195113 0
      vertex 97.73480493108626 1.5382187827597087 1.21
      vertex 97.73480493108626 1.5382187827597087 0
    endloop
  endfacet
  facet normal -0.4713967368259904 -0.8819212643483589 0
    outer loop
      vertex 97.4149643498754 1.7091771351458807 0
      vertex 97.73480493108626 1.5382187827597087 0
      vertex 97.4149643498754 1.7091771351458807 1.21
    endloop
  endfacet
  facet normal 0.8819212643483625 0.4713967368259839 0
    outer loop
      vertex 95.16878121724028 -1.027804931086264 0
      vertex 94.99782286485411 -0.7079643498754161 1.21
      vertex 95.16878121724028 -1.027804931086264 1.21
    endloop
  endfacet
  facet normal 0.9569403357322049 0.29028467725447554 0
    outer loop
      vertex 94.99782286485411 -0.7079643498754161 0
      vertex 94.89254723125401 -0.36091709572983727 1.21
      vertex 94.99782286485411 -0.7079643498754161 1.21
    endloop
  endfacet
  facet normal 0.9951847266721994 0.09801714032953524 0
    outer loop
      vertex 94.89254723125401 -0.36091709572983727 0
      vertex 94.857 0 1.21
      vertex 94.89254723125401 -0.36091709572983727 1.21
    endloop
  endfacet
  facet normal 0.9951847266721994 -0.09801714032953524 0
    outer loop
      vertex 94.857 0 0
      vertex 94.89254723125401 0.36091709572983727 1.21
      vertex 94.857 0 1.21
    endloop
  endfacet
  facet normal 0.9569403357322049 -0.29028467725447554 0
    outer loop
      vertex 94.89254723125401 0.36091709572983727 0
      vertex 94.99782286485411 0.7079643498754161 1.21
      vertex 94.89254723125401 0.36091709572983727 1.21
    endloop
  endfacet
  facet normal 0.8819212643483625 -0.4713967368259839 0
    outer loop
      vertex 94.99782286485411 0.7079643498754161 0
      vertex 95.16878121724028 1.027804931086264 1.21
      vertex 94.99782286485411 0.7079643498754161 1.21
    endloop
  endfacet
  facet normal 0.7730104533627294 -0.6343932841636547 0
    outer loop
      vertex 95.16878121724028 1.027804931086264 0
      vertex 95.39885245480488 1.308147545195113 1.21
      vertex 95.16878121724028 1.027804931086264 1.21
    endloop
  endfacet
  facet normal 0.6343932841636485 -0.7730104533627346 0
    outer loop
      vertex 95.67919506891373 1.5382187827597087 0
      vertex 95.67919506891373 1.5382187827597087 1.21
      vertex 95.39885245480488 1.308147545195113 1.21
    endloop
  endfacet
  facet normal 0.4713967368259904 -0.8819212643483589 0
    outer loop
      vertex 95.99903565012458 1.7091771351458807 0
      vertex 95.99903565012458 1.7091771351458807 1.21
      vertex 95.67919506891373 1.5382187827597087 1.21
    endloop
  endfacet
  facet normal 0.2902846772544619 -0.956940335732209 0
    outer loop
      vertex 96.34608290427016 1.8144527687459764 0
      vertex 96.34608290427016 1.8144527687459764 1.21
      vertex 95.99903565012458 1.7091771351458807 1.21
    endloop
  endfacet
  facet normal 0.09801714032956217 -0.9951847266721967 0
    outer loop
      vertex 96.707 1.85 0
      vertex 96.707 1.85 1.21
      vertex 96.34608290427016 1.8144527687459764 1.21
    endloop
  endfacet
  facet normal -0.7730104533627294 0.6343932841636547 0
    outer loop
      vertex 98.24521878275971 -1.027804931086264 0
      vertex 98.0151475451951 -1.308147545195113 1.21
      vertex 98.24521878275971 -1.027804931086264 1.21
    endloop
  endfacet
  facet normal -0.8819212643483625 0.4713967368259839 0
    outer loop
      vertex 98.41617713514587 -0.7079643498754161 0
      vertex 98.24521878275971 -1.027804931086264 1.21
      vertex 98.41617713514587 -0.7079643498754161 1.21
    endloop
  endfacet
  facet normal -0.9569403357322049 0.29028467725447554 0
    outer loop
      vertex 98.52145276874597 -0.36091709572983727 0
      vertex 98.41617713514587 -0.7079643498754161 1.21
      vertex 98.52145276874597 -0.36091709572983727 1.21
    endloop
  endfacet
  facet normal -0.9951847266721994 0.09801714032953524 0
    outer loop
      vertex 98.55699999999999 0 0
      vertex 98.52145276874597 -0.36091709572983727 1.21
      vertex 98.55699999999999 0 1.21
    endloop
  endfacet
  facet normal -0.9951847266721994 -0.09801714032953524 0
    outer loop
      vertex 98.52145276874597 0.36091709572983727 0
      vertex 98.55699999999999 0 1.21
      vertex 98.52145276874597 0.36091709572983727 1.21
    endloop
  endfacet
  facet normal -0.6343932841636485 -0.7730104533627346 0
    outer loop
      vertex 98.0151475451951 1.308147545195113 0
      vertex 98.0151475451951 1.308147545195113 1.21
      vertex 97.73480493108626 1.5382187827597087 1.21
    endloop
  endfacet
  facet normal -0.9569403357322049 -0.29028467725447554 0
    outer loop
      vertex 98.41617713514587 0.7079643498754161 0
      vertex 98.52145276874597 0.36091709572983727 1.21
      vertex 98.41617713514587 0.7079643498754161 1.21
    endloop
  endfacet
  facet normal -0.8819212643483625 -0.4713967368259839 0
    outer loop
      vertex 98.24521878275971 1.027804931086264 0
      vertex 98.41617713514587 0.7079643498754161 1.21
      vertex 98.24521878275971 1.027804931086264 1.21
    endloop
  endfacet
  facet normal -0.7730104533627294 -0.6343932841636547 0
    outer loop
      vertex 98.0151475451951 1.308147545195113 0
      vertex 98.24521878275971 1.027804931086264 1.21
      vertex 98.0151475451951 1.308147545195113 1.21
    endloop
  endfacet
  facet normal -0.09801714032956217 -0.9951847266721967 0
    outer loop
      vertex 97.06791709572983 1.8144527687459764 0
      vertex 97.06791709572983 1.8144527687459764 1.21
      vertex 96.707 1.85 1.21
    endloop
  endfacet
  facet normal -0.2902846772544619 -0.956940335732209 0
    outer loop
      vertex 97.4149643498754 1.7091771351458807 0
      vertex 97.4149643498754 1.7091771351458807 1.21
      vertex 97.06791709572983 1.8144527687459764 1.21
    endloop
  endfacet
  facet normal -0.4713967368259904 -0.8819212643483589 0
    outer loop
      vertex 97.73480493108626 1.5382187827597087 0
      vertex 97.73480493108626 1.5382187827597087 1.21
      vertex 97.4149643498754 1.7091771351458807 1.21
    endloop
  endfacet
  facet normal 0.4713967368259904 0.8819212643483589 0
    outer loop
      vertex 73.05119506891373 -1.5382187827597087 0
      vertex 73.37103565012458 -1.7091771351458807 1.21
      vertex 73.37103565012458 -1.7091771351458807 0
    endloop
  endfacet
  facet normal 0.2902846772544619 0.956940335732209 0
    outer loop
      vertex 73.71808290427016 -1.8144527687459764 0
      vertex 73.37103565012458 -1.7091771351458807 0
      vertex 73.71808290427016 -1.8144527687459764 1.21
    endloop
  endfacet
  facet normal 0.6343932841636485 0.7730104533627346 0
    outer loop
      vertex 73.05119506891373 -1.5382187827597087 0
      vertex 72.77085245480488 -1.308147545195113 0
      vertex 73.05119506891373 -1.5382187827597087 1.21
    endloop
  endfacet
  facet normal 0.4713967368259904 0.8819212643483589 0
    outer loop
      vertex 73.05119506891373 -1.5382187827597087 0
      vertex 73.05119506891373 -1.5382187827597087 1.21
      vertex 73.37103565012458 -1.7091771351458807 1.21
    endloop
  endfacet
  facet normal 0.2902846772544619 0.956940335732209 0
    outer loop
      vertex 73.37103565012458 -1.7091771351458807 0
      vertex 73.37103565012458 -1.7091771351458807 1.21
      vertex 73.71808290427016 -1.8144527687459764 1.21
    endloop
  endfacet
  facet normal 0.6343932841636485 0.7730104533627346 0
    outer loop
      vertex 72.77085245480488 -1.308147545195113 0
      vertex 72.77085245480488 -1.308147545195113 1.21
      vertex 73.05119506891373 -1.5382187827597087 1.21
    endloop
  endfacet
  facet normal 0.7730104533627294 0.6343932841636547 0
    outer loop
      vertex 72.77085245480488 -1.308147545195113 0
      vertex 72.54078121724028 -1.027804931086264 1.21
      vertex 72.77085245480488 -1.308147545195113 1.21
    endloop
  endfacet
  facet normal 0.7730104533627294 0.6343932841636547 0
    outer loop
      vertex 72.54078121724028 -1.027804931086264 0
      vertex 72.54078121724028 -1.027804931086264 1.21
      vertex 72.77085245480488 -1.308147545195113 0
    endloop
  endfacet
  facet normal 0.8819212643483625 0.4713967368259839 0
    outer loop
      vertex 72.54078121724028 -1.027804931086264 0
      vertex 72.36982286485411 -0.7079643498754161 0
      vertex 72.36982286485411 -0.7079643498754161 1.21
    endloop
  endfacet
  facet normal 0.9569403357322049 0.29028467725447554 0
    outer loop
      vertex 72.36982286485411 -0.7079643498754161 0
      vertex 72.26454723125401 -0.36091709572983727 0
      vertex 72.26454723125401 -0.36091709572983727 1.21
    endloop
  endfacet
  facet normal 0.9951847266721994 0.09801714032953524 0
    outer loop
      vertex 72.26454723125401 -0.36091709572983727 0
      vertex 72.229 0 0
      vertex 72.229 0 1.21
    endloop
  endfacet
  facet normal 0.9951847266721994 -0.09801714032953524 0
    outer loop
      vertex 72.229 0 0
      vertex 72.26454723125401 0.36091709572983727 0
      vertex 72.26454723125401 0.36091709572983727 1.21
    endloop
  endfacet
  facet normal 0.9569403357322049 -0.29028467725447554 0
    outer loop
      vertex 72.26454723125401 0.36091709572983727 0
      vertex 72.36982286485411 0.7079643498754161 0
      vertex 72.36982286485411 0.7079643498754161 1.21
    endloop
  endfacet
  facet normal 0.8819212643483625 -0.4713967368259839 0
    outer loop
      vertex 72.36982286485411 0.7079643498754161 0
      vertex 72.54078121724028 1.027804931086264 0
      vertex 72.54078121724028 1.027804931086264 1.21
    endloop
  endfacet
  facet normal 0.7730104533627294 -0.6343932841636547 0
    outer loop
      vertex 72.54078121724028 1.027804931086264 0
      vertex 72.77085245480488 1.308147545195113 0
      vertex 72.77085245480488 1.308147545195113 1.21
    endloop
  endfacet
  facet normal 0.6343932841636485 -0.7730104533627346 0
    outer loop
      vertex 72.77085245480488 1.308147545195113 0
      vertex 73.05119506891373 1.5382187827597087 0
      vertex 72.77085245480488 1.308147545195113 1.21
    endloop
  endfacet
  facet normal 0.4713967368259904 -0.8819212643483589 0
    outer loop
      vertex 73.05119506891373 1.5382187827597087 0
      vertex 73.37103565012458 1.7091771351458807 0
      vertex 73.05119506891373 1.5382187827597087 1.21
    endloop
  endfacet
  facet normal 0.2902846772544619 -0.956940335732209 0
    outer loop
      vertex 73.37103565012458 1.7091771351458807 0
      vertex 73.71808290427016 1.8144527687459764 0
      vertex 73.37103565012458 1.7091771351458807 1.21
    endloop
  endfacet
  facet normal 0.8819212643483625 0.4713967368259839 0
    outer loop
      vertex 72.54078121724028 -1.027804931086264 0
      vertex 72.36982286485411 -0.7079643498754161 1.21
      vertex 72.54078121724028 -1.027804931086264 1.21
    endloop
  endfacet
  facet normal 0.9569403357322049 0.29028467725447554 0
    outer loop
      vertex 72.36982286485411 -0.7079643498754161 0
      vertex 72.26454723125401 -0.36091709572983727 1.21
      vertex 72.36982286485411 -0.7079643498754161 1.21
    endloop
  endfacet
  facet normal 0.9951847266721994 0.09801714032953524 0
    outer loop
      vertex 72.26454723125401 -0.36091709572983727 0
      vertex 72.229 0 1.21
      vertex 72.26454723125401 -0.36091709572983727 1.21
    endloop
  endfacet
  facet normal 0.9951847266721994 -0.09801714032953524 0
    outer loop
      vertex 72.229 0 0
      vertex 72.26454723125401 0.36091709572983727 1.21
      vertex 72.229 0 1.21
    endloop
  endfacet
  facet normal 0.9569403357322049 -0.29028467725447554 0
    outer loop
      vertex 72.26454723125401 0.36091709572983727 0
      vertex 72.36982286485411 0.7079643498754161 1.21
      vertex 72.26454723125401 0.36091709572983727 1.21
    endloop
  endfacet
  facet normal 0.8819212643483625 -0.4713967368259839 0
    outer loop
      vertex 72.36982286485411 0.7079643498754161 0
      vertex 72.54078121724028 1.027804931086264 1.21
      vertex 72.36982286485411 0.7079643498754161 1.21
    endloop
  endfacet
  facet normal 0.7730104533627294 -0.6343932841636547 0
    outer loop
      vertex 72.54078121724028 1.027804931086264 0
      vertex 72.77085245480488 1.308147545195113 1.21
      vertex 72.54078121724028 1.027804931086264 1.21
    endloop
  endfacet
  facet normal 0.6343932841636485 -0.7730104533627346 0
    outer loop
      vertex 73.05119506891373 1.5382187827597087 0
      vertex 73.05119506891373 1.5382187827597087 1.21
      vertex 72.77085245480488 1.308147545195113 1.21
    endloop
  endfacet
  facet normal 0.4713967368259904 -0.8819212643483589 0
    outer loop
      vertex 73.37103565012458 1.7091771351458807 0
      vertex 73.37103565012458 1.7091771351458807 1.21
      vertex 73.05119506891373 1.5382187827597087 1.21
    endloop
  endfacet
  facet normal 0.2902846772544619 -0.956940335732209 0
    outer loop
      vertex 73.71808290427016 1.8144527687459764 0
      vertex 73.71808290427016 1.8144527687459764 1.21
      vertex 73.37103565012458 1.7091771351458807 1.21
    endloop
  endfacet
  facet normal 0.09801714032956217 0.9951847266721967 0
    outer loop
      vertex 73.71808290427016 -1.8144527687459764 0
      vertex 74.079 -1.85 1.21
      vertex 74.079 -1.85 0
    endloop
  endfacet
  facet normal -0.09801714032956217 0.9951847266721967 0
    outer loop
      vertex 74.079 -1.85 0
      vertex 74.43991709572983 -1.8144527687459764 1.21
      vertex 74.43991709572983 -1.8144527687459764 0
    endloop
  endfacet
  facet normal -0.2902846772544619 0.956940335732209 0
    outer loop
      vertex 74.43991709572983 -1.8144527687459764 0
      vertex 74.7869643498754 -1.7091771351458807 1.21
      vertex 74.7869643498754 -1.7091771351458807 0
    endloop
  endfacet
  facet normal -0.4713967368259904 0.8819212643483589 0
    outer loop
      vertex 74.7869643498754 -1.7091771351458807 0
      vertex 75.10680493108626 -1.5382187827597087 1.21
      vertex 75.10680493108626 -1.5382187827597087 0
    endloop
  endfacet
  facet normal -0.6343932841636485 0.7730104533627346 0
    outer loop
      vertex 75.10680493108626 -1.5382187827597087 0
      vertex 75.3871475451951 -1.308147545195113 1.21
      vertex 75.3871475451951 -1.308147545195113 0
    endloop
  endfacet
  facet normal -0.7730104533627294 0.6343932841636547 0
    outer loop
      vertex 75.3871475451951 -1.308147545195113 0
      vertex 75.3871475451951 -1.308147545195113 1.21
      vertex 75.6172187827597 -1.027804931086264 0
    endloop
  endfacet
  facet normal 0.09801714032956217 0.9951847266721967 0
    outer loop
      vertex 73.71808290427016 -1.8144527687459764 0
      vertex 73.71808290427016 -1.8144527687459764 1.21
      vertex 74.079 -1.85 1.21
    endloop
  endfacet
  facet normal -0.09801714032956217 0.9951847266721967 0
    outer loop
      vertex 74.079 -1.85 0
      vertex 74.079 -1.85 1.21
      vertex 74.43991709572983 -1.8144527687459764 1.21
    endloop
  endfacet
  facet normal -0.2902846772544619 0.956940335732209 0
    outer loop
      vertex 74.43991709572983 -1.8144527687459764 0
      vertex 74.43991709572983 -1.8144527687459764 1.21
      vertex 74.7869643498754 -1.7091771351458807 1.21
    endloop
  endfacet
  facet normal -0.4713967368259904 0.8819212643483589 0
    outer loop
      vertex 74.7869643498754 -1.7091771351458807 0
      vertex 74.7869643498754 -1.7091771351458807 1.21
      vertex 75.10680493108626 -1.5382187827597087 1.21
    endloop
  endfacet
  facet normal -0.6343932841636485 0.7730104533627346 0
    outer loop
      vertex 75.10680493108626 -1.5382187827597087 0
      vertex 75.10680493108626 -1.5382187827597087 1.21
      vertex 75.3871475451951 -1.308147545195113 1.21
    endloop
  endfacet
  facet normal -0.8819212643483625 0.4713967368259839 0
    outer loop
      vertex 75.6172187827597 -1.027804931086264 0
      vertex 75.6172187827597 -1.027804931086264 1.21
      vertex 75.78817713514587 -0.7079643498754161 0
    endloop
  endfacet
  facet normal -0.9569403357322049 0.29028467725447554 0
    outer loop
      vertex 75.78817713514587 -0.7079643498754161 0
      vertex 75.78817713514587 -0.7079643498754161 1.21
      vertex 75.89345276874597 -0.36091709572983727 0
    endloop
  endfacet
  facet normal -0.9951847266721994 0.09801714032953524 0
    outer loop
      vertex 75.89345276874597 -0.36091709572983727 0
      vertex 75.89345276874597 -0.36091709572983727 1.21
      vertex 75.92899999999999 0 0
    endloop
  endfacet
  facet normal -0.9951847266721994 -0.09801714032953524 0
    outer loop
      vertex 75.92899999999999 0 0
      vertex 75.92899999999999 0 1.21
      vertex 75.89345276874597 0.36091709572983727 0
    endloop
  endfacet
  facet normal -0.9569403357322049 -0.29028467725447554 0
    outer loop
      vertex 75.89345276874597 0.36091709572983727 0
      vertex 75.89345276874597 0.36091709572983727 1.21
      vertex 75.78817713514587 0.7079643498754161 0
    endloop
  endfacet
  facet normal -0.8819212643483625 -0.4713967368259839 0
    outer loop
      vertex 75.78817713514587 0.7079643498754161 0
      vertex 75.78817713514587 0.7079643498754161 1.21
      vertex 75.6172187827597 1.027804931086264 0
    endloop
  endfacet
  facet normal -0.7730104533627294 -0.6343932841636547 0
    outer loop
      vertex 75.3871475451951 1.308147545195113 0
      vertex 75.6172187827597 1.027804931086264 0
      vertex 75.6172187827597 1.027804931086264 1.21
    endloop
  endfacet
  facet normal 0.09801714032956217 -0.9951847266721967 0
    outer loop
      vertex 73.71808290427016 1.8144527687459764 0
      vertex 74.079 1.85 0
      vertex 73.71808290427016 1.8144527687459764 1.21
    endloop
  endfacet
  facet normal -0.2902846772544619 -0.956940335732209 0
    outer loop
      vertex 74.7869643498754 1.7091771351458807 0
      vertex 74.43991709572983 1.8144527687459764 1.21
      vertex 74.43991709572983 1.8144527687459764 0
    endloop
  endfacet
  facet normal -0.4713967368259904 -0.8819212643483589 0
    outer loop
      vertex 74.7869643498754 1.7091771351458807 0
      vertex 75.10680493108626 1.5382187827597087 0
      vertex 74.7869643498754 1.7091771351458807 1.21
    endloop
  endfacet
  facet normal -0.09801714032956217 -0.9951847266721967 0
    outer loop
      vertex 74.079 1.85 0
      vertex 74.43991709572983 1.8144527687459764 0
      vertex 74.079 1.85 1.21
    endloop
  endfacet
  facet normal -0.6343932841636485 -0.7730104533627346 0
    outer loop
      vertex 75.3871475451951 1.308147545195113 0
      vertex 75.10680493108626 1.5382187827597087 1.21
      vertex 75.10680493108626 1.5382187827597087 0
    endloop
  endfacet
  facet normal -0.7730104533627294 0.6343932841636547 0
    outer loop
      vertex 75.6172187827597 -1.027804931086264 0
      vertex 75.3871475451951 -1.308147545195113 1.21
      vertex 75.6172187827597 -1.027804931086264 1.21
    endloop
  endfacet
  facet normal -0.8819212643483625 0.4713967368259839 0
    outer loop
      vertex 75.78817713514587 -0.7079643498754161 0
      vertex 75.6172187827597 -1.027804931086264 1.21
      vertex 75.78817713514587 -0.7079643498754161 1.21
    endloop
  endfacet
  facet normal -0.9569403357322049 0.29028467725447554 0
    outer loop
      vertex 75.89345276874597 -0.36091709572983727 0
      vertex 75.78817713514587 -0.7079643498754161 1.21
      vertex 75.89345276874597 -0.36091709572983727 1.21
    endloop
  endfacet
  facet normal -0.9951847266721994 0.09801714032953524 0
    outer loop
      vertex 75.92899999999999 0 0
      vertex 75.89345276874597 -0.36091709572983727 1.21
      vertex 75.92899999999999 0 1.21
    endloop
  endfacet
  facet normal -0.9951847266721994 -0.09801714032953524 0
    outer loop
      vertex 75.89345276874597 0.36091709572983727 0
      vertex 75.92899999999999 0 1.21
      vertex 75.89345276874597 0.36091709572983727 1.21
    endloop
  endfacet
  facet normal -0.9569403357322049 -0.29028467725447554 0
    outer loop
      vertex 75.78817713514587 0.7079643498754161 0
      vertex 75.89345276874597 0.36091709572983727 1.21
      vertex 75.78817713514587 0.7079643498754161 1.21
    endloop
  endfacet
  facet normal -0.8819212643483625 -0.4713967368259839 0
    outer loop
      vertex 75.6172187827597 1.027804931086264 0
      vertex 75.78817713514587 0.7079643498754161 1.21
      vertex 75.6172187827597 1.027804931086264 1.21
    endloop
  endfacet
  facet normal -0.7730104533627294 -0.6343932841636547 0
    outer loop
      vertex 75.3871475451951 1.308147545195113 0
      vertex 75.6172187827597 1.027804931086264 1.21
      vertex 75.3871475451951 1.308147545195113 1.21
    endloop
  endfacet
  facet normal -0.6343932841636485 -0.7730104533627346 0
    outer loop
      vertex 75.3871475451951 1.308147545195113 0
      vertex 75.3871475451951 1.308147545195113 1.21
      vertex 75.10680493108626 1.5382187827597087 1.21
    endloop
  endfacet
  facet normal -0.09801714032956217 -0.9951847266721967 0
    outer loop
      vertex 74.43991709572983 1.8144527687459764 0
      vertex 74.43991709572983 1.8144527687459764 1.21
      vertex 74.079 1.85 1.21
    endloop
  endfacet
  facet normal -0.2902846772544619 -0.956940335732209 0
    outer loop
      vertex 74.7869643498754 1.7091771351458807 0
      vertex 74.7869643498754 1.7091771351458807 1.21
      vertex 74.43991709572983 1.8144527687459764 1.21
    endloop
  endfacet
  facet normal 0.09801714032956217 -0.9951847266721967 0
    outer loop
      vertex 74.079 1.85 0
      vertex 74.079 1.85 1.21
      vertex 73.71808290427016 1.8144527687459764 1.21
    endloop
  endfacet
  facet normal -0.4713967368259904 -0.8819212643483589 0
    outer loop
      vertex 75.10680493108626 1.5382187827597087 0
      vertex 75.10680493108626 1.5382187827597087 1.21
      vertex 74.7869643498754 1.7091771351458807 1.21
    endloop
  endfacet
  facet normal 0.4713967368259986 0.8819212643483546 0
    outer loop
      vertex 50.423195068913735 -1.5382187827597087 0
      vertex 50.74303565012458 -1.7091771351458807 1.21
      vertex 50.74303565012458 -1.7091771351458807 0
    endloop
  endfacet
  facet normal 0.6343932841636485 0.7730104533627346 0
    outer loop
      vertex 50.423195068913735 -1.5382187827597087 0
      vertex 50.14285245480489 -1.308147545195113 0
      vertex 50.423195068913735 -1.5382187827597087 1.21
    endloop
  endfacet
  facet normal 0.2902846772544619 0.956940335732209 0
    outer loop
      vertex 51.09008290427016 -1.8144527687459764 0
      vertex 50.74303565012458 -1.7091771351458807 0
      vertex 51.09008290427016 -1.8144527687459764 1.21
    endloop
  endfacet
  facet normal 0.09801714032956026 0.9951847266721969 0
    outer loop
      vertex 51.09008290427016 -1.8144527687459764 0
      vertex 51.451 -1.85 1.21
      vertex 51.451 -1.85 0
    endloop
  endfacet
  facet normal -0.09801714032956026 0.9951847266721969 0
    outer loop
      vertex 51.451 -1.85 0
      vertex 51.81191709572984 -1.8144527687459764 1.21
      vertex 51.81191709572984 -1.8144527687459764 0
    endloop
  endfacet
  facet normal -0.2902846772544619 0.956940335732209 0
    outer loop
      vertex 51.81191709572984 -1.8144527687459764 0
      vertex 52.15896434987542 -1.7091771351458807 1.21
      vertex 52.15896434987542 -1.7091771351458807 0
    endloop
  endfacet
  facet normal -0.4713967368259986 0.8819212643483546 0
    outer loop
      vertex 52.15896434987542 -1.7091771351458807 0
      vertex 52.478804931086266 -1.5382187827597087 1.21
      vertex 52.478804931086266 -1.5382187827597087 0
    endloop
  endfacet
  facet normal -0.6343932841636485 0.7730104533627346 0
    outer loop
      vertex 52.478804931086266 -1.5382187827597087 0
      vertex 52.75914754519511 -1.308147545195113 1.21
      vertex 52.75914754519511 -1.308147545195113 0
    endloop
  endfacet
  facet normal -0.7730104533627391 0.6343932841636429 0
    outer loop
      vertex 52.75914754519511 -1.308147545195113 0
      vertex 52.75914754519511 -1.308147545195113 1.21
      vertex 52.98921878275971 -1.027804931086264 0
    endloop
  endfacet
  facet normal 0.4713967368259986 0.8819212643483546 0
    outer loop
      vertex 50.423195068913735 -1.5382187827597087 0
      vertex 50.423195068913735 -1.5382187827597087 1.21
      vertex 50.74303565012458 -1.7091771351458807 1.21
    endloop
  endfacet
  facet normal 0.7730104533627391 0.6343932841636429 0
    outer loop
      vertex 50.14285245480489 -1.308147545195113 0
      vertex 49.912781217240294 -1.027804931086264 1.21
      vertex 50.14285245480489 -1.308147545195113 1.21
    endloop
  endfacet
  facet normal 0.6343932841636485 0.7730104533627346 0
    outer loop
      vertex 50.14285245480489 -1.308147545195113 0
      vertex 50.14285245480489 -1.308147545195113 1.21
      vertex 50.423195068913735 -1.5382187827597087 1.21
    endloop
  endfacet
  facet normal 0.09801714032956026 0.9951847266721969 0
    outer loop
      vertex 51.09008290427016 -1.8144527687459764 0
      vertex 51.09008290427016 -1.8144527687459764 1.21
      vertex 51.451 -1.85 1.21
    endloop
  endfacet
  facet normal 0.2902846772544619 0.956940335732209 0
    outer loop
      vertex 50.74303565012458 -1.7091771351458807 0
      vertex 50.74303565012458 -1.7091771351458807 1.21
      vertex 51.09008290427016 -1.8144527687459764 1.21
    endloop
  endfacet
  facet normal -0.09801714032956026 0.9951847266721969 0
    outer loop
      vertex 51.451 -1.85 0
      vertex 51.451 -1.85 1.21
      vertex 51.81191709572984 -1.8144527687459764 1.21
    endloop
  endfacet
  facet normal -0.2902846772544619 0.956940335732209 0
    outer loop
      vertex 51.81191709572984 -1.8144527687459764 0
      vertex 51.81191709572984 -1.8144527687459764 1.21
      vertex 52.15896434987542 -1.7091771351458807 1.21
    endloop
  endfacet
  facet normal -0.4713967368259986 0.8819212643483546 0
    outer loop
      vertex 52.15896434987542 -1.7091771351458807 0
      vertex 52.15896434987542 -1.7091771351458807 1.21
      vertex 52.478804931086266 -1.5382187827597087 1.21
    endloop
  endfacet
  facet normal -0.6343932841636485 0.7730104533627346 0
    outer loop
      vertex 52.478804931086266 -1.5382187827597087 0
      vertex 52.478804931086266 -1.5382187827597087 1.21
      vertex 52.75914754519511 -1.308147545195113 1.21
    endloop
  endfacet
  facet normal 0.7730104533627391 0.6343932841636429 0
    outer loop
      vertex 49.912781217240294 -1.027804931086264 0
      vertex 49.912781217240294 -1.027804931086264 1.21
      vertex 50.14285245480489 -1.308147545195113 0
    endloop
  endfacet
  facet normal 0.8819212643483543 0.47139673682599914 0
    outer loop
      vertex 49.912781217240294 -1.027804931086264 0
      vertex 49.74182286485412 -0.7079643498754161 0
      vertex 49.74182286485412 -0.7079643498754161 1.21
    endloop
  endfacet
  facet normal 0.9569403357322104 0.2902846772544576 0
    outer loop
      vertex 49.74182286485412 -0.7079643498754161 0
      vertex 49.63654723125403 -0.36091709572983727 0
      vertex 49.63654723125403 -0.36091709572983727 1.21
    endloop
  endfacet
  facet normal 0.9951847266721955 0.09801714032957404 0
    outer loop
      vertex 49.63654723125403 -0.36091709572983727 0
      vertex 49.601 0 0
      vertex 49.601 0 1.21
    endloop
  endfacet
  facet normal 0.9951847266721955 -0.09801714032957404 0
    outer loop
      vertex 49.601 0 0
      vertex 49.63654723125403 0.36091709572983727 0
      vertex 49.63654723125403 0.36091709572983727 1.21
    endloop
  endfacet
  facet normal 0.9569403357322104 -0.2902846772544576 0
    outer loop
      vertex 49.63654723125403 0.36091709572983727 0
      vertex 49.74182286485412 0.7079643498754161 0
      vertex 49.74182286485412 0.7079643498754161 1.21
    endloop
  endfacet
  facet normal 0.8819212643483543 -0.47139673682599914 0
    outer loop
      vertex 49.74182286485412 0.7079643498754161 0
      vertex 49.912781217240294 1.027804931086264 0
      vertex 49.912781217240294 1.027804931086264 1.21
    endloop
  endfacet
  facet normal 0.7730104533627391 -0.6343932841636429 0
    outer loop
      vertex 49.912781217240294 1.027804931086264 0
      vertex 50.14285245480489 1.308147545195113 0
      vertex 50.14285245480489 1.308147545195113 1.21
    endloop
  endfacet
  facet normal 0.6343932841636485 -0.7730104533627346 0
    outer loop
      vertex 50.14285245480489 1.308147545195113 0
      vertex 50.423195068913735 1.5382187827597087 0
      vertex 50.14285245480489 1.308147545195113 1.21
    endloop
  endfacet
  facet normal 0.4713967368259986 -0.8819212643483546 0
    outer loop
      vertex 50.423195068913735 1.5382187827597087 0
      vertex 50.74303565012458 1.7091771351458807 0
      vertex 50.423195068913735 1.5382187827597087 1.21
    endloop
  endfacet
  facet normal -0.8819212643483543 0.47139673682599914 0
    outer loop
      vertex 52.98921878275971 -1.027804931086264 0
      vertex 52.98921878275971 -1.027804931086264 1.21
      vertex 53.16017713514588 -0.7079643498754161 0
    endloop
  endfacet
  facet normal -0.9569403357322104 0.2902846772544576 0
    outer loop
      vertex 53.16017713514588 -0.7079643498754161 0
      vertex 53.16017713514588 -0.7079643498754161 1.21
      vertex 53.26545276874597 -0.36091709572983727 0
    endloop
  endfacet
  facet normal -0.9951847266721955 0.09801714032957404 0
    outer loop
      vertex 53.26545276874597 -0.36091709572983727 0
      vertex 53.26545276874597 -0.36091709572983727 1.21
      vertex 53.301 0 0
    endloop
  endfacet
  facet normal -0.9951847266721955 -0.09801714032957404 0
    outer loop
      vertex 53.301 0 0
      vertex 53.301 0 1.21
      vertex 53.26545276874597 0.36091709572983727 0
    endloop
  endfacet
  facet normal -0.9569403357322104 -0.2902846772544576 0
    outer loop
      vertex 53.26545276874597 0.36091709572983727 0
      vertex 53.26545276874597 0.36091709572983727 1.21
      vertex 53.16017713514588 0.7079643498754161 0
    endloop
  endfacet
  facet normal -0.7730104533627391 -0.6343932841636429 0
    outer loop
      vertex 52.75914754519511 1.308147545195113 0
      vertex 52.98921878275971 1.027804931086264 0
      vertex 52.98921878275971 1.027804931086264 1.21
    endloop
  endfacet
  facet normal 0.2902846772544619 -0.956940335732209 0
    outer loop
      vertex 50.74303565012458 1.7091771351458807 0
      vertex 51.09008290427016 1.8144527687459764 0
      vertex 50.74303565012458 1.7091771351458807 1.21
    endloop
  endfacet
  facet normal 0.09801714032956026 -0.9951847266721969 0
    outer loop
      vertex 51.09008290427016 1.8144527687459764 0
      vertex 51.451 1.85 0
      vertex 51.09008290427016 1.8144527687459764 1.21
    endloop
  endfacet
  facet normal -0.09801714032956026 -0.9951847266721969 0
    outer loop
      vertex 51.451 1.85 0
      vertex 51.81191709572984 1.8144527687459764 0
      vertex 51.451 1.85 1.21
    endloop
  endfacet
  facet normal -0.2902846772544619 -0.956940335732209 0
    outer loop
      vertex 52.15896434987542 1.7091771351458807 0
      vertex 51.81191709572984 1.8144527687459764 1.21
      vertex 51.81191709572984 1.8144527687459764 0
    endloop
  endfacet
  facet normal -0.4713967368259986 -0.8819212643483546 0
    outer loop
      vertex 52.15896434987542 1.7091771351458807 0
      vertex 52.478804931086266 1.5382187827597087 0
      vertex 52.15896434987542 1.7091771351458807 1.21
    endloop
  endfacet
  facet normal -0.6343932841636485 -0.7730104533627346 0
    outer loop
      vertex 52.75914754519511 1.308147545195113 0
      vertex 52.478804931086266 1.5382187827597087 1.21
      vertex 52.478804931086266 1.5382187827597087 0
    endloop
  endfacet
  facet normal -0.8819212643483543 -0.47139673682599914 0
    outer loop
      vertex 53.16017713514588 0.7079643498754161 0
      vertex 53.16017713514588 0.7079643498754161 1.21
      vertex 52.98921878275971 1.027804931086264 0
    endloop
  endfacet
  facet normal 0.8819212643483543 0.47139673682599914 0
    outer loop
      vertex 49.912781217240294 -1.027804931086264 0
      vertex 49.74182286485412 -0.7079643498754161 1.21
      vertex 49.912781217240294 -1.027804931086264 1.21
    endloop
  endfacet
  facet normal 0.9569403357322104 0.2902846772544576 0
    outer loop
      vertex 49.74182286485412 -0.7079643498754161 0
      vertex 49.63654723125403 -0.36091709572983727 1.21
      vertex 49.74182286485412 -0.7079643498754161 1.21
    endloop
  endfacet
  facet normal 0.9951847266721955 0.09801714032957404 0
    outer loop
      vertex 49.63654723125403 -0.36091709572983727 0
      vertex 49.601 0 1.21
      vertex 49.63654723125403 -0.36091709572983727 1.21
    endloop
  endfacet
  facet normal 0.9951847266721955 -0.09801714032957404 0
    outer loop
      vertex 49.601 0 0
      vertex 49.63654723125403 0.36091709572983727 1.21
      vertex 49.601 0 1.21
    endloop
  endfacet
  facet normal 0.9569403357322104 -0.2902846772544576 0
    outer loop
      vertex 49.63654723125403 0.36091709572983727 0
      vertex 49.74182286485412 0.7079643498754161 1.21
      vertex 49.63654723125403 0.36091709572983727 1.21
    endloop
  endfacet
  facet normal 0.8819212643483543 -0.47139673682599914 0
    outer loop
      vertex 49.74182286485412 0.7079643498754161 0
      vertex 49.912781217240294 1.027804931086264 1.21
      vertex 49.74182286485412 0.7079643498754161 1.21
    endloop
  endfacet
  facet normal 0.7730104533627391 -0.6343932841636429 0
    outer loop
      vertex 49.912781217240294 1.027804931086264 0
      vertex 50.14285245480489 1.308147545195113 1.21
      vertex 49.912781217240294 1.027804931086264 1.21
    endloop
  endfacet
  facet normal 0.6343932841636485 -0.7730104533627346 0
    outer loop
      vertex 50.423195068913735 1.5382187827597087 0
      vertex 50.423195068913735 1.5382187827597087 1.21
      vertex 50.14285245480489 1.308147545195113 1.21
    endloop
  endfacet
  facet normal 0.4713967368259986 -0.8819212643483546 0
    outer loop
      vertex 50.74303565012458 1.7091771351458807 0
      vertex 50.74303565012458 1.7091771351458807 1.21
      vertex 50.423195068913735 1.5382187827597087 1.21
    endloop
  endfacet
  facet normal -0.7730104533627391 0.6343932841636429 0
    outer loop
      vertex 52.98921878275971 -1.027804931086264 0
      vertex 52.75914754519511 -1.308147545195113 1.21
      vertex 52.98921878275971 -1.027804931086264 1.21
    endloop
  endfacet
  facet normal -0.8819212643483543 0.47139673682599914 0
    outer loop
      vertex 53.16017713514588 -0.7079643498754161 0
      vertex 52.98921878275971 -1.027804931086264 1.21
      vertex 53.16017713514588 -0.7079643498754161 1.21
    endloop
  endfacet
  facet normal -0.9569403357322104 0.2902846772544576 0
    outer loop
      vertex 53.26545276874597 -0.36091709572983727 0
      vertex 53.16017713514588 -0.7079643498754161 1.21
      vertex 53.26545276874597 -0.36091709572983727 1.21
    endloop
  endfacet
  facet normal -0.9951847266721955 0.09801714032957404 0
    outer loop
      vertex 53.301 0 0
      vertex 53.26545276874597 -0.36091709572983727 1.21
      vertex 53.301 0 1.21
    endloop
  endfacet
  facet normal -0.9951847266721955 -0.09801714032957404 0
    outer loop
      vertex 53.26545276874597 0.36091709572983727 0
      vertex 53.301 0 1.21
      vertex 53.26545276874597 0.36091709572983727 1.21
    endloop
  endfacet
  facet normal -0.8819212643483543 -0.47139673682599914 0
    outer loop
      vertex 52.98921878275971 1.027804931086264 0
      vertex 53.16017713514588 0.7079643498754161 1.21
      vertex 52.98921878275971 1.027804931086264 1.21
    endloop
  endfacet
  facet normal -0.6343932841636485 -0.7730104533627346 0
    outer loop
      vertex 52.75914754519511 1.308147545195113 0
      vertex 52.75914754519511 1.308147545195113 1.21
      vertex 52.478804931086266 1.5382187827597087 1.21
    endloop
  endfacet
  facet normal -0.7730104533627391 -0.6343932841636429 0
    outer loop
      vertex 52.75914754519511 1.308147545195113 0
      vertex 52.98921878275971 1.027804931086264 1.21
      vertex 52.75914754519511 1.308147545195113 1.21
    endloop
  endfacet
  facet normal 0.2902846772544619 -0.956940335732209 0
    outer loop
      vertex 51.09008290427016 1.8144527687459764 0
      vertex 51.09008290427016 1.8144527687459764 1.21
      vertex 50.74303565012458 1.7091771351458807 1.21
    endloop
  endfacet
  facet normal -0.09801714032956026 -0.9951847266721969 0
    outer loop
      vertex 51.81191709572984 1.8144527687459764 0
      vertex 51.81191709572984 1.8144527687459764 1.21
      vertex 51.451 1.85 1.21
    endloop
  endfacet
  facet normal 0.09801714032956026 -0.9951847266721969 0
    outer loop
      vertex 51.451 1.85 0
      vertex 51.451 1.85 1.21
      vertex 51.09008290427016 1.8144527687459764 1.21
    endloop
  endfacet
  facet normal -0.4713967368259986 -0.8819212643483546 0
    outer loop
      vertex 52.478804931086266 1.5382187827597087 0
      vertex 52.478804931086266 1.5382187827597087 1.21
      vertex 52.15896434987542 1.7091771351458807 1.21
    endloop
  endfacet
  facet normal -0.2902846772544619 -0.956940335732209 0
    outer loop
      vertex 52.15896434987542 1.7091771351458807 0
      vertex 52.15896434987542 1.7091771351458807 1.21
      vertex 51.81191709572984 1.8144527687459764 1.21
    endloop
  endfacet
  facet normal -0.9569403357322104 -0.2902846772544576 0
    outer loop
      vertex 53.16017713514588 0.7079643498754161 0
      vertex 53.26545276874597 0.36091709572983727 1.21
      vertex 53.16017713514588 0.7079643498754161 1.21
    endloop
  endfacet
  facet normal 0.6343932841636449 0.7730104533627375 0
    outer loop
      vertex 6.976195068913736 -1.5382187827597087 0
      vertex 6.6958524548048866 -1.308147545195113 0
      vertex 6.976195068913736 -1.5382187827597087 1.21
    endloop
  endfacet
  facet normal 0.4713967368259986 0.8819212643483546 0
    outer loop
      vertex 6.976195068913736 -1.5382187827597087 0
      vertex 7.296035650124583 -1.7091771351458807 1.21
      vertex 7.296035650124583 -1.7091771351458807 0
    endloop
  endfacet
  facet normal 0.09801714032956074 0.9951847266721968 0
    outer loop
      vertex 7.6430829042701625 -1.8144527687459764 0
      vertex 8.004 -1.85 1.21
      vertex 8.004 -1.85 0
    endloop
  endfacet
  facet normal 0.2902846772544619 0.956940335732209 0
    outer loop
      vertex 7.296035650124583 -1.7091771351458807 0
      vertex 7.6430829042701625 -1.8144527687459764 1.21
      vertex 7.6430829042701625 -1.8144527687459764 0
    endloop
  endfacet
  facet normal -0.09801714032956074 0.9951847266721968 0
    outer loop
      vertex 8.004 -1.85 0
      vertex 8.364917095729837 -1.8144527687459764 1.21
      vertex 8.364917095729837 -1.8144527687459764 0
    endloop
  endfacet
  facet normal -0.2902846772544619 0.956940335732209 0
    outer loop
      vertex 8.364917095729837 -1.8144527687459764 0
      vertex 8.711964349875416 -1.7091771351458807 1.21
      vertex 8.711964349875416 -1.7091771351458807 0
    endloop
  endfacet
  facet normal -0.4713967368259986 0.8819212643483546 0
    outer loop
      vertex 8.711964349875416 -1.7091771351458807 0
      vertex 9.031804931086263 -1.5382187827597087 1.21
      vertex 9.031804931086263 -1.5382187827597087 0
    endloop
  endfacet
  facet normal -0.6343932841636436 0.7730104533627384 0
    outer loop
      vertex 9.031804931086263 -1.5382187827597087 0
      vertex 9.312147545195113 -1.308147545195113 1.21
      vertex 9.312147545195113 -1.308147545195113 0
    endloop
  endfacet
  facet normal 0.6343932841636449 0.7730104533627375 0
    outer loop
      vertex 6.6958524548048866 -1.308147545195113 0
      vertex 6.6958524548048866 -1.308147545195113 1.21
      vertex 6.976195068913736 -1.5382187827597087 1.21
    endloop
  endfacet
  facet normal 0.7730104533627379 0.6343932841636444 0
    outer loop
      vertex 6.6958524548048866 -1.308147545195113 0
      vertex 6.465781217240291 -1.027804931086264 1.21
      vertex 6.6958524548048866 -1.308147545195113 1.21
    endloop
  endfacet
  facet normal 0.4713967368259986 0.8819212643483546 0
    outer loop
      vertex 6.976195068913736 -1.5382187827597087 0
      vertex 6.976195068913736 -1.5382187827597087 1.21
      vertex 7.296035650124583 -1.7091771351458807 1.21
    endloop
  endfacet
  facet normal 0.2902846772544619 0.956940335732209 0
    outer loop
      vertex 7.296035650124583 -1.7091771351458807 0
      vertex 7.296035650124583 -1.7091771351458807 1.21
      vertex 7.6430829042701625 -1.8144527687459764 1.21
    endloop
  endfacet
  facet normal 0.09801714032956074 0.9951847266721968 0
    outer loop
      vertex 7.6430829042701625 -1.8144527687459764 0
      vertex 7.6430829042701625 -1.8144527687459764 1.21
      vertex 8.004 -1.85 1.21
    endloop
  endfacet
  facet normal -0.09801714032956074 0.9951847266721968 0
    outer loop
      vertex 8.004 -1.85 0
      vertex 8.004 -1.85 1.21
      vertex 8.364917095729837 -1.8144527687459764 1.21
    endloop
  endfacet
  facet normal -0.2902846772544619 0.956940335732209 0
    outer loop
      vertex 8.364917095729837 -1.8144527687459764 0
      vertex 8.364917095729837 -1.8144527687459764 1.21
      vertex 8.711964349875416 -1.7091771351458807 1.21
    endloop
  endfacet
  facet normal -0.4713967368259986 0.8819212643483546 0
    outer loop
      vertex 8.711964349875416 -1.7091771351458807 0
      vertex 8.711964349875416 -1.7091771351458807 1.21
      vertex 9.031804931086263 -1.5382187827597087 1.21
    endloop
  endfacet
  facet normal -0.6343932841636436 0.7730104533627384 0
    outer loop
      vertex 9.031804931086263 -1.5382187827597087 0
      vertex 9.031804931086263 -1.5382187827597087 1.21
      vertex 9.312147545195113 -1.308147545195113 1.21
    endloop
  endfacet
  facet normal -0.7730104533627391 0.6343932841636429 0
    outer loop
      vertex 9.312147545195113 -1.308147545195113 0
      vertex 9.312147545195113 -1.308147545195113 1.21
      vertex 9.542218782759708 -1.027804931086264 0
    endloop
  endfacet
  facet normal 0.7730104533627379 0.6343932841636444 0
    outer loop
      vertex 6.465781217240291 -1.027804931086264 0
      vertex 6.465781217240291 -1.027804931086264 1.21
      vertex 6.6958524548048866 -1.308147545195113 0
    endloop
  endfacet
  facet normal 0.8819212643483543 0.47139673682599914 0
    outer loop
      vertex 6.465781217240291 -1.027804931086264 0
      vertex 6.294822864854119 -0.7079643498754161 0
      vertex 6.294822864854119 -0.7079643498754161 1.21
    endloop
  endfacet
  facet normal 0.956940335732209 0.2902846772544621 0
    outer loop
      vertex 6.294822864854119 -0.7079643498754161 0
      vertex 6.189547231254023 -0.36091709572983727 0
      vertex 6.189547231254023 -0.36091709572983727 1.21
    endloop
  endfacet
  facet normal 0.995184726672197 0.0980171403295595 0
    outer loop
      vertex 6.189547231254023 -0.36091709572983727 0
      vertex 6.154 0 0
      vertex 6.154 0 1.21
    endloop
  endfacet
  facet normal 0.995184726672197 -0.0980171403295595 0
    outer loop
      vertex 6.154 0 0
      vertex 6.189547231254023 0.36091709572983727 0
      vertex 6.189547231254023 0.36091709572983727 1.21
    endloop
  endfacet
  facet normal 0.956940335732209 -0.2902846772544621 0
    outer loop
      vertex 6.189547231254023 0.36091709572983727 0
      vertex 6.294822864854119 0.7079643498754161 0
      vertex 6.294822864854119 0.7079643498754161 1.21
    endloop
  endfacet
  facet normal 0.8819212643483543 -0.47139673682599914 0
    outer loop
      vertex 6.294822864854119 0.7079643498754161 0
      vertex 6.465781217240291 1.027804931086264 0
      vertex 6.465781217240291 1.027804931086264 1.21
    endloop
  endfacet
  facet normal 0.7730104533627379 -0.6343932841636444 0
    outer loop
      vertex 6.465781217240291 1.027804931086264 0
      vertex 6.6958524548048866 1.308147545195113 0
      vertex 6.6958524548048866 1.308147545195113 1.21
    endloop
  endfacet
  facet normal 0.6343932841636449 -0.7730104533627375 0
    outer loop
      vertex 6.6958524548048866 1.308147545195113 0
      vertex 6.976195068913736 1.5382187827597087 0
      vertex 6.6958524548048866 1.308147545195113 1.21
    endloop
  endfacet
  facet normal 0.4713967368259986 -0.8819212643483546 0
    outer loop
      vertex 6.976195068913736 1.5382187827597087 0
      vertex 7.296035650124583 1.7091771351458807 0
      vertex 6.976195068913736 1.5382187827597087 1.21
    endloop
  endfacet
  facet normal 0.2902846772544619 -0.956940335732209 0
    outer loop
      vertex 7.296035650124583 1.7091771351458807 0
      vertex 7.6430829042701625 1.8144527687459764 0
      vertex 7.296035650124583 1.7091771351458807 1.21
    endloop
  endfacet
  facet normal 0.09801714032956074 -0.9951847266721968 0
    outer loop
      vertex 7.6430829042701625 1.8144527687459764 0
      vertex 8.004 1.85 0
      vertex 7.6430829042701625 1.8144527687459764 1.21
    endloop
  endfacet
  facet normal -0.2902846772544619 -0.956940335732209 0
    outer loop
      vertex 8.364917095729837 1.8144527687459764 0
      vertex 8.711964349875416 1.7091771351458807 0
      vertex 8.364917095729837 1.8144527687459764 1.21
    endloop
  endfacet
  facet normal -0.6343932841636436 -0.7730104533627384 0
    outer loop
      vertex 9.312147545195113 1.308147545195113 0
      vertex 9.031804931086263 1.5382187827597087 1.21
      vertex 9.031804931086263 1.5382187827597087 0
    endloop
  endfacet
  facet normal -0.4713967368259986 -0.8819212643483546 0
    outer loop
      vertex 8.711964349875416 1.7091771351458807 0
      vertex 9.031804931086263 1.5382187827597087 0
      vertex 8.711964349875416 1.7091771351458807 1.21
    endloop
  endfacet
  facet normal -0.09801714032956074 -0.9951847266721968 0
    outer loop
      vertex 8.004 1.85 0
      vertex 8.364917095729837 1.8144527687459764 0
      vertex 8.004 1.85 1.21
    endloop
  endfacet
  facet normal 0.8819212643483543 0.47139673682599914 0
    outer loop
      vertex 6.465781217240291 -1.027804931086264 0
      vertex 6.294822864854119 -0.7079643498754161 1.21
      vertex 6.465781217240291 -1.027804931086264 1.21
    endloop
  endfacet
  facet normal 0.956940335732209 0.2902846772544621 0
    outer loop
      vertex 6.294822864854119 -0.7079643498754161 0
      vertex 6.189547231254023 -0.36091709572983727 1.21
      vertex 6.294822864854119 -0.7079643498754161 1.21
    endloop
  endfacet
  facet normal 0.995184726672197 0.0980171403295595 0
    outer loop
      vertex 6.189547231254023 -0.36091709572983727 0
      vertex 6.154 0 1.21
      vertex 6.189547231254023 -0.36091709572983727 1.21
    endloop
  endfacet
  facet normal 0.995184726672197 -0.0980171403295595 0
    outer loop
      vertex 6.154 0 0
      vertex 6.189547231254023 0.36091709572983727 1.21
      vertex 6.154 0 1.21
    endloop
  endfacet
  facet normal 0.956940335732209 -0.2902846772544621 0
    outer loop
      vertex 6.189547231254023 0.36091709572983727 0
      vertex 6.294822864854119 0.7079643498754161 1.21
      vertex 6.189547231254023 0.36091709572983727 1.21
    endloop
  endfacet
  facet normal 0.8819212643483543 -0.47139673682599914 0
    outer loop
      vertex 6.294822864854119 0.7079643498754161 0
      vertex 6.465781217240291 1.027804931086264 1.21
      vertex 6.294822864854119 0.7079643498754161 1.21
    endloop
  endfacet
  facet normal 0.7730104533627379 -0.6343932841636444 0
    outer loop
      vertex 6.465781217240291 1.027804931086264 0
      vertex 6.6958524548048866 1.308147545195113 1.21
      vertex 6.465781217240291 1.027804931086264 1.21
    endloop
  endfacet
  facet normal 0.6343932841636449 -0.7730104533627375 0
    outer loop
      vertex 6.976195068913736 1.5382187827597087 0
      vertex 6.976195068913736 1.5382187827597087 1.21
      vertex 6.6958524548048866 1.308147545195113 1.21
    endloop
  endfacet
  facet normal -0.6343932841636436 -0.7730104533627384 0
    outer loop
      vertex 9.312147545195113 1.308147545195113 0
      vertex 9.312147545195113 1.308147545195113 1.21
      vertex 9.031804931086263 1.5382187827597087 1.21
    endloop
  endfacet
  facet normal 0.4713967368259986 -0.8819212643483546 0
    outer loop
      vertex 7.296035650124583 1.7091771351458807 0
      vertex 7.296035650124583 1.7091771351458807 1.21
      vertex 6.976195068913736 1.5382187827597087 1.21
    endloop
  endfacet
  facet normal 0.2902846772544619 -0.956940335732209 0
    outer loop
      vertex 7.6430829042701625 1.8144527687459764 0
      vertex 7.6430829042701625 1.8144527687459764 1.21
      vertex 7.296035650124583 1.7091771351458807 1.21
    endloop
  endfacet
  facet normal 0.09801714032956074 -0.9951847266721968 0
    outer loop
      vertex 8.004 1.85 0
      vertex 8.004 1.85 1.21
      vertex 7.6430829042701625 1.8144527687459764 1.21
    endloop
  endfacet
  facet normal -0.09801714032956074 -0.9951847266721968 0
    outer loop
      vertex 8.364917095729837 1.8144527687459764 0
      vertex 8.364917095729837 1.8144527687459764 1.21
      vertex 8.004 1.85 1.21
    endloop
  endfacet
  facet normal -0.2902846772544619 -0.956940335732209 0
    outer loop
      vertex 8.711964349875416 1.7091771351458807 0
      vertex 8.711964349875416 1.7091771351458807 1.21
      vertex 8.364917095729837 1.8144527687459764 1.21
    endloop
  endfacet
  facet normal -0.4713967368259986 -0.8819212643483546 0
    outer loop
      vertex 9.031804931086263 1.5382187827597087 0
      vertex 9.031804931086263 1.5382187827597087 1.21
      vertex 8.711964349875416 1.7091771351458807 1.21
    endloop
  endfacet
  facet normal -0.8819212643483543 0.47139673682599914 0
    outer loop
      vertex 9.542218782759708 -1.027804931086264 0
      vertex 9.542218782759708 -1.027804931086264 1.21
      vertex 9.71317713514588 -0.7079643498754161 0
    endloop
  endfacet
  facet normal -0.956940335732209 0.2902846772544621 0
    outer loop
      vertex 9.71317713514588 -0.7079643498754161 0
      vertex 9.71317713514588 -0.7079643498754161 1.21
      vertex 9.818452768745976 -0.36091709572983727 0
    endloop
  endfacet
  facet normal -0.995184726672197 0.0980171403295595 0
    outer loop
      vertex 9.818452768745976 -0.36091709572983727 0
      vertex 9.818452768745976 -0.36091709572983727 1.21
      vertex 9.854 0 0
    endloop
  endfacet
  facet normal -0.956940335732209 -0.2902846772544621 0
    outer loop
      vertex 9.818452768745976 0.36091709572983727 0
      vertex 9.818452768745976 0.36091709572983727 1.21
      vertex 9.71317713514588 0.7079643498754161 0
    endloop
  endfacet
  facet normal -0.995184726672197 -0.0980171403295595 0
    outer loop
      vertex 9.854 0 0
      vertex 9.854 0 1.21
      vertex 9.818452768745976 0.36091709572983727 0
    endloop
  endfacet
  facet normal -0.8819212643483543 -0.47139673682599914 0
    outer loop
      vertex 9.71317713514588 0.7079643498754161 0
      vertex 9.71317713514588 0.7079643498754161 1.21
      vertex 9.542218782759708 1.027804931086264 0
    endloop
  endfacet
  facet normal -0.7730104533627391 -0.6343932841636429 0
    outer loop
      vertex 9.312147545195113 1.308147545195113 0
      vertex 9.542218782759708 1.027804931086264 0
      vertex 9.542218782759708 1.027804931086264 1.21
    endloop
  endfacet
  facet normal -0.7730104533627391 0.6343932841636429 0
    outer loop
      vertex 9.542218782759708 -1.027804931086264 0
      vertex 9.312147545195113 -1.308147545195113 1.21
      vertex 9.542218782759708 -1.027804931086264 1.21
    endloop
  endfacet
  facet normal -0.8819212643483543 0.47139673682599914 0
    outer loop
      vertex 9.71317713514588 -0.7079643498754161 0
      vertex 9.542218782759708 -1.027804931086264 1.21
      vertex 9.71317713514588 -0.7079643498754161 1.21
    endloop
  endfacet
  facet normal -0.956940335732209 0.2902846772544621 0
    outer loop
      vertex 9.818452768745976 -0.36091709572983727 0
      vertex 9.71317713514588 -0.7079643498754161 1.21
      vertex 9.818452768745976 -0.36091709572983727 1.21
    endloop
  endfacet
  facet normal -0.995184726672197 0.0980171403295595 0
    outer loop
      vertex 9.854 0 0
      vertex 9.818452768745976 -0.36091709572983727 1.21
      vertex 9.854 0 1.21
    endloop
  endfacet
  facet normal -0.995184726672197 -0.0980171403295595 0
    outer loop
      vertex 9.818452768745976 0.36091709572983727 0
      vertex 9.854 0 1.21
      vertex 9.818452768745976 0.36091709572983727 1.21
    endloop
  endfacet
  facet normal -0.956940335732209 -0.2902846772544621 0
    outer loop
      vertex 9.71317713514588 0.7079643498754161 0
      vertex 9.818452768745976 0.36091709572983727 1.21
      vertex 9.71317713514588 0.7079643498754161 1.21
    endloop
  endfacet
  facet normal -0.8819212643483543 -0.47139673682599914 0
    outer loop
      vertex 9.542218782759708 1.027804931086264 0
      vertex 9.71317713514588 0.7079643498754161 1.21
      vertex 9.542218782759708 1.027804931086264 1.21
    endloop
  endfacet
  facet normal -0.7730104533627391 -0.6343932841636429 0
    outer loop
      vertex 9.312147545195113 1.308147545195113 0
      vertex 9.542218782759708 1.027804931086264 1.21
      vertex 9.312147545195113 1.308147545195113 1.21
    endloop
  endfacet
  facet normal 0.6343932841636485 0.7730104533627346 0
    outer loop
      vertex 27.51485245480489 -1.308147545195113 0
      vertex 27.51485245480489 -1.308147545195113 1.21
      vertex 27.795195068913735 -1.5382187827597087 1.21
    endloop
  endfacet
  facet normal 0.7730104533627343 0.6343932841636487 0
    outer loop
      vertex 27.51485245480489 -1.308147545195113 0
      vertex 27.28478121724029 -1.027804931086264 1.21
      vertex 27.51485245480489 -1.308147545195113 1.21
    endloop
  endfacet
  facet normal 0.4713967368259945 0.8819212643483567 0
    outer loop
      vertex 27.795195068913735 -1.5382187827597087 0
      vertex 28.115035650124586 -1.7091771351458807 1.21
      vertex 28.115035650124586 -1.7091771351458807 0
    endloop
  endfacet
  facet normal 0.09801714032956026 0.9951847266721969 0
    outer loop
      vertex 28.46208290427016 -1.8144527687459764 0
      vertex 28.823 -1.85 1.21
      vertex 28.823 -1.85 0
    endloop
  endfacet
  facet normal 0.2902846772544646 0.9569403357322083 0
    outer loop
      vertex 28.46208290427016 -1.8144527687459764 0
      vertex 28.115035650124586 -1.7091771351458807 0
      vertex 28.46208290427016 -1.8144527687459764 1.21
    endloop
  endfacet
  facet normal 0.6343932841636485 0.7730104533627346 0
    outer loop
      vertex 27.795195068913735 -1.5382187827597087 0
      vertex 27.51485245480489 -1.308147545195113 0
      vertex 27.795195068913735 -1.5382187827597087 1.21
    endloop
  endfacet
  facet normal -0.09801714032956026 0.9951847266721969 0
    outer loop
      vertex 28.823 -1.85 0
      vertex 29.18391709572984 -1.8144527687459764 1.21
      vertex 29.18391709572984 -1.8144527687459764 0
    endloop
  endfacet
  facet normal -0.2902846772544646 0.9569403357322083 0
    outer loop
      vertex 29.18391709572984 -1.8144527687459764 0
      vertex 29.530964349875415 -1.7091771351458807 1.21
      vertex 29.530964349875415 -1.7091771351458807 0
    endloop
  endfacet
  facet normal -0.4713967368259945 0.8819212643483567 0
    outer loop
      vertex 29.530964349875415 -1.7091771351458807 0
      vertex 29.850804931086266 -1.5382187827597087 1.21
      vertex 29.850804931086266 -1.5382187827597087 0
    endloop
  endfacet
  facet normal -0.6343932841636485 0.7730104533627346 0
    outer loop
      vertex 29.850804931086266 -1.5382187827597087 0
      vertex 30.131147545195113 -1.308147545195113 1.21
      vertex 30.131147545195113 -1.308147545195113 0
    endloop
  endfacet
  facet normal -0.7730104533627343 0.6343932841636487 0
    outer loop
      vertex 30.131147545195113 -1.308147545195113 0
      vertex 30.131147545195113 -1.308147545195113 1.21
      vertex 30.36121878275971 -1.027804931086264 0
    endloop
  endfacet
  facet normal 0.4713967368259945 0.8819212643483567 0
    outer loop
      vertex 27.795195068913735 -1.5382187827597087 0
      vertex 27.795195068913735 -1.5382187827597087 1.21
      vertex 28.115035650124586 -1.7091771351458807 1.21
    endloop
  endfacet
  facet normal 0.2902846772544646 0.9569403357322083 0
    outer loop
      vertex 28.115035650124586 -1.7091771351458807 0
      vertex 28.115035650124586 -1.7091771351458807 1.21
      vertex 28.46208290427016 -1.8144527687459764 1.21
    endloop
  endfacet
  facet normal 0.09801714032956026 0.9951847266721969 0
    outer loop
      vertex 28.46208290427016 -1.8144527687459764 0
      vertex 28.46208290427016 -1.8144527687459764 1.21
      vertex 28.823 -1.85 1.21
    endloop
  endfacet
  facet normal -0.09801714032956026 0.9951847266721969 0
    outer loop
      vertex 28.823 -1.85 0
      vertex 28.823 -1.85 1.21
      vertex 29.18391709572984 -1.8144527687459764 1.21
    endloop
  endfacet
  facet normal -0.2902846772544646 0.9569403357322083 0
    outer loop
      vertex 29.18391709572984 -1.8144527687459764 0
      vertex 29.18391709572984 -1.8144527687459764 1.21
      vertex 29.530964349875415 -1.7091771351458807 1.21
    endloop
  endfacet
  facet normal -0.4713967368259945 0.8819212643483567 0
    outer loop
      vertex 29.530964349875415 -1.7091771351458807 0
      vertex 29.530964349875415 -1.7091771351458807 1.21
      vertex 29.850804931086266 -1.5382187827597087 1.21
    endloop
  endfacet
  facet normal -0.6343932841636485 0.7730104533627346 0
    outer loop
      vertex 29.850804931086266 -1.5382187827597087 0
      vertex 29.850804931086266 -1.5382187827597087 1.21
      vertex 30.131147545195113 -1.308147545195113 1.21
    endloop
  endfacet
  facet normal 0.7730104533627343 0.6343932841636487 0
    outer loop
      vertex 27.28478121724029 -1.027804931086264 0
      vertex 27.28478121724029 -1.027804931086264 1.21
      vertex 27.51485245480489 -1.308147545195113 0
    endloop
  endfacet
  facet normal 0.8819212643483584 0.4713967368259915 0
    outer loop
      vertex 27.28478121724029 -1.027804931086264 0
      vertex 27.11382286485412 -0.7079643498754161 0
      vertex 27.11382286485412 -0.7079643498754161 1.21
    endloop
  endfacet
  facet normal 0.9569403357322076 0.2902846772544665 0
    outer loop
      vertex 27.11382286485412 -0.7079643498754161 0
      vertex 27.008547231254024 -0.36091709572983727 0
      vertex 27.008547231254024 -0.36091709572983727 1.21
    endloop
  endfacet
  facet normal 0.9951847266721965 0.09801714032956432 0
    outer loop
      vertex 27.008547231254024 -0.36091709572983727 0
      vertex 26.973 0 0
      vertex 26.973 0 1.21
    endloop
  endfacet
  facet normal 0.9951847266721965 -0.09801714032956432 0
    outer loop
      vertex 26.973 0 0
      vertex 27.008547231254024 0.36091709572983727 0
      vertex 27.008547231254024 0.36091709572983727 1.21
    endloop
  endfacet
  facet normal 0.9569403357322076 -0.2902846772544665 0
    outer loop
      vertex 27.008547231254024 0.36091709572983727 0
      vertex 27.11382286485412 0.7079643498754161 0
      vertex 27.11382286485412 0.7079643498754161 1.21
    endloop
  endfacet
  facet normal 0.8819212643483584 -0.4713967368259915 0
    outer loop
      vertex 27.11382286485412 0.7079643498754161 0
      vertex 27.28478121724029 1.027804931086264 0
      vertex 27.28478121724029 1.027804931086264 1.21
    endloop
  endfacet
  facet normal 0.7730104533627343 -0.6343932841636487 0
    outer loop
      vertex 27.28478121724029 1.027804931086264 0
      vertex 27.51485245480489 1.308147545195113 0
      vertex 27.51485245480489 1.308147545195113 1.21
    endloop
  endfacet
  facet normal 0.6343932841636485 -0.7730104533627346 0
    outer loop
      vertex 27.51485245480489 1.308147545195113 0
      vertex 27.795195068913735 1.5382187827597087 0
      vertex 27.51485245480489 1.308147545195113 1.21
    endloop
  endfacet
  facet normal 0.8819212643483584 0.4713967368259915 0
    outer loop
      vertex 27.28478121724029 -1.027804931086264 0
      vertex 27.11382286485412 -0.7079643498754161 1.21
      vertex 27.28478121724029 -1.027804931086264 1.21
    endloop
  endfacet
  facet normal 0.9569403357322076 0.2902846772544665 0
    outer loop
      vertex 27.11382286485412 -0.7079643498754161 0
      vertex 27.008547231254024 -0.36091709572983727 1.21
      vertex 27.11382286485412 -0.7079643498754161 1.21
    endloop
  endfacet
  facet normal 0.9951847266721965 0.09801714032956432 0
    outer loop
      vertex 27.008547231254024 -0.36091709572983727 0
      vertex 26.973 0 1.21
      vertex 27.008547231254024 -0.36091709572983727 1.21
    endloop
  endfacet
  facet normal 0.9951847266721965 -0.09801714032956432 0
    outer loop
      vertex 26.973 0 0
      vertex 27.008547231254024 0.36091709572983727 1.21
      vertex 26.973 0 1.21
    endloop
  endfacet
  facet normal 0.9569403357322076 -0.2902846772544665 0
    outer loop
      vertex 27.008547231254024 0.36091709572983727 0
      vertex 27.11382286485412 0.7079643498754161 1.21
      vertex 27.008547231254024 0.36091709572983727 1.21
    endloop
  endfacet
  facet normal 0.8819212643483584 -0.4713967368259915 0
    outer loop
      vertex 27.11382286485412 0.7079643498754161 0
      vertex 27.28478121724029 1.027804931086264 1.21
      vertex 27.11382286485412 0.7079643498754161 1.21
    endloop
  endfacet
  facet normal 0.7730104533627343 -0.6343932841636487 0
    outer loop
      vertex 27.28478121724029 1.027804931086264 0
      vertex 27.51485245480489 1.308147545195113 1.21
      vertex 27.28478121724029 1.027804931086264 1.21
    endloop
  endfacet
  facet normal -0.8819212643483584 0.4713967368259915 0
    outer loop
      vertex 30.36121878275971 -1.027804931086264 0
      vertex 30.36121878275971 -1.027804931086264 1.21
      vertex 30.53217713514588 -0.7079643498754161 0
    endloop
  endfacet
  facet normal -0.9569403357322076 0.2902846772544665 0
    outer loop
      vertex 30.53217713514588 -0.7079643498754161 0
      vertex 30.53217713514588 -0.7079643498754161 1.21
      vertex 30.637452768745977 -0.36091709572983727 0
    endloop
  endfacet
  facet normal -0.9951847266721965 0.09801714032956432 0
    outer loop
      vertex 30.637452768745977 -0.36091709572983727 0
      vertex 30.637452768745977 -0.36091709572983727 1.21
      vertex 30.673000000000002 0 0
    endloop
  endfacet
  facet normal -0.9951847266721965 -0.09801714032956432 0
    outer loop
      vertex 30.673000000000002 0 0
      vertex 30.673000000000002 0 1.21
      vertex 30.637452768745977 0.36091709572983727 0
    endloop
  endfacet
  facet normal -0.9569403357322076 -0.2902846772544665 0
    outer loop
      vertex 30.637452768745977 0.36091709572983727 0
      vertex 30.637452768745977 0.36091709572983727 1.21
      vertex 30.53217713514588 0.7079643498754161 0
    endloop
  endfacet
  facet normal 0.4713967368259945 -0.8819212643483567 0
    outer loop
      vertex 27.795195068913735 1.5382187827597087 0
      vertex 28.115035650124586 1.7091771351458807 0
      vertex 27.795195068913735 1.5382187827597087 1.21
    endloop
  endfacet
  facet normal 0.2902846772544646 -0.9569403357322083 0
    outer loop
      vertex 28.115035650124586 1.7091771351458807 0
      vertex 28.46208290427016 1.8144527687459764 0
      vertex 28.115035650124586 1.7091771351458807 1.21
    endloop
  endfacet
  facet normal 0.09801714032956026 -0.9951847266721969 0
    outer loop
      vertex 28.46208290427016 1.8144527687459764 0
      vertex 28.823 1.85 0
      vertex 28.46208290427016 1.8144527687459764 1.21
    endloop
  endfacet
  facet normal -0.2902846772544646 -0.9569403357322083 0
    outer loop
      vertex 29.530964349875415 1.7091771351458807 0
      vertex 29.18391709572984 1.8144527687459764 1.21
      vertex 29.18391709572984 1.8144527687459764 0
    endloop
  endfacet
  facet normal -0.6343932841636485 -0.7730104533627346 0
    outer loop
      vertex 30.131147545195113 1.308147545195113 0
      vertex 29.850804931086266 1.5382187827597087 1.21
      vertex 29.850804931086266 1.5382187827597087 0
    endloop
  endfacet
  facet normal -0.4713967368259945 -0.8819212643483567 0
    outer loop
      vertex 29.530964349875415 1.7091771351458807 0
      vertex 29.850804931086266 1.5382187827597087 0
      vertex 29.530964349875415 1.7091771351458807 1.21
    endloop
  endfacet
  facet normal -0.09801714032956026 -0.9951847266721969 0
    outer loop
      vertex 28.823 1.85 0
      vertex 29.18391709572984 1.8144527687459764 0
      vertex 28.823 1.85 1.21
    endloop
  endfacet
  facet normal -0.8819212643483584 -0.4713967368259915 0
    outer loop
      vertex 30.53217713514588 0.7079643498754161 0
      vertex 30.53217713514588 0.7079643498754161 1.21
      vertex 30.36121878275971 1.027804931086264 0
    endloop
  endfacet
  facet normal -0.7730104533627343 -0.6343932841636487 0
    outer loop
      vertex 30.131147545195113 1.308147545195113 0
      vertex 30.36121878275971 1.027804931086264 0
      vertex 30.36121878275971 1.027804931086264 1.21
    endloop
  endfacet
  facet normal -0.7730104533627343 0.6343932841636487 0
    outer loop
      vertex 30.36121878275971 -1.027804931086264 0
      vertex 30.131147545195113 -1.308147545195113 1.21
      vertex 30.36121878275971 -1.027804931086264 1.21
    endloop
  endfacet
  facet normal -0.8819212643483584 0.4713967368259915 0
    outer loop
      vertex 30.53217713514588 -0.7079643498754161 0
      vertex 30.36121878275971 -1.027804931086264 1.21
      vertex 30.53217713514588 -0.7079643498754161 1.21
    endloop
  endfacet
  facet normal -0.9569403357322076 0.2902846772544665 0
    outer loop
      vertex 30.637452768745977 -0.36091709572983727 0
      vertex 30.53217713514588 -0.7079643498754161 1.21
      vertex 30.637452768745977 -0.36091709572983727 1.21
    endloop
  endfacet
  facet normal -0.9951847266721965 0.09801714032956432 0
    outer loop
      vertex 30.673000000000002 0 0
      vertex 30.637452768745977 -0.36091709572983727 1.21
      vertex 30.673000000000002 0 1.21
    endloop
  endfacet
  facet normal -0.9951847266721965 -0.09801714032956432 0
    outer loop
      vertex 30.637452768745977 0.36091709572983727 0
      vertex 30.673000000000002 0 1.21
      vertex 30.637452768745977 0.36091709572983727 1.21
    endloop
  endfacet
  facet normal 0.6343932841636485 -0.7730104533627346 0
    outer loop
      vertex 27.795195068913735 1.5382187827597087 0
      vertex 27.795195068913735 1.5382187827597087 1.21
      vertex 27.51485245480489 1.308147545195113 1.21
    endloop
  endfacet
  facet normal 0.4713967368259945 -0.8819212643483567 0
    outer loop
      vertex 28.115035650124586 1.7091771351458807 0
      vertex 28.115035650124586 1.7091771351458807 1.21
      vertex 27.795195068913735 1.5382187827597087 1.21
    endloop
  endfacet
  facet normal 0.2902846772544646 -0.9569403357322083 0
    outer loop
      vertex 28.46208290427016 1.8144527687459764 0
      vertex 28.46208290427016 1.8144527687459764 1.21
      vertex 28.115035650124586 1.7091771351458807 1.21
    endloop
  endfacet
  facet normal 0.09801714032956026 -0.9951847266721969 0
    outer loop
      vertex 28.823 1.85 0
      vertex 28.823 1.85 1.21
      vertex 28.46208290427016 1.8144527687459764 1.21
    endloop
  endfacet
  facet normal -0.09801714032956026 -0.9951847266721969 0
    outer loop
      vertex 29.18391709572984 1.8144527687459764 0
      vertex 29.18391709572984 1.8144527687459764 1.21
      vertex 28.823 1.85 1.21
    endloop
  endfacet
  facet normal -0.4713967368259945 -0.8819212643483567 0
    outer loop
      vertex 29.850804931086266 1.5382187827597087 0
      vertex 29.850804931086266 1.5382187827597087 1.21
      vertex 29.530964349875415 1.7091771351458807 1.21
    endloop
  endfacet
  facet normal -0.2902846772544646 -0.9569403357322083 0
    outer loop
      vertex 29.530964349875415 1.7091771351458807 0
      vertex 29.530964349875415 1.7091771351458807 1.21
      vertex 29.18391709572984 1.8144527687459764 1.21
    endloop
  endfacet
  facet normal -0.8819212643483584 -0.4713967368259915 0
    outer loop
      vertex 30.36121878275971 1.027804931086264 0
      vertex 30.53217713514588 0.7079643498754161 1.21
      vertex 30.36121878275971 1.027804931086264 1.21
    endloop
  endfacet
  facet normal -0.9569403357322076 -0.2902846772544665 0
    outer loop
      vertex 30.53217713514588 0.7079643498754161 0
      vertex 30.637452768745977 0.36091709572983727 1.21
      vertex 30.53217713514588 0.7079643498754161 1.21
    endloop
  endfacet
  facet normal -0.7730104533627343 -0.6343932841636487 0
    outer loop
      vertex 30.131147545195113 1.308147545195113 0
      vertex 30.36121878275971 1.027804931086264 1.21
      vertex 30.131147545195113 1.308147545195113 1.21
    endloop
  endfacet
  facet normal -0.6343932841636485 -0.7730104533627346 0
    outer loop
      vertex 30.131147545195113 1.308147545195113 0
      vertex 30.131147545195113 1.308147545195113 1.21
      vertex 29.850804931086266 1.5382187827597087 1.21
    endloop
  endfacet
  facet normal 0 0 -1
    outer loop
      vertex 3.3039999970197673 -3.7000000029802322 1.21
      vertex 5.154 0 1.21
      vertex 5.208761950850793 -0.5560074177459655 1.21
    endloop
  endfacet
  facet normal 0 0 -1
    outer loop
      vertex 3.3039999970197673 -3.7000000029802322 1.21
      vertex 6.420624835894134 -2.369688395062254 1.21
      vertex 6.913352217759494 -2.633056667657167 1.21
    endloop
  endfacet
  facet normal 0 0 -1
    outer loop
      vertex 3.3039999970197673 -3.7000000029802322 1.21
      vertex 7.4479925822540345 -2.795238049149207 1.21
      vertex 8.004 -2.85 1.21
    endloop
  endfacet
  facet normal 0 0 -1
    outer loop
      vertex 3.3039999970197673 -3.7000000029802322 1.21
      vertex 6.913352217759494 -2.633056667657167 1.21
      vertex 7.4479925822540345 -2.795238049149207 1.21
    endloop
  endfacet
  facet normal 0 0 -1
    outer loop
      vertex 3.3039999970197673 -3.7000000029802322 1.21
      vertex 8.004 -2.85 1.21
      vertex 8.560007417745965 -2.795238049149207 1.21
    endloop
  endfacet
  facet normal 0 0 -1
    outer loop
      vertex 3.3039999970197673 -3.7000000029802322 1.21
      vertex 8.560007417745965 -2.795238049149207 1.21
      vertex 12.704000002980232 -3.7000000029802322 1.21
    endloop
  endfacet
  facet normal 0 0 -1
    outer loop
      vertex 3.3039999970197673 -3.7000000029802322 1.21
      vertex 5.9887456736183395 -2.0152543263816605 1.21
      vertex 6.420624835894134 -2.369688395062254 1.21
    endloop
  endfacet
  facet normal 0 0 -1
    outer loop
      vertex 3.3039999970197673 -3.7000000029802322 1.21
      vertex 5.6343116049377455 -1.5833751641058662 1.21
      vertex 5.9887456736183395 -2.0152543263816605 1.21
    endloop
  endfacet
  facet normal 0 0 -1
    outer loop
      vertex 3.3039999970197673 -3.7000000029802322 1.21
      vertex 5.370943332342833 -1.0906477822405058 1.21
      vertex 5.6343116049377455 -1.5833751641058662 1.21
    endloop
  endfacet
  facet normal 0 0 -1
    outer loop
      vertex 3.3039999970197673 -3.7000000029802322 1.21
      vertex 5.208761950850793 -0.5560074177459655 1.21
      vertex 5.370943332342833 -1.0906477822405058 1.21
    endloop
  endfacet
  facet normal 0 0 -1
    outer loop
      vertex 6.976195068913736 -1.5382187827597087 1.21
      vertex 7.6430829042701625 -1.8144527687459764 1.21
      vertex 7.296035650124583 -1.7091771351458807 1.21
    endloop
  endfacet
  facet normal 0 0 -1
    outer loop
      vertex 6.976195068913736 -1.5382187827597087 1.21
      vertex 8.004 -1.85 1.21
      vertex 7.6430829042701625 -1.8144527687459764 1.21
    endloop
  endfacet
  facet normal 0 0 -1
    outer loop
      vertex 6.6958524548048866 -1.308147545195113 1.21
      vertex 8.364917095729837 -1.8144527687459764 1.21
      vertex 8.004 -1.85 1.21
    endloop
  endfacet
  facet normal 0 0 -1
    outer loop
      vertex 6.465781217240291 -1.027804931086264 1.21
      vertex 8.364917095729837 -1.8144527687459764 1.21
      vertex 6.6958524548048866 -1.308147545195113 1.21
    endloop
  endfacet
  facet normal 0 0 -1
    outer loop
      vertex 6.976195068913736 -1.5382187827597087 1.21
      vertex 6.6958524548048866 -1.308147545195113 1.21
      vertex 8.004 -1.85 1.21
    endloop
  endfacet
  facet normal 0 0 -1
    outer loop
      vertex 6.465781217240291 -1.027804931086264 1.21
      vertex 8.711964349875416 -1.7091771351458807 1.21
      vertex 8.364917095729837 -1.8144527687459764 1.21
    endloop
  endfacet
  facet normal 0 0 -1
    outer loop
      vertex 6.294822864854119 -0.7079643498754161 1.21
      vertex 9.031804931086263 -1.5382187827597087 1.21
      vertex 8.711964349875416 -1.7091771351458807 1.21
    endloop
  endfacet
  facet normal 0 0 -1
    outer loop
      vertex 12.704000002980232 -3.7000000029802322 1.21
      vertex 8.560007417745965 -2.795238049149207 1.21
      vertex 9.094647782240505 -2.633056667657167 1.21
    endloop
  endfacet
  facet normal 0 0 -1
    outer loop
      vertex 12.704000002980232 -3.7000000029802322 1.21
      vertex 9.094647782240505 -2.633056667657167 1.21
      vertex 9.587375164105866 -2.369688395062254 1.21
    endloop
  endfacet
  facet normal 0 0 -1
    outer loop
      vertex 12.704000002980232 -3.7000000029802322 1.21
      vertex 9.587375164105866 -2.369688395062254 1.21
      vertex 10.01925432638166 -2.0152543263816605 1.21
    endloop
  endfacet
  facet normal 0 0 -1
    outer loop
      vertex 12.704000002980232 -3.7000000029802322 1.21
      vertex 10.01925432638166 -2.0152543263816605 1.21
      vertex 10.373688395062253 -1.5833751641058662 1.21
    endloop
  endfacet
  facet normal 0 0 -1
    outer loop
      vertex 12.704000002980232 -3.7000000029802322 1.21
      vertex 10.373688395062253 -1.5833751641058662 1.21
      vertex 10.637056667657166 -1.0906477822405058 1.21
    endloop
  endfacet
  facet normal 0 0 -1
    outer loop
      vertex 12.704000002980232 -3.7000000029802322 1.21
      vertex 10.637056667657166 -1.0906477822405058 1.21
      vertex 10.799238049149206 -0.5560074177459655 1.21
    endloop
  endfacet
  facet normal 0 0 -1
    outer loop
      vertex 3.3039999970197673 -3.7000000029802322 1.21
      vertex 5.208761950850793 0.5560074177459655 1.21
      vertex 5.154 0 1.21
    endloop
  endfacet
  facet normal 0 0 -1
    outer loop
      vertex 3.3039999970197673 -3.7000000029802322 1.21
      vertex 3.3039999970197673 3.7000000029802322 1.21
      vertex 5.208761950850793 0.5560074177459655 1.21
    endloop
  endfacet
  facet normal 0 0 -1
    outer loop
      vertex 6.465781217240291 -1.027804931086264 1.21
      vertex 6.294822864854119 -0.7079643498754161 1.21
      vertex 8.711964349875416 -1.7091771351458807 1.21
    endloop
  endfacet
  facet normal 0 0 -1
    outer loop
      vertex 6.294822864854119 -0.7079643498754161 1.21
      vertex 6.189547231254023 -0.36091709572983727 1.21
      vertex 9.031804931086263 -1.5382187827597087 1.21
    endloop
  endfacet
  facet normal 0 0 -1
    outer loop
      vertex 6.189547231254023 -0.36091709572983727 1.21
      vertex 6.154 0 1.21
      vertex 9.031804931086263 -1.5382187827597087 1.21
    endloop
  endfacet
  facet normal 0 0 -1
    outer loop
      vertex 6.154 0 1.21
      vertex 6.189547231254023 0.36091709572983727 1.21
      vertex 9.031804931086263 -1.5382187827597087 1.21
    endloop
  endfacet
  facet normal 0 0 -1
    outer loop
      vertex 6.465781217240291 1.027804931086264 1.21
      vertex 9.312147545195113 -1.308147545195113 1.21
      vertex 9.031804931086263 -1.5382187827597087 1.21
    endloop
  endfacet
  facet normal 0 0 -1
    outer loop
      vertex 6.465781217240291 1.027804931086264 1.21
      vertex 9.542218782759708 -1.027804931086264 1.21
      vertex 9.312147545195113 -1.308147545195113 1.21
    endloop
  endfacet
  facet normal 0 0 -1
    outer loop
      vertex 6.189547231254023 0.36091709572983727 1.21
      vertex 6.294822864854119 0.7079643498754161 1.21
      vertex 9.031804931086263 -1.5382187827597087 1.21
    endloop
  endfacet
  facet normal 0 0 -1
    outer loop
      vertex 6.294822864854119 0.7079643498754161 1.21
      vertex 6.465781217240291 1.027804931086264 1.21
      vertex 9.031804931086263 -1.5382187827597087 1.21
    endloop
  endfacet
  facet normal 0 0 -1
    outer loop
      vertex 6.6958524548048866 1.308147545195113 1.21
      vertex 9.542218782759708 -1.027804931086264 1.21
      vertex 6.465781217240291 1.027804931086264 1.21
    endloop
  endfacet
  facet normal 0 0 -1
    outer loop
      vertex 6.976195068913736 1.5382187827597087 1.21
      vertex 9.71317713514588 -0.7079643498754161 1.21
      vertex 9.542218782759708 -1.027804931086264 1.21
    endloop
  endfacet
  facet normal 0 0 -1
    outer loop
      vertex 6.976195068913736 1.5382187827597087 1.21
      vertex 9.818452768745976 -0.36091709572983727 1.21
      vertex 9.71317713514588 -0.7079643498754161 1.21
    endloop
  endfacet
  facet normal 0 0 -1
    outer loop
      vertex 6.976195068913736 1.5382187827597087 1.21
      vertex 9.854 0 1.21
      vertex 9.818452768745976 -0.36091709572983727 1.21
    endloop
  endfacet
  facet normal 0 0 -1
    outer loop
      vertex 3.3039999970197673 3.7000000029802322 1.21
      vertex 5.370943332342833 1.0906477822405058 1.21
      vertex 5.208761950850793 0.5560074177459655 1.21
    endloop
  endfacet
  facet normal 0 0 -1
    outer loop
      vertex 3.3039999970197673 3.7000000029802322 1.21
      vertex 5.6343116049377455 1.5833751641058662 1.21
      vertex 5.370943332342833 1.0906477822405058 1.21
    endloop
  endfacet
  facet normal 0 0 -1
    outer loop
      vertex 6.6958524548048866 1.308147545195113 1.21
      vertex 6.976195068913736 1.5382187827597087 1.21
      vertex 9.542218782759708 -1.027804931086264 1.21
    endloop
  endfacet
  facet normal 0 0 -1
    outer loop
      vertex 7.296035650124583 1.7091771351458807 1.21
      vertex 9.71317713514588 0.7079643498754161 1.21
      vertex 6.976195068913736 1.5382187827597087 1.21
    endloop
  endfacet
  facet normal 0 0 -1
    outer loop
      vertex 6.976195068913736 1.5382187827597087 1.21
      vertex 9.818452768745976 0.36091709572983727 1.21
      vertex 9.854 0 1.21
    endloop
  endfacet
  facet normal 0 0 -1
    outer loop
      vertex 6.976195068913736 1.5382187827597087 1.21
      vertex 9.71317713514588 0.7079643498754161 1.21
      vertex 9.818452768745976 0.36091709572983727 1.21
    endloop
  endfacet
  facet normal 0 0 -1
    outer loop
      vertex 7.296035650124583 1.7091771351458807 1.21
      vertex 9.542218782759708 1.027804931086264 1.21
      vertex 9.71317713514588 0.7079643498754161 1.21
    endloop
  endfacet
  facet normal 0 0 -1
    outer loop
      vertex 7.6430829042701625 1.8144527687459764 1.21
      vertex 9.312147545195113 1.308147545195113 1.21
      vertex 9.542218782759708 1.027804931086264 1.21
    endloop
  endfacet
  facet normal 0 0 -1
    outer loop
      vertex 7.296035650124583 1.7091771351458807 1.21
      vertex 7.6430829042701625 1.8144527687459764 1.21
      vertex 9.542218782759708 1.027804931086264 1.21
    endloop
  endfacet
  facet normal 0 0 -1
    outer loop
      vertex 7.6430829042701625 1.8144527687459764 1.21
      vertex 8.004 1.85 1.21
      vertex 9.312147545195113 1.308147545195113 1.21
    endloop
  endfacet
  facet normal 0 0 -1
    outer loop
      vertex 8.004 1.85 1.21
      vertex 8.364917095729837 1.8144527687459764 1.21
      vertex 9.031804931086263 1.5382187827597087 1.21
    endloop
  endfacet
  facet normal 0 0 -1
    outer loop
      vertex 8.004 1.85 1.21
      vertex 9.031804931086263 1.5382187827597087 1.21
      vertex 9.312147545195113 1.308147545195113 1.21
    endloop
  endfacet
  facet normal 0 0 -1
    outer loop
      vertex 8.364917095729837 1.8144527687459764 1.21
      vertex 8.711964349875416 1.7091771351458807 1.21
      vertex 9.031804931086263 1.5382187827597087 1.21
    endloop
  endfacet
  facet normal 0 0 -1
    outer loop
      vertex 3.3039999970197673 3.7000000029802322 1.21
      vertex 5.9887456736183395 2.0152543263816605 1.21
      vertex 5.6343116049377455 1.5833751641058662 1.21
    endloop
  endfacet
  facet normal 0 0 -1
    outer loop
      vertex 3.3039999970197673 3.7000000029802322 1.21
      vertex 6.420624835894134 2.369688395062254 1.21
      vertex 5.9887456736183395 2.0152543263816605 1.21
    endloop
  endfacet
  facet normal 0 0 -1
    outer loop
      vertex 3.3039999970197673 3.7000000029802322 1.21
      vertex 6.913352217759494 2.633056667657167 1.21
      vertex 6.420624835894134 2.369688395062254 1.21
    endloop
  endfacet
  facet normal 0 0 -1
    outer loop
      vertex 3.3039999970197673 3.7000000029802322 1.21
      vertex 7.4479925822540345 2.795238049149207 1.21
      vertex 6.913352217759494 2.633056667657167 1.21
    endloop
  endfacet
  facet normal 0 0 -1
    outer loop
      vertex 3.3039999970197673 3.7000000029802322 1.21
      vertex 12.704000002980232 3.7000000029802322 1.21
      vertex 7.4479925822540345 2.795238049149207 1.21
    endloop
  endfacet
  facet normal 0 0 -1
    outer loop
      vertex 12.704000002980232 -3.7000000029802322 1.21
      vertex 10.799238049149206 -0.5560074177459655 1.21
      vertex 12.704000002980232 3.7000000029802322 1.21
    endloop
  endfacet
  facet normal 0 0 -1
    outer loop
      vertex 12.704000002980232 3.7000000029802322 1.21
      vertex 10.799238049149206 -0.5560074177459655 1.21
      vertex 10.854 0 1.21
    endloop
  endfacet
  facet normal 0 0 -1
    outer loop
      vertex 12.704000002980232 3.7000000029802322 1.21
      vertex 10.854 0 1.21
      vertex 10.799238049149206 0.5560074177459655 1.21
    endloop
  endfacet
  facet normal 0 0 -1
    outer loop
      vertex 12.704000002980232 3.7000000029802322 1.21
      vertex 10.799238049149206 0.5560074177459655 1.21
      vertex 10.637056667657166 1.0906477822405058 1.21
    endloop
  endfacet
  facet normal 0 0 -1
    outer loop
      vertex 12.704000002980232 3.7000000029802322 1.21
      vertex 10.637056667657166 1.0906477822405058 1.21
      vertex 10.373688395062253 1.5833751641058662 1.21
    endloop
  endfacet
  facet normal 0 0 -1
    outer loop
      vertex 12.704000002980232 3.7000000029802322 1.21
      vertex 9.094647782240505 2.633056667657167 1.21
      vertex 8.560007417745965 2.795238049149207 1.21
    endloop
  endfacet
  facet normal 0 0 -1
    outer loop
      vertex 12.704000002980232 3.7000000029802322 1.21
      vertex 10.373688395062253 1.5833751641058662 1.21
      vertex 10.01925432638166 2.0152543263816605 1.21
    endloop
  endfacet
  facet normal 0 0 -1
    outer loop
      vertex 12.704000002980232 3.7000000029802322 1.21
      vertex 10.01925432638166 2.0152543263816605 1.21
      vertex 9.587375164105866 2.369688395062254 1.21
    endloop
  endfacet
  facet normal 0 0 -1
    outer loop
      vertex 12.704000002980232 3.7000000029802322 1.21
      vertex 9.587375164105866 2.369688395062254 1.21
      vertex 9.094647782240505 2.633056667657167 1.21
    endloop
  endfacet
  facet normal 0 0 -1
    outer loop
      vertex 12.704000002980232 3.7000000029802322 1.21
      vertex 8.004 2.85 1.21
      vertex 7.4479925822540345 2.795238049149207 1.21
    endloop
  endfacet
  facet normal 0 0 -1
    outer loop
      vertex 12.704000002980232 3.7000000029802322 1.21
      vertex 8.560007417745965 2.795238049149207 1.21
      vertex 8.004 2.85 1.21
    endloop
  endfacet
  facet normal 0 -1 0
    outer loop
      vertex 3.3039999970197673 -3.7000000029802322 1.21
      vertex 12.704000002980232 -3.7000000029802322 1.21
      vertex 3.3039999970197673 -3.7000000029802322 11.309999999999999
    endloop
  endfacet
  facet normal 1 0 0
    outer loop
      vertex 12.704000002980232 -3.7000000029802322 1.21
      vertex 12.704000002980232 3.7000000029802322 1.21
      vertex 12.704000002980232 -3.7000000029802322 11.309999999999999
    endloop
  endfacet
  facet normal -1 0 0
    outer loop
      vertex 3.3039999970197673 -3.7000000029802322 1.21
      vertex 3.3039999970197673 3.7000000029802322 11.309999999999999
      vertex 3.3039999970197673 3.7000000029802322 1.21
    endloop
  endfacet
  facet normal 0 1 0
    outer loop
      vertex 3.3039999970197673 3.7000000029802322 1.21
      vertex 12.704000002980232 3.7000000029802322 11.309999999999999
      vertex 12.704000002980232 3.7000000029802322 1.21
    endloop
  endfacet
  facet normal -1 0 0
    outer loop
      vertex 3.3039999970197673 -3.7000000029802322 1.21
      vertex 3.3039999970197673 -3.7000000029802322 11.309999999999999
      vertex 3.3039999970197673 3.7000000029802322 11.309999999999999
    endloop
  endfacet
  facet normal 0 -1 0
    outer loop
      vertex 3.3039999970197673 -3.7000000029802322 11.309999999999999
      vertex 12.704000002980232 -3.7000000029802322 1.21
      vertex 12.704000002980232 -3.7000000029802322 11.309999999999999
    endloop
  endfacet
  facet normal 0 1 0
    outer loop
      vertex 3.3039999970197673 3.7000000029802322 1.21
      vertex 3.3039999970197673 3.7000000029802322 11.309999999999999
      vertex 12.704000002980232 3.7000000029802322 11.309999999999999
    endloop
  endfacet
  facet normal 1 0 0
    outer loop
      vertex 12.704000002980232 -3.7000000029802322 11.309999999999999
      vertex 12.704000002980232 3.7000000029802322 1.21
      vertex 12.704000002980232 3.7000000029802322 11.309999999999999
    endloop
  endfacet
  facet normal 0 0 1
    outer loop
      vertex 3.3039999970197673 -3.7000000029802322 11.309999999999999
      vertex 12.704000002980232 -3.7000000029802322 11.309999999999999
      vertex 3.3039999970197673 3.7000000029802322 11.309999999999999
    endloop
  endfacet
  facet normal 0 0 1
    outer loop
      vertex 3.3039999970197673 3.7000000029802322 11.309999999999999
      vertex 12.704000002980232 -3.7000000029802322 11.309999999999999
      vertex 12.704000002980232 3.7000000029802322 11.309999999999999
    endloop
  endfacet
  facet normal -0.421486530360821 -0.9068346622865696 0
    outer loop
      vertex 4.233999996721744 -7.060000002384186 11.31
      vertex 4.943999997615814 -7.3900000005960464 11.31
      vertex 4.233999996721744 -7.060000002384186 12.81
    endloop
  endfacet
  facet normal -0.5919095015766088 -0.8060044304737602 0
    outer loop
      vertex 2.924000001788139 -6.179999999701977 11.31
      vertex 3.5640000023841854 -6.649999998509884 11.31
      vertex 2.924000001788139 -6.179999999701977 12.81
    endloop
  endfacet
  facet normal -0.5219648770429747 -0.852966978923283 0
    outer loop
      vertex 3.5640000023841854 -6.649999998509884 11.31
      vertex 4.233999996721744 -7.060000002384186 11.31
      vertex 3.5640000023841854 -6.649999998509884 12.81
    endloop
  endfacet
  facet normal -0.7445694375318443 -0.6675450192260541 0
    outer loop
      vertex 1.8240000002980228 -5.079999998211861 11.31
      vertex 2.3440000035762782 -5.659999996423721 11.31
      vertex 1.8240000002980228 -5.079999998211861 12.81
    endloop
  endfacet
  facet normal -0.8060044304737602 -0.5919095015766088 0
    outer loop
      vertex 1.8240000002980228 -5.079999998211861 11.31
      vertex 1.3540000014901157 -4.439999997615814 12.81
      vertex 1.3540000014901157 -4.439999997615814 11.31
    endloop
  endfacet
  facet normal -0.6675450192260541 -0.7445694375318443 0
    outer loop
      vertex 2.924000001788139 -6.179999999701977 11.31
      vertex 2.3440000035762782 -5.659999996423721 12.81
      vertex 2.3440000035762782 -5.659999996423721 11.31
    endloop
  endfacet
  facet normal 0 0 -1
    outer loop
      vertex 6.443999997615814 -7.850000001490116 11.31
      vertex 10.324000000298023 -7.659999996423721 11.31
      vertex 7.223999998807907 -7.96000000089407 11.31
    endloop
  endfacet
  facet normal 0 0 -1
    outer loop
      vertex 5.683999999701976 -7.659999996423721 11.31
      vertex 11.064000002384185 -7.3900000005960464 11.31
      vertex 6.443999997615814 -7.850000001490116 11.31
    endloop
  endfacet
  facet normal 0 0 -1
    outer loop
      vertex 4.943999997615814 -7.3900000005960464 11.31
      vertex 11.774000003278255 -7.060000002384186 11.31
      vertex 5.683999999701976 -7.659999996423721 11.31
    endloop
  endfacet
  facet normal 0 0 -1
    outer loop
      vertex 7.223999998807907 -7.96000000089407 11.31
      vertex 9.564000002384185 -7.850000001490116 11.31
      vertex 8.004 -8 11.31
    endloop
  endfacet
  facet normal 0 0 -1
    outer loop
      vertex 8.004 -8 11.31
      vertex 9.564000002384185 -7.850000001490116 11.31
      vertex 8.784000001192092 -7.96000000089407 11.31
    endloop
  endfacet
  facet normal 0 0 -1
    outer loop
      vertex 7.223999998807907 -7.96000000089407 11.31
      vertex 10.324000000298023 -7.659999996423721 11.31
      vertex 9.564000002384185 -7.850000001490116 11.31
    endloop
  endfacet
  facet normal 0 0 -1
    outer loop
      vertex 4.233999996721744 -7.060000002384186 11.31
      vertex 12.443999997615814 -6.649999998509884 11.31
      vertex 4.943999997615814 -7.3900000005960464 11.31
    endloop
  endfacet
  facet normal 0 0 -1
    outer loop
      vertex 3.5640000023841854 -6.649999998509884 11.31
      vertex 13.08399999821186 -6.179999999701977 11.31
      vertex 4.233999996721744 -7.060000002384186 11.31
    endloop
  endfacet
  facet normal -0.34276215467864324 -0.9394222188771426 0
    outer loop
      vertex 4.943999997615814 -7.3900000005960464 11.31
      vertex 5.683999999701976 -7.659999996423721 11.31
      vertex 4.943999997615814 -7.3900000005960464 12.81
    endloop
  endfacet
  facet normal -0.24253563174976164 -0.9701424984669746 0
    outer loop
      vertex 5.683999999701976 -7.659999996423721 11.31
      vertex 6.443999997615814 -7.850000001490116 11.31
      vertex 5.683999999701976 -7.659999996423721 12.81
    endloop
  endfacet
  facet normal -0.13964384209564681 -0.9902017962843565 0
    outer loop
      vertex 6.443999997615814 -7.850000001490116 11.31
      vertex 7.223999998807907 -7.96000000089407 11.31
      vertex 6.443999997615814 -7.850000001490116 12.81
    endloop
  endfacet
  facet normal -0.05121475075335464 -0.9986876635391427 0
    outer loop
      vertex 7.223999998807907 -7.96000000089407 11.31
      vertex 8.004 -8 11.31
      vertex 7.223999998807907 -7.96000000089407 12.81
    endloop
  endfacet
  facet normal 0.05121475075335464 -0.9986876635391427 0
    outer loop
      vertex 8.004 -8 11.31
      vertex 8.784000001192092 -7.96000000089407 11.31
      vertex 8.004 -8 12.81
    endloop
  endfacet
  facet normal 0.13964384209564681 -0.9902017962843565 0
    outer loop
      vertex 8.784000001192092 -7.96000000089407 11.31
      vertex 9.564000002384185 -7.850000001490116 11.31
      vertex 8.784000001192092 -7.96000000089407 12.81
    endloop
  endfacet
  facet normal 0 0 -1
    outer loop
      vertex 2.924000001788139 -6.179999999701977 11.31
      vertex 13.66399999642372 -5.659999996423721 11.31
      vertex 3.5640000023841854 -6.649999998509884 11.31
    endloop
  endfacet
  facet normal 0 0 -1
    outer loop
      vertex 2.924000001788139 -6.179999999701977 11.31
      vertex 2.3440000035762782 -5.659999996423721 11.31
      vertex 14.183999999701976 -5.079999998211861 11.31
    endloop
  endfacet
  facet normal 0 0 -1
    outer loop
      vertex 1.8240000002980228 -5.079999998211861 11.31
      vertex 14.653999998509883 -4.439999997615814 11.31
      vertex 2.3440000035762782 -5.659999996423721 11.31
    endloop
  endfacet
  facet normal -0.5919095015766088 -0.8060044304737602 0
    outer loop
      vertex 2.924000001788139 -6.179999999701977 12.81
      vertex 3.5640000023841854 -6.649999998509884 11.31
      vertex 3.5640000023841854 -6.649999998509884 12.81
    endloop
  endfacet
  facet normal -0.5219648770429747 -0.852966978923283 0
    outer loop
      vertex 3.5640000023841854 -6.649999998509884 12.81
      vertex 4.233999996721744 -7.060000002384186 11.31
      vertex 4.233999996721744 -7.060000002384186 12.81
    endloop
  endfacet
  facet normal -0.7445694375318443 -0.6675450192260541 0
    outer loop
      vertex 1.8240000002980228 -5.079999998211861 12.81
      vertex 2.3440000035762782 -5.659999996423721 11.31
      vertex 2.3440000035762782 -5.659999996423721 12.81
    endloop
  endfacet
  facet normal -0.8060044304737602 -0.5919095015766088 0
    outer loop
      vertex 1.8240000002980228 -5.079999998211861 11.31
      vertex 1.8240000002980228 -5.079999998211861 12.81
      vertex 1.3540000014901157 -4.439999997615814 12.81
    endloop
  endfacet
  facet normal -0.6675450192260541 -0.7445694375318443 0
    outer loop
      vertex 2.924000001788139 -6.179999999701977 11.31
      vertex 2.924000001788139 -6.179999999701977 12.81
      vertex 2.3440000035762782 -5.659999996423721 12.81
    endloop
  endfacet
  facet normal -0.421486530360821 -0.9068346622865696 0
    outer loop
      vertex 4.943999997615814 -7.3900000005960464 11.31
      vertex 4.943999997615814 -7.3900000005960464 12.81
      vertex 4.233999996721744 -7.060000002384186 12.81
    endloop
  endfacet
  facet normal -0.34276215467864324 -0.9394222188771426 0
    outer loop
      vertex 4.943999997615814 -7.3900000005960464 12.81
      vertex 5.683999999701976 -7.659999996423721 11.31
      vertex 5.683999999701976 -7.659999996423721 12.81
    endloop
  endfacet
  facet normal -0.24253563174976164 -0.9701424984669746 0
    outer loop
      vertex 5.683999999701976 -7.659999996423721 12.81
      vertex 6.443999997615814 -7.850000001490116 11.31
      vertex 6.443999997615814 -7.850000001490116 12.81
    endloop
  endfacet
  facet normal -0.13964384209564681 -0.9902017962843565 0
    outer loop
      vertex 6.443999997615814 -7.850000001490116 12.81
      vertex 7.223999998807907 -7.96000000089407 11.31
      vertex 7.223999998807907 -7.96000000089407 12.81
    endloop
  endfacet
  facet normal -0.05121475075335464 -0.9986876635391427 0
    outer loop
      vertex 7.223999998807907 -7.96000000089407 12.81
      vertex 8.004 -8 11.31
      vertex 8.004 -8 12.81
    endloop
  endfacet
  facet normal 0.05121475075335464 -0.9986876635391427 0
    outer loop
      vertex 8.784000001192092 -7.96000000089407 11.31
      vertex 8.784000001192092 -7.96000000089407 12.81
      vertex 8.004 -8 12.81
    endloop
  endfacet
  facet normal 0 0 1
    outer loop
      vertex 6.443999997615814 -7.850000001490116 12.81
      vertex 7.223999998807907 -7.96000000089407 12.81
      vertex 10.324000000298023 -7.659999996423721 12.81
    endloop
  endfacet
  facet normal 0 0 1
    outer loop
      vertex 5.683999999701976 -7.659999996423721 12.81
      vertex 6.443999997615814 -7.850000001490116 12.81
      vertex 11.064000002384185 -7.3900000005960464 12.81
    endloop
  endfacet
  facet normal 0 0 1
    outer loop
      vertex 4.943999997615814 -7.3900000005960464 12.81
      vertex 5.683999999701976 -7.659999996423721 12.81
      vertex 11.774000003278255 -7.060000002384186 12.81
    endloop
  endfacet
  facet normal 0 0 1
    outer loop
      vertex 7.223999998807907 -7.96000000089407 12.81
      vertex 8.004 -8 12.81
      vertex 9.564000002384185 -7.850000001490116 12.81
    endloop
  endfacet
  facet normal 0 0 1
    outer loop
      vertex 8.004 -8 12.81
      vertex 8.784000001192092 -7.96000000089407 12.81
      vertex 9.564000002384185 -7.850000001490116 12.81
    endloop
  endfacet
  facet normal 0 0 1
    outer loop
      vertex 7.223999998807907 -7.96000000089407 12.81
      vertex 9.564000002384185 -7.850000001490116 12.81
      vertex 10.324000000298023 -7.659999996423721 12.81
    endloop
  endfacet
  facet normal 0 0 1
    outer loop
      vertex 4.233999996721744 -7.060000002384186 12.81
      vertex 4.943999997615814 -7.3900000005960464 12.81
      vertex 12.443999997615814 -6.649999998509884 12.81
    endloop
  endfacet
  facet normal 0 0 1
    outer loop
      vertex 3.5640000023841854 -6.649999998509884 12.81
      vertex 4.233999996721744 -7.060000002384186 12.81
      vertex 13.08399999821186 -6.179999999701977 12.81
    endloop
  endfacet
  facet normal 0 0 1
    outer loop
      vertex 2.924000001788139 -6.179999999701977 12.81
      vertex 3.5640000023841854 -6.649999998509884 12.81
      vertex 13.66399999642372 -5.659999996423721 12.81
    endloop
  endfacet
  facet normal 0 0 1
    outer loop
      vertex 2.924000001788139 -6.179999999701977 12.81
      vertex 14.183999999701976 -5.079999998211861 12.81
      vertex 2.3440000035762782 -5.659999996423721 12.81
    endloop
  endfacet
  facet normal 0 0 1
    outer loop
      vertex 1.8240000002980228 -5.079999998211861 12.81
      vertex 2.3440000035762782 -5.659999996423721 12.81
      vertex 14.653999998509883 -4.439999997615814 12.81
    endloop
  endfacet
  facet normal -0.852966978923283 -0.5219648770429747 0
    outer loop
      vertex 1.3540000014901157 -4.439999997615814 11.31
      vertex 0.9439999976158138 -3.7700000032782555 12.81
      vertex 0.9439999976158138 -3.7700000032782555 11.31
    endloop
  endfacet
  facet normal -0.9068346622865696 -0.421486530360821 0
    outer loop
      vertex 0.9439999976158138 -3.7700000032782555 11.31
      vertex 0.6139999994039531 -3.060000002384186 12.81
      vertex 0.6139999994039531 -3.060000002384186 11.31
    endloop
  endfacet
  facet normal -0.9394222188771426 -0.34276215467864324 0
    outer loop
      vertex 0.6139999994039531 -3.060000002384186 11.31
      vertex 0.34400000357627825 -2.3200000002980232 12.81
      vertex 0.34400000357627825 -2.3200000002980232 11.31
    endloop
  endfacet
  facet normal -0.9701424984669746 -0.24253563174976164 0
    outer loop
      vertex 0.34400000357627825 -2.3200000002980232 11.31
      vertex 0.15399999850988344 -1.5600000023841858 12.81
      vertex 0.15399999850988344 -1.5600000023841858 11.31
    endloop
  endfacet
  facet normal 0 0 -1
    outer loop
      vertex 1.8240000002980228 -5.079999998211861 11.31
      vertex 1.3540000014901157 -4.439999997615814 11.31
      vertex 15.064000002384185 -3.7700000032782555 11.31
    endloop
  endfacet
  facet normal 0 0 -1
    outer loop
      vertex 1.3540000014901157 -4.439999997615814 11.31
      vertex 0.9439999976158138 -3.7700000032782555 11.31
      vertex 15.394000000596046 -3.060000002384186 11.31
    endloop
  endfacet
  facet normal 0 0 -1
    outer loop
      vertex 0.9439999976158138 -3.7700000032782555 11.31
      vertex 0.6139999994039531 -3.060000002384186 11.31
      vertex 15.66399999642372 -2.3200000002980232 11.31
    endloop
  endfacet
  facet normal 0 0 -1
    outer loop
      vertex 0.6139999994039531 -3.060000002384186 11.31
      vertex 0.34400000357627825 -2.3200000002980232 11.31
      vertex 15.854000001490116 -1.5600000023841858 11.31
    endloop
  endfacet
  facet normal 0 0 -1
    outer loop
      vertex 0.34400000357627825 -2.3200000002980232 11.31
      vertex 0.15399999850988344 -1.5600000023841858 11.31
      vertex 15.96400000089407 -0.7800000011920929 11.31
    endloop
  endfacet
  facet normal -0.852966978923283 -0.5219648770429747 0
    outer loop
      vertex 1.3540000014901157 -4.439999997615814 11.31
      vertex 1.3540000014901157 -4.439999997615814 12.81
      vertex 0.9439999976158138 -3.7700000032782555 12.81
    endloop
  endfacet
  facet normal -0.9068346622865696 -0.421486530360821 0
    outer loop
      vertex 0.9439999976158138 -3.7700000032782555 11.31
      vertex 0.9439999976158138 -3.7700000032782555 12.81
      vertex 0.6139999994039531 -3.060000002384186 12.81
    endloop
  endfacet
  facet normal -0.9394222188771426 -0.34276215467864324 0
    outer loop
      vertex 0.6139999994039531 -3.060000002384186 11.31
      vertex 0.6139999994039531 -3.060000002384186 12.81
      vertex 0.34400000357627825 -2.3200000002980232 12.81
    endloop
  endfacet
  facet normal -0.9701424984669746 -0.24253563174976164 0
    outer loop
      vertex 0.34400000357627825 -2.3200000002980232 11.31
      vertex 0.34400000357627825 -2.3200000002980232 12.81
      vertex 0.15399999850988344 -1.5600000023841858 12.81
    endloop
  endfacet
  facet normal -0.9902017962843565 -0.13964384209564681 0
    outer loop
      vertex 0.15399999850988344 -1.5600000023841858 11.31
      vertex 0.15399999850988344 -1.5600000023841858 12.81
      vertex 0.04399999910592989 -0.7800000011920929 12.81
    endloop
  endfacet
  facet normal 0 0 1
    outer loop
      vertex 1.8240000002980228 -5.079999998211861 12.81
      vertex 15.064000002384185 -3.7700000032782555 12.81
      vertex 1.3540000014901157 -4.439999997615814 12.81
    endloop
  endfacet
  facet normal 0 0 1
    outer loop
      vertex 1.3540000014901157 -4.439999997615814 12.81
      vertex 15.394000000596046 -3.060000002384186 12.81
      vertex 0.9439999976158138 -3.7700000032782555 12.81
    endloop
  endfacet
  facet normal 0 0 1
    outer loop
      vertex 0.9439999976158138 -3.7700000032782555 12.81
      vertex 15.66399999642372 -2.3200000002980232 12.81
      vertex 0.6139999994039531 -3.060000002384186 12.81
    endloop
  endfacet
  facet normal 0 0 1
    outer loop
      vertex 0.6139999994039531 -3.060000002384186 12.81
      vertex 15.854000001490116 -1.5600000023841858 12.81
      vertex 0.34400000357627825 -2.3200000002980232 12.81
    endloop
  endfacet
  facet normal 0 0 1
    outer loop
      vertex 0.34400000357627825 -2.3200000002980232 12.81
      vertex 15.96400000089407 -0.7800000011920929 12.81
      vertex 0.15399999850988344 -1.5600000023841858 12.81
    endloop
  endfacet
  facet normal 0 0 -1
    outer loop
      vertex 6.443999997615814 -7.850000001490116 11.31
      vertex 11.064000002384185 -7.3900000005960464 11.31
      vertex 10.324000000298023 -7.659999996423721 11.31
    endloop
  endfacet
  facet normal 0 0 -1
    outer loop
      vertex 5.683999999701976 -7.659999996423721 11.31
      vertex 11.774000003278255 -7.060000002384186 11.31
      vertex 11.064000002384185 -7.3900000005960464 11.31
    endloop
  endfacet
  facet normal 0 0 -1
    outer loop
      vertex 4.943999997615814 -7.3900000005960464 11.31
      vertex 12.443999997615814 -6.649999998509884 11.31
      vertex 11.774000003278255 -7.060000002384186 11.31
    endloop
  endfacet
  facet normal 0 0 -1
    outer loop
      vertex 4.233999996721744 -7.060000002384186 11.31
      vertex 13.08399999821186 -6.179999999701977 11.31
      vertex 12.443999997615814 -6.649999998509884 11.31
    endloop
  endfacet
  facet normal 0.24253563174976164 -0.9701424984669746 0
    outer loop
      vertex 9.564000002384185 -7.850000001490116 11.31
      vertex 10.324000000298023 -7.659999996423721 11.31
      vertex 9.564000002384185 -7.850000001490116 12.81
    endloop
  endfacet
  facet normal 0.34276215467864324 -0.9394222188771426 0
    outer loop
      vertex 10.324000000298023 -7.659999996423721 11.31
      vertex 11.064000002384185 -7.3900000005960464 11.31
      vertex 10.324000000298023 -7.659999996423721 12.81
    endloop
  endfacet
  facet normal 0.421486530360821 -0.9068346622865696 0
    outer loop
      vertex 11.064000002384185 -7.3900000005960464 11.31
      vertex 11.774000003278255 -7.060000002384186 11.31
      vertex 11.064000002384185 -7.3900000005960464 12.81
    endloop
  endfacet
  facet normal 0.5219648770429747 -0.852966978923283 0
    outer loop
      vertex 11.774000003278255 -7.060000002384186 11.31
      vertex 12.443999997615814 -6.649999998509884 11.31
      vertex 11.774000003278255 -7.060000002384186 12.81
    endloop
  endfacet
  facet normal 0.5919095015766088 -0.8060044304737602 0
    outer loop
      vertex 12.443999997615814 -6.649999998509884 11.31
      vertex 13.08399999821186 -6.179999999701977 11.31
      vertex 12.443999997615814 -6.649999998509884 12.81
    endloop
  endfacet
  facet normal 0 0 -1
    outer loop
      vertex 3.5640000023841854 -6.649999998509884 11.31
      vertex 13.66399999642372 -5.659999996423721 11.31
      vertex 13.08399999821186 -6.179999999701977 11.31
    endloop
  endfacet
  facet normal 0 0 -1
    outer loop
      vertex 2.924000001788139 -6.179999999701977 11.31
      vertex 14.183999999701976 -5.079999998211861 11.31
      vertex 13.66399999642372 -5.659999996423721 11.31
    endloop
  endfacet
  facet normal 0 0 -1
    outer loop
      vertex 2.3440000035762782 -5.659999996423721 11.31
      vertex 14.653999998509883 -4.439999997615814 11.31
      vertex 14.183999999701976 -5.079999998211861 11.31
    endloop
  endfacet
  facet normal 0.6675450192260541 -0.7445694375318443 0
    outer loop
      vertex 13.08399999821186 -6.179999999701977 11.31
      vertex 13.66399999642372 -5.659999996423721 11.31
      vertex 13.08399999821186 -6.179999999701977 12.81
    endloop
  endfacet
  facet normal 0.7445694375318443 -0.6675450192260541 0
    outer loop
      vertex 13.66399999642372 -5.659999996423721 11.31
      vertex 14.183999999701976 -5.079999998211861 11.31
      vertex 13.66399999642372 -5.659999996423721 12.81
    endloop
  endfacet
  facet normal 0.8060044304737602 -0.5919095015766088 0
    outer loop
      vertex 14.183999999701976 -5.079999998211861 11.31
      vertex 14.653999998509883 -4.439999997615814 11.31
      vertex 14.183999999701976 -5.079999998211861 12.81
    endloop
  endfacet
  facet normal 0.13964384209564681 -0.9902017962843565 0
    outer loop
      vertex 8.784000001192092 -7.96000000089407 12.81
      vertex 9.564000002384185 -7.850000001490116 11.31
      vertex 9.564000002384185 -7.850000001490116 12.81
    endloop
  endfacet
  facet normal 0.24253563174976164 -0.9701424984669746 0
    outer loop
      vertex 9.564000002384185 -7.850000001490116 12.81
      vertex 10.324000000298023 -7.659999996423721 11.31
      vertex 10.324000000298023 -7.659999996423721 12.81
    endloop
  endfacet
  facet normal 0.34276215467864324 -0.9394222188771426 0
    outer loop
      vertex 10.324000000298023 -7.659999996423721 12.81
      vertex 11.064000002384185 -7.3900000005960464 11.31
      vertex 11.064000002384185 -7.3900000005960464 12.81
    endloop
  endfacet
  facet normal 0.421486530360821 -0.9068346622865696 0
    outer loop
      vertex 11.774000003278255 -7.060000002384186 11.31
      vertex 11.774000003278255 -7.060000002384186 12.81
      vertex 11.064000002384185 -7.3900000005960464 12.81
    endloop
  endfacet
  facet normal 0.5219648770429747 -0.852966978923283 0
    outer loop
      vertex 11.774000003278255 -7.060000002384186 12.81
      vertex 12.443999997615814 -6.649999998509884 11.31
      vertex 12.443999997615814 -6.649999998509884 12.81
    endloop
  endfacet
  facet normal 0.5919095015766088 -0.8060044304737602 0
    outer loop
      vertex 12.443999997615814 -6.649999998509884 12.81
      vertex 13.08399999821186 -6.179999999701977 11.31
      vertex 13.08399999821186 -6.179999999701977 12.81
    endloop
  endfacet
  facet normal 0 0 1
    outer loop
      vertex 6.443999997615814 -7.850000001490116 12.81
      vertex 10.324000000298023 -7.659999996423721 12.81
      vertex 11.064000002384185 -7.3900000005960464 12.81
    endloop
  endfacet
  facet normal 0 0 1
    outer loop
      vertex 5.683999999701976 -7.659999996423721 12.81
      vertex 11.064000002384185 -7.3900000005960464 12.81
      vertex 11.774000003278255 -7.060000002384186 12.81
    endloop
  endfacet
  facet normal 0 0 1
    outer loop
      vertex 4.943999997615814 -7.3900000005960464 12.81
      vertex 11.774000003278255 -7.060000002384186 12.81
      vertex 12.443999997615814 -6.649999998509884 12.81
    endloop
  endfacet
  facet normal 0 0 1
    outer loop
      vertex 4.233999996721744 -7.060000002384186 12.81
      vertex 12.443999997615814 -6.649999998509884 12.81
      vertex 13.08399999821186 -6.179999999701977 12.81
    endloop
  endfacet
  facet normal 0.6675450192260541 -0.7445694375318443 0
    outer loop
      vertex 13.08399999821186 -6.179999999701977 12.81
      vertex 13.66399999642372 -5.659999996423721 11.31
      vertex 13.66399999642372 -5.659999996423721 12.81
    endloop
  endfacet
  facet normal 0 0 1
    outer loop
      vertex 3.5640000023841854 -6.649999998509884 12.81
      vertex 13.08399999821186 -6.179999999701977 12.81
      vertex 13.66399999642372 -5.659999996423721 12.81
    endloop
  endfacet
  facet normal 0 0 1
    outer loop
      vertex 2.924000001788139 -6.179999999701977 12.81
      vertex 13.66399999642372 -5.659999996423721 12.81
      vertex 14.183999999701976 -5.079999998211861 12.81
    endloop
  endfacet
  facet normal 0 0 1
    outer loop
      vertex 2.3440000035762782 -5.659999996423721 12.81
      vertex 14.183999999701976 -5.079999998211861 12.81
      vertex 14.653999998509883 -4.439999997615814 12.81
    endloop
  endfacet
  facet normal 0.7445694375318443 -0.6675450192260541 0
    outer loop
      vertex 13.66399999642372 -5.659999996423721 12.81
      vertex 14.183999999701976 -5.079999998211861 11.31
      vertex 14.183999999701976 -5.079999998211861 12.81
    endloop
  endfacet
  facet normal 0.8060044304737602 -0.5919095015766088 0
    outer loop
      vertex 14.183999999701976 -5.079999998211861 12.81
      vertex 14.653999998509883 -4.439999997615814 11.31
      vertex 14.653999998509883 -4.439999997615814 12.81
    endloop
  endfacet
  facet normal 0 0 -1
    outer loop
      vertex 1.8240000002980228 -5.079999998211861 11.31
      vertex 15.064000002384185 -3.7700000032782555 11.31
      vertex 14.653999998509883 -4.439999997615814 11.31
    endloop
  endfacet
  facet normal 0 0 -1
    outer loop
      vertex 1.3540000014901157 -4.439999997615814 11.31
      vertex 15.394000000596046 -3.060000002384186 11.31
      vertex 15.064000002384185 -3.7700000032782555 11.31
    endloop
  endfacet
  facet normal 0 0 -1
    outer loop
      vertex 0.9439999976158138 -3.7700000032782555 11.31
      vertex 15.66399999642372 -2.3200000002980232 11.31
      vertex 15.394000000596046 -3.060000002384186 11.31
    endloop
  endfacet
  facet normal 0 0 -1
    outer loop
      vertex 0.6139999994039531 -3.060000002384186 11.31
      vertex 15.854000001490116 -1.5600000023841858 11.31
      vertex 15.66399999642372 -2.3200000002980232 11.31
    endloop
  endfacet
  facet normal 0 0 -1
    outer loop
      vertex 0.34400000357627825 -2.3200000002980232 11.31
      vertex 15.96400000089407 -0.7800000011920929 11.31
      vertex 15.854000001490116 -1.5600000023841858 11.31
    endloop
  endfacet
  facet normal 0.852966978923283 -0.5219648770429747 0
    outer loop
      vertex 14.653999998509883 -4.439999997615814 11.31
      vertex 15.064000002384185 -3.7700000032782555 11.31
      vertex 14.653999998509883 -4.439999997615814 12.81
    endloop
  endfacet
  facet normal 0.9068346622865696 -0.421486530360821 0
    outer loop
      vertex 15.064000002384185 -3.7700000032782555 11.31
      vertex 15.394000000596046 -3.060000002384186 11.31
      vertex 15.064000002384185 -3.7700000032782555 12.81
    endloop
  endfacet
  facet normal 0.9394222188771426 -0.34276215467864324 0
    outer loop
      vertex 15.394000000596046 -3.060000002384186 11.31
      vertex 15.66399999642372 -2.3200000002980232 11.31
      vertex 15.394000000596046 -3.060000002384186 12.81
    endloop
  endfacet
  facet normal 0.9701424984669746 -0.24253563174976164 0
    outer loop
      vertex 15.66399999642372 -2.3200000002980232 11.31
      vertex 15.854000001490116 -1.5600000023841858 11.31
      vertex 15.66399999642372 -2.3200000002980232 12.81
    endloop
  endfacet
  facet normal 0.9902017962843565 -0.13964384209564681 0
    outer loop
      vertex 15.854000001490116 -1.5600000023841858 11.31
      vertex 15.96400000089407 -0.7800000011920929 11.31
      vertex 15.854000001490116 -1.5600000023841858 12.81
    endloop
  endfacet
  facet normal 0 0 1
    outer loop
      vertex 1.8240000002980228 -5.079999998211861 12.81
      vertex 14.653999998509883 -4.439999997615814 12.81
      vertex 15.064000002384185 -3.7700000032782555 12.81
    endloop
  endfacet
  facet normal 0 0 1
    outer loop
      vertex 1.3540000014901157 -4.439999997615814 12.81
      vertex 15.064000002384185 -3.7700000032782555 12.81
      vertex 15.394000000596046 -3.060000002384186 12.81
    endloop
  endfacet
  facet normal 0 0 1
    outer loop
      vertex 0.9439999976158138 -3.7700000032782555 12.81
      vertex 15.394000000596046 -3.060000002384186 12.81
      vertex 15.66399999642372 -2.3200000002980232 12.81
    endloop
  endfacet
  facet normal 0 0 1
    outer loop
      vertex 0.6139999994039531 -3.060000002384186 12.81
      vertex 15.66399999642372 -2.3200000002980232 12.81
      vertex 15.854000001490116 -1.5600000023841858 12.81
    endloop
  endfacet
  facet normal 0 0 1
    outer loop
      vertex 0.34400000357627825 -2.3200000002980232 12.81
      vertex 15.854000001490116 -1.5600000023841858 12.81
      vertex 15.96400000089407 -0.7800000011920929 12.81
    endloop
  endfacet
  facet normal 0.852966978923283 -0.5219648770429747 0
    outer loop
      vertex 14.653999998509883 -4.439999997615814 12.81
      vertex 15.064000002384185 -3.7700000032782555 11.31
      vertex 15.064000002384185 -3.7700000032782555 12.81
    endloop
  endfacet
  facet normal 0.9068346622865696 -0.421486530360821 0
    outer loop
      vertex 15.394000000596046 -3.060000002384186 11.31
      vertex 15.394000000596046 -3.060000002384186 12.81
      vertex 15.064000002384185 -3.7700000032782555 12.81
    endloop
  endfacet
  facet normal 0.9394222188771426 -0.34276215467864324 0
    outer loop
      vertex 15.394000000596046 -3.060000002384186 12.81
      vertex 15.66399999642372 -2.3200000002980232 11.31
      vertex 15.66399999642372 -2.3200000002980232 12.81
    endloop
  endfacet
  facet normal 0.9701424984669746 -0.24253563174976164 0
    outer loop
      vertex 15.66399999642372 -2.3200000002980232 12.81
      vertex 15.854000001490116 -1.5600000023841858 11.31
      vertex 15.854000001490116 -1.5600000023841858 12.81
    endloop
  endfacet
  facet normal -0.9902017962843565 -0.13964384209564681 0
    outer loop
      vertex 0.15399999850988344 -1.5600000023841858 11.31
      vertex 0.04399999910592989 -0.7800000011920929 12.81
      vertex 0.04399999910592989 -0.7800000011920929 11.31
    endloop
  endfacet
  facet normal -0.9986876635391427 -0.05121475075335464 0
    outer loop
      vertex 0.04399999910592989 -0.7800000011920929 11.31
      vertex 0.0039999999999995595 0 12.81
      vertex 0.0039999999999995595 0 11.31
    endloop
  endfacet
  facet normal -0.9986876635391427 0.05121475075335464 0
    outer loop
      vertex 0.0039999999999995595 0 11.31
      vertex 0.04399999910592989 0.7800000011920929 12.81
      vertex 0.04399999910592989 0.7800000011920929 11.31
    endloop
  endfacet
  facet normal -0.9902017962843565 0.13964384209564681 0
    outer loop
      vertex 0.04399999910592989 0.7800000011920929 11.31
      vertex 0.15399999850988344 1.5600000023841858 12.81
      vertex 0.15399999850988344 1.5600000023841858 11.31
    endloop
  endfacet
  facet normal -0.9701424984669746 0.24253563174976164 0
    outer loop
      vertex 0.15399999850988344 1.5600000023841858 11.31
      vertex 0.34400000357627825 2.3200000002980232 12.81
      vertex 0.34400000357627825 2.3200000002980232 11.31
    endloop
  endfacet
  facet normal 0 0 -1
    outer loop
      vertex 0.15399999850988344 -1.5600000023841858 11.31
      vertex 0.04399999910592989 -0.7800000011920929 11.31
      vertex 16.003999999999998 0 11.31
    endloop
  endfacet
  facet normal 0 0 -1
    outer loop
      vertex 0.04399999910592989 -0.7800000011920929 11.31
      vertex 0.0039999999999995595 0 11.31
      vertex 15.96400000089407 0.7800000011920929 11.31
    endloop
  endfacet
  facet normal 0 0 -1
    outer loop
      vertex 0.0039999999999995595 0 11.31
      vertex 0.04399999910592989 0.7800000011920929 11.31
      vertex 15.854000001490116 1.5600000023841858 11.31
    endloop
  endfacet
  facet normal 0 0 -1
    outer loop
      vertex 0.04399999910592989 0.7800000011920929 11.31
      vertex 0.15399999850988344 1.5600000023841858 11.31
      vertex 15.66399999642372 2.3200000002980232 11.31
    endloop
  endfacet
  facet normal -0.9986876635391427 -0.05121475075335464 0
    outer loop
      vertex 0.04399999910592989 -0.7800000011920929 11.31
      vertex 0.04399999910592989 -0.7800000011920929 12.81
      vertex 0.0039999999999995595 0 12.81
    endloop
  endfacet
  facet normal -0.9986876635391427 0.05121475075335464 0
    outer loop
      vertex 0.0039999999999995595 0 11.31
      vertex 0.0039999999999995595 0 12.81
      vertex 0.04399999910592989 0.7800000011920929 12.81
    endloop
  endfacet
  facet normal -0.9902017962843565 0.13964384209564681 0
    outer loop
      vertex 0.04399999910592989 0.7800000011920929 11.31
      vertex 0.04399999910592989 0.7800000011920929 12.81
      vertex 0.15399999850988344 1.5600000023841858 12.81
    endloop
  endfacet
  facet normal -0.9701424984669746 0.24253563174976164 0
    outer loop
      vertex 0.15399999850988344 1.5600000023841858 11.31
      vertex 0.15399999850988344 1.5600000023841858 12.81
      vertex 0.34400000357627825 2.3200000002980232 12.81
    endloop
  endfacet
  facet normal 0 0 1
    outer loop
      vertex 0.15399999850988344 -1.5600000023841858 12.81
      vertex 16.003999999999998 0 12.81
      vertex 0.04399999910592989 -0.7800000011920929 12.81
    endloop
  endfacet
  facet normal 0 0 1
    outer loop
      vertex 0.04399999910592989 -0.7800000011920929 12.81
      vertex 15.96400000089407 0.7800000011920929 12.81
      vertex 0.0039999999999995595 0 12.81
    endloop
  endfacet
  facet normal 0 0 1
    outer loop
      vertex 0.0039999999999995595 0 12.81
      vertex 15.854000001490116 1.5600000023841858 12.81
      vertex 0.04399999910592989 0.7800000011920929 12.81
    endloop
  endfacet
  facet normal 0 0 1
    outer loop
      vertex 0.04399999910592989 0.7800000011920929 12.81
      vertex 15.66399999642372 2.3200000002980232 12.81
      vertex 0.15399999850988344 1.5600000023841858 12.81
    endloop
  endfacet
  facet normal -0.9394222188771426 0.34276215467864324 0
    outer loop
      vertex 0.34400000357627825 2.3200000002980232 11.31
      vertex 0.6139999994039531 3.060000002384186 12.81
      vertex 0.6139999994039531 3.060000002384186 11.31
    endloop
  endfacet
  facet normal -0.9068346622865696 0.421486530360821 0
    outer loop
      vertex 0.6139999994039531 3.060000002384186 11.31
      vertex 0.9439999976158138 3.7700000032782555 12.81
      vertex 0.9439999976158138 3.7700000032782555 11.31
    endloop
  endfacet
  facet normal -0.852966978923283 0.5219648770429747 0
    outer loop
      vertex 0.9439999976158138 3.7700000032782555 11.31
      vertex 1.3540000014901157 4.439999997615814 12.81
      vertex 1.3540000014901157 4.439999997615814 11.31
    endloop
  endfacet
  facet normal -0.8060044304737602 0.5919095015766088 0
    outer loop
      vertex 1.3540000014901157 4.439999997615814 11.31
      vertex 1.8240000002980228 5.079999998211861 12.81
      vertex 1.8240000002980228 5.079999998211861 11.31
    endloop
  endfacet
  facet normal -0.7445694375318443 0.6675450192260541 0
    outer loop
      vertex 1.8240000002980228 5.079999998211861 11.31
      vertex 2.3440000035762782 5.659999996423721 12.81
      vertex 2.3440000035762782 5.659999996423721 11.31
    endloop
  endfacet
  facet normal 0 0 -1
    outer loop
      vertex 0.15399999850988344 1.5600000023841858 11.31
      vertex 0.34400000357627825 2.3200000002980232 11.31
      vertex 15.394000000596046 3.060000002384186 11.31
    endloop
  endfacet
  facet normal 0 0 -1
    outer loop
      vertex 0.34400000357627825 2.3200000002980232 11.31
      vertex 0.6139999994039531 3.060000002384186 11.31
      vertex 15.064000002384185 3.7700000032782555 11.31
    endloop
  endfacet
  facet normal 0 0 -1
    outer loop
      vertex 0.6139999994039531 3.060000002384186 11.31
      vertex 0.9439999976158138 3.7700000032782555 11.31
      vertex 14.653999998509883 4.439999997615814 11.31
    endloop
  endfacet
  facet normal 0 0 -1
    outer loop
      vertex 0.9439999976158138 3.7700000032782555 11.31
      vertex 1.3540000014901157 4.439999997615814 11.31
      vertex 14.183999999701976 5.079999998211861 11.31
    endloop
  endfacet
  facet normal 0 0 -1
    outer loop
      vertex 1.3540000014901157 4.439999997615814 11.31
      vertex 1.8240000002980228 5.079999998211861 11.31
      vertex 13.66399999642372 5.659999996423721 11.31
    endloop
  endfacet
  facet normal 0 0 -1
    outer loop
      vertex 1.8240000002980228 5.079999998211861 11.31
      vertex 2.3440000035762782 5.659999996423721 11.31
      vertex 13.08399999821186 6.179999999701977 11.31
    endloop
  endfacet
  facet normal -0.9394222188771426 0.34276215467864324 0
    outer loop
      vertex 0.34400000357627825 2.3200000002980232 11.31
      vertex 0.34400000357627825 2.3200000002980232 12.81
      vertex 0.6139999994039531 3.060000002384186 12.81
    endloop
  endfacet
  facet normal -0.9068346622865696 0.421486530360821 0
    outer loop
      vertex 0.6139999994039531 3.060000002384186 11.31
      vertex 0.6139999994039531 3.060000002384186 12.81
      vertex 0.9439999976158138 3.7700000032782555 12.81
    endloop
  endfacet
  facet normal -0.852966978923283 0.5219648770429747 0
    outer loop
      vertex 0.9439999976158138 3.7700000032782555 11.31
      vertex 0.9439999976158138 3.7700000032782555 12.81
      vertex 1.3540000014901157 4.439999997615814 12.81
    endloop
  endfacet
  facet normal -0.8060044304737602 0.5919095015766088 0
    outer loop
      vertex 1.3540000014901157 4.439999997615814 11.31
      vertex 1.3540000014901157 4.439999997615814 12.81
      vertex 1.8240000002980228 5.079999998211861 12.81
    endloop
  endfacet
  facet normal -0.7445694375318443 0.6675450192260541 0
    outer loop
      vertex 1.8240000002980228 5.079999998211861 11.31
      vertex 1.8240000002980228 5.079999998211861 12.81
      vertex 2.3440000035762782 5.659999996423721 12.81
    endloop
  endfacet
  facet normal 0 0 1
    outer loop
      vertex 0.15399999850988344 1.5600000023841858 12.81
      vertex 15.394000000596046 3.060000002384186 12.81
      vertex 0.34400000357627825 2.3200000002980232 12.81
    endloop
  endfacet
  facet normal 0 0 1
    outer loop
      vertex 0.34400000357627825 2.3200000002980232 12.81
      vertex 15.064000002384185 3.7700000032782555 12.81
      vertex 0.6139999994039531 3.060000002384186 12.81
    endloop
  endfacet
  facet normal 0 0 1
    outer loop
      vertex 0.6139999994039531 3.060000002384186 12.81
      vertex 14.653999998509883 4.439999997615814 12.81
      vertex 0.9439999976158138 3.7700000032782555 12.81
    endloop
  endfacet
  facet normal 0 0 1
    outer loop
      vertex 0.9439999976158138 3.7700000032782555 12.81
      vertex 14.183999999701976 5.079999998211861 12.81
      vertex 1.3540000014901157 4.439999997615814 12.81
    endloop
  endfacet
  facet normal 0 0 1
    outer loop
      vertex 1.3540000014901157 4.439999997615814 12.81
      vertex 13.66399999642372 5.659999996423721 12.81
      vertex 1.8240000002980228 5.079999998211861 12.81
    endloop
  endfacet
  facet normal 0 0 1
    outer loop
      vertex 1.8240000002980228 5.079999998211861 12.81
      vertex 13.08399999821186 6.179999999701977 12.81
      vertex 2.3440000035762782 5.659999996423721 12.81
    endloop
  endfacet
  facet normal 0 0 -1
    outer loop
      vertex 0.15399999850988344 -1.5600000023841858 11.31
      vertex 16.003999999999998 0 11.31
      vertex 15.96400000089407 -0.7800000011920929 11.31
    endloop
  endfacet
  facet normal 0 0 -1
    outer loop
      vertex 0.04399999910592989 -0.7800000011920929 11.31
      vertex 15.96400000089407 0.7800000011920929 11.31
      vertex 16.003999999999998 0 11.31
    endloop
  endfacet
  facet normal 0 0 -1
    outer loop
      vertex 0.0039999999999995595 0 11.31
      vertex 15.854000001490116 1.5600000023841858 11.31
      vertex 15.96400000089407 0.7800000011920929 11.31
    endloop
  endfacet
  facet normal 0 0 -1
    outer loop
      vertex 0.04399999910592989 0.7800000011920929 11.31
      vertex 15.66399999642372 2.3200000002980232 11.31
      vertex 15.854000001490116 1.5600000023841858 11.31
    endloop
  endfacet
  facet normal 0.9986876635391427 -0.05121475075335236 0
    outer loop
      vertex 15.96400000089407 -0.7800000011920929 11.31
      vertex 16.003999999999998 0 11.31
      vertex 15.96400000089407 -0.7800000011920929 12.81
    endloop
  endfacet
  facet normal 0.9986876635391427 0.05121475075335236 0
    outer loop
      vertex 16.003999999999998 0 11.31
      vertex 15.96400000089407 0.7800000011920929 11.31
      vertex 16.003999999999998 0 12.81
    endloop
  endfacet
  facet normal 0.9902017962843565 0.13964384209564681 0
    outer loop
      vertex 15.96400000089407 0.7800000011920929 11.31
      vertex 15.854000001490116 1.5600000023841858 11.31
      vertex 15.96400000089407 0.7800000011920929 12.81
    endloop
  endfacet
  facet normal 0.9701424984669746 0.24253563174976164 0
    outer loop
      vertex 15.854000001490116 1.5600000023841858 11.31
      vertex 15.66399999642372 2.3200000002980232 11.31
      vertex 15.854000001490116 1.5600000023841858 12.81
    endloop
  endfacet
  facet normal 0 0 1
    outer loop
      vertex 0.15399999850988344 -1.5600000023841858 12.81
      vertex 15.96400000089407 -0.7800000011920929 12.81
      vertex 16.003999999999998 0 12.81
    endloop
  endfacet
  facet normal 0 0 1
    outer loop
      vertex 0.04399999910592989 -0.7800000011920929 12.81
      vertex 16.003999999999998 0 12.81
      vertex 15.96400000089407 0.7800000011920929 12.81
    endloop
  endfacet
  facet normal 0 0 1
    outer loop
      vertex 0.0039999999999995595 0 12.81
      vertex 15.96400000089407 0.7800000011920929 12.81
      vertex 15.854000001490116 1.5600000023841858 12.81
    endloop
  endfacet
  facet normal 0 0 1
    outer loop
      vertex 0.04399999910592989 0.7800000011920929 12.81
      vertex 15.854000001490116 1.5600000023841858 12.81
      vertex 15.66399999642372 2.3200000002980232 12.81
    endloop
  endfacet
  facet normal 0.9902017962843565 -0.13964384209564681 0
    outer loop
      vertex 15.854000001490116 -1.5600000023841858 12.81
      vertex 15.96400000089407 -0.7800000011920929 11.31
      vertex 15.96400000089407 -0.7800000011920929 12.81
    endloop
  endfacet
  facet normal 0.9986876635391427 -0.05121475075335236 0
    outer loop
      vertex 15.96400000089407 -0.7800000011920929 12.81
      vertex 16.003999999999998 0 11.31
      vertex 16.003999999999998 0 12.81
    endloop
  endfacet
  facet normal 0.9986876635391427 0.05121475075335236 0
    outer loop
      vertex 15.96400000089407 0.7800000011920929 11.31
      vertex 15.96400000089407 0.7800000011920929 12.81
      vertex 16.003999999999998 0 12.81
    endloop
  endfacet
  facet normal 0.9902017962843565 0.13964384209564681 0
    outer loop
      vertex 15.96400000089407 0.7800000011920929 12.81
      vertex 15.854000001490116 1.5600000023841858 11.31
      vertex 15.854000001490116 1.5600000023841858 12.81
    endloop
  endfacet
  facet normal 0.9701424984669746 0.24253563174976164 0
    outer loop
      vertex 15.854000001490116 1.5600000023841858 12.81
      vertex 15.66399999642372 2.3200000002980232 11.31
      vertex 15.66399999642372 2.3200000002980232 12.81
    endloop
  endfacet
  facet normal 0 0 -1
    outer loop
      vertex 0.34400000357627825 2.3200000002980232 11.31
      vertex 15.064000002384185 3.7700000032782555 11.31
      vertex 15.394000000596046 3.060000002384186 11.31
    endloop
  endfacet
  facet normal 0 0 -1
    outer loop
      vertex 0.15399999850988344 1.5600000023841858 11.31
      vertex 15.394000000596046 3.060000002384186 11.31
      vertex 15.66399999642372 2.3200000002980232 11.31
    endloop
  endfacet
  facet normal 0 0 -1
    outer loop
      vertex 0.6139999994039531 3.060000002384186 11.31
      vertex 14.653999998509883 4.439999997615814 11.31
      vertex 15.064000002384185 3.7700000032782555 11.31
    endloop
  endfacet
  facet normal 0 0 -1
    outer loop
      vertex 0.9439999976158138 3.7700000032782555 11.31
      vertex 14.183999999701976 5.079999998211861 11.31
      vertex 14.653999998509883 4.439999997615814 11.31
    endloop
  endfacet
  facet normal 0 0 -1
    outer loop
      vertex 1.3540000014901157 4.439999997615814 11.31
      vertex 13.66399999642372 5.659999996423721 11.31
      vertex 14.183999999701976 5.079999998211861 11.31
    endloop
  endfacet
  facet normal 0 0 -1
    outer loop
      vertex 1.8240000002980228 5.079999998211861 11.31
      vertex 13.08399999821186 6.179999999701977 11.31
      vertex 13.66399999642372 5.659999996423721 11.31
    endloop
  endfacet
  facet normal 0.9394222188771426 0.34276215467864324 0
    outer loop
      vertex 15.66399999642372 2.3200000002980232 11.31
      vertex 15.394000000596046 3.060000002384186 11.31
      vertex 15.66399999642372 2.3200000002980232 12.81
    endloop
  endfacet
  facet normal 0.9068346622865696 0.421486530360821 0
    outer loop
      vertex 15.394000000596046 3.060000002384186 11.31
      vertex 15.064000002384185 3.7700000032782555 11.31
      vertex 15.394000000596046 3.060000002384186 12.81
    endloop
  endfacet
  facet normal 0.852966978923283 0.5219648770429747 0
    outer loop
      vertex 15.064000002384185 3.7700000032782555 11.31
      vertex 14.653999998509883 4.439999997615814 11.31
      vertex 15.064000002384185 3.7700000032782555 12.81
    endloop
  endfacet
  facet normal 0.8060044304737602 0.5919095015766088 0
    outer loop
      vertex 14.653999998509883 4.439999997615814 11.31
      vertex 14.183999999701976 5.079999998211861 11.31
      vertex 14.653999998509883 4.439999997615814 12.81
    endloop
  endfacet
  facet normal 0.7445694375318443 0.6675450192260541 0
    outer loop
      vertex 13.66399999642372 5.659999996423721 11.31
      vertex 14.183999999701976 5.079999998211861 12.81
      vertex 14.183999999701976 5.079999998211861 11.31
    endloop
  endfacet
  facet normal 0 0 1
    outer loop
      vertex 0.34400000357627825 2.3200000002980232 12.81
      vertex 15.394000000596046 3.060000002384186 12.81
      vertex 15.064000002384185 3.7700000032782555 12.81
    endloop
  endfacet
  facet normal 0 0 1
    outer loop
      vertex 0.15399999850988344 1.5600000023841858 12.81
      vertex 15.66399999642372 2.3200000002980232 12.81
      vertex 15.394000000596046 3.060000002384186 12.81
    endloop
  endfacet
  facet normal 0 0 1
    outer loop
      vertex 0.6139999994039531 3.060000002384186 12.81
      vertex 15.064000002384185 3.7700000032782555 12.81
      vertex 14.653999998509883 4.439999997615814 12.81
    endloop
  endfacet
  facet normal 0.7445694375318443 0.6675450192260541 0
    outer loop
      vertex 13.66399999642372 5.659999996423721 11.31
      vertex 13.66399999642372 5.659999996423721 12.81
      vertex 14.183999999701976 5.079999998211861 12.81
    endloop
  endfacet
  facet normal 0 0 1
    outer loop
      vertex 0.9439999976158138 3.7700000032782555 12.81
      vertex 14.653999998509883 4.439999997615814 12.81
      vertex 14.183999999701976 5.079999998211861 12.81
    endloop
  endfacet
  facet normal 0 0 1
    outer loop
      vertex 1.3540000014901157 4.439999997615814 12.81
      vertex 14.183999999701976 5.079999998211861 12.81
      vertex 13.66399999642372 5.659999996423721 12.81
    endloop
  endfacet
  facet normal 0 0 1
    outer loop
      vertex 1.8240000002980228 5.079999998211861 12.81
      vertex 13.66399999642372 5.659999996423721 12.81
      vertex 13.08399999821186 6.179999999701977 12.81
    endloop
  endfacet
  facet normal 0.9394222188771426 0.34276215467864324 0
    outer loop
      vertex 15.66399999642372 2.3200000002980232 12.81
      vertex 15.394000000596046 3.060000002384186 11.31
      vertex 15.394000000596046 3.060000002384186 12.81
    endloop
  endfacet
  facet normal 0.9068346622865696 0.421486530360821 0
    outer loop
      vertex 15.064000002384185 3.7700000032782555 11.31
      vertex 15.064000002384185 3.7700000032782555 12.81
      vertex 15.394000000596046 3.060000002384186 12.81
    endloop
  endfacet
  facet normal 0.852966978923283 0.5219648770429747 0
    outer loop
      vertex 15.064000002384185 3.7700000032782555 12.81
      vertex 14.653999998509883 4.439999997615814 11.31
      vertex 14.653999998509883 4.439999997615814 12.81
    endloop
  endfacet
  facet normal 0.8060044304737602 0.5919095015766088 0
    outer loop
      vertex 14.653999998509883 4.439999997615814 12.81
      vertex 14.183999999701976 5.079999998211861 11.31
      vertex 14.183999999701976 5.079999998211861 12.81
    endloop
  endfacet
  facet normal -0.6675450192260541 0.7445694375318443 0
    outer loop
      vertex 2.3440000035762782 5.659999996423721 11.31
      vertex 2.924000001788139 6.179999999701977 12.81
      vertex 2.924000001788139 6.179999999701977 11.31
    endloop
  endfacet
  facet normal -0.5919095015766088 0.8060044304737602 0
    outer loop
      vertex 2.924000001788139 6.179999999701977 11.31
      vertex 3.5640000023841854 6.649999998509884 12.81
      vertex 3.5640000023841854 6.649999998509884 11.31
    endloop
  endfacet
  facet normal -0.5219648770429747 0.852966978923283 0
    outer loop
      vertex 3.5640000023841854 6.649999998509884 11.31
      vertex 4.233999996721744 7.060000002384186 12.81
      vertex 4.233999996721744 7.060000002384186 11.31
    endloop
  endfacet
  facet normal 0 0 -1
    outer loop
      vertex 2.3440000035762782 5.659999996423721 11.31
      vertex 2.924000001788139 6.179999999701977 11.31
      vertex 12.443999997615814 6.649999998509884 11.31
    endloop
  endfacet
  facet normal 0 0 -1
    outer loop
      vertex 2.924000001788139 6.179999999701977 11.31
      vertex 3.5640000023841854 6.649999998509884 11.31
      vertex 11.774000003278255 7.060000002384186 11.31
    endloop
  endfacet
  facet normal 0 0 -1
    outer loop
      vertex 3.5640000023841854 6.649999998509884 11.31
      vertex 4.233999996721744 7.060000002384186 11.31
      vertex 11.064000002384185 7.3900000005960464 11.31
    endloop
  endfacet
  facet normal 0 0 -1
    outer loop
      vertex 4.233999996721744 7.060000002384186 11.31
      vertex 4.943999997615814 7.3900000005960464 11.31
      vertex 10.324000000298023 7.659999996423721 11.31
    endloop
  endfacet
  facet normal 0 0 -1
    outer loop
      vertex 2.924000001788139 6.179999999701977 11.31
      vertex 11.774000003278255 7.060000002384186 11.31
      vertex 12.443999997615814 6.649999998509884 11.31
    endloop
  endfacet
  facet normal 0 0 -1
    outer loop
      vertex 4.233999996721744 7.060000002384186 11.31
      vertex 10.324000000298023 7.659999996423721 11.31
      vertex 11.064000002384185 7.3900000005960464 11.31
    endloop
  endfacet
  facet normal 0 0 -1
    outer loop
      vertex 3.5640000023841854 6.649999998509884 11.31
      vertex 11.064000002384185 7.3900000005960464 11.31
      vertex 11.774000003278255 7.060000002384186 11.31
    endloop
  endfacet
  facet normal -0.421486530360821 0.9068346622865696 0
    outer loop
      vertex 4.233999996721744 7.060000002384186 11.31
      vertex 4.943999997615814 7.3900000005960464 12.81
      vertex 4.943999997615814 7.3900000005960464 11.31
    endloop
  endfacet
  facet normal 0 0 -1
    outer loop
      vertex 4.943999997615814 7.3900000005960464 11.31
      vertex 5.683999999701976 7.659999996423721 11.31
      vertex 9.564000002384185 7.850000001490116 11.31
    endloop
  endfacet
  facet normal 0 0 -1
    outer loop
      vertex 5.683999999701976 7.659999996423721 11.31
      vertex 6.443999997615814 7.850000001490116 11.31
      vertex 8.784000001192092 7.96000000089407 11.31
    endloop
  endfacet
  facet normal 0 0 -1
    outer loop
      vertex 6.443999997615814 7.850000001490116 11.31
      vertex 7.223999998807907 7.96000000089407 11.31
      vertex 8.004 8 11.31
    endloop
  endfacet
  facet normal 0 0 -1
    outer loop
      vertex 6.443999997615814 7.850000001490116 11.31
      vertex 8.004 8 11.31
      vertex 8.784000001192092 7.96000000089407 11.31
    endloop
  endfacet
  facet normal 0 0 -1
    outer loop
      vertex 5.683999999701976 7.659999996423721 11.31
      vertex 8.784000001192092 7.96000000089407 11.31
      vertex 9.564000002384185 7.850000001490116 11.31
    endloop
  endfacet
  facet normal 0 0 -1
    outer loop
      vertex 4.943999997615814 7.3900000005960464 11.31
      vertex 9.564000002384185 7.850000001490116 11.31
      vertex 10.324000000298023 7.659999996423721 11.31
    endloop
  endfacet
  facet normal -0.34276215467864324 0.9394222188771426 0
    outer loop
      vertex 4.943999997615814 7.3900000005960464 11.31
      vertex 5.683999999701976 7.659999996423721 12.81
      vertex 5.683999999701976 7.659999996423721 11.31
    endloop
  endfacet
  facet normal -0.24253563174976164 0.9701424984669746 0
    outer loop
      vertex 5.683999999701976 7.659999996423721 11.31
      vertex 6.443999997615814 7.850000001490116 12.81
      vertex 6.443999997615814 7.850000001490116 11.31
    endloop
  endfacet
  facet normal -0.13964384209564681 0.9902017962843565 0
    outer loop
      vertex 6.443999997615814 7.850000001490116 11.31
      vertex 7.223999998807907 7.96000000089407 12.81
      vertex 7.223999998807907 7.96000000089407 11.31
    endloop
  endfacet
  facet normal -0.05121475075335464 0.9986876635391427 0
    outer loop
      vertex 7.223999998807907 7.96000000089407 11.31
      vertex 8.004 8 12.81
      vertex 8.004 8 11.31
    endloop
  endfacet
  facet normal 0.05121475075335464 0.9986876635391427 0
    outer loop
      vertex 8.004 8 11.31
      vertex 8.784000001192092 7.96000000089407 12.81
      vertex 8.784000001192092 7.96000000089407 11.31
    endloop
  endfacet
  facet normal -0.6675450192260541 0.7445694375318443 0
    outer loop
      vertex 2.3440000035762782 5.659999996423721 11.31
      vertex 2.3440000035762782 5.659999996423721 12.81
      vertex 2.924000001788139 6.179999999701977 12.81
    endloop
  endfacet
  facet normal -0.5919095015766088 0.8060044304737602 0
    outer loop
      vertex 2.924000001788139 6.179999999701977 11.31
      vertex 2.924000001788139 6.179999999701977 12.81
      vertex 3.5640000023841854 6.649999998509884 12.81
    endloop
  endfacet
  facet normal -0.5219648770429747 0.852966978923283 0
    outer loop
      vertex 3.5640000023841854 6.649999998509884 11.31
      vertex 3.5640000023841854 6.649999998509884 12.81
      vertex 4.233999996721744 7.060000002384186 12.81
    endloop
  endfacet
  facet normal -0.421486530360821 0.9068346622865696 0
    outer loop
      vertex 4.233999996721744 7.060000002384186 11.31
      vertex 4.233999996721744 7.060000002384186 12.81
      vertex 4.943999997615814 7.3900000005960464 12.81
    endloop
  endfacet
  facet normal 0 0 1
    outer loop
      vertex 2.3440000035762782 5.659999996423721 12.81
      vertex 12.443999997615814 6.649999998509884 12.81
      vertex 2.924000001788139 6.179999999701977 12.81
    endloop
  endfacet
  facet normal 0 0 1
    outer loop
      vertex 2.924000001788139 6.179999999701977 12.81
      vertex 11.774000003278255 7.060000002384186 12.81
      vertex 3.5640000023841854 6.649999998509884 12.81
    endloop
  endfacet
  facet normal 0 0 1
    outer loop
      vertex 3.5640000023841854 6.649999998509884 12.81
      vertex 11.064000002384185 7.3900000005960464 12.81
      vertex 4.233999996721744 7.060000002384186 12.81
    endloop
  endfacet
  facet normal 0 0 1
    outer loop
      vertex 4.233999996721744 7.060000002384186 12.81
      vertex 10.324000000298023 7.659999996423721 12.81
      vertex 4.943999997615814 7.3900000005960464 12.81
    endloop
  endfacet
  facet normal 0 0 1
    outer loop
      vertex 2.924000001788139 6.179999999701977 12.81
      vertex 12.443999997615814 6.649999998509884 12.81
      vertex 11.774000003278255 7.060000002384186 12.81
    endloop
  endfacet
  facet normal 0 0 1
    outer loop
      vertex 4.233999996721744 7.060000002384186 12.81
      vertex 11.064000002384185 7.3900000005960464 12.81
      vertex 10.324000000298023 7.659999996423721 12.81
    endloop
  endfacet
  facet normal 0 0 1
    outer loop
      vertex 3.5640000023841854 6.649999998509884 12.81
      vertex 11.774000003278255 7.060000002384186 12.81
      vertex 11.064000002384185 7.3900000005960464 12.81
    endloop
  endfacet
  facet normal -0.34276215467864324 0.9394222188771426 0
    outer loop
      vertex 4.943999997615814 7.3900000005960464 11.31
      vertex 4.943999997615814 7.3900000005960464 12.81
      vertex 5.683999999701976 7.659999996423721 12.81
    endloop
  endfacet
  facet normal -0.24253563174976164 0.9701424984669746 0
    outer loop
      vertex 5.683999999701976 7.659999996423721 11.31
      vertex 5.683999999701976 7.659999996423721 12.81
      vertex 6.443999997615814 7.850000001490116 12.81
    endloop
  endfacet
  facet normal -0.13964384209564681 0.9902017962843565 0
    outer loop
      vertex 6.443999997615814 7.850000001490116 11.31
      vertex 6.443999997615814 7.850000001490116 12.81
      vertex 7.223999998807907 7.96000000089407 12.81
    endloop
  endfacet
  facet normal -0.05121475075335464 0.9986876635391427 0
    outer loop
      vertex 7.223999998807907 7.96000000089407 11.31
      vertex 7.223999998807907 7.96000000089407 12.81
      vertex 8.004 8 12.81
    endloop
  endfacet
  facet normal 0.05121475075335464 0.9986876635391427 0
    outer loop
      vertex 8.004 8 11.31
      vertex 8.004 8 12.81
      vertex 8.784000001192092 7.96000000089407 12.81
    endloop
  endfacet
  facet normal 0.13964384209564681 0.9902017962843565 0
    outer loop
      vertex 8.784000001192092 7.96000000089407 11.31
      vertex 8.784000001192092 7.96000000089407 12.81
      vertex 9.564000002384185 7.850000001490116 12.81
    endloop
  endfacet
  facet normal 0 0 1
    outer loop
      vertex 4.943999997615814 7.3900000005960464 12.81
      vertex 9.564000002384185 7.850000001490116 12.81
      vertex 5.683999999701976 7.659999996423721 12.81
    endloop
  endfacet
  facet normal 0 0 1
    outer loop
      vertex 5.683999999701976 7.659999996423721 12.81
      vertex 8.784000001192092 7.96000000089407 12.81
      vertex 6.443999997615814 7.850000001490116 12.81
    endloop
  endfacet
  facet normal 0 0 1
    outer loop
      vertex 6.443999997615814 7.850000001490116 12.81
      vertex 8.004 8 12.81
      vertex 7.223999998807907 7.96000000089407 12.81
    endloop
  endfacet
  facet normal 0 0 1
    outer loop
      vertex 6.443999997615814 7.850000001490116 12.81
      vertex 8.784000001192092 7.96000000089407 12.81
      vertex 8.004 8 12.81
    endloop
  endfacet
  facet normal 0 0 1
    outer loop
      vertex 5.683999999701976 7.659999996423721 12.81
      vertex 9.564000002384185 7.850000001490116 12.81
      vertex 8.784000001192092 7.96000000089407 12.81
    endloop
  endfacet
  facet normal 0 0 1
    outer loop
      vertex 4.943999997615814 7.3900000005960464 12.81
      vertex 10.324000000298023 7.659999996423721 12.81
      vertex 9.564000002384185 7.850000001490116 12.81
    endloop
  endfacet
  facet normal 0 0 -1
    outer loop
      vertex 2.3440000035762782 5.659999996423721 11.31
      vertex 12.443999997615814 6.649999998509884 11.31
      vertex 13.08399999821186 6.179999999701977 11.31
    endloop
  endfacet
  facet normal 0.6675450192260541 0.7445694375318443 0
    outer loop
      vertex 13.66399999642372 5.659999996423721 11.31
      vertex 13.08399999821186 6.179999999701977 11.31
      vertex 13.66399999642372 5.659999996423721 12.81
    endloop
  endfacet
  facet normal 0.5919095015766088 0.8060044304737602 0
    outer loop
      vertex 12.443999997615814 6.649999998509884 11.31
      vertex 13.08399999821186 6.179999999701977 12.81
      vertex 13.08399999821186 6.179999999701977 11.31
    endloop
  endfacet
  facet normal 0.5219648770429747 0.852966978923283 0
    outer loop
      vertex 11.774000003278255 7.060000002384186 11.31
      vertex 12.443999997615814 6.649999998509884 12.81
      vertex 12.443999997615814 6.649999998509884 11.31
    endloop
  endfacet
  facet normal 0.421486530360821 0.9068346622865696 0
    outer loop
      vertex 11.064000002384185 7.3900000005960464 11.31
      vertex 11.774000003278255 7.060000002384186 12.81
      vertex 11.774000003278255 7.060000002384186 11.31
    endloop
  endfacet
  facet normal 0.24253563174976164 0.9701424984669746 0
    outer loop
      vertex 9.564000002384185 7.850000001490116 11.31
      vertex 10.324000000298023 7.659999996423721 12.81
      vertex 10.324000000298023 7.659999996423721 11.31
    endloop
  endfacet
  facet normal 0.13964384209564681 0.9902017962843565 0
    outer loop
      vertex 8.784000001192092 7.96000000089407 11.31
      vertex 9.564000002384185 7.850000001490116 12.81
      vertex 9.564000002384185 7.850000001490116 11.31
    endloop
  endfacet
  facet normal 0.34276215467864324 0.9394222188771426 0
    outer loop
      vertex 10.324000000298023 7.659999996423721 11.31
      vertex 11.064000002384185 7.3900000005960464 12.81
      vertex 11.064000002384185 7.3900000005960464 11.31
    endloop
  endfacet
  facet normal 0.421486530360821 0.9068346622865696 0
    outer loop
      vertex 11.064000002384185 7.3900000005960464 11.31
      vertex 11.064000002384185 7.3900000005960464 12.81
      vertex 11.774000003278255 7.060000002384186 12.81
    endloop
  endfacet
  facet normal 0.5919095015766088 0.8060044304737602 0
    outer loop
      vertex 12.443999997615814 6.649999998509884 11.31
      vertex 12.443999997615814 6.649999998509884 12.81
      vertex 13.08399999821186 6.179999999701977 12.81
    endloop
  endfacet
  facet normal 0.6675450192260541 0.7445694375318443 0
    outer loop
      vertex 13.66399999642372 5.659999996423721 12.81
      vertex 13.08399999821186 6.179999999701977 11.31
      vertex 13.08399999821186 6.179999999701977 12.81
    endloop
  endfacet
  facet normal 0.5219648770429747 0.852966978923283 0
    outer loop
      vertex 11.774000003278255 7.060000002384186 11.31
      vertex 11.774000003278255 7.060000002384186 12.81
      vertex 12.443999997615814 6.649999998509884 12.81
    endloop
  endfacet
  facet normal 0 0 1
    outer loop
      vertex 2.3440000035762782 5.659999996423721 12.81
      vertex 13.08399999821186 6.179999999701977 12.81
      vertex 12.443999997615814 6.649999998509884 12.81
    endloop
  endfacet
  facet normal 0.24253563174976164 0.9701424984669746 0
    outer loop
      vertex 9.564000002384185 7.850000001490116 11.31
      vertex 9.564000002384185 7.850000001490116 12.81
      vertex 10.324000000298023 7.659999996423721 12.81
    endloop
  endfacet
  facet normal 0.34276215467864324 0.9394222188771426 0
    outer loop
      vertex 10.324000000298023 7.659999996423721 11.31
      vertex 10.324000000298023 7.659999996423721 12.81
      vertex 11.064000002384185 7.3900000005960464 12.81
    endloop
  endfacet
  facet normal 0 0 -1
    outer loop
      vertex 24.122999997019768 -3.7000000029802322 1.21
      vertex 27.239624835894134 -2.369688395062254 1.21
      vertex 27.732352217759495 -2.633056667657167 1.21
    endloop
  endfacet
  facet normal 0 0 -1
    outer loop
      vertex 24.122999997019768 -3.7000000029802322 1.21
      vertex 28.266992582254034 -2.795238049149207 1.21
      vertex 28.823 -2.85 1.21
    endloop
  endfacet
  facet normal 0 0 -1
    outer loop
      vertex 24.122999997019768 -3.7000000029802322 1.21
      vertex 27.732352217759495 -2.633056667657167 1.21
      vertex 28.266992582254034 -2.795238049149207 1.21
    endloop
  endfacet
  facet normal 0 0 -1
    outer loop
      vertex 24.122999997019768 -3.7000000029802322 1.21
      vertex 28.823 -2.85 1.21
      vertex 29.379007417745967 -2.795238049149207 1.21
    endloop
  endfacet
  facet normal 0 0 -1
    outer loop
      vertex 24.122999997019768 -3.7000000029802322 1.21
      vertex 25.973 0 1.21
      vertex 26.027761950850795 -0.5560074177459655 1.21
    endloop
  endfacet
  facet normal 0 0 -1
    outer loop
      vertex 24.122999997019768 -3.7000000029802322 1.21
      vertex 26.80774567361834 -2.0152543263816605 1.21
      vertex 27.239624835894134 -2.369688395062254 1.21
    endloop
  endfacet
  facet normal 0 0 -1
    outer loop
      vertex 24.122999997019768 -3.7000000029802322 1.21
      vertex 26.453311604937745 -1.5833751641058662 1.21
      vertex 26.80774567361834 -2.0152543263816605 1.21
    endloop
  endfacet
  facet normal 0 0 -1
    outer loop
      vertex 24.122999997019768 -3.7000000029802322 1.21
      vertex 26.189943332342832 -1.0906477822405058 1.21
      vertex 26.453311604937745 -1.5833751641058662 1.21
    endloop
  endfacet
  facet normal 0 0 -1
    outer loop
      vertex 24.122999997019768 -3.7000000029802322 1.21
      vertex 26.027761950850795 -0.5560074177459655 1.21
      vertex 26.189943332342832 -1.0906477822405058 1.21
    endloop
  endfacet
  facet normal 0 0 -1
    outer loop
      vertex 24.122999997019768 -3.7000000029802322 1.21
      vertex 29.379007417745967 -2.795238049149207 1.21
      vertex 33.52300000298023 -3.7000000029802322 1.21
    endloop
  endfacet
  facet normal 0 0 -1
    outer loop
      vertex 33.52300000298023 -3.7000000029802322 1.21
      vertex 29.379007417745967 -2.795238049149207 1.21
      vertex 29.913647782240506 -2.633056667657167 1.21
    endloop
  endfacet
  facet normal 0 0 -1
    outer loop
      vertex 33.52300000298023 -3.7000000029802322 1.21
      vertex 29.913647782240506 -2.633056667657167 1.21
      vertex 30.406375164105867 -2.369688395062254 1.21
    endloop
  endfacet
  facet normal 0 0 -1
    outer loop
      vertex 27.795195068913735 -1.5382187827597087 1.21
      vertex 28.46208290427016 -1.8144527687459764 1.21
      vertex 28.115035650124586 -1.7091771351458807 1.21
    endloop
  endfacet
  facet normal 0 0 -1
    outer loop
      vertex 28.823 -1.85 1.21
      vertex 28.46208290427016 -1.8144527687459764 1.21
      vertex 27.795195068913735 -1.5382187827597087 1.21
    endloop
  endfacet
  facet normal 0 0 -1
    outer loop
      vertex 28.823 -1.85 1.21
      vertex 27.51485245480489 -1.308147545195113 1.21
      vertex 29.18391709572984 -1.8144527687459764 1.21
    endloop
  endfacet
  facet normal 0 0 -1
    outer loop
      vertex 28.823 -1.85 1.21
      vertex 27.795195068913735 -1.5382187827597087 1.21
      vertex 27.51485245480489 -1.308147545195113 1.21
    endloop
  endfacet
  facet normal 0 0 -1
    outer loop
      vertex 27.28478121724029 -1.027804931086264 1.21
      vertex 29.18391709572984 -1.8144527687459764 1.21
      vertex 27.51485245480489 -1.308147545195113 1.21
    endloop
  endfacet
  facet normal 0 0 -1
    outer loop
      vertex 27.28478121724029 -1.027804931086264 1.21
      vertex 29.530964349875415 -1.7091771351458807 1.21
      vertex 29.18391709572984 -1.8144527687459764 1.21
    endloop
  endfacet
  facet normal 0 0 -1
    outer loop
      vertex 27.11382286485412 -0.7079643498754161 1.21
      vertex 29.850804931086266 -1.5382187827597087 1.21
      vertex 29.530964349875415 -1.7091771351458807 1.21
    endloop
  endfacet
  facet normal 0 0 -1
    outer loop
      vertex 33.52300000298023 -3.7000000029802322 1.21
      vertex 30.406375164105867 -2.369688395062254 1.21
      vertex 30.838254326381662 -2.0152543263816605 1.21
    endloop
  endfacet
  facet normal 0 0 -1
    outer loop
      vertex 33.52300000298023 -3.7000000029802322 1.21
      vertex 30.838254326381662 -2.0152543263816605 1.21
      vertex 31.192688395062255 -1.5833751641058662 1.21
    endloop
  endfacet
  facet normal 0 0 -1
    outer loop
      vertex 33.52300000298023 -3.7000000029802322 1.21
      vertex 31.192688395062255 -1.5833751641058662 1.21
      vertex 31.45605666765717 -1.0906477822405058 1.21
    endloop
  endfacet
  facet normal 0 0 -1
    outer loop
      vertex 33.52300000298023 -3.7000000029802322 1.21
      vertex 31.45605666765717 -1.0906477822405058 1.21
      vertex 31.618238049149205 -0.5560074177459655 1.21
    endloop
  endfacet
  facet normal 0 0 -1
    outer loop
      vertex 24.122999997019768 -3.7000000029802322 1.21
      vertex 26.027761950850795 0.5560074177459655 1.21
      vertex 25.973 0 1.21
    endloop
  endfacet
  facet normal 0 0 -1
    outer loop
      vertex 24.122999997019768 -3.7000000029802322 1.21
      vertex 24.122999997019768 3.7000000029802322 1.21
      vertex 26.027761950850795 0.5560074177459655 1.21
    endloop
  endfacet
  facet normal 0 0 -1
    outer loop
      vertex 24.122999997019768 3.7000000029802322 1.21
      vertex 26.189943332342832 1.0906477822405058 1.21
      vertex 26.027761950850795 0.5560074177459655 1.21
    endloop
  endfacet
  facet normal 0 0 -1
    outer loop
      vertex 24.122999997019768 3.7000000029802322 1.21
      vertex 26.453311604937745 1.5833751641058662 1.21
      vertex 26.189943332342832 1.0906477822405058 1.21
    endloop
  endfacet
  facet normal 0 0 -1
    outer loop
      vertex 24.122999997019768 3.7000000029802322 1.21
      vertex 26.80774567361834 2.0152543263816605 1.21
      vertex 26.453311604937745 1.5833751641058662 1.21
    endloop
  endfacet
  facet normal 0 0 -1
    outer loop
      vertex 24.122999997019768 3.7000000029802322 1.21
      vertex 27.239624835894134 2.369688395062254 1.21
      vertex 26.80774567361834 2.0152543263816605 1.21
    endloop
  endfacet
  facet normal 0 0 -1
    outer loop
      vertex 24.122999997019768 3.7000000029802322 1.21
      vertex 27.732352217759495 2.633056667657167 1.21
      vertex 27.239624835894134 2.369688395062254 1.21
    endloop
  endfacet
  facet normal 0 0 -1
    outer loop
      vertex 24.122999997019768 3.7000000029802322 1.21
      vertex 28.266992582254034 2.795238049149207 1.21
      vertex 27.732352217759495 2.633056667657167 1.21
    endloop
  endfacet
  facet normal 0 0 -1
    outer loop
      vertex 27.28478121724029 -1.027804931086264 1.21
      vertex 27.11382286485412 -0.7079643498754161 1.21
      vertex 29.530964349875415 -1.7091771351458807 1.21
    endloop
  endfacet
  facet normal 0 0 -1
    outer loop
      vertex 27.008547231254024 -0.36091709572983727 1.21
      vertex 29.850804931086266 -1.5382187827597087 1.21
      vertex 27.11382286485412 -0.7079643498754161 1.21
    endloop
  endfacet
  facet normal 0 0 -1
    outer loop
      vertex 27.008547231254024 -0.36091709572983727 1.21
      vertex 26.973 0 1.21
      vertex 29.850804931086266 -1.5382187827597087 1.21
    endloop
  endfacet
  facet normal 0 0 -1
    outer loop
      vertex 26.973 0 1.21
      vertex 27.008547231254024 0.36091709572983727 1.21
      vertex 29.850804931086266 -1.5382187827597087 1.21
    endloop
  endfacet
  facet normal 0 0 -1
    outer loop
      vertex 27.28478121724029 1.027804931086264 1.21
      vertex 30.131147545195113 -1.308147545195113 1.21
      vertex 29.850804931086266 -1.5382187827597087 1.21
    endloop
  endfacet
  facet normal 0 0 -1
    outer loop
      vertex 27.28478121724029 1.027804931086264 1.21
      vertex 30.36121878275971 -1.027804931086264 1.21
      vertex 30.131147545195113 -1.308147545195113 1.21
    endloop
  endfacet
  facet normal 0 0 -1
    outer loop
      vertex 27.008547231254024 0.36091709572983727 1.21
      vertex 27.11382286485412 0.7079643498754161 1.21
      vertex 29.850804931086266 -1.5382187827597087 1.21
    endloop
  endfacet
  facet normal 0 0 -1
    outer loop
      vertex 27.11382286485412 0.7079643498754161 1.21
      vertex 27.28478121724029 1.027804931086264 1.21
      vertex 29.850804931086266 -1.5382187827597087 1.21
    endloop
  endfacet
  facet normal 0 0 -1
    outer loop
      vertex 27.51485245480489 1.308147545195113 1.21
      vertex 30.36121878275971 -1.027804931086264 1.21
      vertex 27.28478121724029 1.027804931086264 1.21
    endloop
  endfacet
  facet normal 0 0 -1
    outer loop
      vertex 27.795195068913735 1.5382187827597087 1.21
      vertex 30.53217713514588 -0.7079643498754161 1.21
      vertex 30.36121878275971 -1.027804931086264 1.21
    endloop
  endfacet
  facet normal 0 0 -1
    outer loop
      vertex 27.795195068913735 1.5382187827597087 1.21
      vertex 30.637452768745977 -0.36091709572983727 1.21
      vertex 30.53217713514588 -0.7079643498754161 1.21
    endloop
  endfacet
  facet normal 0 0 -1
    outer loop
      vertex 27.795195068913735 1.5382187827597087 1.21
      vertex 30.673000000000002 0 1.21
      vertex 30.637452768745977 -0.36091709572983727 1.21
    endloop
  endfacet
  facet normal 0 0 -1
    outer loop
      vertex 27.51485245480489 1.308147545195113 1.21
      vertex 27.795195068913735 1.5382187827597087 1.21
      vertex 30.36121878275971 -1.027804931086264 1.21
    endloop
  endfacet
  facet normal 0 0 -1
    outer loop
      vertex 27.795195068913735 1.5382187827597087 1.21
      vertex 28.115035650124586 1.7091771351458807 1.21
      vertex 30.53217713514588 0.7079643498754161 1.21
    endloop
  endfacet
  facet normal 0 0 -1
    outer loop
      vertex 27.795195068913735 1.5382187827597087 1.21
      vertex 30.637452768745977 0.36091709572983727 1.21
      vertex 30.673000000000002 0 1.21
    endloop
  endfacet
  facet normal 0 0 -1
    outer loop
      vertex 27.795195068913735 1.5382187827597087 1.21
      vertex 30.53217713514588 0.7079643498754161 1.21
      vertex 30.637452768745977 0.36091709572983727 1.21
    endloop
  endfacet
  facet normal 0 0 -1
    outer loop
      vertex 28.115035650124586 1.7091771351458807 1.21
      vertex 30.36121878275971 1.027804931086264 1.21
      vertex 30.53217713514588 0.7079643498754161 1.21
    endloop
  endfacet
  facet normal 0 0 -1
    outer loop
      vertex 28.46208290427016 1.8144527687459764 1.21
      vertex 30.131147545195113 1.308147545195113 1.21
      vertex 30.36121878275971 1.027804931086264 1.21
    endloop
  endfacet
  facet normal 0 0 -1
    outer loop
      vertex 28.115035650124586 1.7091771351458807 1.21
      vertex 28.46208290427016 1.8144527687459764 1.21
      vertex 30.36121878275971 1.027804931086264 1.21
    endloop
  endfacet
  facet normal 0 0 -1
    outer loop
      vertex 28.46208290427016 1.8144527687459764 1.21
      vertex 28.823 1.85 1.21
      vertex 30.131147545195113 1.308147545195113 1.21
    endloop
  endfacet
  facet normal 0 0 -1
    outer loop
      vertex 29.850804931086266 1.5382187827597087 1.21
      vertex 28.823 1.85 1.21
      vertex 29.18391709572984 1.8144527687459764 1.21
    endloop
  endfacet
  facet normal 0 0 -1
    outer loop
      vertex 29.850804931086266 1.5382187827597087 1.21
      vertex 30.131147545195113 1.308147545195113 1.21
      vertex 28.823 1.85 1.21
    endloop
  endfacet
  facet normal 0 0 -1
    outer loop
      vertex 29.530964349875415 1.7091771351458807 1.21
      vertex 29.850804931086266 1.5382187827597087 1.21
      vertex 29.18391709572984 1.8144527687459764 1.21
    endloop
  endfacet
  facet normal 0 0 -1
    outer loop
      vertex 33.52300000298023 3.7000000029802322 1.21
      vertex 31.618238049149205 -0.5560074177459655 1.21
      vertex 31.673000000000002 0 1.21
    endloop
  endfacet
  facet normal 0 0 -1
    outer loop
      vertex 33.52300000298023 3.7000000029802322 1.21
      vertex 31.673000000000002 0 1.21
      vertex 31.618238049149205 0.5560074177459655 1.21
    endloop
  endfacet
  facet normal 0 0 -1
    outer loop
      vertex 33.52300000298023 3.7000000029802322 1.21
      vertex 31.618238049149205 0.5560074177459655 1.21
      vertex 31.45605666765717 1.0906477822405058 1.21
    endloop
  endfacet
  facet normal 0 0 -1
    outer loop
      vertex 33.52300000298023 3.7000000029802322 1.21
      vertex 31.45605666765717 1.0906477822405058 1.21
      vertex 31.192688395062255 1.5833751641058662 1.21
    endloop
  endfacet
  facet normal 0 0 -1
    outer loop
      vertex 33.52300000298023 -3.7000000029802322 1.21
      vertex 31.618238049149205 -0.5560074177459655 1.21
      vertex 33.52300000298023 3.7000000029802322 1.21
    endloop
  endfacet
  facet normal 0 0 -1
    outer loop
      vertex 24.122999997019768 3.7000000029802322 1.21
      vertex 33.52300000298023 3.7000000029802322 1.21
      vertex 28.266992582254034 2.795238049149207 1.21
    endloop
  endfacet
  facet normal 0 0 -1
    outer loop
      vertex 33.52300000298023 3.7000000029802322 1.21
      vertex 29.913647782240506 2.633056667657167 1.21
      vertex 29.379007417745967 2.795238049149207 1.21
    endloop
  endfacet
  facet normal 0 0 -1
    outer loop
      vertex 33.52300000298023 3.7000000029802322 1.21
      vertex 31.192688395062255 1.5833751641058662 1.21
      vertex 30.838254326381662 2.0152543263816605 1.21
    endloop
  endfacet
  facet normal 0 0 -1
    outer loop
      vertex 33.52300000298023 3.7000000029802322 1.21
      vertex 30.838254326381662 2.0152543263816605 1.21
      vertex 30.406375164105867 2.369688395062254 1.21
    endloop
  endfacet
  facet normal 0 0 -1
    outer loop
      vertex 33.52300000298023 3.7000000029802322 1.21
      vertex 30.406375164105867 2.369688395062254 1.21
      vertex 29.913647782240506 2.633056667657167 1.21
    endloop
  endfacet
  facet normal 0 0 -1
    outer loop
      vertex 33.52300000298023 3.7000000029802322 1.21
      vertex 28.823 2.85 1.21
      vertex 28.266992582254034 2.795238049149207 1.21
    endloop
  endfacet
  facet normal 0 0 -1
    outer loop
      vertex 33.52300000298023 3.7000000029802322 1.21
      vertex 29.379007417745967 2.795238049149207 1.21
      vertex 28.823 2.85 1.21
    endloop
  endfacet
  facet normal 0 -1 0
    outer loop
      vertex 24.122999997019768 -3.7000000029802322 1.21
      vertex 33.52300000298023 -3.7000000029802322 1.21
      vertex 24.122999997019768 -3.7000000029802322 11.309999999999999
    endloop
  endfacet
  facet normal 1 0 0
    outer loop
      vertex 33.52300000298023 -3.7000000029802322 1.21
      vertex 33.52300000298023 3.7000000029802322 1.21
      vertex 33.52300000298023 -3.7000000029802322 11.309999999999999
    endloop
  endfacet
  facet normal -1 0 0
    outer loop
      vertex 24.122999997019768 -3.7000000029802322 1.21
      vertex 24.122999997019768 3.7000000029802322 11.309999999999999
      vertex 24.122999997019768 3.7000000029802322 1.21
    endloop
  endfacet
  facet normal 0 1 0
    outer loop
      vertex 24.122999997019768 3.7000000029802322 1.21
      vertex 33.52300000298023 3.7000000029802322 11.309999999999999
      vertex 33.52300000298023 3.7000000029802322 1.21
    endloop
  endfacet
  facet normal -1 0 0
    outer loop
      vertex 24.122999997019768 -3.7000000029802322 1.21
      vertex 24.122999997019768 -3.7000000029802322 11.309999999999999
      vertex 24.122999997019768 3.7000000029802322 11.309999999999999
    endloop
  endfacet
  facet normal 0 -1 0
    outer loop
      vertex 24.122999997019768 -3.7000000029802322 11.309999999999999
      vertex 33.52300000298023 -3.7000000029802322 1.21
      vertex 33.52300000298023 -3.7000000029802322 11.309999999999999
    endloop
  endfacet
  facet normal 0 1 0
    outer loop
      vertex 24.122999997019768 3.7000000029802322 1.21
      vertex 24.122999997019768 3.7000000029802322 11.309999999999999
      vertex 33.52300000298023 3.7000000029802322 11.309999999999999
    endloop
  endfacet
  facet normal 1 0 0
    outer loop
      vertex 33.52300000298023 -3.7000000029802322 11.309999999999999
      vertex 33.52300000298023 3.7000000029802322 1.21
      vertex 33.52300000298023 3.7000000029802322 11.309999999999999
    endloop
  endfacet
  facet normal 0 0 1
    outer loop
      vertex 24.122999997019768 -3.7000000029802322 11.309999999999999
      vertex 33.52300000298023 -3.7000000029802322 11.309999999999999
      vertex 24.122999997019768 3.7000000029802322 11.309999999999999
    endloop
  endfacet
  facet normal 0 0 1
    outer loop
      vertex 24.122999997019768 3.7000000029802322 11.309999999999999
      vertex 33.52300000298023 -3.7000000029802322 11.309999999999999
      vertex 33.52300000298023 3.7000000029802322 11.309999999999999
    endloop
  endfacet
  facet normal -0.5665288114872946 -0.8240419320367097 0
    outer loop
      vertex 21.713000000596047 -6.659999996423721 11.31
      vertex 21.552999996721745 -6.549999997019768 12.81
      vertex 21.552999996721745 -6.549999997019768 11.31
    endloop
  endfacet
  facet normal -0.5070201282142704 -0.8619342141866656 0
    outer loop
      vertex 21.713000000596047 -6.659999996423721 11.31
      vertex 21.883000002384186 -6.759999997913837 11.31
      vertex 21.713000000596047 -6.659999996423721 12.81
    endloop
  endfacet
  facet normal -0.7071067811865476 -0.7071067811865476 0
    outer loop
      vertex 21.273000002980233 -6.2700000032782555 11.31
      vertex 21.552999996721745 -6.549999997019768 11.31
      vertex 21.273000002980233 -6.2700000032782555 12.81
    endloop
  endfacet
  facet normal -0.30113133751375853 -0.9535826747415113 0
    outer loop
      vertex 22.052999996721745 -6.850000001490116 11.31
      vertex 22.24300000178814 -6.909999996423721 11.31
      vertex 22.052999996721745 -6.850000001490116 12.81
    endloop
  endfacet
  facet normal -0.4678877471138969 -0.8837879022144862 0
    outer loop
      vertex 22.052999996721745 -6.850000001490116 11.31
      vertex 21.883000002384186 -6.759999997913837 12.81
      vertex 21.883000002384186 -6.759999997913837 11.31
    endloop
  endfacet
  facet normal -0.2544933235460864 -0.9670745308767401 0
    outer loop
      vertex 22.24300000178814 -6.909999996423721 11.31
      vertex 22.432999999403954 -6.96000000089407 11.31
      vertex 22.24300000178814 -6.909999996423721 12.81
    endloop
  endfacet
  facet normal -0.15596258142912728 -0.98776296407284 0
    outer loop
      vertex 22.432999999403954 -6.96000000089407 11.31
      vertex 22.622999997019768 -6.990000002086163 11.31
      vertex 22.432999999403954 -6.96000000089407 12.81
    endloop
  endfacet
  facet normal -0.049937605809800424 -0.9987523394345491 0
    outer loop
      vertex 22.622999997019768 -6.990000002086163 11.31
      vertex 22.823 -7 11.31
      vertex 22.622999997019768 -6.990000002086163 12.81
    endloop
  endfacet
  facet normal -0.8240419320367097 -0.5665288114872946 0
    outer loop
      vertex 21.273000002980233 -6.2700000032782555 11.31
      vertex 21.16300000357628 -6.1099999994039536 12.81
      vertex 21.16300000357628 -6.1099999994039536 11.31
    endloop
  endfacet
  facet normal -0.8619342141866656 -0.5070201282142704 0
    outer loop
      vertex 21.063000002086163 -5.939999997615814 11.31
      vertex 21.16300000357628 -6.1099999994039536 11.31
      vertex 21.063000002086163 -5.939999997615814 12.81
    endloop
  endfacet
  facet normal -0.8837879022144862 -0.4678877471138969 0
    outer loop
      vertex 21.063000002086163 -5.939999997615814 11.31
      vertex 20.972999998509884 -5.7700000032782555 12.81
      vertex 20.972999998509884 -5.7700000032782555 11.31
    endloop
  endfacet
  facet normal -0.9535826747415113 -0.30113133751375853 0
    outer loop
      vertex 20.972999998509884 -5.7700000032782555 11.31
      vertex 20.91300000357628 -5.579999998211861 12.81
      vertex 20.91300000357628 -5.579999998211861 11.31
    endloop
  endfacet
  facet normal -0.9670745308767401 -0.2544933235460864 0
    outer loop
      vertex 20.91300000357628 -5.579999998211861 11.31
      vertex 20.86299999910593 -5.3900000005960464 12.81
      vertex 20.86299999910593 -5.3900000005960464 11.31
    endloop
  endfacet
  facet normal -0.98776296407284 -0.15596258142912728 0
    outer loop
      vertex 20.86299999910593 -5.3900000005960464 11.31
      vertex 20.832999997913838 -5.200000002980232 12.81
      vertex 20.832999997913838 -5.200000002980232 11.31
    endloop
  endfacet
  facet normal -0.9987523394345491 -0.049937605809800424 0
    outer loop
      vertex 20.832999997913838 -5.200000002980232 11.31
      vertex 20.823 -5 12.81
      vertex 20.823 -5 11.31
    endloop
  endfacet
  facet normal 0 0 -1
    outer loop
      vertex 22.432999999403954 -6.96000000089407 11.31
      vertex 35.593000003278256 -6.850000001490116 11.31
      vertex 22.622999997019768 -6.990000002086163 11.31
    endloop
  endfacet
  facet normal 0 0 -1
    outer loop
      vertex 22.622999997019768 -6.990000002086163 11.31
      vertex 35.40299999821186 -6.909999996423721 11.31
      vertex 22.823 -7 11.31
    endloop
  endfacet
  facet normal 0 0 -1
    outer loop
      vertex 22.24300000178814 -6.909999996423721 11.31
      vertex 35.762999997615815 -6.759999997913837 11.31
      vertex 22.432999999403954 -6.96000000089407 11.31
    endloop
  endfacet
  facet normal 0 0 -1
    outer loop
      vertex 22.052999996721745 -6.850000001490116 11.31
      vertex 35.932999999403954 -6.659999996423721 11.31
      vertex 22.24300000178814 -6.909999996423721 11.31
    endloop
  endfacet
  facet normal 0 0 -1
    outer loop
      vertex 22.052999996721745 -6.850000001490116 11.31
      vertex 21.883000002384186 -6.759999997913837 11.31
      vertex 36.093000003278256 -6.549999997019768 11.31
    endloop
  endfacet
  facet normal 0 0 -1
    outer loop
      vertex 21.713000000596047 -6.659999996423721 11.31
      vertex 36.37299999701977 -6.2700000032782555 11.31
      vertex 21.883000002384186 -6.759999997913837 11.31
    endloop
  endfacet
  facet normal 0 0 -1
    outer loop
      vertex 21.713000000596047 -6.659999996423721 11.31
      vertex 21.552999996721745 -6.549999997019768 11.31
      vertex 36.48299999642372 -6.1099999994039536 11.31
    endloop
  endfacet
  facet normal 0 -1 0
    outer loop
      vertex 22.823 -7 11.31
      vertex 34.823 -7 11.31
      vertex 22.823 -7 12.81
    endloop
  endfacet
  facet normal 0 0 -1
    outer loop
      vertex 21.273000002980233 -6.2700000032782555 11.31
      vertex 36.58299999791384 -5.939999997615814 11.31
      vertex 21.552999996721745 -6.549999997019768 11.31
    endloop
  endfacet
  facet normal 0 0 -1
    outer loop
      vertex 21.273000002980233 -6.2700000032782555 11.31
      vertex 21.16300000357628 -6.1099999994039536 11.31
      vertex 36.67300000149012 -5.7700000032782555 11.31
    endloop
  endfacet
  facet normal 0 0 -1
    outer loop
      vertex 21.063000002086163 -5.939999997615814 11.31
      vertex 36.73299999642372 -5.579999998211861 11.31
      vertex 21.16300000357628 -6.1099999994039536 11.31
    endloop
  endfacet
  facet normal 0 0 -1
    outer loop
      vertex 21.063000002086163 -5.939999997615814 11.31
      vertex 20.972999998509884 -5.7700000032782555 11.31
      vertex 36.78300000089407 -5.3900000005960464 11.31
    endloop
  endfacet
  facet normal 0 0 -1
    outer loop
      vertex 20.972999998509884 -5.7700000032782555 11.31
      vertex 20.91300000357628 -5.579999998211861 11.31
      vertex 36.81300000208616 -5.200000002980232 11.31
    endloop
  endfacet
  facet normal 0 0 -1
    outer loop
      vertex 20.91300000357628 -5.579999998211861 11.31
      vertex 20.86299999910593 -5.3900000005960464 11.31
      vertex 36.823 -5 11.31
    endloop
  endfacet
  facet normal -0.5070201282142704 -0.8619342141866656 0
    outer loop
      vertex 21.713000000596047 -6.659999996423721 12.81
      vertex 21.883000002384186 -6.759999997913837 11.31
      vertex 21.883000002384186 -6.759999997913837 12.81
    endloop
  endfacet
  facet normal -0.5665288114872946 -0.8240419320367097 0
    outer loop
      vertex 21.713000000596047 -6.659999996423721 11.31
      vertex 21.713000000596047 -6.659999996423721 12.81
      vertex 21.552999996721745 -6.549999997019768 12.81
    endloop
  endfacet
  facet normal -0.7071067811865476 -0.7071067811865476 0
    outer loop
      vertex 21.552999996721745 -6.549999997019768 11.31
      vertex 21.552999996721745 -6.549999997019768 12.81
      vertex 21.273000002980233 -6.2700000032782555 12.81
    endloop
  endfacet
  facet normal -0.2544933235460864 -0.9670745308767401 0
    outer loop
      vertex 22.432999999403954 -6.96000000089407 11.31
      vertex 22.432999999403954 -6.96000000089407 12.81
      vertex 22.24300000178814 -6.909999996423721 12.81
    endloop
  endfacet
  facet normal -0.30113133751375853 -0.9535826747415113 0
    outer loop
      vertex 22.24300000178814 -6.909999996423721 11.31
      vertex 22.24300000178814 -6.909999996423721 12.81
      vertex 22.052999996721745 -6.850000001490116 12.81
    endloop
  endfacet
  facet normal -0.4678877471138969 -0.8837879022144862 0
    outer loop
      vertex 22.052999996721745 -6.850000001490116 11.31
      vertex 22.052999996721745 -6.850000001490116 12.81
      vertex 21.883000002384186 -6.759999997913837 12.81
    endloop
  endfacet
  facet normal -0.15596258142912728 -0.98776296407284 0
    outer loop
      vertex 22.622999997019768 -6.990000002086163 11.31
      vertex 22.622999997019768 -6.990000002086163 12.81
      vertex 22.432999999403954 -6.96000000089407 12.81
    endloop
  endfacet
  facet normal -0.049937605809800424 -0.9987523394345491 0
    outer loop
      vertex 22.622999997019768 -6.990000002086163 12.81
      vertex 22.823 -7 11.31
      vertex 22.823 -7 12.81
    endloop
  endfacet
  facet normal -0.8240419320367097 -0.5665288114872946 0
    outer loop
      vertex 21.273000002980233 -6.2700000032782555 11.31
      vertex 21.273000002980233 -6.2700000032782555 12.81
      vertex 21.16300000357628 -6.1099999994039536 12.81
    endloop
  endfacet
  facet normal -0.8837879022144862 -0.4678877471138969 0
    outer loop
      vertex 21.063000002086163 -5.939999997615814 11.31
      vertex 21.063000002086163 -5.939999997615814 12.81
      vertex 20.972999998509884 -5.7700000032782555 12.81
    endloop
  endfacet
  facet normal -0.8619342141866656 -0.5070201282142704 0
    outer loop
      vertex 21.16300000357628 -6.1099999994039536 11.31
      vertex 21.16300000357628 -6.1099999994039536 12.81
      vertex 21.063000002086163 -5.939999997615814 12.81
    endloop
  endfacet
  facet normal -0.9535826747415113 -0.30113133751375853 0
    outer loop
      vertex 20.972999998509884 -5.7700000032782555 11.31
      vertex 20.972999998509884 -5.7700000032782555 12.81
      vertex 20.91300000357628 -5.579999998211861 12.81
    endloop
  endfacet
  facet normal -0.9670745308767401 -0.2544933235460864 0
    outer loop
      vertex 20.91300000357628 -5.579999998211861 11.31
      vertex 20.91300000357628 -5.579999998211861 12.81
      vertex 20.86299999910593 -5.3900000005960464 12.81
    endloop
  endfacet
  facet normal -0.98776296407284 -0.15596258142912728 0
    outer loop
      vertex 20.86299999910593 -5.3900000005960464 11.31
      vertex 20.86299999910593 -5.3900000005960464 12.81
      vertex 20.832999997913838 -5.200000002980232 12.81
    endloop
  endfacet
  facet normal -0.9987523394345491 -0.049937605809800424 0
    outer loop
      vertex 20.832999997913838 -5.200000002980232 11.31
      vertex 20.832999997913838 -5.200000002980232 12.81
      vertex 20.823 -5 12.81
    endloop
  endfacet
  facet normal 0 0 1
    outer loop
      vertex 22.432999999403954 -6.96000000089407 12.81
      vertex 22.622999997019768 -6.990000002086163 12.81
      vertex 35.593000003278256 -6.850000001490116 12.81
    endloop
  endfacet
  facet normal 0 0 1
    outer loop
      vertex 22.622999997019768 -6.990000002086163 12.81
      vertex 22.823 -7 12.81
      vertex 35.40299999821186 -6.909999996423721 12.81
    endloop
  endfacet
  facet normal 0 0 1
    outer loop
      vertex 22.24300000178814 -6.909999996423721 12.81
      vertex 22.432999999403954 -6.96000000089407 12.81
      vertex 35.762999997615815 -6.759999997913837 12.81
    endloop
  endfacet
  facet normal 0 0 1
    outer loop
      vertex 22.052999996721745 -6.850000001490116 12.81
      vertex 22.24300000178814 -6.909999996423721 12.81
      vertex 35.932999999403954 -6.659999996423721 12.81
    endloop
  endfacet
  facet normal 0 0 1
    outer loop
      vertex 22.052999996721745 -6.850000001490116 12.81
      vertex 36.093000003278256 -6.549999997019768 12.81
      vertex 21.883000002384186 -6.759999997913837 12.81
    endloop
  endfacet
  facet normal 0 0 1
    outer loop
      vertex 21.713000000596047 -6.659999996423721 12.81
      vertex 21.883000002384186 -6.759999997913837 12.81
      vertex 36.37299999701977 -6.2700000032782555 12.81
    endloop
  endfacet
  facet normal 0 0 1
    outer loop
      vertex 21.713000000596047 -6.659999996423721 12.81
      vertex 36.48299999642372 -6.1099999994039536 12.81
      vertex 21.552999996721745 -6.549999997019768 12.81
    endloop
  endfacet
  facet normal 0 0 1
    outer loop
      vertex 21.273000002980233 -6.2700000032782555 12.81
      vertex 21.552999996721745 -6.549999997019768 12.81
      vertex 36.58299999791384 -5.939999997615814 12.81
    endloop
  endfacet
  facet normal 0 0 1
    outer loop
      vertex 21.273000002980233 -6.2700000032782555 12.81
      vertex 36.67300000149012 -5.7700000032782555 12.81
      vertex 21.16300000357628 -6.1099999994039536 12.81
    endloop
  endfacet
  facet normal 0 0 1
    outer loop
      vertex 21.063000002086163 -5.939999997615814 12.81
      vertex 21.16300000357628 -6.1099999994039536 12.81
      vertex 36.73299999642372 -5.579999998211861 12.81
    endloop
  endfacet
  facet normal 0 0 1
    outer loop
      vertex 21.063000002086163 -5.939999997615814 12.81
      vertex 36.78300000089407 -5.3900000005960464 12.81
      vertex 20.972999998509884 -5.7700000032782555 12.81
    endloop
  endfacet
  facet normal 0 0 1
    outer loop
      vertex 20.972999998509884 -5.7700000032782555 12.81
      vertex 36.81300000208616 -5.200000002980232 12.81
      vertex 20.91300000357628 -5.579999998211861 12.81
    endloop
  endfacet
  facet normal 0 0 1
    outer loop
      vertex 20.91300000357628 -5.579999998211861 12.81
      vertex 36.823 -5 12.81
      vertex 20.86299999910593 -5.3900000005960464 12.81
    endloop
  endfacet
  facet normal 0 0 -1
    outer loop
      vertex 20.86299999910593 -5.3900000005960464 11.31
      vertex 20.832999997913838 -5.200000002980232 11.31
      vertex 36.823 5 11.31
    endloop
  endfacet
  facet normal 0 0 -1
    outer loop
      vertex 20.832999997913838 -5.200000002980232 11.31
      vertex 20.823 -5 11.31
      vertex 36.81300000208616 5.200000002980232 11.31
    endloop
  endfacet
  facet normal -1 0 0
    outer loop
      vertex 20.823 -5 11.31
      vertex 20.823 -5 12.81
      vertex 20.823 5 12.81
    endloop
  endfacet
  facet normal 0 0 1
    outer loop
      vertex 20.86299999910593 -5.3900000005960464 12.81
      vertex 36.823 5 12.81
      vertex 20.832999997913838 -5.200000002980232 12.81
    endloop
  endfacet
  facet normal 0 0 1
    outer loop
      vertex 20.832999997913838 -5.200000002980232 12.81
      vertex 36.81300000208616 5.200000002980232 12.81
      vertex 20.823 -5 12.81
    endloop
  endfacet
  facet normal 0 0 -1
    outer loop
      vertex 22.823 -7 11.31
      vertex 35.21300000059605 -6.96000000089407 11.31
      vertex 34.823 -7 11.31
    endloop
  endfacet
  facet normal 0 0 -1
    outer loop
      vertex 22.823 -7 11.31
      vertex 35.40299999821186 -6.909999996423721 11.31
      vertex 35.21300000059605 -6.96000000089407 11.31
    endloop
  endfacet
  facet normal 0 0 -1
    outer loop
      vertex 22.622999997019768 -6.990000002086163 11.31
      vertex 35.593000003278256 -6.850000001490116 11.31
      vertex 35.40299999821186 -6.909999996423721 11.31
    endloop
  endfacet
  facet normal 0 0 -1
    outer loop
      vertex 22.432999999403954 -6.96000000089407 11.31
      vertex 35.762999997615815 -6.759999997913837 11.31
      vertex 35.593000003278256 -6.850000001490116 11.31
    endloop
  endfacet
  facet normal 0 0 -1
    outer loop
      vertex 22.24300000178814 -6.909999996423721 11.31
      vertex 35.932999999403954 -6.659999996423721 11.31
      vertex 35.762999997615815 -6.759999997913837 11.31
    endloop
  endfacet
  facet normal 0 0 -1
    outer loop
      vertex 22.052999996721745 -6.850000001490116 11.31
      vertex 36.093000003278256 -6.549999997019768 11.31
      vertex 35.932999999403954 -6.659999996423721 11.31
    endloop
  endfacet
  facet normal 0 0 -1
    outer loop
      vertex 21.883000002384186 -6.759999997913837 11.31
      vertex 36.37299999701977 -6.2700000032782555 11.31
      vertex 36.093000003278256 -6.549999997019768 11.31
    endloop
  endfacet
  facet normal 0 0 -1
    outer loop
      vertex 21.713000000596047 -6.659999996423721 11.31
      vertex 36.48299999642372 -6.1099999994039536 11.31
      vertex 36.37299999701977 -6.2700000032782555 11.31
    endloop
  endfacet
  facet normal 0 0 -1
    outer loop
      vertex 21.552999996721745 -6.549999997019768 11.31
      vertex 36.58299999791384 -5.939999997615814 11.31
      vertex 36.48299999642372 -6.1099999994039536 11.31
    endloop
  endfacet
  facet normal 0 0 -1
    outer loop
      vertex 21.273000002980233 -6.2700000032782555 11.31
      vertex 36.67300000149012 -5.7700000032782555 11.31
      vertex 36.58299999791384 -5.939999997615814 11.31
    endloop
  endfacet
  facet normal 0 0 -1
    outer loop
      vertex 21.16300000357628 -6.1099999994039536 11.31
      vertex 36.73299999642372 -5.579999998211861 11.31
      vertex 36.67300000149012 -5.7700000032782555 11.31
    endloop
  endfacet
  facet normal 0 0 -1
    outer loop
      vertex 21.063000002086163 -5.939999997615814 11.31
      vertex 36.78300000089407 -5.3900000005960464 11.31
      vertex 36.73299999642372 -5.579999998211861 11.31
    endloop
  endfacet
  facet normal 0 0 -1
    outer loop
      vertex 20.972999998509884 -5.7700000032782555 11.31
      vertex 36.81300000208616 -5.200000002980232 11.31
      vertex 36.78300000089407 -5.3900000005960464 11.31
    endloop
  endfacet
  facet normal 0 0 -1
    outer loop
      vertex 20.91300000357628 -5.579999998211861 11.31
      vertex 36.823 -5 11.31
      vertex 36.81300000208616 -5.200000002980232 11.31
    endloop
  endfacet
  facet normal 0 0 -1
    outer loop
      vertex 34.823 -7 11.31
      vertex 35.21300000059605 -6.96000000089407 11.31
      vertex 35.02300000298023 -6.990000002086163 11.31
    endloop
  endfacet
  facet normal 0.049937605809800424 -0.9987523394345491 0
    outer loop
      vertex 34.823 -7 11.31
      vertex 35.02300000298023 -6.990000002086163 11.31
      vertex 34.823 -7 12.81
    endloop
  endfacet
  facet normal 0.15596258142912728 -0.98776296407284 0
    outer loop
      vertex 35.02300000298023 -6.990000002086163 11.31
      vertex 35.21300000059605 -6.96000000089407 11.31
      vertex 35.02300000298023 -6.990000002086163 12.81
    endloop
  endfacet
  facet normal 0.2544933235460864 -0.9670745308767401 0
    outer loop
      vertex 35.21300000059605 -6.96000000089407 11.31
      vertex 35.40299999821186 -6.909999996423721 11.31
      vertex 35.21300000059605 -6.96000000089407 12.81
    endloop
  endfacet
  facet normal 0.30113133751375853 -0.9535826747415113 0
    outer loop
      vertex 35.40299999821186 -6.909999996423721 11.31
      vertex 35.593000003278256 -6.850000001490116 11.31
      vertex 35.40299999821186 -6.909999996423721 12.81
    endloop
  endfacet
  facet normal 0.4678877471138969 -0.8837879022144862 0
    outer loop
      vertex 35.593000003278256 -6.850000001490116 11.31
      vertex 35.762999997615815 -6.759999997913837 11.31
      vertex 35.593000003278256 -6.850000001490116 12.81
    endloop
  endfacet
  facet normal 0.5070201282142704 -0.8619342141866656 0
    outer loop
      vertex 35.762999997615815 -6.759999997913837 11.31
      vertex 35.932999999403954 -6.659999996423721 11.31
      vertex 35.762999997615815 -6.759999997913837 12.81
    endloop
  endfacet
  facet normal 0.5665288114872946 -0.8240419320367097 0
    outer loop
      vertex 35.932999999403954 -6.659999996423721 11.31
      vertex 36.093000003278256 -6.549999997019768 11.31
      vertex 35.932999999403954 -6.659999996423721 12.81
    endloop
  endfacet
  facet normal 0.7071067811865476 -0.7071067811865476 0
    outer loop
      vertex 36.093000003278256 -6.549999997019768 11.31
      vertex 36.37299999701977 -6.2700000032782555 11.31
      vertex 36.093000003278256 -6.549999997019768 12.81
    endloop
  endfacet
  facet normal 0.8240419320367097 -0.5665288114872946 0
    outer loop
      vertex 36.37299999701977 -6.2700000032782555 11.31
      vertex 36.48299999642372 -6.1099999994039536 11.31
      vertex 36.37299999701977 -6.2700000032782555 12.81
    endloop
  endfacet
  facet normal 0.8619342141866656 -0.5070201282142704 0
    outer loop
      vertex 36.48299999642372 -6.1099999994039536 11.31
      vertex 36.58299999791384 -5.939999997615814 11.31
      vertex 36.48299999642372 -6.1099999994039536 12.81
    endloop
  endfacet
  facet normal 0.8837879022144862 -0.4678877471138969 0
    outer loop
      vertex 36.58299999791384 -5.939999997615814 11.31
      vertex 36.67300000149012 -5.7700000032782555 11.31
      vertex 36.58299999791384 -5.939999997615814 12.81
    endloop
  endfacet
  facet normal 0.9535826747415113 -0.30113133751375853 0
    outer loop
      vertex 36.67300000149012 -5.7700000032782555 11.31
      vertex 36.73299999642372 -5.579999998211861 11.31
      vertex 36.67300000149012 -5.7700000032782555 12.81
    endloop
  endfacet
  facet normal 0.9670745308767401 -0.2544933235460864 0
    outer loop
      vertex 36.73299999642372 -5.579999998211861 11.31
      vertex 36.78300000089407 -5.3900000005960464 11.31
      vertex 36.73299999642372 -5.579999998211861 12.81
    endloop
  endfacet
  facet normal 0.98776296407284 -0.15596258142912728 0
    outer loop
      vertex 36.78300000089407 -5.3900000005960464 11.31
      vertex 36.81300000208616 -5.200000002980232 11.31
      vertex 36.78300000089407 -5.3900000005960464 12.81
    endloop
  endfacet
  facet normal 0.9987523394345491 -0.049937605809800424 0
    outer loop
      vertex 36.81300000208616 -5.200000002980232 11.31
      vertex 36.823 -5 11.31
      vertex 36.81300000208616 -5.200000002980232 12.81
    endloop
  endfacet
  facet normal 0 -1 0
    outer loop
      vertex 22.823 -7 12.81
      vertex 34.823 -7 11.31
      vertex 34.823 -7 12.81
    endloop
  endfacet
  facet normal 0 0 1
    outer loop
      vertex 22.823 -7 12.81
      vertex 34.823 -7 12.81
      vertex 35.21300000059605 -6.96000000089407 12.81
    endloop
  endfacet
  facet normal 0 0 1
    outer loop
      vertex 22.823 -7 12.81
      vertex 35.21300000059605 -6.96000000089407 12.81
      vertex 35.40299999821186 -6.909999996423721 12.81
    endloop
  endfacet
  facet normal 0 0 1
    outer loop
      vertex 22.622999997019768 -6.990000002086163 12.81
      vertex 35.40299999821186 -6.909999996423721 12.81
      vertex 35.593000003278256 -6.850000001490116 12.81
    endloop
  endfacet
  facet normal 0 0 1
    outer loop
      vertex 22.432999999403954 -6.96000000089407 12.81
      vertex 35.593000003278256 -6.850000001490116 12.81
      vertex 35.762999997615815 -6.759999997913837 12.81
    endloop
  endfacet
  facet normal 0 0 1
    outer loop
      vertex 22.24300000178814 -6.909999996423721 12.81
      vertex 35.762999997615815 -6.759999997913837 12.81
      vertex 35.932999999403954 -6.659999996423721 12.81
    endloop
  endfacet
  facet normal 0 0 1
    outer loop
      vertex 22.052999996721745 -6.850000001490116 12.81
      vertex 35.932999999403954 -6.659999996423721 12.81
      vertex 36.093000003278256 -6.549999997019768 12.81
    endloop
  endfacet
  facet normal 0 0 1
    outer loop
      vertex 21.883000002384186 -6.759999997913837 12.81
      vertex 36.093000003278256 -6.549999997019768 12.81
      vertex 36.37299999701977 -6.2700000032782555 12.81
    endloop
  endfacet
  facet normal 0 0 1
    outer loop
      vertex 21.713000000596047 -6.659999996423721 12.81
      vertex 36.37299999701977 -6.2700000032782555 12.81
      vertex 36.48299999642372 -6.1099999994039536 12.81
    endloop
  endfacet
  facet normal 0 0 1
    outer loop
      vertex 21.552999996721745 -6.549999997019768 12.81
      vertex 36.48299999642372 -6.1099999994039536 12.81
      vertex 36.58299999791384 -5.939999997615814 12.81
    endloop
  endfacet
  facet normal 0 0 1
    outer loop
      vertex 21.273000002980233 -6.2700000032782555 12.81
      vertex 36.58299999791384 -5.939999997615814 12.81
      vertex 36.67300000149012 -5.7700000032782555 12.81
    endloop
  endfacet
  facet normal 0 0 1
    outer loop
      vertex 21.16300000357628 -6.1099999994039536 12.81
      vertex 36.67300000149012 -5.7700000032782555 12.81
      vertex 36.73299999642372 -5.579999998211861 12.81
    endloop
  endfacet
  facet normal 0 0 1
    outer loop
      vertex 21.063000002086163 -5.939999997615814 12.81
      vertex 36.73299999642372 -5.579999998211861 12.81
      vertex 36.78300000089407 -5.3900000005960464 12.81
    endloop
  endfacet
  facet normal 0 0 1
    outer loop
      vertex 20.972999998509884 -5.7700000032782555 12.81
      vertex 36.78300000089407 -5.3900000005960464 12.81
      vertex 36.81300000208616 -5.200000002980232 12.81
    endloop
  endfacet
  facet normal 0 0 1
    outer loop
      vertex 20.91300000357628 -5.579999998211861 12.81
      vertex 36.81300000208616 -5.200000002980232 12.81
      vertex 36.823 -5 12.81
    endloop
  endfacet
  facet normal 0.049937605809800424 -0.9987523394345491 0
    outer loop
      vertex 35.02300000298023 -6.990000002086163 11.31
      vertex 35.02300000298023 -6.990000002086163 12.81
      vertex 34.823 -7 12.81
    endloop
  endfacet
  facet normal 0.15596258142912728 -0.98776296407284 0
    outer loop
      vertex 35.21300000059605 -6.96000000089407 11.31
      vertex 35.21300000059605 -6.96000000089407 12.81
      vertex 35.02300000298023 -6.990000002086163 12.81
    endloop
  endfacet
  facet normal 0.2544933235460864 -0.9670745308767401 0
    outer loop
      vertex 35.40299999821186 -6.909999996423721 11.31
      vertex 35.40299999821186 -6.909999996423721 12.81
      vertex 35.21300000059605 -6.96000000089407 12.81
    endloop
  endfacet
  facet normal 0.30113133751375853 -0.9535826747415113 0
    outer loop
      vertex 35.593000003278256 -6.850000001490116 11.31
      vertex 35.593000003278256 -6.850000001490116 12.81
      vertex 35.40299999821186 -6.909999996423721 12.81
    endloop
  endfacet
  facet normal 0.4678877471138969 -0.8837879022144862 0
    outer loop
      vertex 35.762999997615815 -6.759999997913837 11.31
      vertex 35.762999997615815 -6.759999997913837 12.81
      vertex 35.593000003278256 -6.850000001490116 12.81
    endloop
  endfacet
  facet normal 0.5070201282142704 -0.8619342141866656 0
    outer loop
      vertex 35.762999997615815 -6.759999997913837 12.81
      vertex 35.932999999403954 -6.659999996423721 11.31
      vertex 35.932999999403954 -6.659999996423721 12.81
    endloop
  endfacet
  facet normal 0.5665288114872946 -0.8240419320367097 0
    outer loop
      vertex 36.093000003278256 -6.549999997019768 11.31
      vertex 36.093000003278256 -6.549999997019768 12.81
      vertex 35.932999999403954 -6.659999996423721 12.81
    endloop
  endfacet
  facet normal 0.7071067811865476 -0.7071067811865476 0
    outer loop
      vertex 36.37299999701977 -6.2700000032782555 11.31
      vertex 36.37299999701977 -6.2700000032782555 12.81
      vertex 36.093000003278256 -6.549999997019768 12.81
    endloop
  endfacet
  facet normal 0 0 1
    outer loop
      vertex 34.823 -7 12.81
      vertex 35.02300000298023 -6.990000002086163 12.81
      vertex 35.21300000059605 -6.96000000089407 12.81
    endloop
  endfacet
  facet normal 0.8240419320367097 -0.5665288114872946 0
    outer loop
      vertex 36.37299999701977 -6.2700000032782555 12.81
      vertex 36.48299999642372 -6.1099999994039536 11.31
      vertex 36.48299999642372 -6.1099999994039536 12.81
    endloop
  endfacet
  facet normal 0.8619342141866656 -0.5070201282142704 0
    outer loop
      vertex 36.58299999791384 -5.939999997615814 11.31
      vertex 36.58299999791384 -5.939999997615814 12.81
      vertex 36.48299999642372 -6.1099999994039536 12.81
    endloop
  endfacet
  facet normal 0.8837879022144862 -0.4678877471138969 0
    outer loop
      vertex 36.67300000149012 -5.7700000032782555 11.31
      vertex 36.67300000149012 -5.7700000032782555 12.81
      vertex 36.58299999791384 -5.939999997615814 12.81
    endloop
  endfacet
  facet normal 0.9535826747415113 -0.30113133751375853 0
    outer loop
      vertex 36.73299999642372 -5.579999998211861 11.31
      vertex 36.73299999642372 -5.579999998211861 12.81
      vertex 36.67300000149012 -5.7700000032782555 12.81
    endloop
  endfacet
  facet normal 0.9670745308767401 -0.2544933235460864 0
    outer loop
      vertex 36.78300000089407 -5.3900000005960464 11.31
      vertex 36.78300000089407 -5.3900000005960464 12.81
      vertex 36.73299999642372 -5.579999998211861 12.81
    endloop
  endfacet
  facet normal 0.98776296407284 -0.15596258142912728 0
    outer loop
      vertex 36.78300000089407 -5.3900000005960464 12.81
      vertex 36.81300000208616 -5.200000002980232 11.31
      vertex 36.81300000208616 -5.200000002980232 12.81
    endloop
  endfacet
  facet normal 0.9987523394345491 -0.049937605809800424 0
    outer loop
      vertex 36.823 -5 11.31
      vertex 36.823 -5 12.81
      vertex 36.81300000208616 -5.200000002980232 12.81
    endloop
  endfacet
  facet normal 0 0 -1
    outer loop
      vertex 20.86299999910593 -5.3900000005960464 11.31
      vertex 36.823 5 11.31
      vertex 36.823 -5 11.31
    endloop
  endfacet
  facet normal 1 0 0
    outer loop
      vertex 36.823 -5 11.31
      vertex 36.823 5 11.31
      vertex 36.823 -5 12.81
    endloop
  endfacet
  facet normal 0 0 1
    outer loop
      vertex 20.86299999910593 -5.3900000005960464 12.81
      vertex 36.823 -5 12.81
      vertex 36.823 5 12.81
    endloop
  endfacet
  facet normal -1 0 0
    outer loop
      vertex 20.823 -5 11.31
      vertex 20.823 5 12.81
      vertex 20.823 5 11.31
    endloop
  endfacet
  facet normal 0 0 -1
    outer loop
      vertex 20.823 -5 11.31
      vertex 20.823 5 11.31
      vertex 36.78300000089407 5.3900000005960464 11.31
    endloop
  endfacet
  facet normal 0 0 1
    outer loop
      vertex 20.823 -5 12.81
      vertex 36.78300000089407 5.3900000005960464 12.81
      vertex 20.823 5 12.81
    endloop
  endfacet
  facet normal -0.9987523394345491 0.049937605809800424 0
    outer loop
      vertex 20.823 5 11.31
      vertex 20.832999997913838 5.200000002980232 12.81
      vertex 20.832999997913838 5.200000002980232 11.31
    endloop
  endfacet
  facet normal -0.98776296407284 0.15596258142912728 0
    outer loop
      vertex 20.832999997913838 5.200000002980232 11.31
      vertex 20.86299999910593 5.3900000005960464 12.81
      vertex 20.86299999910593 5.3900000005960464 11.31
    endloop
  endfacet
  facet normal -0.9670745308767401 0.2544933235460864 0
    outer loop
      vertex 20.86299999910593 5.3900000005960464 11.31
      vertex 20.91300000357628 5.579999998211861 12.81
      vertex 20.91300000357628 5.579999998211861 11.31
    endloop
  endfacet
  facet normal 0 0 -1
    outer loop
      vertex 20.823 5 11.31
      vertex 20.832999997913838 5.200000002980232 11.31
      vertex 36.73299999642372 5.579999998211861 11.31
    endloop
  endfacet
  facet normal 0 0 -1
    outer loop
      vertex 20.832999997913838 5.200000002980232 11.31
      vertex 20.86299999910593 5.3900000005960464 11.31
      vertex 36.67300000149012 5.7700000032782555 11.31
    endloop
  endfacet
  facet normal 0 0 -1
    outer loop
      vertex 20.86299999910593 5.3900000005960464 11.31
      vertex 20.91300000357628 5.579999998211861 11.31
      vertex 36.58299999791384 5.939999997615814 11.31
    endloop
  endfacet
  facet normal -0.9987523394345491 0.049937605809800424 0
    outer loop
      vertex 20.823 5 11.31
      vertex 20.823 5 12.81
      vertex 20.832999997913838 5.200000002980232 12.81
    endloop
  endfacet
  facet normal -0.98776296407284 0.15596258142912728 0
    outer loop
      vertex 20.832999997913838 5.200000002980232 11.31
      vertex 20.832999997913838 5.200000002980232 12.81
      vertex 20.86299999910593 5.3900000005960464 12.81
    endloop
  endfacet
  facet normal -0.9670745308767401 0.2544933235460864 0
    outer loop
      vertex 20.86299999910593 5.3900000005960464 11.31
      vertex 20.86299999910593 5.3900000005960464 12.81
      vertex 20.91300000357628 5.579999998211861 12.81
    endloop
  endfacet
  facet normal -0.9535826747415113 0.30113133751375853 0
    outer loop
      vertex 20.91300000357628 5.579999998211861 11.31
      vertex 20.91300000357628 5.579999998211861 12.81
      vertex 20.972999998509884 5.7700000032782555 12.81
    endloop
  endfacet
  facet normal 0 0 1
    outer loop
      vertex 20.823 5 12.81
      vertex 36.73299999642372 5.579999998211861 12.81
      vertex 20.832999997913838 5.200000002980232 12.81
    endloop
  endfacet
  facet normal 0 0 1
    outer loop
      vertex 20.832999997913838 5.200000002980232 12.81
      vertex 36.67300000149012 5.7700000032782555 12.81
      vertex 20.86299999910593 5.3900000005960464 12.81
    endloop
  endfacet
  facet normal 0 0 1
    outer loop
      vertex 20.86299999910593 5.3900000005960464 12.81
      vertex 36.58299999791384 5.939999997615814 12.81
      vertex 20.91300000357628 5.579999998211861 12.81
    endloop
  endfacet
  facet normal 0 0 -1
    outer loop
      vertex 20.832999997913838 -5.200000002980232 11.31
      vertex 36.81300000208616 5.200000002980232 11.31
      vertex 36.823 5 11.31
    endloop
  endfacet
  facet normal 0 0 -1
    outer loop
      vertex 20.823 -5 11.31
      vertex 36.78300000089407 5.3900000005960464 11.31
      vertex 36.81300000208616 5.200000002980232 11.31
    endloop
  endfacet
  facet normal 0 0 1
    outer loop
      vertex 20.832999997913838 -5.200000002980232 12.81
      vertex 36.823 5 12.81
      vertex 36.81300000208616 5.200000002980232 12.81
    endloop
  endfacet
  facet normal 0 0 1
    outer loop
      vertex 20.823 -5 12.81
      vertex 36.81300000208616 5.200000002980232 12.81
      vertex 36.78300000089407 5.3900000005960464 12.81
    endloop
  endfacet
  facet normal 1 0 0
    outer loop
      vertex 36.823 -5 12.81
      vertex 36.823 5 11.31
      vertex 36.823 5 12.81
    endloop
  endfacet
  facet normal 0 0 -1
    outer loop
      vertex 20.823 5 11.31
      vertex 36.73299999642372 5.579999998211861 11.31
      vertex 36.78300000089407 5.3900000005960464 11.31
    endloop
  endfacet
  facet normal 0 0 -1
    outer loop
      vertex 20.832999997913838 5.200000002980232 11.31
      vertex 36.67300000149012 5.7700000032782555 11.31
      vertex 36.73299999642372 5.579999998211861 11.31
    endloop
  endfacet
  facet normal 0.9987523394345491 0.049937605809800424 0
    outer loop
      vertex 36.823 5 11.31
      vertex 36.81300000208616 5.200000002980232 11.31
      vertex 36.823 5 12.81
    endloop
  endfacet
  facet normal 0.98776296407284 0.15596258142912728 0
    outer loop
      vertex 36.81300000208616 5.200000002980232 11.31
      vertex 36.78300000089407 5.3900000005960464 11.31
      vertex 36.81300000208616 5.200000002980232 12.81
    endloop
  endfacet
  facet normal 0.9670745308767401 0.2544933235460864 0
    outer loop
      vertex 36.78300000089407 5.3900000005960464 11.31
      vertex 36.73299999642372 5.579999998211861 11.31
      vertex 36.78300000089407 5.3900000005960464 12.81
    endloop
  endfacet
  facet normal 0.9535826747415113 0.30113133751375853 0
    outer loop
      vertex 36.73299999642372 5.579999998211861 11.31
      vertex 36.67300000149012 5.7700000032782555 11.31
      vertex 36.73299999642372 5.579999998211861 12.81
    endloop
  endfacet
  facet normal 0 0 1
    outer loop
      vertex 20.823 5 12.81
      vertex 36.78300000089407 5.3900000005960464 12.81
      vertex 36.73299999642372 5.579999998211861 12.81
    endloop
  endfacet
  facet normal 0 0 1
    outer loop
      vertex 20.832999997913838 5.200000002980232 12.81
      vertex 36.73299999642372 5.579999998211861 12.81
      vertex 36.67300000149012 5.7700000032782555 12.81
    endloop
  endfacet
  facet normal 0.9987523394345491 0.049937605809800424 0
    outer loop
      vertex 36.81300000208616 5.200000002980232 11.31
      vertex 36.81300000208616 5.200000002980232 12.81
      vertex 36.823 5 12.81
    endloop
  endfacet
  facet normal 0.98776296407284 0.15596258142912728 0
    outer loop
      vertex 36.81300000208616 5.200000002980232 12.81
      vertex 36.78300000089407 5.3900000005960464 11.31
      vertex 36.78300000089407 5.3900000005960464 12.81
    endloop
  endfacet
  facet normal 0.9670745308767401 0.2544933235460864 0
    outer loop
      vertex 36.73299999642372 5.579999998211861 11.31
      vertex 36.73299999642372 5.579999998211861 12.81
      vertex 36.78300000089407 5.3900000005960464 12.81
    endloop
  endfacet
  facet normal 0 0 -1
    outer loop
      vertex 22.432999999403954 6.96000000089407 11.31
      vertex 22.622999997019768 6.990000002086163 11.31
      vertex 22.823 7 11.31
    endloop
  endfacet
  facet normal -0.9535826747415113 0.30113133751375853 0
    outer loop
      vertex 20.91300000357628 5.579999998211861 11.31
      vertex 20.972999998509884 5.7700000032782555 12.81
      vertex 20.972999998509884 5.7700000032782555 11.31
    endloop
  endfacet
  facet normal -0.8837879022144862 0.4678877471138969 0
    outer loop
      vertex 20.972999998509884 5.7700000032782555 11.31
      vertex 21.063000002086163 5.939999997615814 12.81
      vertex 21.063000002086163 5.939999997615814 11.31
    endloop
  endfacet
  facet normal -0.8619342141866656 0.5070201282142704 0
    outer loop
      vertex 21.063000002086163 5.939999997615814 11.31
      vertex 21.16300000357628 6.1099999994039536 12.81
      vertex 21.16300000357628 6.1099999994039536 11.31
    endloop
  endfacet
  facet normal -0.8240419320367097 0.5665288114872946 0
    outer loop
      vertex 21.16300000357628 6.1099999994039536 11.31
      vertex 21.273000002980233 6.2700000032782555 12.81
      vertex 21.273000002980233 6.2700000032782555 11.31
    endloop
  endfacet
  facet normal -0.7071067811865476 0.7071067811865476 0
    outer loop
      vertex 21.273000002980233 6.2700000032782555 11.31
      vertex 21.552999996721745 6.549999997019768 12.81
      vertex 21.552999996721745 6.549999997019768 11.31
    endloop
  endfacet
  facet normal -0.5665288114872946 0.8240419320367097 0
    outer loop
      vertex 21.552999996721745 6.549999997019768 11.31
      vertex 21.713000000596047 6.659999996423721 12.81
      vertex 21.713000000596047 6.659999996423721 11.31
    endloop
  endfacet
  facet normal -0.5070201282142704 0.8619342141866656 0
    outer loop
      vertex 21.713000000596047 6.659999996423721 11.31
      vertex 21.883000002384186 6.759999997913837 12.81
      vertex 21.883000002384186 6.759999997913837 11.31
    endloop
  endfacet
  facet normal -0.4678877471138969 0.8837879022144862 0
    outer loop
      vertex 21.883000002384186 6.759999997913837 11.31
      vertex 22.052999996721745 6.850000001490116 12.81
      vertex 22.052999996721745 6.850000001490116 11.31
    endloop
  endfacet
  facet normal -0.30113133751375853 0.9535826747415113 0
    outer loop
      vertex 22.052999996721745 6.850000001490116 11.31
      vertex 22.24300000178814 6.909999996423721 12.81
      vertex 22.24300000178814 6.909999996423721 11.31
    endloop
  endfacet
  facet normal -0.2544933235460864 0.9670745308767401 0
    outer loop
      vertex 22.24300000178814 6.909999996423721 11.31
      vertex 22.432999999403954 6.96000000089407 12.81
      vertex 22.432999999403954 6.96000000089407 11.31
    endloop
  endfacet
  facet normal -0.15596258142912728 0.98776296407284 0
    outer loop
      vertex 22.432999999403954 6.96000000089407 11.31
      vertex 22.622999997019768 6.990000002086163 12.81
      vertex 22.622999997019768 6.990000002086163 11.31
    endloop
  endfacet
  facet normal -0.049937605809800424 0.9987523394345491 0
    outer loop
      vertex 22.622999997019768 6.990000002086163 11.31
      vertex 22.823 7 12.81
      vertex 22.823 7 11.31
    endloop
  endfacet
  facet normal 0 0 -1
    outer loop
      vertex 20.91300000357628 5.579999998211861 11.31
      vertex 20.972999998509884 5.7700000032782555 11.31
      vertex 36.48299999642372 6.1099999994039536 11.31
    endloop
  endfacet
  facet normal 0 0 -1
    outer loop
      vertex 20.972999998509884 5.7700000032782555 11.31
      vertex 21.063000002086163 5.939999997615814 11.31
      vertex 36.37299999701977 6.2700000032782555 11.31
    endloop
  endfacet
  facet normal 0 0 -1
    outer loop
      vertex 21.063000002086163 5.939999997615814 11.31
      vertex 21.16300000357628 6.1099999994039536 11.31
      vertex 36.093000003278256 6.549999997019768 11.31
    endloop
  endfacet
  facet normal 0 0 -1
    outer loop
      vertex 21.16300000357628 6.1099999994039536 11.31
      vertex 21.273000002980233 6.2700000032782555 11.31
      vertex 35.932999999403954 6.659999996423721 11.31
    endloop
  endfacet
  facet normal 0 0 -1
    outer loop
      vertex 21.273000002980233 6.2700000032782555 11.31
      vertex 21.552999996721745 6.549999997019768 11.31
      vertex 35.762999997615815 6.759999997913837 11.31
    endloop
  endfacet
  facet normal 0 0 -1
    outer loop
      vertex 21.552999996721745 6.549999997019768 11.31
      vertex 21.713000000596047 6.659999996423721 11.31
      vertex 35.593000003278256 6.850000001490116 11.31
    endloop
  endfacet
  facet normal 0 0 -1
    outer loop
      vertex 21.713000000596047 6.659999996423721 11.31
      vertex 21.883000002384186 6.759999997913837 11.31
      vertex 35.40299999821186 6.909999996423721 11.31
    endloop
  endfacet
  facet normal 0 0 -1
    outer loop
      vertex 21.883000002384186 6.759999997913837 11.31
      vertex 22.052999996721745 6.850000001490116 11.31
      vertex 35.21300000059605 6.96000000089407 11.31
    endloop
  endfacet
  facet normal 0 0 -1
    outer loop
      vertex 22.052999996721745 6.850000001490116 11.31
      vertex 22.24300000178814 6.909999996423721 11.31
      vertex 35.02300000298023 6.990000002086163 11.31
    endloop
  endfacet
  facet normal 0 0 -1
    outer loop
      vertex 22.24300000178814 6.909999996423721 11.31
      vertex 22.432999999403954 6.96000000089407 11.31
      vertex 34.823 7 11.31
    endloop
  endfacet
  facet normal 0 0 -1
    outer loop
      vertex 22.432999999403954 6.96000000089407 11.31
      vertex 22.823 7 11.31
      vertex 34.823 7 11.31
    endloop
  endfacet
  facet normal -0.8837879022144862 0.4678877471138969 0
    outer loop
      vertex 20.972999998509884 5.7700000032782555 11.31
      vertex 20.972999998509884 5.7700000032782555 12.81
      vertex 21.063000002086163 5.939999997615814 12.81
    endloop
  endfacet
  facet normal -0.8619342141866656 0.5070201282142704 0
    outer loop
      vertex 21.063000002086163 5.939999997615814 11.31
      vertex 21.063000002086163 5.939999997615814 12.81
      vertex 21.16300000357628 6.1099999994039536 12.81
    endloop
  endfacet
  facet normal -0.8240419320367097 0.5665288114872946 0
    outer loop
      vertex 21.16300000357628 6.1099999994039536 11.31
      vertex 21.16300000357628 6.1099999994039536 12.81
      vertex 21.273000002980233 6.2700000032782555 12.81
    endloop
  endfacet
  facet normal -0.7071067811865476 0.7071067811865476 0
    outer loop
      vertex 21.273000002980233 6.2700000032782555 11.31
      vertex 21.273000002980233 6.2700000032782555 12.81
      vertex 21.552999996721745 6.549999997019768 12.81
    endloop
  endfacet
  facet normal -0.5665288114872946 0.8240419320367097 0
    outer loop
      vertex 21.552999996721745 6.549999997019768 11.31
      vertex 21.552999996721745 6.549999997019768 12.81
      vertex 21.713000000596047 6.659999996423721 12.81
    endloop
  endfacet
  facet normal -0.5070201282142704 0.8619342141866656 0
    outer loop
      vertex 21.713000000596047 6.659999996423721 11.31
      vertex 21.713000000596047 6.659999996423721 12.81
      vertex 21.883000002384186 6.759999997913837 12.81
    endloop
  endfacet
  facet normal -0.4678877471138969 0.8837879022144862 0
    outer loop
      vertex 21.883000002384186 6.759999997913837 11.31
      vertex 21.883000002384186 6.759999997913837 12.81
      vertex 22.052999996721745 6.850000001490116 12.81
    endloop
  endfacet
  facet normal -0.30113133751375853 0.9535826747415113 0
    outer loop
      vertex 22.052999996721745 6.850000001490116 11.31
      vertex 22.052999996721745 6.850000001490116 12.81
      vertex 22.24300000178814 6.909999996423721 12.81
    endloop
  endfacet
  facet normal -0.2544933235460864 0.9670745308767401 0
    outer loop
      vertex 22.24300000178814 6.909999996423721 11.31
      vertex 22.24300000178814 6.909999996423721 12.81
      vertex 22.432999999403954 6.96000000089407 12.81
    endloop
  endfacet
  facet normal -0.15596258142912728 0.98776296407284 0
    outer loop
      vertex 22.432999999403954 6.96000000089407 11.31
      vertex 22.432999999403954 6.96000000089407 12.81
      vertex 22.622999997019768 6.990000002086163 12.81
    endloop
  endfacet
  facet normal -0.049937605809800424 0.9987523394345491 0
    outer loop
      vertex 22.622999997019768 6.990000002086163 11.31
      vertex 22.622999997019768 6.990000002086163 12.81
      vertex 22.823 7 12.81
    endloop
  endfacet
  facet normal 0 0 1
    outer loop
      vertex 22.432999999403954 6.96000000089407 12.81
      vertex 22.823 7 12.81
      vertex 22.622999997019768 6.990000002086163 12.81
    endloop
  endfacet
  facet normal 0 1 0
    outer loop
      vertex 22.823 7 11.31
      vertex 22.823 7 12.81
      vertex 34.823 7 12.81
    endloop
  endfacet
  facet normal 0 0 1
    outer loop
      vertex 20.91300000357628 5.579999998211861 12.81
      vertex 36.48299999642372 6.1099999994039536 12.81
      vertex 20.972999998509884 5.7700000032782555 12.81
    endloop
  endfacet
  facet normal 0 0 1
    outer loop
      vertex 20.972999998509884 5.7700000032782555 12.81
      vertex 36.37299999701977 6.2700000032782555 12.81
      vertex 21.063000002086163 5.939999997615814 12.81
    endloop
  endfacet
  facet normal 0 0 1
    outer loop
      vertex 21.063000002086163 5.939999997615814 12.81
      vertex 36.093000003278256 6.549999997019768 12.81
      vertex 21.16300000357628 6.1099999994039536 12.81
    endloop
  endfacet
  facet normal 0 0 1
    outer loop
      vertex 21.16300000357628 6.1099999994039536 12.81
      vertex 35.932999999403954 6.659999996423721 12.81
      vertex 21.273000002980233 6.2700000032782555 12.81
    endloop
  endfacet
  facet normal 0 0 1
    outer loop
      vertex 21.273000002980233 6.2700000032782555 12.81
      vertex 35.762999997615815 6.759999997913837 12.81
      vertex 21.552999996721745 6.549999997019768 12.81
    endloop
  endfacet
  facet normal 0 0 1
    outer loop
      vertex 21.552999996721745 6.549999997019768 12.81
      vertex 35.593000003278256 6.850000001490116 12.81
      vertex 21.713000000596047 6.659999996423721 12.81
    endloop
  endfacet
  facet normal 0 0 1
    outer loop
      vertex 21.713000000596047 6.659999996423721 12.81
      vertex 35.40299999821186 6.909999996423721 12.81
      vertex 21.883000002384186 6.759999997913837 12.81
    endloop
  endfacet
  facet normal 0 0 1
    outer loop
      vertex 21.883000002384186 6.759999997913837 12.81
      vertex 35.21300000059605 6.96000000089407 12.81
      vertex 22.052999996721745 6.850000001490116 12.81
    endloop
  endfacet
  facet normal 0 0 1
    outer loop
      vertex 22.052999996721745 6.850000001490116 12.81
      vertex 35.02300000298023 6.990000002086163 12.81
      vertex 22.24300000178814 6.909999996423721 12.81
    endloop
  endfacet
  facet normal 0 0 1
    outer loop
      vertex 22.24300000178814 6.909999996423721 12.81
      vertex 34.823 7 12.81
      vertex 22.432999999403954 6.96000000089407 12.81
    endloop
  endfacet
  facet normal 0 0 1
    outer loop
      vertex 22.432999999403954 6.96000000089407 12.81
      vertex 34.823 7 12.81
      vertex 22.823 7 12.81
    endloop
  endfacet
  facet normal 0 0 -1
    outer loop
      vertex 21.16300000357628 6.1099999994039536 11.31
      vertex 35.932999999403954 6.659999996423721 11.31
      vertex 36.093000003278256 6.549999997019768 11.31
    endloop
  endfacet
  facet normal 0 0 -1
    outer loop
      vertex 20.86299999910593 5.3900000005960464 11.31
      vertex 36.58299999791384 5.939999997615814 11.31
      vertex 36.67300000149012 5.7700000032782555 11.31
    endloop
  endfacet
  facet normal 0 0 -1
    outer loop
      vertex 20.91300000357628 5.579999998211861 11.31
      vertex 36.48299999642372 6.1099999994039536 11.31
      vertex 36.58299999791384 5.939999997615814 11.31
    endloop
  endfacet
  facet normal 0 0 -1
    outer loop
      vertex 20.972999998509884 5.7700000032782555 11.31
      vertex 36.37299999701977 6.2700000032782555 11.31
      vertex 36.48299999642372 6.1099999994039536 11.31
    endloop
  endfacet
  facet normal 0 0 -1
    outer loop
      vertex 21.063000002086163 5.939999997615814 11.31
      vertex 36.093000003278256 6.549999997019768 11.31
      vertex 36.37299999701977 6.2700000032782555 11.31
    endloop
  endfacet
  facet normal 0 0 -1
    outer loop
      vertex 21.273000002980233 6.2700000032782555 11.31
      vertex 35.762999997615815 6.759999997913837 11.31
      vertex 35.932999999403954 6.659999996423721 11.31
    endloop
  endfacet
  facet normal 0 0 -1
    outer loop
      vertex 21.552999996721745 6.549999997019768 11.31
      vertex 35.593000003278256 6.850000001490116 11.31
      vertex 35.762999997615815 6.759999997913837 11.31
    endloop
  endfacet
  facet normal 0 0 -1
    outer loop
      vertex 21.883000002384186 6.759999997913837 11.31
      vertex 35.21300000059605 6.96000000089407 11.31
      vertex 35.40299999821186 6.909999996423721 11.31
    endloop
  endfacet
  facet normal 0 0 -1
    outer loop
      vertex 22.052999996721745 6.850000001490116 11.31
      vertex 35.02300000298023 6.990000002086163 11.31
      vertex 35.21300000059605 6.96000000089407 11.31
    endloop
  endfacet
  facet normal 0 0 -1
    outer loop
      vertex 21.713000000596047 6.659999996423721 11.31
      vertex 35.40299999821186 6.909999996423721 11.31
      vertex 35.593000003278256 6.850000001490116 11.31
    endloop
  endfacet
  facet normal 0 0 -1
    outer loop
      vertex 22.24300000178814 6.909999996423721 11.31
      vertex 34.823 7 11.31
      vertex 35.02300000298023 6.990000002086163 11.31
    endloop
  endfacet
  facet normal 0 1 0
    outer loop
      vertex 22.823 7 11.31
      vertex 34.823 7 12.81
      vertex 34.823 7 11.31
    endloop
  endfacet
  facet normal 0.8837879022144862 0.4678877471138969 0
    outer loop
      vertex 36.67300000149012 5.7700000032782555 11.31
      vertex 36.58299999791384 5.939999997615814 11.31
      vertex 36.67300000149012 5.7700000032782555 12.81
    endloop
  endfacet
  facet normal 0.8619342141866656 0.5070201282142704 0
    outer loop
      vertex 36.48299999642372 6.1099999994039536 11.31
      vertex 36.58299999791384 5.939999997615814 12.81
      vertex 36.58299999791384 5.939999997615814 11.31
    endloop
  endfacet
  facet normal 0.7071067811865476 0.7071067811865476 0
    outer loop
      vertex 36.093000003278256 6.549999997019768 11.31
      vertex 36.37299999701977 6.2700000032782555 12.81
      vertex 36.37299999701977 6.2700000032782555 11.31
    endloop
  endfacet
  facet normal 0.8240419320367097 0.5665288114872946 0
    outer loop
      vertex 36.48299999642372 6.1099999994039536 11.31
      vertex 36.37299999701977 6.2700000032782555 11.31
      vertex 36.48299999642372 6.1099999994039536 12.81
    endloop
  endfacet
  facet normal 0.2544933235460864 0.9670745308767401 0
    outer loop
      vertex 35.21300000059605 6.96000000089407 11.31
      vertex 35.40299999821186 6.909999996423721 12.81
      vertex 35.40299999821186 6.909999996423721 11.31
    endloop
  endfacet
  facet normal 0.4678877471138969 0.8837879022144862 0
    outer loop
      vertex 35.762999997615815 6.759999997913837 11.31
      vertex 35.593000003278256 6.850000001490116 11.31
      vertex 35.762999997615815 6.759999997913837 12.81
    endloop
  endfacet
  facet normal 0.30113133751375853 0.9535826747415113 0
    outer loop
      vertex 35.40299999821186 6.909999996423721 11.31
      vertex 35.593000003278256 6.850000001490116 12.81
      vertex 35.593000003278256 6.850000001490116 11.31
    endloop
  endfacet
  facet normal 0.049937605809800424 0.9987523394345491 0
    outer loop
      vertex 34.823 7 11.31
      vertex 35.02300000298023 6.990000002086163 12.81
      vertex 35.02300000298023 6.990000002086163 11.31
    endloop
  endfacet
  facet normal 0.15596258142912728 0.98776296407284 0
    outer loop
      vertex 35.02300000298023 6.990000002086163 11.31
      vertex 35.21300000059605 6.96000000089407 12.81
      vertex 35.21300000059605 6.96000000089407 11.31
    endloop
  endfacet
  facet normal 0.5665288114872946 0.8240419320367097 0
    outer loop
      vertex 36.093000003278256 6.549999997019768 11.31
      vertex 35.932999999403954 6.659999996423721 11.31
      vertex 36.093000003278256 6.549999997019768 12.81
    endloop
  endfacet
  facet normal 0.5070201282142704 0.8619342141866656 0
    outer loop
      vertex 35.762999997615815 6.759999997913837 11.31
      vertex 35.932999999403954 6.659999996423721 12.81
      vertex 35.932999999403954 6.659999996423721 11.31
    endloop
  endfacet
  facet normal 0 0 1
    outer loop
      vertex 21.16300000357628 6.1099999994039536 12.81
      vertex 36.093000003278256 6.549999997019768 12.81
      vertex 35.932999999403954 6.659999996423721 12.81
    endloop
  endfacet
  facet normal 0 0 1
    outer loop
      vertex 20.86299999910593 5.3900000005960464 12.81
      vertex 36.67300000149012 5.7700000032782555 12.81
      vertex 36.58299999791384 5.939999997615814 12.81
    endloop
  endfacet
  facet normal 0 0 1
    outer loop
      vertex 20.91300000357628 5.579999998211861 12.81
      vertex 36.58299999791384 5.939999997615814 12.81
      vertex 36.48299999642372 6.1099999994039536 12.81
    endloop
  endfacet
  facet normal 0 0 1
    outer loop
      vertex 20.972999998509884 5.7700000032782555 12.81
      vertex 36.48299999642372 6.1099999994039536 12.81
      vertex 36.37299999701977 6.2700000032782555 12.81
    endloop
  endfacet
  facet normal 0 0 1
    outer loop
      vertex 21.063000002086163 5.939999997615814 12.81
      vertex 36.37299999701977 6.2700000032782555 12.81
      vertex 36.093000003278256 6.549999997019768 12.81
    endloop
  endfacet
  facet normal 0 0 1
    outer loop
      vertex 21.273000002980233 6.2700000032782555 12.81
      vertex 35.932999999403954 6.659999996423721 12.81
      vertex 35.762999997615815 6.759999997913837 12.81
    endloop
  endfacet
  facet normal 0 0 1
    outer loop
      vertex 21.552999996721745 6.549999997019768 12.81
      vertex 35.762999997615815 6.759999997913837 12.81
      vertex 35.593000003278256 6.850000001490116 12.81
    endloop
  endfacet
  facet normal 0 0 1
    outer loop
      vertex 21.883000002384186 6.759999997913837 12.81
      vertex 35.40299999821186 6.909999996423721 12.81
      vertex 35.21300000059605 6.96000000089407 12.81
    endloop
  endfacet
  facet normal 0 0 1
    outer loop
      vertex 22.052999996721745 6.850000001490116 12.81
      vertex 35.21300000059605 6.96000000089407 12.81
      vertex 35.02300000298023 6.990000002086163 12.81
    endloop
  endfacet
  facet normal 0 0 1
    outer loop
      vertex 21.713000000596047 6.659999996423721 12.81
      vertex 35.593000003278256 6.850000001490116 12.81
      vertex 35.40299999821186 6.909999996423721 12.81
    endloop
  endfacet
  facet normal 0 0 1
    outer loop
      vertex 22.24300000178814 6.909999996423721 12.81
      vertex 35.02300000298023 6.990000002086163 12.81
      vertex 34.823 7 12.81
    endloop
  endfacet
  facet normal 0.8837879022144862 0.4678877471138969 0
    outer loop
      vertex 36.58299999791384 5.939999997615814 11.31
      vertex 36.58299999791384 5.939999997615814 12.81
      vertex 36.67300000149012 5.7700000032782555 12.81
    endloop
  endfacet
  facet normal 0.9535826747415113 0.30113133751375853 0
    outer loop
      vertex 36.67300000149012 5.7700000032782555 11.31
      vertex 36.67300000149012 5.7700000032782555 12.81
      vertex 36.73299999642372 5.579999998211861 12.81
    endloop
  endfacet
  facet normal 0.8619342141866656 0.5070201282142704 0
    outer loop
      vertex 36.48299999642372 6.1099999994039536 11.31
      vertex 36.48299999642372 6.1099999994039536 12.81
      vertex 36.58299999791384 5.939999997615814 12.81
    endloop
  endfacet
  facet normal 0.7071067811865476 0.7071067811865476 0
    outer loop
      vertex 36.093000003278256 6.549999997019768 11.31
      vertex 36.093000003278256 6.549999997019768 12.81
      vertex 36.37299999701977 6.2700000032782555 12.81
    endloop
  endfacet
  facet normal 0.8240419320367097 0.5665288114872946 0
    outer loop
      vertex 36.48299999642372 6.1099999994039536 12.81
      vertex 36.37299999701977 6.2700000032782555 11.31
      vertex 36.37299999701977 6.2700000032782555 12.81
    endloop
  endfacet
  facet normal 0.2544933235460864 0.9670745308767401 0
    outer loop
      vertex 35.21300000059605 6.96000000089407 11.31
      vertex 35.21300000059605 6.96000000089407 12.81
      vertex 35.40299999821186 6.909999996423721 12.81
    endloop
  endfacet
  facet normal 0.30113133751375853 0.9535826747415113 0
    outer loop
      vertex 35.40299999821186 6.909999996423721 11.31
      vertex 35.40299999821186 6.909999996423721 12.81
      vertex 35.593000003278256 6.850000001490116 12.81
    endloop
  endfacet
  facet normal 0.4678877471138969 0.8837879022144862 0
    outer loop
      vertex 35.593000003278256 6.850000001490116 11.31
      vertex 35.593000003278256 6.850000001490116 12.81
      vertex 35.762999997615815 6.759999997913837 12.81
    endloop
  endfacet
  facet normal 0.049937605809800424 0.9987523394345491 0
    outer loop
      vertex 34.823 7 11.31
      vertex 34.823 7 12.81
      vertex 35.02300000298023 6.990000002086163 12.81
    endloop
  endfacet
  facet normal 0.15596258142912728 0.98776296407284 0
    outer loop
      vertex 35.02300000298023 6.990000002086163 11.31
      vertex 35.02300000298023 6.990000002086163 12.81
      vertex 35.21300000059605 6.96000000089407 12.81
    endloop
  endfacet
  facet normal 0.5665288114872946 0.8240419320367097 0
    outer loop
      vertex 35.932999999403954 6.659999996423721 11.31
      vertex 35.932999999403954 6.659999996423721 12.81
      vertex 36.093000003278256 6.549999997019768 12.81
    endloop
  endfacet
  facet normal 0.5070201282142704 0.8619342141866656 0
    outer loop
      vertex 35.762999997615815 6.759999997913837 11.31
      vertex 35.762999997615815 6.759999997913837 12.81
      vertex 35.932999999403954 6.659999996423721 12.81
    endloop
  endfacet
  facet normal 0 0 -1
    outer loop
      vertex 46.75099999701977 -3.7000000029802322 1.21
      vertex 49.867624835894134 -2.369688395062254 1.21
      vertex 50.3603522177595 -2.633056667657167 1.21
    endloop
  endfacet
  facet normal 0 0 -1
    outer loop
      vertex 46.75099999701977 -3.7000000029802322 1.21
      vertex 50.3603522177595 -2.633056667657167 1.21
      vertex 50.894992582254034 -2.795238049149207 1.21
    endloop
  endfacet
  facet normal 0 0 -1
    outer loop
      vertex 46.75099999701977 -3.7000000029802322 1.21
      vertex 50.894992582254034 -2.795238049149207 1.21
      vertex 51.451 -2.85 1.21
    endloop
  endfacet
  facet normal 0 0 -1
    outer loop
      vertex 46.75099999701977 -3.7000000029802322 1.21
      vertex 51.451 -2.85 1.21
      vertex 52.00700741774597 -2.795238049149207 1.21
    endloop
  endfacet
  facet normal 0 0 -1
    outer loop
      vertex 46.75099999701977 -3.7000000029802322 1.21
      vertex 49.081311604937746 -1.5833751641058662 1.21
      vertex 49.43574567361834 -2.0152543263816605 1.21
    endloop
  endfacet
  facet normal 0 0 -1
    outer loop
      vertex 46.75099999701977 -3.7000000029802322 1.21
      vertex 48.817943332342836 -1.0906477822405058 1.21
      vertex 49.081311604937746 -1.5833751641058662 1.21
    endloop
  endfacet
  facet normal 0 0 -1
    outer loop
      vertex 46.75099999701977 -3.7000000029802322 1.21
      vertex 48.655761950850795 -0.5560074177459655 1.21
      vertex 48.817943332342836 -1.0906477822405058 1.21
    endloop
  endfacet
  facet normal 0 0 -1
    outer loop
      vertex 46.75099999701977 -3.7000000029802322 1.21
      vertex 48.601 0 1.21
      vertex 48.655761950850795 -0.5560074177459655 1.21
    endloop
  endfacet
  facet normal 0 0 -1
    outer loop
      vertex 46.75099999701977 -3.7000000029802322 1.21
      vertex 49.43574567361834 -2.0152543263816605 1.21
      vertex 49.867624835894134 -2.369688395062254 1.21
    endloop
  endfacet
  facet normal 0 0 -1
    outer loop
      vertex 51.451 -1.85 1.21
      vertex 50.423195068913735 -1.5382187827597087 1.21
      vertex 50.14285245480489 -1.308147545195113 1.21
    endloop
  endfacet
  facet normal 0 0 -1
    outer loop
      vertex 49.912781217240294 -1.027804931086264 1.21
      vertex 51.81191709572984 -1.8144527687459764 1.21
      vertex 50.14285245480489 -1.308147545195113 1.21
    endloop
  endfacet
  facet normal 0 0 -1
    outer loop
      vertex 46.75099999701977 -3.7000000029802322 1.21
      vertex 52.00700741774597 -2.795238049149207 1.21
      vertex 56.15100000298023 -3.7000000029802322 1.21
    endloop
  endfacet
  facet normal 0 0 -1
    outer loop
      vertex 56.15100000298023 -3.7000000029802322 1.21
      vertex 52.00700741774597 -2.795238049149207 1.21
      vertex 52.5416477822405 -2.633056667657167 1.21
    endloop
  endfacet
  facet normal 0 0 -1
    outer loop
      vertex 56.15100000298023 -3.7000000029802322 1.21
      vertex 52.5416477822405 -2.633056667657167 1.21
      vertex 53.03437516410587 -2.369688395062254 1.21
    endloop
  endfacet
  facet normal 0 0 -1
    outer loop
      vertex 51.451 -1.85 1.21
      vertex 51.09008290427016 -1.8144527687459764 1.21
      vertex 50.423195068913735 -1.5382187827597087 1.21
    endloop
  endfacet
  facet normal 0 0 -1
    outer loop
      vertex 50.423195068913735 -1.5382187827597087 1.21
      vertex 51.09008290427016 -1.8144527687459764 1.21
      vertex 50.74303565012458 -1.7091771351458807 1.21
    endloop
  endfacet
  facet normal 0 0 -1
    outer loop
      vertex 51.451 -1.85 1.21
      vertex 50.14285245480489 -1.308147545195113 1.21
      vertex 51.81191709572984 -1.8144527687459764 1.21
    endloop
  endfacet
  facet normal 0 0 -1
    outer loop
      vertex 49.912781217240294 -1.027804931086264 1.21
      vertex 52.15896434987542 -1.7091771351458807 1.21
      vertex 51.81191709572984 -1.8144527687459764 1.21
    endloop
  endfacet
  facet normal 0 0 -1
    outer loop
      vertex 49.74182286485412 -0.7079643498754161 1.21
      vertex 52.478804931086266 -1.5382187827597087 1.21
      vertex 52.15896434987542 -1.7091771351458807 1.21
    endloop
  endfacet
  facet normal 0 0 -1
    outer loop
      vertex 56.15100000298023 -3.7000000029802322 1.21
      vertex 53.03437516410587 -2.369688395062254 1.21
      vertex 53.46625432638166 -2.0152543263816605 1.21
    endloop
  endfacet
  facet normal 0 0 -1
    outer loop
      vertex 56.15100000298023 -3.7000000029802322 1.21
      vertex 53.46625432638166 -2.0152543263816605 1.21
      vertex 53.820688395062255 -1.5833751641058662 1.21
    endloop
  endfacet
  facet normal 0 0 -1
    outer loop
      vertex 56.15100000298023 -3.7000000029802322 1.21
      vertex 53.820688395062255 -1.5833751641058662 1.21
      vertex 54.084056667657165 -1.0906477822405058 1.21
    endloop
  endfacet
  facet normal 0 0 -1
    outer loop
      vertex 56.15100000298023 -3.7000000029802322 1.21
      vertex 54.084056667657165 -1.0906477822405058 1.21
      vertex 54.246238049149206 -0.5560074177459655 1.21
    endloop
  endfacet
  facet normal 0 0 -1
    outer loop
      vertex 46.75099999701977 -3.7000000029802322 1.21
      vertex 48.655761950850795 0.5560074177459655 1.21
      vertex 48.601 0 1.21
    endloop
  endfacet
  facet normal 0 0 -1
    outer loop
      vertex 46.75099999701977 -3.7000000029802322 1.21
      vertex 46.75099999701977 3.7000000029802322 1.21
      vertex 48.655761950850795 0.5560074177459655 1.21
    endloop
  endfacet
  facet normal 0 0 -1
    outer loop
      vertex 49.912781217240294 -1.027804931086264 1.21
      vertex 49.74182286485412 -0.7079643498754161 1.21
      vertex 52.15896434987542 -1.7091771351458807 1.21
    endloop
  endfacet
  facet normal 0 0 -1
    outer loop
      vertex 49.63654723125403 -0.36091709572983727 1.21
      vertex 52.478804931086266 -1.5382187827597087 1.21
      vertex 49.74182286485412 -0.7079643498754161 1.21
    endloop
  endfacet
  facet normal 0 0 -1
    outer loop
      vertex 49.63654723125403 -0.36091709572983727 1.21
      vertex 49.601 0 1.21
      vertex 52.478804931086266 -1.5382187827597087 1.21
    endloop
  endfacet
  facet normal 0 0 -1
    outer loop
      vertex 49.601 0 1.21
      vertex 49.63654723125403 0.36091709572983727 1.21
      vertex 52.478804931086266 -1.5382187827597087 1.21
    endloop
  endfacet
  facet normal 0 0 -1
    outer loop
      vertex 49.63654723125403 0.36091709572983727 1.21
      vertex 49.74182286485412 0.7079643498754161 1.21
      vertex 52.478804931086266 -1.5382187827597087 1.21
    endloop
  endfacet
  facet normal 0 0 -1
    outer loop
      vertex 49.74182286485412 0.7079643498754161 1.21
      vertex 49.912781217240294 1.027804931086264 1.21
      vertex 52.478804931086266 -1.5382187827597087 1.21
    endloop
  endfacet
  facet normal 0 0 -1
    outer loop
      vertex 46.75099999701977 3.7000000029802322 1.21
      vertex 48.817943332342836 1.0906477822405058 1.21
      vertex 48.655761950850795 0.5560074177459655 1.21
    endloop
  endfacet
  facet normal 0 0 -1
    outer loop
      vertex 46.75099999701977 3.7000000029802322 1.21
      vertex 49.081311604937746 1.5833751641058662 1.21
      vertex 48.817943332342836 1.0906477822405058 1.21
    endloop
  endfacet
  facet normal 0 0 -1
    outer loop
      vertex 49.912781217240294 1.027804931086264 1.21
      vertex 52.75914754519511 -1.308147545195113 1.21
      vertex 52.478804931086266 -1.5382187827597087 1.21
    endloop
  endfacet
  facet normal 0 0 -1
    outer loop
      vertex 49.912781217240294 1.027804931086264 1.21
      vertex 52.98921878275971 -1.027804931086264 1.21
      vertex 52.75914754519511 -1.308147545195113 1.21
    endloop
  endfacet
  facet normal 0 0 -1
    outer loop
      vertex 50.14285245480489 1.308147545195113 1.21
      vertex 52.98921878275971 -1.027804931086264 1.21
      vertex 49.912781217240294 1.027804931086264 1.21
    endloop
  endfacet
  facet normal 0 0 -1
    outer loop
      vertex 50.423195068913735 1.5382187827597087 1.21
      vertex 53.16017713514588 -0.7079643498754161 1.21
      vertex 52.98921878275971 -1.027804931086264 1.21
    endloop
  endfacet
  facet normal 0 0 -1
    outer loop
      vertex 50.423195068913735 1.5382187827597087 1.21
      vertex 53.26545276874597 -0.36091709572983727 1.21
      vertex 53.16017713514588 -0.7079643498754161 1.21
    endloop
  endfacet
  facet normal 0 0 -1
    outer loop
      vertex 50.423195068913735 1.5382187827597087 1.21
      vertex 53.301 0 1.21
      vertex 53.26545276874597 -0.36091709572983727 1.21
    endloop
  endfacet
  facet normal 0 0 -1
    outer loop
      vertex 50.14285245480489 1.308147545195113 1.21
      vertex 50.423195068913735 1.5382187827597087 1.21
      vertex 52.98921878275971 -1.027804931086264 1.21
    endloop
  endfacet
  facet normal 0 0 -1
    outer loop
      vertex 50.423195068913735 1.5382187827597087 1.21
      vertex 50.74303565012458 1.7091771351458807 1.21
      vertex 53.16017713514588 0.7079643498754161 1.21
    endloop
  endfacet
  facet normal 0 0 -1
    outer loop
      vertex 50.423195068913735 1.5382187827597087 1.21
      vertex 53.26545276874597 0.36091709572983727 1.21
      vertex 53.301 0 1.21
    endloop
  endfacet
  facet normal 0 0 -1
    outer loop
      vertex 50.423195068913735 1.5382187827597087 1.21
      vertex 53.16017713514588 0.7079643498754161 1.21
      vertex 53.26545276874597 0.36091709572983727 1.21
    endloop
  endfacet
  facet normal 0 0 -1
    outer loop
      vertex 50.74303565012458 1.7091771351458807 1.21
      vertex 52.98921878275971 1.027804931086264 1.21
      vertex 53.16017713514588 0.7079643498754161 1.21
    endloop
  endfacet
  facet normal 0 0 -1
    outer loop
      vertex 51.09008290427016 1.8144527687459764 1.21
      vertex 52.75914754519511 1.308147545195113 1.21
      vertex 52.98921878275971 1.027804931086264 1.21
    endloop
  endfacet
  facet normal 0 0 -1
    outer loop
      vertex 50.74303565012458 1.7091771351458807 1.21
      vertex 51.09008290427016 1.8144527687459764 1.21
      vertex 52.98921878275971 1.027804931086264 1.21
    endloop
  endfacet
  facet normal 0 0 -1
    outer loop
      vertex 51.09008290427016 1.8144527687459764 1.21
      vertex 51.451 1.85 1.21
      vertex 52.75914754519511 1.308147545195113 1.21
    endloop
  endfacet
  facet normal 0 0 -1
    outer loop
      vertex 52.478804931086266 1.5382187827597087 1.21
      vertex 52.75914754519511 1.308147545195113 1.21
      vertex 51.451 1.85 1.21
    endloop
  endfacet
  facet normal 0 0 -1
    outer loop
      vertex 52.15896434987542 1.7091771351458807 1.21
      vertex 52.478804931086266 1.5382187827597087 1.21
      vertex 51.81191709572984 1.8144527687459764 1.21
    endloop
  endfacet
  facet normal 0 0 -1
    outer loop
      vertex 52.478804931086266 1.5382187827597087 1.21
      vertex 51.451 1.85 1.21
      vertex 51.81191709572984 1.8144527687459764 1.21
    endloop
  endfacet
  facet normal 0 0 -1
    outer loop
      vertex 56.15100000298023 3.7000000029802322 1.21
      vertex 54.246238049149206 -0.5560074177459655 1.21
      vertex 54.301 0 1.21
    endloop
  endfacet
  facet normal 0 0 -1
    outer loop
      vertex 56.15100000298023 3.7000000029802322 1.21
      vertex 54.301 0 1.21
      vertex 54.246238049149206 0.5560074177459655 1.21
    endloop
  endfacet
  facet normal 0 0 -1
    outer loop
      vertex 56.15100000298023 3.7000000029802322 1.21
      vertex 54.246238049149206 0.5560074177459655 1.21
      vertex 54.084056667657165 1.0906477822405058 1.21
    endloop
  endfacet
  facet normal 0 0 -1
    outer loop
      vertex 56.15100000298023 3.7000000029802322 1.21
      vertex 54.084056667657165 1.0906477822405058 1.21
      vertex 53.820688395062255 1.5833751641058662 1.21
    endloop
  endfacet
  facet normal 0 0 -1
    outer loop
      vertex 46.75099999701977 3.7000000029802322 1.21
      vertex 49.43574567361834 2.0152543263816605 1.21
      vertex 49.081311604937746 1.5833751641058662 1.21
    endloop
  endfacet
  facet normal 0 0 -1
    outer loop
      vertex 46.75099999701977 3.7000000029802322 1.21
      vertex 49.867624835894134 2.369688395062254 1.21
      vertex 49.43574567361834 2.0152543263816605 1.21
    endloop
  endfacet
  facet normal 0 0 -1
    outer loop
      vertex 46.75099999701977 3.7000000029802322 1.21
      vertex 50.3603522177595 2.633056667657167 1.21
      vertex 49.867624835894134 2.369688395062254 1.21
    endloop
  endfacet
  facet normal 0 0 -1
    outer loop
      vertex 46.75099999701977 3.7000000029802322 1.21
      vertex 50.894992582254034 2.795238049149207 1.21
      vertex 50.3603522177595 2.633056667657167 1.21
    endloop
  endfacet
  facet normal 0 0 -1
    outer loop
      vertex 46.75099999701977 3.7000000029802322 1.21
      vertex 56.15100000298023 3.7000000029802322 1.21
      vertex 50.894992582254034 2.795238049149207 1.21
    endloop
  endfacet
  facet normal 0 0 -1
    outer loop
      vertex 56.15100000298023 3.7000000029802322 1.21
      vertex 51.451 2.85 1.21
      vertex 50.894992582254034 2.795238049149207 1.21
    endloop
  endfacet
  facet normal 0 0 -1
    outer loop
      vertex 56.15100000298023 3.7000000029802322 1.21
      vertex 52.5416477822405 2.633056667657167 1.21
      vertex 52.00700741774597 2.795238049149207 1.21
    endloop
  endfacet
  facet normal 0 0 -1
    outer loop
      vertex 56.15100000298023 3.7000000029802322 1.21
      vertex 53.03437516410587 2.369688395062254 1.21
      vertex 52.5416477822405 2.633056667657167 1.21
    endloop
  endfacet
  facet normal 0 0 -1
    outer loop
      vertex 56.15100000298023 3.7000000029802322 1.21
      vertex 53.820688395062255 1.5833751641058662 1.21
      vertex 53.46625432638166 2.0152543263816605 1.21
    endloop
  endfacet
  facet normal 0 0 -1
    outer loop
      vertex 56.15100000298023 3.7000000029802322 1.21
      vertex 53.46625432638166 2.0152543263816605 1.21
      vertex 53.03437516410587 2.369688395062254 1.21
    endloop
  endfacet
  facet normal 0 0 -1
    outer loop
      vertex 56.15100000298023 3.7000000029802322 1.21
      vertex 52.00700741774597 2.795238049149207 1.21
      vertex 51.451 2.85 1.21
    endloop
  endfacet
  facet normal 0 0 -1
    outer loop
      vertex 56.15100000298023 -3.7000000029802322 1.21
      vertex 54.246238049149206 -0.5560074177459655 1.21
      vertex 56.15100000298023 3.7000000029802322 1.21
    endloop
  endfacet
  facet normal 0 -1 0
    outer loop
      vertex 46.75099999701977 -3.7000000029802322 1.21
      vertex 56.15100000298023 -3.7000000029802322 1.21
      vertex 46.75099999701977 -3.7000000029802322 11.309999999999999
    endloop
  endfacet
  facet normal -1 0 0
    outer loop
      vertex 46.75099999701977 -3.7000000029802322 1.21
      vertex 46.75099999701977 3.7000000029802322 11.309999999999999
      vertex 46.75099999701977 3.7000000029802322 1.21
    endloop
  endfacet
  facet normal 0 1 0
    outer loop
      vertex 46.75099999701977 3.7000000029802322 1.21
      vertex 56.15100000298023 3.7000000029802322 11.309999999999999
      vertex 56.15100000298023 3.7000000029802322 1.21
    endloop
  endfacet
  facet normal 1 0 0
    outer loop
      vertex 56.15100000298023 -3.7000000029802322 1.21
      vertex 56.15100000298023 3.7000000029802322 1.21
      vertex 56.15100000298023 -3.7000000029802322 11.309999999999999
    endloop
  endfacet
  facet normal -1 0 0
    outer loop
      vertex 46.75099999701977 -3.7000000029802322 1.21
      vertex 46.75099999701977 -3.7000000029802322 11.309999999999999
      vertex 46.75099999701977 3.7000000029802322 11.309999999999999
    endloop
  endfacet
  facet normal 0 -1 0
    outer loop
      vertex 46.75099999701977 -3.7000000029802322 11.309999999999999
      vertex 56.15100000298023 -3.7000000029802322 1.21
      vertex 56.15100000298023 -3.7000000029802322 11.309999999999999
    endloop
  endfacet
  facet normal 0 1 0
    outer loop
      vertex 46.75099999701977 3.7000000029802322 1.21
      vertex 46.75099999701977 3.7000000029802322 11.309999999999999
      vertex 56.15100000298023 3.7000000029802322 11.309999999999999
    endloop
  endfacet
  facet normal 1 0 0
    outer loop
      vertex 56.15100000298023 -3.7000000029802322 11.309999999999999
      vertex 56.15100000298023 3.7000000029802322 1.21
      vertex 56.15100000298023 3.7000000029802322 11.309999999999999
    endloop
  endfacet
  facet normal 0 0 1
    outer loop
      vertex 46.75099999701977 -3.7000000029802322 11.309999999999999
      vertex 56.15100000298023 -3.7000000029802322 11.309999999999999
      vertex 46.75099999701977 3.7000000029802322 11.309999999999999
    endloop
  endfacet
  facet normal 0 0 1
    outer loop
      vertex 46.75099999701977 3.7000000029802322 11.309999999999999
      vertex 56.15100000298023 -3.7000000029802322 11.309999999999999
      vertex 56.15100000298023 3.7000000029802322 11.309999999999999
    endloop
  endfacet
  facet normal -0.4678877471138969 -0.8837879022144862 0
    outer loop
      vertex 44.680999996721745 -6.850000001490116 11.31
      vertex 44.511000002384186 -6.759999997913837 12.81
      vertex 44.511000002384186 -6.759999997913837 11.31
    endloop
  endfacet
  facet normal -0.30113133751375853 -0.9535826747415113 0
    outer loop
      vertex 44.680999996721745 -6.850000001490116 11.31
      vertex 44.87100000178814 -6.909999996423721 11.31
      vertex 44.680999996721745 -6.850000001490116 12.81
    endloop
  endfacet
  facet normal -0.2544933235460864 -0.9670745308767401 0
    outer loop
      vertex 44.87100000178814 -6.909999996423721 11.31
      vertex 45.060999999403954 -6.96000000089407 11.31
      vertex 44.87100000178814 -6.909999996423721 12.81
    endloop
  endfacet
  facet normal -0.5070201282142704 -0.8619342141866656 0
    outer loop
      vertex 44.34100000059605 -6.659999996423721 11.31
      vertex 44.511000002384186 -6.759999997913837 11.31
      vertex 44.34100000059605 -6.659999996423721 12.81
    endloop
  endfacet
  facet normal -0.5665288114872946 -0.8240419320367097 0
    outer loop
      vertex 44.34100000059605 -6.659999996423721 11.31
      vertex 44.180999996721745 -6.549999997019768 12.81
      vertex 44.180999996721745 -6.549999997019768 11.31
    endloop
  endfacet
  facet normal -0.7071067811865476 -0.7071067811865476 0
    outer loop
      vertex 43.90100000298023 -6.2700000032782555 11.31
      vertex 44.180999996721745 -6.549999997019768 11.31
      vertex 43.90100000298023 -6.2700000032782555 12.81
    endloop
  endfacet
  facet normal -0.15596258142912728 -0.98776296407284 0
    outer loop
      vertex 45.060999999403954 -6.96000000089407 11.31
      vertex 45.25099999701977 -6.990000002086163 11.31
      vertex 45.060999999403954 -6.96000000089407 12.81
    endloop
  endfacet
  facet normal -0.049937605809800424 -0.9987523394345491 0
    outer loop
      vertex 45.25099999701977 -6.990000002086163 11.31
      vertex 45.451 -7 11.31
      vertex 45.25099999701977 -6.990000002086163 12.81
    endloop
  endfacet
  facet normal -0.8240419320367097 -0.5665288114872946 0
    outer loop
      vertex 43.90100000298023 -6.2700000032782555 11.31
      vertex 43.79100000357628 -6.1099999994039536 12.81
      vertex 43.79100000357628 -6.1099999994039536 11.31
    endloop
  endfacet
  facet normal -0.8619342141866656 -0.5070201282142704 0
    outer loop
      vertex 43.69100000208616 -5.939999997615814 11.31
      vertex 43.79100000357628 -6.1099999994039536 11.31
      vertex 43.69100000208616 -5.939999997615814 12.81
    endloop
  endfacet
  facet normal -0.8837879022144862 -0.4678877471138969 0
    outer loop
      vertex 43.69100000208616 -5.939999997615814 11.31
      vertex 43.600999998509884 -5.7700000032782555 12.81
      vertex 43.600999998509884 -5.7700000032782555 11.31
    endloop
  endfacet
  facet normal -0.9670745308767401 -0.2544933235460864 0
    outer loop
      vertex 43.54100000357628 -5.579999998211861 11.31
      vertex 43.49099999910593 -5.3900000005960464 12.81
      vertex 43.49099999910593 -5.3900000005960464 11.31
    endloop
  endfacet
  facet normal -0.9535826747415113 -0.30113133751375853 0
    outer loop
      vertex 43.600999998509884 -5.7700000032782555 11.31
      vertex 43.54100000357628 -5.579999998211861 12.81
      vertex 43.54100000357628 -5.579999998211861 11.31
    endloop
  endfacet
  facet normal -0.98776296407284 -0.15596258142912728 0
    outer loop
      vertex 43.49099999910593 -5.3900000005960464 11.31
      vertex 43.46099999791384 -5.200000002980232 12.81
      vertex 43.46099999791384 -5.200000002980232 11.31
    endloop
  endfacet
  facet normal -0.9987523394345491 -0.049937605809800424 0
    outer loop
      vertex 43.46099999791384 -5.200000002980232 11.31
      vertex 43.451 -5 12.81
      vertex 43.451 -5 11.31
    endloop
  endfacet
  facet normal -0.5070201282142704 -0.8619342141866656 0
    outer loop
      vertex 44.34100000059605 -6.659999996423721 12.81
      vertex 44.511000002384186 -6.759999997913837 11.31
      vertex 44.511000002384186 -6.759999997913837 12.81
    endloop
  endfacet
  facet normal -0.4678877471138969 -0.8837879022144862 0
    outer loop
      vertex 44.680999996721745 -6.850000001490116 11.31
      vertex 44.680999996721745 -6.850000001490116 12.81
      vertex 44.511000002384186 -6.759999997913837 12.81
    endloop
  endfacet
  facet normal -0.30113133751375853 -0.9535826747415113 0
    outer loop
      vertex 44.87100000178814 -6.909999996423721 11.31
      vertex 44.87100000178814 -6.909999996423721 12.81
      vertex 44.680999996721745 -6.850000001490116 12.81
    endloop
  endfacet
  facet normal -0.5665288114872946 -0.8240419320367097 0
    outer loop
      vertex 44.34100000059605 -6.659999996423721 11.31
      vertex 44.34100000059605 -6.659999996423721 12.81
      vertex 44.180999996721745 -6.549999997019768 12.81
    endloop
  endfacet
  facet normal -0.7071067811865476 -0.7071067811865476 0
    outer loop
      vertex 44.180999996721745 -6.549999997019768 11.31
      vertex 44.180999996721745 -6.549999997019768 12.81
      vertex 43.90100000298023 -6.2700000032782555 12.81
    endloop
  endfacet
  facet normal -0.2544933235460864 -0.9670745308767401 0
    outer loop
      vertex 45.060999999403954 -6.96000000089407 11.31
      vertex 45.060999999403954 -6.96000000089407 12.81
      vertex 44.87100000178814 -6.909999996423721 12.81
    endloop
  endfacet
  facet normal -0.15596258142912728 -0.98776296407284 0
    outer loop
      vertex 45.25099999701977 -6.990000002086163 11.31
      vertex 45.25099999701977 -6.990000002086163 12.81
      vertex 45.060999999403954 -6.96000000089407 12.81
    endloop
  endfacet
  facet normal -0.049937605809800424 -0.9987523394345491 0
    outer loop
      vertex 45.25099999701977 -6.990000002086163 12.81
      vertex 45.451 -7 11.31
      vertex 45.451 -7 12.81
    endloop
  endfacet
  facet normal -0.8619342141866656 -0.5070201282142704 0
    outer loop
      vertex 43.79100000357628 -6.1099999994039536 11.31
      vertex 43.79100000357628 -6.1099999994039536 12.81
      vertex 43.69100000208616 -5.939999997615814 12.81
    endloop
  endfacet
  facet normal -0.8837879022144862 -0.4678877471138969 0
    outer loop
      vertex 43.69100000208616 -5.939999997615814 11.31
      vertex 43.69100000208616 -5.939999997615814 12.81
      vertex 43.600999998509884 -5.7700000032782555 12.81
    endloop
  endfacet
  facet normal -0.9535826747415113 -0.30113133751375853 0
    outer loop
      vertex 43.600999998509884 -5.7700000032782555 11.31
      vertex 43.600999998509884 -5.7700000032782555 12.81
      vertex 43.54100000357628 -5.579999998211861 12.81
    endloop
  endfacet
  facet normal -0.9670745308767401 -0.2544933235460864 0
    outer loop
      vertex 43.54100000357628 -5.579999998211861 11.31
      vertex 43.54100000357628 -5.579999998211861 12.81
      vertex 43.49099999910593 -5.3900000005960464 12.81
    endloop
  endfacet
  facet normal -0.98776296407284 -0.15596258142912728 0
    outer loop
      vertex 43.49099999910593 -5.3900000005960464 11.31
      vertex 43.49099999910593 -5.3900000005960464 12.81
      vertex 43.46099999791384 -5.200000002980232 12.81
    endloop
  endfacet
  facet normal -0.9987523394345491 -0.049937605809800424 0
    outer loop
      vertex 43.46099999791384 -5.200000002980232 11.31
      vertex 43.46099999791384 -5.200000002980232 12.81
      vertex 43.451 -5 12.81
    endloop
  endfacet
  facet normal -0.8240419320367097 -0.5665288114872946 0
    outer loop
      vertex 43.90100000298023 -6.2700000032782555 11.31
      vertex 43.90100000298023 -6.2700000032782555 12.81
      vertex 43.79100000357628 -6.1099999994039536 12.81
    endloop
  endfacet
  facet normal -1 0 0
    outer loop
      vertex 43.451 -5 11.31
      vertex 43.451 -5 12.81
      vertex 43.451 5 12.81
    endloop
  endfacet
  facet normal 0 0 -1
    outer loop
      vertex 45.060999999403954 -6.96000000089407 11.31
      vertex 58.221000003278256 -6.850000001490116 11.31
      vertex 45.25099999701977 -6.990000002086163 11.31
    endloop
  endfacet
  facet normal 0 0 -1
    outer loop
      vertex 45.25099999701977 -6.990000002086163 11.31
      vertex 58.03099999821186 -6.909999996423721 11.31
      vertex 45.451 -7 11.31
    endloop
  endfacet
  facet normal 0 0 -1
    outer loop
      vertex 44.680999996721745 -6.850000001490116 11.31
      vertex 44.511000002384186 -6.759999997913837 11.31
      vertex 58.721000003278256 -6.549999997019768 11.31
    endloop
  endfacet
  facet normal 0 0 -1
    outer loop
      vertex 44.87100000178814 -6.909999996423721 11.31
      vertex 58.390999997615815 -6.759999997913837 11.31
      vertex 45.060999999403954 -6.96000000089407 11.31
    endloop
  endfacet
  facet normal 0 0 -1
    outer loop
      vertex 44.680999996721745 -6.850000001490116 11.31
      vertex 58.560999999403954 -6.659999996423721 11.31
      vertex 44.87100000178814 -6.909999996423721 11.31
    endloop
  endfacet
  facet normal 0 0 -1
    outer loop
      vertex 44.34100000059605 -6.659999996423721 11.31
      vertex 59.00099999701977 -6.2700000032782555 11.31
      vertex 44.511000002384186 -6.759999997913837 11.31
    endloop
  endfacet
  facet normal 0 0 -1
    outer loop
      vertex 44.34100000059605 -6.659999996423721 11.31
      vertex 44.180999996721745 -6.549999997019768 11.31
      vertex 59.11099999642372 -6.1099999994039536 11.31
    endloop
  endfacet
  facet normal 0 -1 0
    outer loop
      vertex 45.451 -7 11.31
      vertex 57.451 -7 11.31
      vertex 45.451 -7 12.81
    endloop
  endfacet
  facet normal 0 0 -1
    outer loop
      vertex 43.90100000298023 -6.2700000032782555 11.31
      vertex 43.79100000357628 -6.1099999994039536 11.31
      vertex 59.30100000149012 -5.7700000032782555 11.31
    endloop
  endfacet
  facet normal 0 0 -1
    outer loop
      vertex 43.69100000208616 -5.939999997615814 11.31
      vertex 59.36099999642372 -5.579999998211861 11.31
      vertex 43.79100000357628 -6.1099999994039536 11.31
    endloop
  endfacet
  facet normal 0 0 -1
    outer loop
      vertex 43.90100000298023 -6.2700000032782555 11.31
      vertex 59.21099999791384 -5.939999997615814 11.31
      vertex 44.180999996721745 -6.549999997019768 11.31
    endloop
  endfacet
  facet normal 0 0 -1
    outer loop
      vertex 43.69100000208616 -5.939999997615814 11.31
      vertex 43.600999998509884 -5.7700000032782555 11.31
      vertex 59.41100000089407 -5.3900000005960464 11.31
    endloop
  endfacet
  facet normal 0 0 -1
    outer loop
      vertex 43.600999998509884 -5.7700000032782555 11.31
      vertex 43.54100000357628 -5.579999998211861 11.31
      vertex 59.44100000208616 -5.200000002980232 11.31
    endloop
  endfacet
  facet normal 0 0 -1
    outer loop
      vertex 43.54100000357628 -5.579999998211861 11.31
      vertex 43.49099999910593 -5.3900000005960464 11.31
      vertex 59.451 -5 11.31
    endloop
  endfacet
  facet normal 0 0 -1
    outer loop
      vertex 45.451 -7 11.31
      vertex 57.84100000059605 -6.96000000089407 11.31
      vertex 57.451 -7 11.31
    endloop
  endfacet
  facet normal 0 0 -1
    outer loop
      vertex 45.451 -7 11.31
      vertex 58.03099999821186 -6.909999996423721 11.31
      vertex 57.84100000059605 -6.96000000089407 11.31
    endloop
  endfacet
  facet normal 0 0 -1
    outer loop
      vertex 45.25099999701977 -6.990000002086163 11.31
      vertex 58.221000003278256 -6.850000001490116 11.31
      vertex 58.03099999821186 -6.909999996423721 11.31
    endloop
  endfacet
  facet normal 0 0 -1
    outer loop
      vertex 45.060999999403954 -6.96000000089407 11.31
      vertex 58.390999997615815 -6.759999997913837 11.31
      vertex 58.221000003278256 -6.850000001490116 11.31
    endloop
  endfacet
  facet normal 0 0 -1
    outer loop
      vertex 44.87100000178814 -6.909999996423721 11.31
      vertex 58.560999999403954 -6.659999996423721 11.31
      vertex 58.390999997615815 -6.759999997913837 11.31
    endloop
  endfacet
  facet normal 0 0 -1
    outer loop
      vertex 44.680999996721745 -6.850000001490116 11.31
      vertex 58.721000003278256 -6.549999997019768 11.31
      vertex 58.560999999403954 -6.659999996423721 11.31
    endloop
  endfacet
  facet normal 0 0 -1
    outer loop
      vertex 44.511000002384186 -6.759999997913837 11.31
      vertex 59.00099999701977 -6.2700000032782555 11.31
      vertex 58.721000003278256 -6.549999997019768 11.31
    endloop
  endfacet
  facet normal 0 0 -1
    outer loop
      vertex 44.34100000059605 -6.659999996423721 11.31
      vertex 59.11099999642372 -6.1099999994039536 11.31
      vertex 59.00099999701977 -6.2700000032782555 11.31
    endloop
  endfacet
  facet normal 0 0 -1
    outer loop
      vertex 44.180999996721745 -6.549999997019768 11.31
      vertex 59.21099999791384 -5.939999997615814 11.31
      vertex 59.11099999642372 -6.1099999994039536 11.31
    endloop
  endfacet
  facet normal 0 0 -1
    outer loop
      vertex 43.90100000298023 -6.2700000032782555 11.31
      vertex 59.30100000149012 -5.7700000032782555 11.31
      vertex 59.21099999791384 -5.939999997615814 11.31
    endloop
  endfacet
  facet normal 0 0 -1
    outer loop
      vertex 43.79100000357628 -6.1099999994039536 11.31
      vertex 59.36099999642372 -5.579999998211861 11.31
      vertex 59.30100000149012 -5.7700000032782555 11.31
    endloop
  endfacet
  facet normal 0 0 -1
    outer loop
      vertex 43.69100000208616 -5.939999997615814 11.31
      vertex 59.41100000089407 -5.3900000005960464 11.31
      vertex 59.36099999642372 -5.579999998211861 11.31
    endloop
  endfacet
  facet normal 0 0 -1
    outer loop
      vertex 43.600999998509884 -5.7700000032782555 11.31
      vertex 59.44100000208616 -5.200000002980232 11.31
      vertex 59.41100000089407 -5.3900000005960464 11.31
    endloop
  endfacet
  facet normal 0 0 -1
    outer loop
      vertex 43.54100000357628 -5.579999998211861 11.31
      vertex 59.451 -5 11.31
      vertex 59.44100000208616 -5.200000002980232 11.31
    endloop
  endfacet
  facet normal 0 0 1
    outer loop
      vertex 45.060999999403954 -6.96000000089407 12.81
      vertex 45.25099999701977 -6.990000002086163 12.81
      vertex 58.221000003278256 -6.850000001490116 12.81
    endloop
  endfacet
  facet normal 0 0 1
    outer loop
      vertex 45.25099999701977 -6.990000002086163 12.81
      vertex 45.451 -7 12.81
      vertex 58.03099999821186 -6.909999996423721 12.81
    endloop
  endfacet
  facet normal 0 0 1
    outer loop
      vertex 44.680999996721745 -6.850000001490116 12.81
      vertex 58.721000003278256 -6.549999997019768 12.81
      vertex 44.511000002384186 -6.759999997913837 12.81
    endloop
  endfacet
  facet normal 0 0 1
    outer loop
      vertex 44.87100000178814 -6.909999996423721 12.81
      vertex 45.060999999403954 -6.96000000089407 12.81
      vertex 58.390999997615815 -6.759999997913837 12.81
    endloop
  endfacet
  facet normal 0 0 1
    outer loop
      vertex 44.680999996721745 -6.850000001490116 12.81
      vertex 44.87100000178814 -6.909999996423721 12.81
      vertex 58.560999999403954 -6.659999996423721 12.81
    endloop
  endfacet
  facet normal 0 0 1
    outer loop
      vertex 44.34100000059605 -6.659999996423721 12.81
      vertex 44.511000002384186 -6.759999997913837 12.81
      vertex 59.00099999701977 -6.2700000032782555 12.81
    endloop
  endfacet
  facet normal 0 0 1
    outer loop
      vertex 44.34100000059605 -6.659999996423721 12.81
      vertex 59.11099999642372 -6.1099999994039536 12.81
      vertex 44.180999996721745 -6.549999997019768 12.81
    endloop
  endfacet
  facet normal 0 0 1
    outer loop
      vertex 43.90100000298023 -6.2700000032782555 12.81
      vertex 59.30100000149012 -5.7700000032782555 12.81
      vertex 43.79100000357628 -6.1099999994039536 12.81
    endloop
  endfacet
  facet normal 0 0 1
    outer loop
      vertex 43.69100000208616 -5.939999997615814 12.81
      vertex 43.79100000357628 -6.1099999994039536 12.81
      vertex 59.36099999642372 -5.579999998211861 12.81
    endloop
  endfacet
  facet normal 0 0 1
    outer loop
      vertex 43.90100000298023 -6.2700000032782555 12.81
      vertex 44.180999996721745 -6.549999997019768 12.81
      vertex 59.21099999791384 -5.939999997615814 12.81
    endloop
  endfacet
  facet normal 0 0 1
    outer loop
      vertex 43.69100000208616 -5.939999997615814 12.81
      vertex 59.41100000089407 -5.3900000005960464 12.81
      vertex 43.600999998509884 -5.7700000032782555 12.81
    endloop
  endfacet
  facet normal 0 0 1
    outer loop
      vertex 43.600999998509884 -5.7700000032782555 12.81
      vertex 59.44100000208616 -5.200000002980232 12.81
      vertex 43.54100000357628 -5.579999998211861 12.81
    endloop
  endfacet
  facet normal 0 0 1
    outer loop
      vertex 43.54100000357628 -5.579999998211861 12.81
      vertex 59.451 -5 12.81
      vertex 43.49099999910593 -5.3900000005960464 12.81
    endloop
  endfacet
  facet normal 0 -1 0
    outer loop
      vertex 45.451 -7 12.81
      vertex 57.451 -7 11.31
      vertex 57.451 -7 12.81
    endloop
  endfacet
  facet normal 0 0 1
    outer loop
      vertex 45.451 -7 12.81
      vertex 57.451 -7 12.81
      vertex 57.84100000059605 -6.96000000089407 12.81
    endloop
  endfacet
  facet normal 0 0 1
    outer loop
      vertex 45.451 -7 12.81
      vertex 57.84100000059605 -6.96000000089407 12.81
      vertex 58.03099999821186 -6.909999996423721 12.81
    endloop
  endfacet
  facet normal 0 0 1
    outer loop
      vertex 45.25099999701977 -6.990000002086163 12.81
      vertex 58.03099999821186 -6.909999996423721 12.81
      vertex 58.221000003278256 -6.850000001490116 12.81
    endloop
  endfacet
  facet normal 0 0 1
    outer loop
      vertex 45.060999999403954 -6.96000000089407 12.81
      vertex 58.221000003278256 -6.850000001490116 12.81
      vertex 58.390999997615815 -6.759999997913837 12.81
    endloop
  endfacet
  facet normal 0 0 1
    outer loop
      vertex 44.87100000178814 -6.909999996423721 12.81
      vertex 58.390999997615815 -6.759999997913837 12.81
      vertex 58.560999999403954 -6.659999996423721 12.81
    endloop
  endfacet
  facet normal 0 0 1
    outer loop
      vertex 44.680999996721745 -6.850000001490116 12.81
      vertex 58.560999999403954 -6.659999996423721 12.81
      vertex 58.721000003278256 -6.549999997019768 12.81
    endloop
  endfacet
  facet normal 0 0 1
    outer loop
      vertex 44.511000002384186 -6.759999997913837 12.81
      vertex 58.721000003278256 -6.549999997019768 12.81
      vertex 59.00099999701977 -6.2700000032782555 12.81
    endloop
  endfacet
  facet normal 0 0 1
    outer loop
      vertex 44.34100000059605 -6.659999996423721 12.81
      vertex 59.00099999701977 -6.2700000032782555 12.81
      vertex 59.11099999642372 -6.1099999994039536 12.81
    endloop
  endfacet
  facet normal 0 0 1
    outer loop
      vertex 44.180999996721745 -6.549999997019768 12.81
      vertex 59.11099999642372 -6.1099999994039536 12.81
      vertex 59.21099999791384 -5.939999997615814 12.81
    endloop
  endfacet
  facet normal 0 0 1
    outer loop
      vertex 43.90100000298023 -6.2700000032782555 12.81
      vertex 59.21099999791384 -5.939999997615814 12.81
      vertex 59.30100000149012 -5.7700000032782555 12.81
    endloop
  endfacet
  facet normal 0 0 1
    outer loop
      vertex 43.79100000357628 -6.1099999994039536 12.81
      vertex 59.30100000149012 -5.7700000032782555 12.81
      vertex 59.36099999642372 -5.579999998211861 12.81
    endloop
  endfacet
  facet normal 0 0 1
    outer loop
      vertex 43.69100000208616 -5.939999997615814 12.81
      vertex 59.36099999642372 -5.579999998211861 12.81
      vertex 59.41100000089407 -5.3900000005960464 12.81
    endloop
  endfacet
  facet normal 0 0 1
    outer loop
      vertex 43.600999998509884 -5.7700000032782555 12.81
      vertex 59.41100000089407 -5.3900000005960464 12.81
      vertex 59.44100000208616 -5.200000002980232 12.81
    endloop
  endfacet
  facet normal 0 0 1
    outer loop
      vertex 43.54100000357628 -5.579999998211861 12.81
      vertex 59.44100000208616 -5.200000002980232 12.81
      vertex 59.451 -5 12.81
    endloop
  endfacet
  facet normal 0 0 -1
    outer loop
      vertex 43.49099999910593 -5.3900000005960464 11.31
      vertex 43.46099999791384 -5.200000002980232 11.31
      vertex 59.451 5 11.31
    endloop
  endfacet
  facet normal 0 0 -1
    outer loop
      vertex 43.46099999791384 -5.200000002980232 11.31
      vertex 43.451 -5 11.31
      vertex 59.44100000208616 5.200000002980232 11.31
    endloop
  endfacet
  facet normal 0 0 -1
    outer loop
      vertex 43.49099999910593 -5.3900000005960464 11.31
      vertex 59.451 5 11.31
      vertex 59.451 -5 11.31
    endloop
  endfacet
  facet normal 0 0 1
    outer loop
      vertex 43.49099999910593 -5.3900000005960464 12.81
      vertex 59.451 5 12.81
      vertex 43.46099999791384 -5.200000002980232 12.81
    endloop
  endfacet
  facet normal 0 0 1
    outer loop
      vertex 43.46099999791384 -5.200000002980232 12.81
      vertex 59.44100000208616 5.200000002980232 12.81
      vertex 43.451 -5 12.81
    endloop
  endfacet
  facet normal 0 0 1
    outer loop
      vertex 43.49099999910593 -5.3900000005960464 12.81
      vertex 59.451 -5 12.81
      vertex 59.451 5 12.81
    endloop
  endfacet
  facet normal -1 0 0
    outer loop
      vertex 43.451 -5 11.31
      vertex 43.451 5 12.81
      vertex 43.451 5 11.31
    endloop
  endfacet
  facet normal -0.9987523394345491 0.049937605809800424 0
    outer loop
      vertex 43.451 5 11.31
      vertex 43.46099999791384 5.200000002980232 12.81
      vertex 43.46099999791384 5.200000002980232 11.31
    endloop
  endfacet
  facet normal -0.98776296407284 0.15596258142912728 0
    outer loop
      vertex 43.46099999791384 5.200000002980232 11.31
      vertex 43.49099999910593 5.3900000005960464 12.81
      vertex 43.49099999910593 5.3900000005960464 11.31
    endloop
  endfacet
  facet normal -0.9670745308767401 0.2544933235460864 0
    outer loop
      vertex 43.49099999910593 5.3900000005960464 11.31
      vertex 43.54100000357628 5.579999998211861 12.81
      vertex 43.54100000357628 5.579999998211861 11.31
    endloop
  endfacet
  facet normal -0.9987523394345491 0.049937605809800424 0
    outer loop
      vertex 43.451 5 11.31
      vertex 43.451 5 12.81
      vertex 43.46099999791384 5.200000002980232 12.81
    endloop
  endfacet
  facet normal -0.98776296407284 0.15596258142912728 0
    outer loop
      vertex 43.46099999791384 5.200000002980232 11.31
      vertex 43.46099999791384 5.200000002980232 12.81
      vertex 43.49099999910593 5.3900000005960464 12.81
    endloop
  endfacet
  facet normal -0.9670745308767401 0.2544933235460864 0
    outer loop
      vertex 43.49099999910593 5.3900000005960464 11.31
      vertex 43.49099999910593 5.3900000005960464 12.81
      vertex 43.54100000357628 5.579999998211861 12.81
    endloop
  endfacet
  facet normal -0.9535826747415113 0.30113133751375853 0
    outer loop
      vertex 43.54100000357628 5.579999998211861 11.31
      vertex 43.54100000357628 5.579999998211861 12.81
      vertex 43.600999998509884 5.7700000032782555 12.81
    endloop
  endfacet
  facet normal 0 0 -1
    outer loop
      vertex 43.451 -5 11.31
      vertex 43.451 5 11.31
      vertex 59.41100000089407 5.3900000005960464 11.31
    endloop
  endfacet
  facet normal 0 0 -1
    outer loop
      vertex 43.46099999791384 -5.200000002980232 11.31
      vertex 59.44100000208616 5.200000002980232 11.31
      vertex 59.451 5 11.31
    endloop
  endfacet
  facet normal 0 0 -1
    outer loop
      vertex 43.451 -5 11.31
      vertex 59.41100000089407 5.3900000005960464 11.31
      vertex 59.44100000208616 5.200000002980232 11.31
    endloop
  endfacet
  facet normal 0 0 1
    outer loop
      vertex 43.451 -5 12.81
      vertex 59.41100000089407 5.3900000005960464 12.81
      vertex 43.451 5 12.81
    endloop
  endfacet
  facet normal 0 0 1
    outer loop
      vertex 43.46099999791384 -5.200000002980232 12.81
      vertex 59.451 5 12.81
      vertex 59.44100000208616 5.200000002980232 12.81
    endloop
  endfacet
  facet normal 0 0 1
    outer loop
      vertex 43.451 -5 12.81
      vertex 59.44100000208616 5.200000002980232 12.81
      vertex 59.41100000089407 5.3900000005960464 12.81
    endloop
  endfacet
  facet normal 0 0 -1
    outer loop
      vertex 43.451 5 11.31
      vertex 43.46099999791384 5.200000002980232 11.31
      vertex 59.36099999642372 5.579999998211861 11.31
    endloop
  endfacet
  facet normal 0 0 -1
    outer loop
      vertex 43.46099999791384 5.200000002980232 11.31
      vertex 43.49099999910593 5.3900000005960464 11.31
      vertex 59.30100000149012 5.7700000032782555 11.31
    endloop
  endfacet
  facet normal 0 0 -1
    outer loop
      vertex 43.49099999910593 5.3900000005960464 11.31
      vertex 43.54100000357628 5.579999998211861 11.31
      vertex 59.21099999791384 5.939999997615814 11.31
    endloop
  endfacet
  facet normal 0 0 -1
    outer loop
      vertex 43.451 5 11.31
      vertex 59.36099999642372 5.579999998211861 11.31
      vertex 59.41100000089407 5.3900000005960464 11.31
    endloop
  endfacet
  facet normal 0 0 -1
    outer loop
      vertex 43.46099999791384 5.200000002980232 11.31
      vertex 59.30100000149012 5.7700000032782555 11.31
      vertex 59.36099999642372 5.579999998211861 11.31
    endloop
  endfacet
  facet normal 0 0 1
    outer loop
      vertex 43.451 5 12.81
      vertex 59.36099999642372 5.579999998211861 12.81
      vertex 43.46099999791384 5.200000002980232 12.81
    endloop
  endfacet
  facet normal 0 0 1
    outer loop
      vertex 43.46099999791384 5.200000002980232 12.81
      vertex 59.30100000149012 5.7700000032782555 12.81
      vertex 43.49099999910593 5.3900000005960464 12.81
    endloop
  endfacet
  facet normal 0 0 1
    outer loop
      vertex 43.49099999910593 5.3900000005960464 12.81
      vertex 59.21099999791384 5.939999997615814 12.81
      vertex 43.54100000357628 5.579999998211861 12.81
    endloop
  endfacet
  facet normal 0 0 1
    outer loop
      vertex 43.451 5 12.81
      vertex 59.41100000089407 5.3900000005960464 12.81
      vertex 59.36099999642372 5.579999998211861 12.81
    endloop
  endfacet
  facet normal 0 0 1
    outer loop
      vertex 43.46099999791384 5.200000002980232 12.81
      vertex 59.36099999642372 5.579999998211861 12.81
      vertex 59.30100000149012 5.7700000032782555 12.81
    endloop
  endfacet
  facet normal 0 0 -1
    outer loop
      vertex 57.451 -7 11.31
      vertex 57.84100000059605 -6.96000000089407 11.31
      vertex 57.65100000298023 -6.990000002086163 11.31
    endloop
  endfacet
  facet normal 0.049937605809800424 -0.9987523394345491 0
    outer loop
      vertex 57.451 -7 11.31
      vertex 57.65100000298023 -6.990000002086163 11.31
      vertex 57.451 -7 12.81
    endloop
  endfacet
  facet normal 0.15596258142912728 -0.98776296407284 0
    outer loop
      vertex 57.65100000298023 -6.990000002086163 11.31
      vertex 57.84100000059605 -6.96000000089407 11.31
      vertex 57.65100000298023 -6.990000002086163 12.81
    endloop
  endfacet
  facet normal 0.2544933235460864 -0.9670745308767401 0
    outer loop
      vertex 57.84100000059605 -6.96000000089407 11.31
      vertex 58.03099999821186 -6.909999996423721 11.31
      vertex 57.84100000059605 -6.96000000089407 12.81
    endloop
  endfacet
  facet normal 0.30113133751375853 -0.9535826747415113 0
    outer loop
      vertex 58.03099999821186 -6.909999996423721 11.31
      vertex 58.221000003278256 -6.850000001490116 11.31
      vertex 58.03099999821186 -6.909999996423721 12.81
    endloop
  endfacet
  facet normal 0.4678877471138969 -0.8837879022144862 0
    outer loop
      vertex 58.221000003278256 -6.850000001490116 11.31
      vertex 58.390999997615815 -6.759999997913837 11.31
      vertex 58.221000003278256 -6.850000001490116 12.81
    endloop
  endfacet
  facet normal 0.5070201282142704 -0.8619342141866656 0
    outer loop
      vertex 58.390999997615815 -6.759999997913837 11.31
      vertex 58.560999999403954 -6.659999996423721 11.31
      vertex 58.390999997615815 -6.759999997913837 12.81
    endloop
  endfacet
  facet normal 0.5665288114872946 -0.8240419320367097 0
    outer loop
      vertex 58.560999999403954 -6.659999996423721 11.31
      vertex 58.721000003278256 -6.549999997019768 11.31
      vertex 58.560999999403954 -6.659999996423721 12.81
    endloop
  endfacet
  facet normal 0.7071067811865476 -0.7071067811865476 0
    outer loop
      vertex 58.721000003278256 -6.549999997019768 11.31
      vertex 59.00099999701977 -6.2700000032782555 11.31
      vertex 58.721000003278256 -6.549999997019768 12.81
    endloop
  endfacet
  facet normal 0.8240419320367097 -0.5665288114872946 0
    outer loop
      vertex 59.00099999701977 -6.2700000032782555 11.31
      vertex 59.11099999642372 -6.1099999994039536 11.31
      vertex 59.00099999701977 -6.2700000032782555 12.81
    endloop
  endfacet
  facet normal 0.8619342141866656 -0.5070201282142704 0
    outer loop
      vertex 59.11099999642372 -6.1099999994039536 11.31
      vertex 59.21099999791384 -5.939999997615814 11.31
      vertex 59.11099999642372 -6.1099999994039536 12.81
    endloop
  endfacet
  facet normal 0.8837879022144862 -0.4678877471138969 0
    outer loop
      vertex 59.21099999791384 -5.939999997615814 11.31
      vertex 59.30100000149012 -5.7700000032782555 11.31
      vertex 59.21099999791384 -5.939999997615814 12.81
    endloop
  endfacet
  facet normal 0.9535826747415113 -0.30113133751375853 0
    outer loop
      vertex 59.30100000149012 -5.7700000032782555 11.31
      vertex 59.36099999642372 -5.579999998211861 11.31
      vertex 59.30100000149012 -5.7700000032782555 12.81
    endloop
  endfacet
  facet normal 0.9670745308767401 -0.2544933235460864 0
    outer loop
      vertex 59.36099999642372 -5.579999998211861 11.31
      vertex 59.41100000089407 -5.3900000005960464 11.31
      vertex 59.36099999642372 -5.579999998211861 12.81
    endloop
  endfacet
  facet normal 0.98776296407284 -0.15596258142912728 0
    outer loop
      vertex 59.41100000089407 -5.3900000005960464 11.31
      vertex 59.44100000208616 -5.200000002980232 11.31
      vertex 59.41100000089407 -5.3900000005960464 12.81
    endloop
  endfacet
  facet normal 0.9987523394345491 -0.049937605809800424 0
    outer loop
      vertex 59.44100000208616 -5.200000002980232 11.31
      vertex 59.451 -5 11.31
      vertex 59.44100000208616 -5.200000002980232 12.81
    endloop
  endfacet
  facet normal 0.049937605809800424 -0.9987523394345491 0
    outer loop
      vertex 57.65100000298023 -6.990000002086163 11.31
      vertex 57.65100000298023 -6.990000002086163 12.81
      vertex 57.451 -7 12.81
    endloop
  endfacet
  facet normal 0.15596258142912728 -0.98776296407284 0
    outer loop
      vertex 57.84100000059605 -6.96000000089407 11.31
      vertex 57.84100000059605 -6.96000000089407 12.81
      vertex 57.65100000298023 -6.990000002086163 12.81
    endloop
  endfacet
  facet normal 0.2544933235460864 -0.9670745308767401 0
    outer loop
      vertex 58.03099999821186 -6.909999996423721 11.31
      vertex 58.03099999821186 -6.909999996423721 12.81
      vertex 57.84100000059605 -6.96000000089407 12.81
    endloop
  endfacet
  facet normal 0.30113133751375853 -0.9535826747415113 0
    outer loop
      vertex 58.221000003278256 -6.850000001490116 11.31
      vertex 58.221000003278256 -6.850000001490116 12.81
      vertex 58.03099999821186 -6.909999996423721 12.81
    endloop
  endfacet
  facet normal 0.4678877471138969 -0.8837879022144862 0
    outer loop
      vertex 58.390999997615815 -6.759999997913837 11.31
      vertex 58.390999997615815 -6.759999997913837 12.81
      vertex 58.221000003278256 -6.850000001490116 12.81
    endloop
  endfacet
  facet normal 0.5070201282142704 -0.8619342141866656 0
    outer loop
      vertex 58.390999997615815 -6.759999997913837 12.81
      vertex 58.560999999403954 -6.659999996423721 11.31
      vertex 58.560999999403954 -6.659999996423721 12.81
    endloop
  endfacet
  facet normal 0.5665288114872946 -0.8240419320367097 0
    outer loop
      vertex 58.721000003278256 -6.549999997019768 11.31
      vertex 58.721000003278256 -6.549999997019768 12.81
      vertex 58.560999999403954 -6.659999996423721 12.81
    endloop
  endfacet
  facet normal 0.7071067811865476 -0.7071067811865476 0
    outer loop
      vertex 59.00099999701977 -6.2700000032782555 11.31
      vertex 59.00099999701977 -6.2700000032782555 12.81
      vertex 58.721000003278256 -6.549999997019768 12.81
    endloop
  endfacet
  facet normal 0 0 1
    outer loop
      vertex 57.451 -7 12.81
      vertex 57.65100000298023 -6.990000002086163 12.81
      vertex 57.84100000059605 -6.96000000089407 12.81
    endloop
  endfacet
  facet normal 0.8240419320367097 -0.5665288114872946 0
    outer loop
      vertex 59.00099999701977 -6.2700000032782555 12.81
      vertex 59.11099999642372 -6.1099999994039536 11.31
      vertex 59.11099999642372 -6.1099999994039536 12.81
    endloop
  endfacet
  facet normal 0.8619342141866656 -0.5070201282142704 0
    outer loop
      vertex 59.21099999791384 -5.939999997615814 11.31
      vertex 59.21099999791384 -5.939999997615814 12.81
      vertex 59.11099999642372 -6.1099999994039536 12.81
    endloop
  endfacet
  facet normal 0.8837879022144862 -0.4678877471138969 0
    outer loop
      vertex 59.30100000149012 -5.7700000032782555 11.31
      vertex 59.30100000149012 -5.7700000032782555 12.81
      vertex 59.21099999791384 -5.939999997615814 12.81
    endloop
  endfacet
  facet normal 0.9535826747415113 -0.30113133751375853 0
    outer loop
      vertex 59.36099999642372 -5.579999998211861 11.31
      vertex 59.36099999642372 -5.579999998211861 12.81
      vertex 59.30100000149012 -5.7700000032782555 12.81
    endloop
  endfacet
  facet normal 0.9670745308767401 -0.2544933235460864 0
    outer loop
      vertex 59.41100000089407 -5.3900000005960464 11.31
      vertex 59.41100000089407 -5.3900000005960464 12.81
      vertex 59.36099999642372 -5.579999998211861 12.81
    endloop
  endfacet
  facet normal 0.98776296407284 -0.15596258142912728 0
    outer loop
      vertex 59.41100000089407 -5.3900000005960464 12.81
      vertex 59.44100000208616 -5.200000002980232 11.31
      vertex 59.44100000208616 -5.200000002980232 12.81
    endloop
  endfacet
  facet normal 0.9987523394345491 -0.049937605809800424 0
    outer loop
      vertex 59.451 -5 11.31
      vertex 59.451 -5 12.81
      vertex 59.44100000208616 -5.200000002980232 12.81
    endloop
  endfacet
  facet normal 1 0 0
    outer loop
      vertex 59.451 -5 11.31
      vertex 59.451 5 11.31
      vertex 59.451 -5 12.81
    endloop
  endfacet
  facet normal 1 0 0
    outer loop
      vertex 59.451 -5 12.81
      vertex 59.451 5 11.31
      vertex 59.451 5 12.81
    endloop
  endfacet
  facet normal 0.9987523394345491 0.049937605809800424 0
    outer loop
      vertex 59.451 5 11.31
      vertex 59.44100000208616 5.200000002980232 11.31
      vertex 59.451 5 12.81
    endloop
  endfacet
  facet normal 0.9670745308767401 0.2544933235460864 0
    outer loop
      vertex 59.41100000089407 5.3900000005960464 11.31
      vertex 59.36099999642372 5.579999998211861 11.31
      vertex 59.41100000089407 5.3900000005960464 12.81
    endloop
  endfacet
  facet normal 0.9535826747415113 0.30113133751375853 0
    outer loop
      vertex 59.36099999642372 5.579999998211861 11.31
      vertex 59.30100000149012 5.7700000032782555 11.31
      vertex 59.36099999642372 5.579999998211861 12.81
    endloop
  endfacet
  facet normal 0.98776296407284 0.15596258142912728 0
    outer loop
      vertex 59.44100000208616 5.200000002980232 11.31
      vertex 59.41100000089407 5.3900000005960464 11.31
      vertex 59.44100000208616 5.200000002980232 12.81
    endloop
  endfacet
  facet normal 0.9987523394345491 0.049937605809800424 0
    outer loop
      vertex 59.44100000208616 5.200000002980232 11.31
      vertex 59.44100000208616 5.200000002980232 12.81
      vertex 59.451 5 12.81
    endloop
  endfacet
  facet normal 0.9670745308767401 0.2544933235460864 0
    outer loop
      vertex 59.36099999642372 5.579999998211861 11.31
      vertex 59.36099999642372 5.579999998211861 12.81
      vertex 59.41100000089407 5.3900000005960464 12.81
    endloop
  endfacet
  facet normal 0.98776296407284 0.15596258142912728 0
    outer loop
      vertex 59.44100000208616 5.200000002980232 12.81
      vertex 59.41100000089407 5.3900000005960464 11.31
      vertex 59.41100000089407 5.3900000005960464 12.81
    endloop
  endfacet
  facet normal 0 0 -1
    outer loop
      vertex 45.060999999403954 6.96000000089407 11.31
      vertex 45.25099999701977 6.990000002086163 11.31
      vertex 45.451 7 11.31
    endloop
  endfacet
  facet normal -0.9535826747415113 0.30113133751375853 0
    outer loop
      vertex 43.54100000357628 5.579999998211861 11.31
      vertex 43.600999998509884 5.7700000032782555 12.81
      vertex 43.600999998509884 5.7700000032782555 11.31
    endloop
  endfacet
  facet normal -0.8837879022144862 0.4678877471138969 0
    outer loop
      vertex 43.600999998509884 5.7700000032782555 11.31
      vertex 43.69100000208616 5.939999997615814 12.81
      vertex 43.69100000208616 5.939999997615814 11.31
    endloop
  endfacet
  facet normal -0.8619342141866656 0.5070201282142704 0
    outer loop
      vertex 43.69100000208616 5.939999997615814 11.31
      vertex 43.79100000357628 6.1099999994039536 12.81
      vertex 43.79100000357628 6.1099999994039536 11.31
    endloop
  endfacet
  facet normal -0.8240419320367097 0.5665288114872946 0
    outer loop
      vertex 43.79100000357628 6.1099999994039536 11.31
      vertex 43.90100000298023 6.2700000032782555 12.81
      vertex 43.90100000298023 6.2700000032782555 11.31
    endloop
  endfacet
  facet normal -0.7071067811865476 0.7071067811865476 0
    outer loop
      vertex 43.90100000298023 6.2700000032782555 11.31
      vertex 44.180999996721745 6.549999997019768 12.81
      vertex 44.180999996721745 6.549999997019768 11.31
    endloop
  endfacet
  facet normal -0.5665288114872946 0.8240419320367097 0
    outer loop
      vertex 44.180999996721745 6.549999997019768 11.31
      vertex 44.34100000059605 6.659999996423721 12.81
      vertex 44.34100000059605 6.659999996423721 11.31
    endloop
  endfacet
  facet normal -0.5070201282142704 0.8619342141866656 0
    outer loop
      vertex 44.34100000059605 6.659999996423721 11.31
      vertex 44.511000002384186 6.759999997913837 12.81
      vertex 44.511000002384186 6.759999997913837 11.31
    endloop
  endfacet
  facet normal -0.4678877471138969 0.8837879022144862 0
    outer loop
      vertex 44.511000002384186 6.759999997913837 11.31
      vertex 44.680999996721745 6.850000001490116 12.81
      vertex 44.680999996721745 6.850000001490116 11.31
    endloop
  endfacet
  facet normal -0.30113133751375853 0.9535826747415113 0
    outer loop
      vertex 44.680999996721745 6.850000001490116 11.31
      vertex 44.87100000178814 6.909999996423721 12.81
      vertex 44.87100000178814 6.909999996423721 11.31
    endloop
  endfacet
  facet normal -0.2544933235460864 0.9670745308767401 0
    outer loop
      vertex 44.87100000178814 6.909999996423721 11.31
      vertex 45.060999999403954 6.96000000089407 12.81
      vertex 45.060999999403954 6.96000000089407 11.31
    endloop
  endfacet
  facet normal -0.15596258142912728 0.98776296407284 0
    outer loop
      vertex 45.060999999403954 6.96000000089407 11.31
      vertex 45.25099999701977 6.990000002086163 12.81
      vertex 45.25099999701977 6.990000002086163 11.31
    endloop
  endfacet
  facet normal -0.049937605809800424 0.9987523394345491 0
    outer loop
      vertex 45.25099999701977 6.990000002086163 11.31
      vertex 45.451 7 12.81
      vertex 45.451 7 11.31
    endloop
  endfacet
  facet normal -0.8837879022144862 0.4678877471138969 0
    outer loop
      vertex 43.600999998509884 5.7700000032782555 11.31
      vertex 43.600999998509884 5.7700000032782555 12.81
      vertex 43.69100000208616 5.939999997615814 12.81
    endloop
  endfacet
  facet normal -0.8619342141866656 0.5070201282142704 0
    outer loop
      vertex 43.69100000208616 5.939999997615814 11.31
      vertex 43.69100000208616 5.939999997615814 12.81
      vertex 43.79100000357628 6.1099999994039536 12.81
    endloop
  endfacet
  facet normal -0.8240419320367097 0.5665288114872946 0
    outer loop
      vertex 43.79100000357628 6.1099999994039536 11.31
      vertex 43.79100000357628 6.1099999994039536 12.81
      vertex 43.90100000298023 6.2700000032782555 12.81
    endloop
  endfacet
  facet normal -0.7071067811865476 0.7071067811865476 0
    outer loop
      vertex 43.90100000298023 6.2700000032782555 11.31
      vertex 43.90100000298023 6.2700000032782555 12.81
      vertex 44.180999996721745 6.549999997019768 12.81
    endloop
  endfacet
  facet normal -0.5665288114872946 0.8240419320367097 0
    outer loop
      vertex 44.180999996721745 6.549999997019768 11.31
      vertex 44.180999996721745 6.549999997019768 12.81
      vertex 44.34100000059605 6.659999996423721 12.81
    endloop
  endfacet
  facet normal -0.5070201282142704 0.8619342141866656 0
    outer loop
      vertex 44.34100000059605 6.659999996423721 11.31
      vertex 44.34100000059605 6.659999996423721 12.81
      vertex 44.511000002384186 6.759999997913837 12.81
    endloop
  endfacet
  facet normal -0.4678877471138969 0.8837879022144862 0
    outer loop
      vertex 44.511000002384186 6.759999997913837 11.31
      vertex 44.511000002384186 6.759999997913837 12.81
      vertex 44.680999996721745 6.850000001490116 12.81
    endloop
  endfacet
  facet normal -0.30113133751375853 0.9535826747415113 0
    outer loop
      vertex 44.680999996721745 6.850000001490116 11.31
      vertex 44.680999996721745 6.850000001490116 12.81
      vertex 44.87100000178814 6.909999996423721 12.81
    endloop
  endfacet
  facet normal -0.2544933235460864 0.9670745308767401 0
    outer loop
      vertex 44.87100000178814 6.909999996423721 11.31
      vertex 44.87100000178814 6.909999996423721 12.81
      vertex 45.060999999403954 6.96000000089407 12.81
    endloop
  endfacet
  facet normal -0.15596258142912728 0.98776296407284 0
    outer loop
      vertex 45.060999999403954 6.96000000089407 11.31
      vertex 45.060999999403954 6.96000000089407 12.81
      vertex 45.25099999701977 6.990000002086163 12.81
    endloop
  endfacet
  facet normal -0.049937605809800424 0.9987523394345491 0
    outer loop
      vertex 45.25099999701977 6.990000002086163 11.31
      vertex 45.25099999701977 6.990000002086163 12.81
      vertex 45.451 7 12.81
    endloop
  endfacet
  facet normal 0 0 1
    outer loop
      vertex 45.060999999403954 6.96000000089407 12.81
      vertex 45.451 7 12.81
      vertex 45.25099999701977 6.990000002086163 12.81
    endloop
  endfacet
  facet normal 0 0 -1
    outer loop
      vertex 43.54100000357628 5.579999998211861 11.31
      vertex 43.600999998509884 5.7700000032782555 11.31
      vertex 59.11099999642372 6.1099999994039536 11.31
    endloop
  endfacet
  facet normal 0 0 -1
    outer loop
      vertex 43.600999998509884 5.7700000032782555 11.31
      vertex 43.69100000208616 5.939999997615814 11.31
      vertex 59.00099999701977 6.2700000032782555 11.31
    endloop
  endfacet
  facet normal 0 0 -1
    outer loop
      vertex 43.69100000208616 5.939999997615814 11.31
      vertex 43.79100000357628 6.1099999994039536 11.31
      vertex 58.721000003278256 6.549999997019768 11.31
    endloop
  endfacet
  facet normal 0 0 -1
    outer loop
      vertex 43.79100000357628 6.1099999994039536 11.31
      vertex 43.90100000298023 6.2700000032782555 11.31
      vertex 58.560999999403954 6.659999996423721 11.31
    endloop
  endfacet
  facet normal 0 0 -1
    outer loop
      vertex 43.90100000298023 6.2700000032782555 11.31
      vertex 44.180999996721745 6.549999997019768 11.31
      vertex 58.390999997615815 6.759999997913837 11.31
    endloop
  endfacet
  facet normal 0 0 -1
    outer loop
      vertex 44.180999996721745 6.549999997019768 11.31
      vertex 44.34100000059605 6.659999996423721 11.31
      vertex 58.221000003278256 6.850000001490116 11.31
    endloop
  endfacet
  facet normal 0 0 -1
    outer loop
      vertex 44.34100000059605 6.659999996423721 11.31
      vertex 44.511000002384186 6.759999997913837 11.31
      vertex 58.03099999821186 6.909999996423721 11.31
    endloop
  endfacet
  facet normal 0 0 -1
    outer loop
      vertex 44.511000002384186 6.759999997913837 11.31
      vertex 44.680999996721745 6.850000001490116 11.31
      vertex 57.84100000059605 6.96000000089407 11.31
    endloop
  endfacet
  facet normal 0 0 -1
    outer loop
      vertex 44.680999996721745 6.850000001490116 11.31
      vertex 44.87100000178814 6.909999996423721 11.31
      vertex 57.65100000298023 6.990000002086163 11.31
    endloop
  endfacet
  facet normal 0 0 -1
    outer loop
      vertex 44.87100000178814 6.909999996423721 11.31
      vertex 45.060999999403954 6.96000000089407 11.31
      vertex 57.451 7 11.31
    endloop
  endfacet
  facet normal 0 0 -1
    outer loop
      vertex 45.060999999403954 6.96000000089407 11.31
      vertex 45.451 7 11.31
      vertex 57.451 7 11.31
    endloop
  endfacet
  facet normal 0 0 -1
    outer loop
      vertex 43.49099999910593 5.3900000005960464 11.31
      vertex 59.21099999791384 5.939999997615814 11.31
      vertex 59.30100000149012 5.7700000032782555 11.31
    endloop
  endfacet
  facet normal 0 0 -1
    outer loop
      vertex 43.54100000357628 5.579999998211861 11.31
      vertex 59.11099999642372 6.1099999994039536 11.31
      vertex 59.21099999791384 5.939999997615814 11.31
    endloop
  endfacet
  facet normal 0 0 -1
    outer loop
      vertex 43.600999998509884 5.7700000032782555 11.31
      vertex 59.00099999701977 6.2700000032782555 11.31
      vertex 59.11099999642372 6.1099999994039536 11.31
    endloop
  endfacet
  facet normal 0 0 -1
    outer loop
      vertex 43.69100000208616 5.939999997615814 11.31
      vertex 58.721000003278256 6.549999997019768 11.31
      vertex 59.00099999701977 6.2700000032782555 11.31
    endloop
  endfacet
  facet normal 0 0 -1
    outer loop
      vertex 43.79100000357628 6.1099999994039536 11.31
      vertex 58.560999999403954 6.659999996423721 11.31
      vertex 58.721000003278256 6.549999997019768 11.31
    endloop
  endfacet
  facet normal 0 0 -1
    outer loop
      vertex 43.90100000298023 6.2700000032782555 11.31
      vertex 58.390999997615815 6.759999997913837 11.31
      vertex 58.560999999403954 6.659999996423721 11.31
    endloop
  endfacet
  facet normal 0 0 -1
    outer loop
      vertex 44.180999996721745 6.549999997019768 11.31
      vertex 58.221000003278256 6.850000001490116 11.31
      vertex 58.390999997615815 6.759999997913837 11.31
    endloop
  endfacet
  facet normal 0 0 -1
    outer loop
      vertex 44.34100000059605 6.659999996423721 11.31
      vertex 58.03099999821186 6.909999996423721 11.31
      vertex 58.221000003278256 6.850000001490116 11.31
    endloop
  endfacet
  facet normal 0 0 -1
    outer loop
      vertex 44.511000002384186 6.759999997913837 11.31
      vertex 57.84100000059605 6.96000000089407 11.31
      vertex 58.03099999821186 6.909999996423721 11.31
    endloop
  endfacet
  facet normal 0 0 -1
    outer loop
      vertex 44.680999996721745 6.850000001490116 11.31
      vertex 57.65100000298023 6.990000002086163 11.31
      vertex 57.84100000059605 6.96000000089407 11.31
    endloop
  endfacet
  facet normal 0 0 -1
    outer loop
      vertex 44.87100000178814 6.909999996423721 11.31
      vertex 57.451 7 11.31
      vertex 57.65100000298023 6.990000002086163 11.31
    endloop
  endfacet
  facet normal 0 1 0
    outer loop
      vertex 45.451 7 11.31
      vertex 57.451 7 12.81
      vertex 57.451 7 11.31
    endloop
  endfacet
  facet normal 0 1 0
    outer loop
      vertex 45.451 7 11.31
      vertex 45.451 7 12.81
      vertex 57.451 7 12.81
    endloop
  endfacet
  facet normal 0 0 1
    outer loop
      vertex 43.54100000357628 5.579999998211861 12.81
      vertex 59.11099999642372 6.1099999994039536 12.81
      vertex 43.600999998509884 5.7700000032782555 12.81
    endloop
  endfacet
  facet normal 0 0 1
    outer loop
      vertex 43.600999998509884 5.7700000032782555 12.81
      vertex 59.00099999701977 6.2700000032782555 12.81
      vertex 43.69100000208616 5.939999997615814 12.81
    endloop
  endfacet
  facet normal 0 0 1
    outer loop
      vertex 43.69100000208616 5.939999997615814 12.81
      vertex 58.721000003278256 6.549999997019768 12.81
      vertex 43.79100000357628 6.1099999994039536 12.81
    endloop
  endfacet
  facet normal 0 0 1
    outer loop
      vertex 43.79100000357628 6.1099999994039536 12.81
      vertex 58.560999999403954 6.659999996423721 12.81
      vertex 43.90100000298023 6.2700000032782555 12.81
    endloop
  endfacet
  facet normal 0 0 1
    outer loop
      vertex 43.90100000298023 6.2700000032782555 12.81
      vertex 58.390999997615815 6.759999997913837 12.81
      vertex 44.180999996721745 6.549999997019768 12.81
    endloop
  endfacet
  facet normal 0 0 1
    outer loop
      vertex 44.180999996721745 6.549999997019768 12.81
      vertex 58.221000003278256 6.850000001490116 12.81
      vertex 44.34100000059605 6.659999996423721 12.81
    endloop
  endfacet
  facet normal 0 0 1
    outer loop
      vertex 44.34100000059605 6.659999996423721 12.81
      vertex 58.03099999821186 6.909999996423721 12.81
      vertex 44.511000002384186 6.759999997913837 12.81
    endloop
  endfacet
  facet normal 0 0 1
    outer loop
      vertex 44.511000002384186 6.759999997913837 12.81
      vertex 57.84100000059605 6.96000000089407 12.81
      vertex 44.680999996721745 6.850000001490116 12.81
    endloop
  endfacet
  facet normal 0 0 1
    outer loop
      vertex 44.680999996721745 6.850000001490116 12.81
      vertex 57.65100000298023 6.990000002086163 12.81
      vertex 44.87100000178814 6.909999996423721 12.81
    endloop
  endfacet
  facet normal 0 0 1
    outer loop
      vertex 44.87100000178814 6.909999996423721 12.81
      vertex 57.451 7 12.81
      vertex 45.060999999403954 6.96000000089407 12.81
    endloop
  endfacet
  facet normal 0 0 1
    outer loop
      vertex 45.060999999403954 6.96000000089407 12.81
      vertex 57.451 7 12.81
      vertex 45.451 7 12.81
    endloop
  endfacet
  facet normal 0 0 1
    outer loop
      vertex 43.49099999910593 5.3900000005960464 12.81
      vertex 59.30100000149012 5.7700000032782555 12.81
      vertex 59.21099999791384 5.939999997615814 12.81
    endloop
  endfacet
  facet normal 0 0 1
    outer loop
      vertex 43.54100000357628 5.579999998211861 12.81
      vertex 59.21099999791384 5.939999997615814 12.81
      vertex 59.11099999642372 6.1099999994039536 12.81
    endloop
  endfacet
  facet normal 0 0 1
    outer loop
      vertex 43.600999998509884 5.7700000032782555 12.81
      vertex 59.11099999642372 6.1099999994039536 12.81
      vertex 59.00099999701977 6.2700000032782555 12.81
    endloop
  endfacet
  facet normal 0 0 1
    outer loop
      vertex 43.69100000208616 5.939999997615814 12.81
      vertex 59.00099999701977 6.2700000032782555 12.81
      vertex 58.721000003278256 6.549999997019768 12.81
    endloop
  endfacet
  facet normal 0 0 1
    outer loop
      vertex 43.79100000357628 6.1099999994039536 12.81
      vertex 58.721000003278256 6.549999997019768 12.81
      vertex 58.560999999403954 6.659999996423721 12.81
    endloop
  endfacet
  facet normal 0 0 1
    outer loop
      vertex 43.90100000298023 6.2700000032782555 12.81
      vertex 58.560999999403954 6.659999996423721 12.81
      vertex 58.390999997615815 6.759999997913837 12.81
    endloop
  endfacet
  facet normal 0 0 1
    outer loop
      vertex 44.180999996721745 6.549999997019768 12.81
      vertex 58.390999997615815 6.759999997913837 12.81
      vertex 58.221000003278256 6.850000001490116 12.81
    endloop
  endfacet
  facet normal 0 0 1
    outer loop
      vertex 44.34100000059605 6.659999996423721 12.81
      vertex 58.221000003278256 6.850000001490116 12.81
      vertex 58.03099999821186 6.909999996423721 12.81
    endloop
  endfacet
  facet normal 0 0 1
    outer loop
      vertex 44.511000002384186 6.759999997913837 12.81
      vertex 58.03099999821186 6.909999996423721 12.81
      vertex 57.84100000059605 6.96000000089407 12.81
    endloop
  endfacet
  facet normal 0 0 1
    outer loop
      vertex 44.680999996721745 6.850000001490116 12.81
      vertex 57.84100000059605 6.96000000089407 12.81
      vertex 57.65100000298023 6.990000002086163 12.81
    endloop
  endfacet
  facet normal 0 0 1
    outer loop
      vertex 44.87100000178814 6.909999996423721 12.81
      vertex 57.65100000298023 6.990000002086163 12.81
      vertex 57.451 7 12.81
    endloop
  endfacet
  facet normal 0.049937605809800424 0.9987523394345491 0
    outer loop
      vertex 57.451 7 11.31
      vertex 57.65100000298023 6.990000002086163 12.81
      vertex 57.65100000298023 6.990000002086163 11.31
    endloop
  endfacet
  facet normal 0.8837879022144862 0.4678877471138969 0
    outer loop
      vertex 59.30100000149012 5.7700000032782555 11.31
      vertex 59.21099999791384 5.939999997615814 11.31
      vertex 59.30100000149012 5.7700000032782555 12.81
    endloop
  endfacet
  facet normal 0.8619342141866656 0.5070201282142704 0
    outer loop
      vertex 59.11099999642372 6.1099999994039536 11.31
      vertex 59.21099999791384 5.939999997615814 12.81
      vertex 59.21099999791384 5.939999997615814 11.31
    endloop
  endfacet
  facet normal 0.8240419320367097 0.5665288114872946 0
    outer loop
      vertex 59.11099999642372 6.1099999994039536 11.31
      vertex 59.00099999701977 6.2700000032782555 11.31
      vertex 59.11099999642372 6.1099999994039536 12.81
    endloop
  endfacet
  facet normal 0.7071067811865476 0.7071067811865476 0
    outer loop
      vertex 58.721000003278256 6.549999997019768 11.31
      vertex 59.00099999701977 6.2700000032782555 12.81
      vertex 59.00099999701977 6.2700000032782555 11.31
    endloop
  endfacet
  facet normal 0.2544933235460864 0.9670745308767401 0
    outer loop
      vertex 57.84100000059605 6.96000000089407 11.31
      vertex 58.03099999821186 6.909999996423721 12.81
      vertex 58.03099999821186 6.909999996423721 11.31
    endloop
  endfacet
  facet normal 0.30113133751375853 0.9535826747415113 0
    outer loop
      vertex 58.03099999821186 6.909999996423721 11.31
      vertex 58.221000003278256 6.850000001490116 12.81
      vertex 58.221000003278256 6.850000001490116 11.31
    endloop
  endfacet
  facet normal 0.5070201282142704 0.8619342141866656 0
    outer loop
      vertex 58.390999997615815 6.759999997913837 11.31
      vertex 58.560999999403954 6.659999996423721 12.81
      vertex 58.560999999403954 6.659999996423721 11.31
    endloop
  endfacet
  facet normal 0.5665288114872946 0.8240419320367097 0
    outer loop
      vertex 58.721000003278256 6.549999997019768 11.31
      vertex 58.560999999403954 6.659999996423721 11.31
      vertex 58.721000003278256 6.549999997019768 12.81
    endloop
  endfacet
  facet normal 0.4678877471138969 0.8837879022144862 0
    outer loop
      vertex 58.390999997615815 6.759999997913837 11.31
      vertex 58.221000003278256 6.850000001490116 11.31
      vertex 58.390999997615815 6.759999997913837 12.81
    endloop
  endfacet
  facet normal 0.15596258142912728 0.98776296407284 0
    outer loop
      vertex 57.65100000298023 6.990000002086163 11.31
      vertex 57.84100000059605 6.96000000089407 12.81
      vertex 57.84100000059605 6.96000000089407 11.31
    endloop
  endfacet
  facet normal 0.049937605809800424 0.9987523394345491 0
    outer loop
      vertex 57.451 7 11.31
      vertex 57.451 7 12.81
      vertex 57.65100000298023 6.990000002086163 12.81
    endloop
  endfacet
  facet normal 0.7071067811865476 0.7071067811865476 0
    outer loop
      vertex 58.721000003278256 6.549999997019768 11.31
      vertex 58.721000003278256 6.549999997019768 12.81
      vertex 59.00099999701977 6.2700000032782555 12.81
    endloop
  endfacet
  facet normal 0.9535826747415113 0.30113133751375853 0
    outer loop
      vertex 59.30100000149012 5.7700000032782555 11.31
      vertex 59.30100000149012 5.7700000032782555 12.81
      vertex 59.36099999642372 5.579999998211861 12.81
    endloop
  endfacet
  facet normal 0.8837879022144862 0.4678877471138969 0
    outer loop
      vertex 59.21099999791384 5.939999997615814 11.31
      vertex 59.21099999791384 5.939999997615814 12.81
      vertex 59.30100000149012 5.7700000032782555 12.81
    endloop
  endfacet
  facet normal 0.8619342141866656 0.5070201282142704 0
    outer loop
      vertex 59.11099999642372 6.1099999994039536 11.31
      vertex 59.11099999642372 6.1099999994039536 12.81
      vertex 59.21099999791384 5.939999997615814 12.81
    endloop
  endfacet
  facet normal 0.8240419320367097 0.5665288114872946 0
    outer loop
      vertex 59.11099999642372 6.1099999994039536 12.81
      vertex 59.00099999701977 6.2700000032782555 11.31
      vertex 59.00099999701977 6.2700000032782555 12.81
    endloop
  endfacet
  facet normal 0.2544933235460864 0.9670745308767401 0
    outer loop
      vertex 57.84100000059605 6.96000000089407 11.31
      vertex 57.84100000059605 6.96000000089407 12.81
      vertex 58.03099999821186 6.909999996423721 12.81
    endloop
  endfacet
  facet normal 0.30113133751375853 0.9535826747415113 0
    outer loop
      vertex 58.03099999821186 6.909999996423721 11.31
      vertex 58.03099999821186 6.909999996423721 12.81
      vertex 58.221000003278256 6.850000001490116 12.81
    endloop
  endfacet
  facet normal 0.5070201282142704 0.8619342141866656 0
    outer loop
      vertex 58.390999997615815 6.759999997913837 11.31
      vertex 58.390999997615815 6.759999997913837 12.81
      vertex 58.560999999403954 6.659999996423721 12.81
    endloop
  endfacet
  facet normal 0.5665288114872946 0.8240419320367097 0
    outer loop
      vertex 58.560999999403954 6.659999996423721 11.31
      vertex 58.560999999403954 6.659999996423721 12.81
      vertex 58.721000003278256 6.549999997019768 12.81
    endloop
  endfacet
  facet normal 0.4678877471138969 0.8837879022144862 0
    outer loop
      vertex 58.221000003278256 6.850000001490116 11.31
      vertex 58.221000003278256 6.850000001490116 12.81
      vertex 58.390999997615815 6.759999997913837 12.81
    endloop
  endfacet
  facet normal 0.15596258142912728 0.98776296407284 0
    outer loop
      vertex 57.65100000298023 6.990000002086163 11.31
      vertex 57.65100000298023 6.990000002086163 12.81
      vertex 57.84100000059605 6.96000000089407 12.81
    endloop
  endfacet
  facet normal 0 0 -1
    outer loop
      vertex 69.37899999701976 -3.7000000029802322 1.21
      vertex 72.49562483589413 -2.369688395062254 1.21
      vertex 72.98835221775948 -2.633056667657167 1.21
    endloop
  endfacet
  facet normal 0 0 -1
    outer loop
      vertex 69.37899999701976 -3.7000000029802322 1.21
      vertex 72.98835221775948 -2.633056667657167 1.21
      vertex 73.52299258225403 -2.795238049149207 1.21
    endloop
  endfacet
  facet normal 0 0 -1
    outer loop
      vertex 69.37899999701976 -3.7000000029802322 1.21
      vertex 73.52299258225403 -2.795238049149207 1.21
      vertex 74.079 -2.85 1.21
    endloop
  endfacet
  facet normal 0 0 -1
    outer loop
      vertex 69.37899999701976 -3.7000000029802322 1.21
      vertex 74.079 -2.85 1.21
      vertex 74.63500741774595 -2.795238049149207 1.21
    endloop
  endfacet
  facet normal 0 0 -1
    outer loop
      vertex 69.37899999701976 -3.7000000029802322 1.21
      vertex 72.06374567361833 -2.0152543263816605 1.21
      vertex 72.49562483589413 -2.369688395062254 1.21
    endloop
  endfacet
  facet normal 0 0 -1
    outer loop
      vertex 69.37899999701976 -3.7000000029802322 1.21
      vertex 71.44594333234282 -1.0906477822405058 1.21
      vertex 71.70931160493774 -1.5833751641058662 1.21
    endloop
  endfacet
  facet normal 0 0 -1
    outer loop
      vertex 69.37899999701976 -3.7000000029802322 1.21
      vertex 71.70931160493774 -1.5833751641058662 1.21
      vertex 72.06374567361833 -2.0152543263816605 1.21
    endloop
  endfacet
  facet normal 0 0 -1
    outer loop
      vertex 69.37899999701976 -3.7000000029802322 1.21
      vertex 71.28376195085079 -0.5560074177459655 1.21
      vertex 71.44594333234282 -1.0906477822405058 1.21
    endloop
  endfacet
  facet normal 0 0 -1
    outer loop
      vertex 69.37899999701976 -3.7000000029802322 1.21
      vertex 71.229 0 1.21
      vertex 71.28376195085079 -0.5560074177459655 1.21
    endloop
  endfacet
  facet normal 0 0 -1
    outer loop
      vertex 73.05119506891373 -1.5382187827597087 1.21
      vertex 73.71808290427016 -1.8144527687459764 1.21
      vertex 73.37103565012458 -1.7091771351458807 1.21
    endloop
  endfacet
  facet normal 0 0 -1
    outer loop
      vertex 74.079 -1.85 1.21
      vertex 73.71808290427016 -1.8144527687459764 1.21
      vertex 73.05119506891373 -1.5382187827597087 1.21
    endloop
  endfacet
  facet normal 0 0 -1
    outer loop
      vertex 74.079 -1.85 1.21
      vertex 72.77085245480488 -1.308147545195113 1.21
      vertex 74.43991709572983 -1.8144527687459764 1.21
    endloop
  endfacet
  facet normal 0 0 -1
    outer loop
      vertex 74.079 -1.85 1.21
      vertex 73.05119506891373 -1.5382187827597087 1.21
      vertex 72.77085245480488 -1.308147545195113 1.21
    endloop
  endfacet
  facet normal 0 0 -1
    outer loop
      vertex 72.54078121724028 -1.027804931086264 1.21
      vertex 74.43991709572983 -1.8144527687459764 1.21
      vertex 72.77085245480488 -1.308147545195113 1.21
    endloop
  endfacet
  facet normal 0 0 -1
    outer loop
      vertex 69.37899999701976 -3.7000000029802322 1.21
      vertex 71.28376195085079 0.5560074177459655 1.21
      vertex 71.229 0 1.21
    endloop
  endfacet
  facet normal 0 0 -1
    outer loop
      vertex 69.37899999701976 -3.7000000029802322 1.21
      vertex 69.37899999701976 3.7000000029802322 1.21
      vertex 71.28376195085079 0.5560074177459655 1.21
    endloop
  endfacet
  facet normal 0 0 -1
    outer loop
      vertex 72.54078121724028 -1.027804931086264 1.21
      vertex 72.36982286485411 -0.7079643498754161 1.21
      vertex 74.7869643498754 -1.7091771351458807 1.21
    endloop
  endfacet
  facet normal 0 0 -1
    outer loop
      vertex 72.26454723125401 -0.36091709572983727 1.21
      vertex 75.10680493108626 -1.5382187827597087 1.21
      vertex 72.36982286485411 -0.7079643498754161 1.21
    endloop
  endfacet
  facet normal 0 0 -1
    outer loop
      vertex 72.26454723125401 -0.36091709572983727 1.21
      vertex 72.229 0 1.21
      vertex 75.10680493108626 -1.5382187827597087 1.21
    endloop
  endfacet
  facet normal 0 0 -1
    outer loop
      vertex 72.229 0 1.21
      vertex 72.26454723125401 0.36091709572983727 1.21
      vertex 75.10680493108626 -1.5382187827597087 1.21
    endloop
  endfacet
  facet normal 0 0 -1
    outer loop
      vertex 72.26454723125401 0.36091709572983727 1.21
      vertex 72.36982286485411 0.7079643498754161 1.21
      vertex 75.10680493108626 -1.5382187827597087 1.21
    endloop
  endfacet
  facet normal 0 0 -1
    outer loop
      vertex 72.36982286485411 0.7079643498754161 1.21
      vertex 72.54078121724028 1.027804931086264 1.21
      vertex 75.10680493108626 -1.5382187827597087 1.21
    endloop
  endfacet
  facet normal 0 0 -1
    outer loop
      vertex 72.77085245480488 1.308147545195113 1.21
      vertex 75.6172187827597 -1.027804931086264 1.21
      vertex 72.54078121724028 1.027804931086264 1.21
    endloop
  endfacet
  facet normal 0 0 -1
    outer loop
      vertex 69.37899999701976 3.7000000029802322 1.21
      vertex 71.44594333234282 1.0906477822405058 1.21
      vertex 71.28376195085079 0.5560074177459655 1.21
    endloop
  endfacet
  facet normal 0 0 -1
    outer loop
      vertex 69.37899999701976 3.7000000029802322 1.21
      vertex 71.70931160493774 1.5833751641058662 1.21
      vertex 71.44594333234282 1.0906477822405058 1.21
    endloop
  endfacet
  facet normal 0 0 -1
    outer loop
      vertex 69.37899999701976 3.7000000029802322 1.21
      vertex 72.06374567361833 2.0152543263816605 1.21
      vertex 71.70931160493774 1.5833751641058662 1.21
    endloop
  endfacet
  facet normal 0 0 -1
    outer loop
      vertex 69.37899999701976 3.7000000029802322 1.21
      vertex 72.49562483589413 2.369688395062254 1.21
      vertex 72.06374567361833 2.0152543263816605 1.21
    endloop
  endfacet
  facet normal 0 0 -1
    outer loop
      vertex 69.37899999701976 3.7000000029802322 1.21
      vertex 72.98835221775948 2.633056667657167 1.21
      vertex 72.49562483589413 2.369688395062254 1.21
    endloop
  endfacet
  facet normal 0 0 -1
    outer loop
      vertex 69.37899999701976 3.7000000029802322 1.21
      vertex 73.52299258225403 2.795238049149207 1.21
      vertex 72.98835221775948 2.633056667657167 1.21
    endloop
  endfacet
  facet normal 0 -1 0
    outer loop
      vertex 69.37899999701976 -3.7000000029802322 1.21
      vertex 78.77900000298023 -3.7000000029802322 1.21
      vertex 69.37899999701976 -3.7000000029802322 11.309999999999999
    endloop
  endfacet
  facet normal -1 0 0
    outer loop
      vertex 69.37899999701976 -3.7000000029802322 1.21
      vertex 69.37899999701976 3.7000000029802322 11.309999999999999
      vertex 69.37899999701976 3.7000000029802322 1.21
    endloop
  endfacet
  facet normal -1 0 0
    outer loop
      vertex 69.37899999701976 -3.7000000029802322 1.21
      vertex 69.37899999701976 -3.7000000029802322 11.309999999999999
      vertex 69.37899999701976 3.7000000029802322 11.309999999999999
    endloop
  endfacet
  facet normal 0 1 0
    outer loop
      vertex 69.37899999701976 3.7000000029802322 1.21
      vertex 69.37899999701976 3.7000000029802322 11.309999999999999
      vertex 78.77900000298023 3.7000000029802322 11.309999999999999
    endloop
  endfacet
  facet normal 0 0 1
    outer loop
      vertex 69.37899999701976 -3.7000000029802322 11.309999999999999
      vertex 78.77900000298023 -3.7000000029802322 11.309999999999999
      vertex 69.37899999701976 3.7000000029802322 11.309999999999999
    endloop
  endfacet
  facet normal 0 0 -1
    outer loop
      vertex 69.37899999701976 -3.7000000029802322 1.21
      vertex 74.63500741774595 -2.795238049149207 1.21
      vertex 78.77900000298023 -3.7000000029802322 1.21
    endloop
  endfacet
  facet normal 0 0 -1
    outer loop
      vertex 78.77900000298023 -3.7000000029802322 1.21
      vertex 74.63500741774595 -2.795238049149207 1.21
      vertex 75.1696477822405 -2.633056667657167 1.21
    endloop
  endfacet
  facet normal 0 0 -1
    outer loop
      vertex 78.77900000298023 -3.7000000029802322 1.21
      vertex 75.1696477822405 -2.633056667657167 1.21
      vertex 75.66237516410585 -2.369688395062254 1.21
    endloop
  endfacet
  facet normal 0 0 -1
    outer loop
      vertex 72.54078121724028 -1.027804931086264 1.21
      vertex 74.7869643498754 -1.7091771351458807 1.21
      vertex 74.43991709572983 -1.8144527687459764 1.21
    endloop
  endfacet
  facet normal 0 0 -1
    outer loop
      vertex 72.36982286485411 -0.7079643498754161 1.21
      vertex 75.10680493108626 -1.5382187827597087 1.21
      vertex 74.7869643498754 -1.7091771351458807 1.21
    endloop
  endfacet
  facet normal 0 0 -1
    outer loop
      vertex 78.77900000298023 -3.7000000029802322 1.21
      vertex 75.66237516410585 -2.369688395062254 1.21
      vertex 76.09425432638166 -2.0152543263816605 1.21
    endloop
  endfacet
  facet normal 0 0 -1
    outer loop
      vertex 78.77900000298023 -3.7000000029802322 1.21
      vertex 76.09425432638166 -2.0152543263816605 1.21
      vertex 76.44868839506225 -1.5833751641058662 1.21
    endloop
  endfacet
  facet normal 0 0 -1
    outer loop
      vertex 78.77900000298023 -3.7000000029802322 1.21
      vertex 76.44868839506225 -1.5833751641058662 1.21
      vertex 76.71205666765717 -1.0906477822405058 1.21
    endloop
  endfacet
  facet normal 0 0 -1
    outer loop
      vertex 78.77900000298023 -3.7000000029802322 1.21
      vertex 76.71205666765717 -1.0906477822405058 1.21
      vertex 76.8742380491492 -0.5560074177459655 1.21
    endloop
  endfacet
  facet normal 0 0 -1
    outer loop
      vertex 72.54078121724028 1.027804931086264 1.21
      vertex 75.3871475451951 -1.308147545195113 1.21
      vertex 75.10680493108626 -1.5382187827597087 1.21
    endloop
  endfacet
  facet normal 0 0 -1
    outer loop
      vertex 72.54078121724028 1.027804931086264 1.21
      vertex 75.6172187827597 -1.027804931086264 1.21
      vertex 75.3871475451951 -1.308147545195113 1.21
    endloop
  endfacet
  facet normal 0 0 -1
    outer loop
      vertex 73.05119506891373 1.5382187827597087 1.21
      vertex 75.78817713514587 -0.7079643498754161 1.21
      vertex 75.6172187827597 -1.027804931086264 1.21
    endloop
  endfacet
  facet normal 0 0 -1
    outer loop
      vertex 73.05119506891373 1.5382187827597087 1.21
      vertex 75.89345276874597 -0.36091709572983727 1.21
      vertex 75.78817713514587 -0.7079643498754161 1.21
    endloop
  endfacet
  facet normal 0 0 -1
    outer loop
      vertex 73.05119506891373 1.5382187827597087 1.21
      vertex 75.92899999999999 0 1.21
      vertex 75.89345276874597 -0.36091709572983727 1.21
    endloop
  endfacet
  facet normal 0 0 -1
    outer loop
      vertex 78.77900000298023 -3.7000000029802322 1.21
      vertex 76.8742380491492 -0.5560074177459655 1.21
      vertex 78.77900000298023 3.7000000029802322 1.21
    endloop
  endfacet
  facet normal 0 0 -1
    outer loop
      vertex 72.77085245480488 1.308147545195113 1.21
      vertex 73.05119506891373 1.5382187827597087 1.21
      vertex 75.6172187827597 -1.027804931086264 1.21
    endloop
  endfacet
  facet normal 0 0 -1
    outer loop
      vertex 73.05119506891373 1.5382187827597087 1.21
      vertex 75.89345276874597 0.36091709572983727 1.21
      vertex 75.92899999999999 0 1.21
    endloop
  endfacet
  facet normal 0 0 -1
    outer loop
      vertex 73.05119506891373 1.5382187827597087 1.21
      vertex 75.78817713514587 0.7079643498754161 1.21
      vertex 75.89345276874597 0.36091709572983727 1.21
    endloop
  endfacet
  facet normal 0 0 -1
    outer loop
      vertex 73.05119506891373 1.5382187827597087 1.21
      vertex 73.37103565012458 1.7091771351458807 1.21
      vertex 75.78817713514587 0.7079643498754161 1.21
    endloop
  endfacet
  facet normal 0 0 -1
    outer loop
      vertex 73.37103565012458 1.7091771351458807 1.21
      vertex 75.6172187827597 1.027804931086264 1.21
      vertex 75.78817713514587 0.7079643498754161 1.21
    endloop
  endfacet
  facet normal 0 0 -1
    outer loop
      vertex 73.71808290427016 1.8144527687459764 1.21
      vertex 75.3871475451951 1.308147545195113 1.21
      vertex 75.6172187827597 1.027804931086264 1.21
    endloop
  endfacet
  facet normal 0 0 -1
    outer loop
      vertex 73.37103565012458 1.7091771351458807 1.21
      vertex 73.71808290427016 1.8144527687459764 1.21
      vertex 75.6172187827597 1.027804931086264 1.21
    endloop
  endfacet
  facet normal 0 0 -1
    outer loop
      vertex 75.10680493108626 1.5382187827597087 1.21
      vertex 75.3871475451951 1.308147545195113 1.21
      vertex 74.079 1.85 1.21
    endloop
  endfacet
  facet normal 0 0 -1
    outer loop
      vertex 73.71808290427016 1.8144527687459764 1.21
      vertex 74.079 1.85 1.21
      vertex 75.3871475451951 1.308147545195113 1.21
    endloop
  endfacet
  facet normal 0 0 -1
    outer loop
      vertex 75.10680493108626 1.5382187827597087 1.21
      vertex 74.079 1.85 1.21
      vertex 74.43991709572983 1.8144527687459764 1.21
    endloop
  endfacet
  facet normal 0 0 -1
    outer loop
      vertex 74.7869643498754 1.7091771351458807 1.21
      vertex 75.10680493108626 1.5382187827597087 1.21
      vertex 74.43991709572983 1.8144527687459764 1.21
    endloop
  endfacet
  facet normal 0 0 -1
    outer loop
      vertex 78.77900000298023 3.7000000029802322 1.21
      vertex 76.8742380491492 -0.5560074177459655 1.21
      vertex 76.92899999999999 0 1.21
    endloop
  endfacet
  facet normal 0 0 -1
    outer loop
      vertex 78.77900000298023 3.7000000029802322 1.21
      vertex 76.92899999999999 0 1.21
      vertex 76.8742380491492 0.5560074177459655 1.21
    endloop
  endfacet
  facet normal 0 0 -1
    outer loop
      vertex 78.77900000298023 3.7000000029802322 1.21
      vertex 76.8742380491492 0.5560074177459655 1.21
      vertex 76.71205666765717 1.0906477822405058 1.21
    endloop
  endfacet
  facet normal 0 0 -1
    outer loop
      vertex 78.77900000298023 3.7000000029802322 1.21
      vertex 76.71205666765717 1.0906477822405058 1.21
      vertex 76.44868839506225 1.5833751641058662 1.21
    endloop
  endfacet
  facet normal 0 0 -1
    outer loop
      vertex 69.37899999701976 3.7000000029802322 1.21
      vertex 78.77900000298023 3.7000000029802322 1.21
      vertex 73.52299258225403 2.795238049149207 1.21
    endloop
  endfacet
  facet normal 0 0 -1
    outer loop
      vertex 78.77900000298023 3.7000000029802322 1.21
      vertex 74.079 2.85 1.21
      vertex 73.52299258225403 2.795238049149207 1.21
    endloop
  endfacet
  facet normal 0 0 -1
    outer loop
      vertex 78.77900000298023 3.7000000029802322 1.21
      vertex 74.63500741774595 2.795238049149207 1.21
      vertex 74.079 2.85 1.21
    endloop
  endfacet
  facet normal 0 0 -1
    outer loop
      vertex 78.77900000298023 3.7000000029802322 1.21
      vertex 76.44868839506225 1.5833751641058662 1.21
      vertex 76.09425432638166 2.0152543263816605 1.21
    endloop
  endfacet
  facet normal 0 0 -1
    outer loop
      vertex 78.77900000298023 3.7000000029802322 1.21
      vertex 75.1696477822405 2.633056667657167 1.21
      vertex 74.63500741774595 2.795238049149207 1.21
    endloop
  endfacet
  facet normal 0 0 -1
    outer loop
      vertex 78.77900000298023 3.7000000029802322 1.21
      vertex 75.66237516410585 2.369688395062254 1.21
      vertex 75.1696477822405 2.633056667657167 1.21
    endloop
  endfacet
  facet normal 0 0 -1
    outer loop
      vertex 78.77900000298023 3.7000000029802322 1.21
      vertex 76.09425432638166 2.0152543263816605 1.21
      vertex 75.66237516410585 2.369688395062254 1.21
    endloop
  endfacet
  facet normal 1 0 0
    outer loop
      vertex 78.77900000298023 -3.7000000029802322 1.21
      vertex 78.77900000298023 3.7000000029802322 1.21
      vertex 78.77900000298023 -3.7000000029802322 11.309999999999999
    endloop
  endfacet
  facet normal 0 1 0
    outer loop
      vertex 69.37899999701976 3.7000000029802322 1.21
      vertex 78.77900000298023 3.7000000029802322 11.309999999999999
      vertex 78.77900000298023 3.7000000029802322 1.21
    endloop
  endfacet
  facet normal 0 -1 0
    outer loop
      vertex 69.37899999701976 -3.7000000029802322 11.309999999999999
      vertex 78.77900000298023 -3.7000000029802322 1.21
      vertex 78.77900000298023 -3.7000000029802322 11.309999999999999
    endloop
  endfacet
  facet normal 1 0 0
    outer loop
      vertex 78.77900000298023 -3.7000000029802322 11.309999999999999
      vertex 78.77900000298023 3.7000000029802322 1.21
      vertex 78.77900000298023 3.7000000029802322 11.309999999999999
    endloop
  endfacet
  facet normal 0 0 1
    outer loop
      vertex 69.37899999701976 3.7000000029802322 11.309999999999999
      vertex 78.77900000298023 -3.7000000029802322 11.309999999999999
      vertex 78.77900000298023 3.7000000029802322 11.309999999999999
    endloop
  endfacet
  facet normal -0.5665288114872946 -0.8240419320367097 0
    outer loop
      vertex 66.96900000059604 -6.659999996423721 11.31
      vertex 66.80899999672174 -6.549999997019768 12.81
      vertex 66.80899999672174 -6.549999997019768 11.31
    endloop
  endfacet
  facet normal -0.7071067811865476 -0.7071067811865476 0
    outer loop
      vertex 66.52900000298023 -6.2700000032782555 11.31
      vertex 66.80899999672174 -6.549999997019768 11.31
      vertex 66.52900000298023 -6.2700000032782555 12.81
    endloop
  endfacet
  facet normal -0.30113133751375853 -0.9535826747415113 0
    outer loop
      vertex 67.30899999672174 -6.850000001490116 11.31
      vertex 67.49900000178813 -6.909999996423721 11.31
      vertex 67.30899999672174 -6.850000001490116 12.81
    endloop
  endfacet
  facet normal -0.4678877471138969 -0.8837879022144862 0
    outer loop
      vertex 67.30899999672174 -6.850000001490116 11.31
      vertex 67.13900000238418 -6.759999997913837 12.81
      vertex 67.13900000238418 -6.759999997913837 11.31
    endloop
  endfacet
  facet normal -0.15596258142912728 -0.98776296407284 0
    outer loop
      vertex 67.68899999940395 -6.96000000089407 11.31
      vertex 67.87899999701976 -6.990000002086163 11.31
      vertex 67.68899999940395 -6.96000000089407 12.81
    endloop
  endfacet
  facet normal -0.049937605809800424 -0.9987523394345491 0
    outer loop
      vertex 67.87899999701976 -6.990000002086163 11.31
      vertex 68.079 -7 11.31
      vertex 67.87899999701976 -6.990000002086163 12.81
    endloop
  endfacet
  facet normal -0.2544933235460864 -0.9670745308767401 0
    outer loop
      vertex 67.49900000178813 -6.909999996423721 11.31
      vertex 67.68899999940395 -6.96000000089407 11.31
      vertex 67.49900000178813 -6.909999996423721 12.81
    endloop
  endfacet
  facet normal -0.5070201282142704 -0.8619342141866656 0
    outer loop
      vertex 66.96900000059604 -6.659999996423721 11.31
      vertex 67.13900000238418 -6.759999997913837 11.31
      vertex 66.96900000059604 -6.659999996423721 12.81
    endloop
  endfacet
  facet normal -0.8240419320367097 -0.5665288114872946 0
    outer loop
      vertex 66.52900000298023 -6.2700000032782555 11.31
      vertex 66.41900000357627 -6.1099999994039536 12.81
      vertex 66.41900000357627 -6.1099999994039536 11.31
    endloop
  endfacet
  facet normal -0.8619342141866656 -0.5070201282142704 0
    outer loop
      vertex 66.31900000208616 -5.939999997615814 11.31
      vertex 66.41900000357627 -6.1099999994039536 11.31
      vertex 66.31900000208616 -5.939999997615814 12.81
    endloop
  endfacet
  facet normal -0.8837879022144862 -0.4678877471138969 0
    outer loop
      vertex 66.31900000208616 -5.939999997615814 11.31
      vertex 66.22899999850988 -5.7700000032782555 12.81
      vertex 66.22899999850988 -5.7700000032782555 11.31
    endloop
  endfacet
  facet normal -0.9535826747415113 -0.30113133751375853 0
    outer loop
      vertex 66.22899999850988 -5.7700000032782555 11.31
      vertex 66.16900000357627 -5.579999998211861 12.81
      vertex 66.16900000357627 -5.579999998211861 11.31
    endloop
  endfacet
  facet normal -0.9670745308767401 -0.2544933235460864 0
    outer loop
      vertex 66.16900000357627 -5.579999998211861 11.31
      vertex 66.11899999910592 -5.3900000005960464 12.81
      vertex 66.11899999910592 -5.3900000005960464 11.31
    endloop
  endfacet
  facet normal -0.98776296407284 -0.15596258142912728 0
    outer loop
      vertex 66.11899999910592 -5.3900000005960464 11.31
      vertex 66.08899999791383 -5.200000002980232 12.81
      vertex 66.08899999791383 -5.200000002980232 11.31
    endloop
  endfacet
  facet normal -0.9987523394345491 -0.049937605809800424 0
    outer loop
      vertex 66.08899999791383 -5.200000002980232 11.31
      vertex 66.079 -5 12.81
      vertex 66.079 -5 11.31
    endloop
  endfacet
  facet normal 0 0 -1
    outer loop
      vertex 67.49900000178813 -6.909999996423721 11.31
      vertex 81.01899999761581 -6.759999997913837 11.31
      vertex 67.68899999940395 -6.96000000089407 11.31
    endloop
  endfacet
  facet normal 0 0 -1
    outer loop
      vertex 67.30899999672174 -6.850000001490116 11.31
      vertex 67.13900000238418 -6.759999997913837 11.31
      vertex 81.34900000327825 -6.549999997019768 11.31
    endloop
  endfacet
  facet normal 0 0 -1
    outer loop
      vertex 67.30899999672174 -6.850000001490116 11.31
      vertex 81.18899999940395 -6.659999996423721 11.31
      vertex 67.49900000178813 -6.909999996423721 11.31
    endloop
  endfacet
  facet normal 0 0 -1
    outer loop
      vertex 67.68899999940395 -6.96000000089407 11.31
      vertex 80.84900000327825 -6.850000001490116 11.31
      vertex 67.87899999701976 -6.990000002086163 11.31
    endloop
  endfacet
  facet normal 0 0 -1
    outer loop
      vertex 67.87899999701976 -6.990000002086163 11.31
      vertex 80.65899999821185 -6.909999996423721 11.31
      vertex 68.079 -7 11.31
    endloop
  endfacet
  facet normal 0 0 -1
    outer loop
      vertex 66.96900000059604 -6.659999996423721 11.31
      vertex 81.62899999701976 -6.2700000032782555 11.31
      vertex 67.13900000238418 -6.759999997913837 11.31
    endloop
  endfacet
  facet normal 0 0 -1
    outer loop
      vertex 66.96900000059604 -6.659999996423721 11.31
      vertex 66.80899999672174 -6.549999997019768 11.31
      vertex 81.73899999642371 -6.1099999994039536 11.31
    endloop
  endfacet
  facet normal 0 -1 0
    outer loop
      vertex 68.079 -7 11.31
      vertex 80.079 -7 11.31
      vertex 68.079 -7 12.81
    endloop
  endfacet
  facet normal 0 0 -1
    outer loop
      vertex 66.22899999850988 -5.7700000032782555 11.31
      vertex 66.16900000357627 -5.579999998211861 11.31
      vertex 82.06900000208616 -5.200000002980232 11.31
    endloop
  endfacet
  facet normal 0 0 -1
    outer loop
      vertex 66.16900000357627 -5.579999998211861 11.31
      vertex 66.11899999910592 -5.3900000005960464 11.31
      vertex 82.079 -5 11.31
    endloop
  endfacet
  facet normal 0 0 -1
    outer loop
      vertex 66.52900000298023 -6.2700000032782555 11.31
      vertex 81.83899999791383 -5.939999997615814 11.31
      vertex 66.80899999672174 -6.549999997019768 11.31
    endloop
  endfacet
  facet normal 0 0 -1
    outer loop
      vertex 66.52900000298023 -6.2700000032782555 11.31
      vertex 66.41900000357627 -6.1099999994039536 11.31
      vertex 81.92900000149011 -5.7700000032782555 11.31
    endloop
  endfacet
  facet normal 0 0 -1
    outer loop
      vertex 66.31900000208616 -5.939999997615814 11.31
      vertex 81.98899999642371 -5.579999998211861 11.31
      vertex 66.41900000357627 -6.1099999994039536 11.31
    endloop
  endfacet
  facet normal 0 0 -1
    outer loop
      vertex 66.31900000208616 -5.939999997615814 11.31
      vertex 66.22899999850988 -5.7700000032782555 11.31
      vertex 82.03900000089406 -5.3900000005960464 11.31
    endloop
  endfacet
  facet normal -0.7071067811865476 -0.7071067811865476 0
    outer loop
      vertex 66.80899999672174 -6.549999997019768 11.31
      vertex 66.80899999672174 -6.549999997019768 12.81
      vertex 66.52900000298023 -6.2700000032782555 12.81
    endloop
  endfacet
  facet normal -0.5070201282142704 -0.8619342141866656 0
    outer loop
      vertex 66.96900000059604 -6.659999996423721 12.81
      vertex 67.13900000238418 -6.759999997913837 11.31
      vertex 67.13900000238418 -6.759999997913837 12.81
    endloop
  endfacet
  facet normal -0.30113133751375853 -0.9535826747415113 0
    outer loop
      vertex 67.49900000178813 -6.909999996423721 11.31
      vertex 67.49900000178813 -6.909999996423721 12.81
      vertex 67.30899999672174 -6.850000001490116 12.81
    endloop
  endfacet
  facet normal -0.4678877471138969 -0.8837879022144862 0
    outer loop
      vertex 67.30899999672174 -6.850000001490116 11.31
      vertex 67.30899999672174 -6.850000001490116 12.81
      vertex 67.13900000238418 -6.759999997913837 12.81
    endloop
  endfacet
  facet normal -0.2544933235460864 -0.9670745308767401 0
    outer loop
      vertex 67.68899999940395 -6.96000000089407 11.31
      vertex 67.68899999940395 -6.96000000089407 12.81
      vertex 67.49900000178813 -6.909999996423721 12.81
    endloop
  endfacet
  facet normal -0.15596258142912728 -0.98776296407284 0
    outer loop
      vertex 67.87899999701976 -6.990000002086163 11.31
      vertex 67.87899999701976 -6.990000002086163 12.81
      vertex 67.68899999940395 -6.96000000089407 12.81
    endloop
  endfacet
  facet normal -0.049937605809800424 -0.9987523394345491 0
    outer loop
      vertex 67.87899999701976 -6.990000002086163 12.81
      vertex 68.079 -7 11.31
      vertex 68.079 -7 12.81
    endloop
  endfacet
  facet normal -0.5665288114872946 -0.8240419320367097 0
    outer loop
      vertex 66.96900000059604 -6.659999996423721 11.31
      vertex 66.96900000059604 -6.659999996423721 12.81
      vertex 66.80899999672174 -6.549999997019768 12.81
    endloop
  endfacet
  facet normal -0.8837879022144862 -0.4678877471138969 0
    outer loop
      vertex 66.31900000208616 -5.939999997615814 11.31
      vertex 66.31900000208616 -5.939999997615814 12.81
      vertex 66.22899999850988 -5.7700000032782555 12.81
    endloop
  endfacet
  facet normal -0.8240419320367097 -0.5665288114872946 0
    outer loop
      vertex 66.52900000298023 -6.2700000032782555 11.31
      vertex 66.52900000298023 -6.2700000032782555 12.81
      vertex 66.41900000357627 -6.1099999994039536 12.81
    endloop
  endfacet
  facet normal -0.8619342141866656 -0.5070201282142704 0
    outer loop
      vertex 66.41900000357627 -6.1099999994039536 11.31
      vertex 66.41900000357627 -6.1099999994039536 12.81
      vertex 66.31900000208616 -5.939999997615814 12.81
    endloop
  endfacet
  facet normal -0.9535826747415113 -0.30113133751375853 0
    outer loop
      vertex 66.22899999850988 -5.7700000032782555 11.31
      vertex 66.22899999850988 -5.7700000032782555 12.81
      vertex 66.16900000357627 -5.579999998211861 12.81
    endloop
  endfacet
  facet normal -0.9670745308767401 -0.2544933235460864 0
    outer loop
      vertex 66.16900000357627 -5.579999998211861 11.31
      vertex 66.16900000357627 -5.579999998211861 12.81
      vertex 66.11899999910592 -5.3900000005960464 12.81
    endloop
  endfacet
  facet normal -0.98776296407284 -0.15596258142912728 0
    outer loop
      vertex 66.11899999910592 -5.3900000005960464 11.31
      vertex 66.11899999910592 -5.3900000005960464 12.81
      vertex 66.08899999791383 -5.200000002980232 12.81
    endloop
  endfacet
  facet normal -0.9987523394345491 -0.049937605809800424 0
    outer loop
      vertex 66.08899999791383 -5.200000002980232 11.31
      vertex 66.08899999791383 -5.200000002980232 12.81
      vertex 66.079 -5 12.81
    endloop
  endfacet
  facet normal 0 0 1
    outer loop
      vertex 67.49900000178813 -6.909999996423721 12.81
      vertex 67.68899999940395 -6.96000000089407 12.81
      vertex 81.01899999761581 -6.759999997913837 12.81
    endloop
  endfacet
  facet normal 0 0 1
    outer loop
      vertex 67.30899999672174 -6.850000001490116 12.81
      vertex 81.34900000327825 -6.549999997019768 12.81
      vertex 67.13900000238418 -6.759999997913837 12.81
    endloop
  endfacet
  facet normal 0 0 1
    outer loop
      vertex 67.30899999672174 -6.850000001490116 12.81
      vertex 67.49900000178813 -6.909999996423721 12.81
      vertex 81.18899999940395 -6.659999996423721 12.81
    endloop
  endfacet
  facet normal 0 0 1
    outer loop
      vertex 67.68899999940395 -6.96000000089407 12.81
      vertex 67.87899999701976 -6.990000002086163 12.81
      vertex 80.84900000327825 -6.850000001490116 12.81
    endloop
  endfacet
  facet normal 0 0 1
    outer loop
      vertex 67.87899999701976 -6.990000002086163 12.81
      vertex 68.079 -7 12.81
      vertex 80.65899999821185 -6.909999996423721 12.81
    endloop
  endfacet
  facet normal 0 0 1
    outer loop
      vertex 66.96900000059604 -6.659999996423721 12.81
      vertex 67.13900000238418 -6.759999997913837 12.81
      vertex 81.62899999701976 -6.2700000032782555 12.81
    endloop
  endfacet
  facet normal 0 0 1
    outer loop
      vertex 66.96900000059604 -6.659999996423721 12.81
      vertex 81.73899999642371 -6.1099999994039536 12.81
      vertex 66.80899999672174 -6.549999997019768 12.81
    endloop
  endfacet
  facet normal 0 0 1
    outer loop
      vertex 66.22899999850988 -5.7700000032782555 12.81
      vertex 82.06900000208616 -5.200000002980232 12.81
      vertex 66.16900000357627 -5.579999998211861 12.81
    endloop
  endfacet
  facet normal 0 0 1
    outer loop
      vertex 66.16900000357627 -5.579999998211861 12.81
      vertex 82.079 -5 12.81
      vertex 66.11899999910592 -5.3900000005960464 12.81
    endloop
  endfacet
  facet normal 0 0 1
    outer loop
      vertex 66.52900000298023 -6.2700000032782555 12.81
      vertex 66.80899999672174 -6.549999997019768 12.81
      vertex 81.83899999791383 -5.939999997615814 12.81
    endloop
  endfacet
  facet normal 0 0 1
    outer loop
      vertex 66.52900000298023 -6.2700000032782555 12.81
      vertex 81.92900000149011 -5.7700000032782555 12.81
      vertex 66.41900000357627 -6.1099999994039536 12.81
    endloop
  endfacet
  facet normal 0 0 1
    outer loop
      vertex 66.31900000208616 -5.939999997615814 12.81
      vertex 66.41900000357627 -6.1099999994039536 12.81
      vertex 81.98899999642371 -5.579999998211861 12.81
    endloop
  endfacet
  facet normal 0 0 1
    outer loop
      vertex 66.31900000208616 -5.939999997615814 12.81
      vertex 82.03900000089406 -5.3900000005960464 12.81
      vertex 66.22899999850988 -5.7700000032782555 12.81
    endloop
  endfacet
  facet normal 0 0 -1
    outer loop
      vertex 66.11899999910592 -5.3900000005960464 11.31
      vertex 66.08899999791383 -5.200000002980232 11.31
      vertex 82.079 5 11.31
    endloop
  endfacet
  facet normal 0 0 -1
    outer loop
      vertex 66.08899999791383 -5.200000002980232 11.31
      vertex 66.079 -5 11.31
      vertex 82.06900000208616 5.200000002980232 11.31
    endloop
  endfacet
  facet normal -1 0 0
    outer loop
      vertex 66.079 -5 11.31
      vertex 66.079 -5 12.81
      vertex 66.079 5 12.81
    endloop
  endfacet
  facet normal 0 0 1
    outer loop
      vertex 66.11899999910592 -5.3900000005960464 12.81
      vertex 82.079 5 12.81
      vertex 66.08899999791383 -5.200000002980232 12.81
    endloop
  endfacet
  facet normal 0 0 1
    outer loop
      vertex 66.08899999791383 -5.200000002980232 12.81
      vertex 82.06900000208616 5.200000002980232 12.81
      vertex 66.079 -5 12.81
    endloop
  endfacet
  facet normal -1 0 0
    outer loop
      vertex 66.079 -5 11.31
      vertex 66.079 5 12.81
      vertex 66.079 5 11.31
    endloop
  endfacet
  facet normal 0 0 -1
    outer loop
      vertex 66.079 -5 11.31
      vertex 66.079 5 11.31
      vertex 82.03900000089406 5.3900000005960464 11.31
    endloop
  endfacet
  facet normal 0 0 1
    outer loop
      vertex 66.079 -5 12.81
      vertex 82.03900000089406 5.3900000005960464 12.81
      vertex 66.079 5 12.81
    endloop
  endfacet
  facet normal -0.9987523394345491 0.049937605809800424 0
    outer loop
      vertex 66.079 5 11.31
      vertex 66.08899999791383 5.200000002980232 12.81
      vertex 66.08899999791383 5.200000002980232 11.31
    endloop
  endfacet
  facet normal -0.98776296407284 0.15596258142912728 0
    outer loop
      vertex 66.08899999791383 5.200000002980232 11.31
      vertex 66.11899999910592 5.3900000005960464 12.81
      vertex 66.11899999910592 5.3900000005960464 11.31
    endloop
  endfacet
  facet normal -0.9670745308767401 0.2544933235460864 0
    outer loop
      vertex 66.11899999910592 5.3900000005960464 11.31
      vertex 66.16900000357627 5.579999998211861 12.81
      vertex 66.16900000357627 5.579999998211861 11.31
    endloop
  endfacet
  facet normal 0 0 -1
    outer loop
      vertex 66.079 5 11.31
      vertex 66.08899999791383 5.200000002980232 11.31
      vertex 81.98899999642371 5.579999998211861 11.31
    endloop
  endfacet
  facet normal 0 0 -1
    outer loop
      vertex 66.08899999791383 5.200000002980232 11.31
      vertex 66.11899999910592 5.3900000005960464 11.31
      vertex 81.92900000149011 5.7700000032782555 11.31
    endloop
  endfacet
  facet normal 0 0 -1
    outer loop
      vertex 66.11899999910592 5.3900000005960464 11.31
      vertex 66.16900000357627 5.579999998211861 11.31
      vertex 81.83899999791383 5.939999997615814 11.31
    endloop
  endfacet
  facet normal -0.9987523394345491 0.049937605809800424 0
    outer loop
      vertex 66.079 5 11.31
      vertex 66.079 5 12.81
      vertex 66.08899999791383 5.200000002980232 12.81
    endloop
  endfacet
  facet normal -0.98776296407284 0.15596258142912728 0
    outer loop
      vertex 66.08899999791383 5.200000002980232 11.31
      vertex 66.08899999791383 5.200000002980232 12.81
      vertex 66.11899999910592 5.3900000005960464 12.81
    endloop
  endfacet
  facet normal -0.9670745308767401 0.2544933235460864 0
    outer loop
      vertex 66.11899999910592 5.3900000005960464 11.31
      vertex 66.11899999910592 5.3900000005960464 12.81
      vertex 66.16900000357627 5.579999998211861 12.81
    endloop
  endfacet
  facet normal -0.9535826747415113 0.30113133751375853 0
    outer loop
      vertex 66.16900000357627 5.579999998211861 11.31
      vertex 66.16900000357627 5.579999998211861 12.81
      vertex 66.22899999850988 5.7700000032782555 12.81
    endloop
  endfacet
  facet normal 0 0 1
    outer loop
      vertex 66.079 5 12.81
      vertex 81.98899999642371 5.579999998211861 12.81
      vertex 66.08899999791383 5.200000002980232 12.81
    endloop
  endfacet
  facet normal 0 0 1
    outer loop
      vertex 66.08899999791383 5.200000002980232 12.81
      vertex 81.92900000149011 5.7700000032782555 12.81
      vertex 66.11899999910592 5.3900000005960464 12.81
    endloop
  endfacet
  facet normal 0 0 1
    outer loop
      vertex 66.11899999910592 5.3900000005960464 12.81
      vertex 81.83899999791383 5.939999997615814 12.81
      vertex 66.16900000357627 5.579999998211861 12.81
    endloop
  endfacet
  facet normal 0 0 -1
    outer loop
      vertex 67.68899999940395 6.96000000089407 11.31
      vertex 67.87899999701976 6.990000002086163 11.31
      vertex 68.079 7 11.31
    endloop
  endfacet
  facet normal -0.9535826747415113 0.30113133751375853 0
    outer loop
      vertex 66.16900000357627 5.579999998211861 11.31
      vertex 66.22899999850988 5.7700000032782555 12.81
      vertex 66.22899999850988 5.7700000032782555 11.31
    endloop
  endfacet
  facet normal -0.8837879022144862 0.4678877471138969 0
    outer loop
      vertex 66.22899999850988 5.7700000032782555 11.31
      vertex 66.31900000208616 5.939999997615814 12.81
      vertex 66.31900000208616 5.939999997615814 11.31
    endloop
  endfacet
  facet normal -0.8619342141866656 0.5070201282142704 0
    outer loop
      vertex 66.31900000208616 5.939999997615814 11.31
      vertex 66.41900000357627 6.1099999994039536 12.81
      vertex 66.41900000357627 6.1099999994039536 11.31
    endloop
  endfacet
  facet normal -0.8240419320367097 0.5665288114872946 0
    outer loop
      vertex 66.41900000357627 6.1099999994039536 11.31
      vertex 66.52900000298023 6.2700000032782555 12.81
      vertex 66.52900000298023 6.2700000032782555 11.31
    endloop
  endfacet
  facet normal -0.7071067811865476 0.7071067811865476 0
    outer loop
      vertex 66.52900000298023 6.2700000032782555 11.31
      vertex 66.80899999672174 6.549999997019768 12.81
      vertex 66.80899999672174 6.549999997019768 11.31
    endloop
  endfacet
  facet normal -0.5665288114872946 0.8240419320367097 0
    outer loop
      vertex 66.80899999672174 6.549999997019768 11.31
      vertex 66.96900000059604 6.659999996423721 12.81
      vertex 66.96900000059604 6.659999996423721 11.31
    endloop
  endfacet
  facet normal -0.5070201282142704 0.8619342141866656 0
    outer loop
      vertex 66.96900000059604 6.659999996423721 11.31
      vertex 67.13900000238418 6.759999997913837 12.81
      vertex 67.13900000238418 6.759999997913837 11.31
    endloop
  endfacet
  facet normal -0.4678877471138969 0.8837879022144862 0
    outer loop
      vertex 67.13900000238418 6.759999997913837 11.31
      vertex 67.30899999672174 6.850000001490116 12.81
      vertex 67.30899999672174 6.850000001490116 11.31
    endloop
  endfacet
  facet normal -0.30113133751375853 0.9535826747415113 0
    outer loop
      vertex 67.30899999672174 6.850000001490116 11.31
      vertex 67.49900000178813 6.909999996423721 12.81
      vertex 67.49900000178813 6.909999996423721 11.31
    endloop
  endfacet
  facet normal -0.2544933235460864 0.9670745308767401 0
    outer loop
      vertex 67.49900000178813 6.909999996423721 11.31
      vertex 67.68899999940395 6.96000000089407 12.81
      vertex 67.68899999940395 6.96000000089407 11.31
    endloop
  endfacet
  facet normal -0.15596258142912728 0.98776296407284 0
    outer loop
      vertex 67.68899999940395 6.96000000089407 11.31
      vertex 67.87899999701976 6.990000002086163 12.81
      vertex 67.87899999701976 6.990000002086163 11.31
    endloop
  endfacet
  facet normal -0.049937605809800424 0.9987523394345491 0
    outer loop
      vertex 67.87899999701976 6.990000002086163 11.31
      vertex 68.079 7 12.81
      vertex 68.079 7 11.31
    endloop
  endfacet
  facet normal 0 0 -1
    outer loop
      vertex 66.16900000357627 5.579999998211861 11.31
      vertex 66.22899999850988 5.7700000032782555 11.31
      vertex 81.73899999642371 6.1099999994039536 11.31
    endloop
  endfacet
  facet normal 0 0 -1
    outer loop
      vertex 66.22899999850988 5.7700000032782555 11.31
      vertex 66.31900000208616 5.939999997615814 11.31
      vertex 81.62899999701976 6.2700000032782555 11.31
    endloop
  endfacet
  facet normal 0 0 -1
    outer loop
      vertex 66.31900000208616 5.939999997615814 11.31
      vertex 66.41900000357627 6.1099999994039536 11.31
      vertex 81.34900000327825 6.549999997019768 11.31
    endloop
  endfacet
  facet normal 0 0 -1
    outer loop
      vertex 66.41900000357627 6.1099999994039536 11.31
      vertex 66.52900000298023 6.2700000032782555 11.31
      vertex 81.18899999940395 6.659999996423721 11.31
    endloop
  endfacet
  facet normal 0 0 -1
    outer loop
      vertex 66.52900000298023 6.2700000032782555 11.31
      vertex 66.80899999672174 6.549999997019768 11.31
      vertex 81.01899999761581 6.759999997913837 11.31
    endloop
  endfacet
  facet normal 0 0 -1
    outer loop
      vertex 66.80899999672174 6.549999997019768 11.31
      vertex 66.96900000059604 6.659999996423721 11.31
      vertex 80.84900000327825 6.850000001490116 11.31
    endloop
  endfacet
  facet normal 0 0 -1
    outer loop
      vertex 66.96900000059604 6.659999996423721 11.31
      vertex 67.13900000238418 6.759999997913837 11.31
      vertex 80.65899999821185 6.909999996423721 11.31
    endloop
  endfacet
  facet normal 0 0 -1
    outer loop
      vertex 67.13900000238418 6.759999997913837 11.31
      vertex 67.30899999672174 6.850000001490116 11.31
      vertex 80.46900000059604 6.96000000089407 11.31
    endloop
  endfacet
  facet normal 0 0 -1
    outer loop
      vertex 67.30899999672174 6.850000001490116 11.31
      vertex 67.49900000178813 6.909999996423721 11.31
      vertex 80.27900000298023 6.990000002086163 11.31
    endloop
  endfacet
  facet normal 0 0 -1
    outer loop
      vertex 67.49900000178813 6.909999996423721 11.31
      vertex 67.68899999940395 6.96000000089407 11.31
      vertex 80.079 7 11.31
    endloop
  endfacet
  facet normal 0 0 -1
    outer loop
      vertex 67.68899999940395 6.96000000089407 11.31
      vertex 68.079 7 11.31
      vertex 80.079 7 11.31
    endloop
  endfacet
  facet normal -0.8837879022144862 0.4678877471138969 0
    outer loop
      vertex 66.22899999850988 5.7700000032782555 11.31
      vertex 66.22899999850988 5.7700000032782555 12.81
      vertex 66.31900000208616 5.939999997615814 12.81
    endloop
  endfacet
  facet normal -0.8619342141866656 0.5070201282142704 0
    outer loop
      vertex 66.31900000208616 5.939999997615814 11.31
      vertex 66.31900000208616 5.939999997615814 12.81
      vertex 66.41900000357627 6.1099999994039536 12.81
    endloop
  endfacet
  facet normal -0.8240419320367097 0.5665288114872946 0
    outer loop
      vertex 66.41900000357627 6.1099999994039536 11.31
      vertex 66.41900000357627 6.1099999994039536 12.81
      vertex 66.52900000298023 6.2700000032782555 12.81
    endloop
  endfacet
  facet normal -0.7071067811865476 0.7071067811865476 0
    outer loop
      vertex 66.52900000298023 6.2700000032782555 11.31
      vertex 66.52900000298023 6.2700000032782555 12.81
      vertex 66.80899999672174 6.549999997019768 12.81
    endloop
  endfacet
  facet normal -0.5665288114872946 0.8240419320367097 0
    outer loop
      vertex 66.80899999672174 6.549999997019768 11.31
      vertex 66.80899999672174 6.549999997019768 12.81
      vertex 66.96900000059604 6.659999996423721 12.81
    endloop
  endfacet
  facet normal -0.5070201282142704 0.8619342141866656 0
    outer loop
      vertex 66.96900000059604 6.659999996423721 11.31
      vertex 66.96900000059604 6.659999996423721 12.81
      vertex 67.13900000238418 6.759999997913837 12.81
    endloop
  endfacet
  facet normal -0.4678877471138969 0.8837879022144862 0
    outer loop
      vertex 67.13900000238418 6.759999997913837 11.31
      vertex 67.13900000238418 6.759999997913837 12.81
      vertex 67.30899999672174 6.850000001490116 12.81
    endloop
  endfacet
  facet normal -0.30113133751375853 0.9535826747415113 0
    outer loop
      vertex 67.30899999672174 6.850000001490116 11.31
      vertex 67.30899999672174 6.850000001490116 12.81
      vertex 67.49900000178813 6.909999996423721 12.81
    endloop
  endfacet
  facet normal -0.2544933235460864 0.9670745308767401 0
    outer loop
      vertex 67.49900000178813 6.909999996423721 11.31
      vertex 67.49900000178813 6.909999996423721 12.81
      vertex 67.68899999940395 6.96000000089407 12.81
    endloop
  endfacet
  facet normal -0.15596258142912728 0.98776296407284 0
    outer loop
      vertex 67.68899999940395 6.96000000089407 11.31
      vertex 67.68899999940395 6.96000000089407 12.81
      vertex 67.87899999701976 6.990000002086163 12.81
    endloop
  endfacet
  facet normal -0.049937605809800424 0.9987523394345491 0
    outer loop
      vertex 67.87899999701976 6.990000002086163 11.31
      vertex 67.87899999701976 6.990000002086163 12.81
      vertex 68.079 7 12.81
    endloop
  endfacet
  facet normal 0 0 1
    outer loop
      vertex 67.68899999940395 6.96000000089407 12.81
      vertex 68.079 7 12.81
      vertex 67.87899999701976 6.990000002086163 12.81
    endloop
  endfacet
  facet normal 0 1 0
    outer loop
      vertex 68.079 7 11.31
      vertex 68.079 7 12.81
      vertex 80.079 7 12.81
    endloop
  endfacet
  facet normal 0 0 1
    outer loop
      vertex 66.16900000357627 5.579999998211861 12.81
      vertex 81.73899999642371 6.1099999994039536 12.81
      vertex 66.22899999850988 5.7700000032782555 12.81
    endloop
  endfacet
  facet normal 0 0 1
    outer loop
      vertex 66.22899999850988 5.7700000032782555 12.81
      vertex 81.62899999701976 6.2700000032782555 12.81
      vertex 66.31900000208616 5.939999997615814 12.81
    endloop
  endfacet
  facet normal 0 0 1
    outer loop
      vertex 66.31900000208616 5.939999997615814 12.81
      vertex 81.34900000327825 6.549999997019768 12.81
      vertex 66.41900000357627 6.1099999994039536 12.81
    endloop
  endfacet
  facet normal 0 0 1
    outer loop
      vertex 66.41900000357627 6.1099999994039536 12.81
      vertex 81.18899999940395 6.659999996423721 12.81
      vertex 66.52900000298023 6.2700000032782555 12.81
    endloop
  endfacet
  facet normal 0 0 1
    outer loop
      vertex 66.52900000298023 6.2700000032782555 12.81
      vertex 81.01899999761581 6.759999997913837 12.81
      vertex 66.80899999672174 6.549999997019768 12.81
    endloop
  endfacet
  facet normal 0 0 1
    outer loop
      vertex 66.80899999672174 6.549999997019768 12.81
      vertex 80.84900000327825 6.850000001490116 12.81
      vertex 66.96900000059604 6.659999996423721 12.81
    endloop
  endfacet
  facet normal 0 0 1
    outer loop
      vertex 66.96900000059604 6.659999996423721 12.81
      vertex 80.65899999821185 6.909999996423721 12.81
      vertex 67.13900000238418 6.759999997913837 12.81
    endloop
  endfacet
  facet normal 0 0 1
    outer loop
      vertex 67.13900000238418 6.759999997913837 12.81
      vertex 80.46900000059604 6.96000000089407 12.81
      vertex 67.30899999672174 6.850000001490116 12.81
    endloop
  endfacet
  facet normal 0 0 1
    outer loop
      vertex 67.30899999672174 6.850000001490116 12.81
      vertex 80.27900000298023 6.990000002086163 12.81
      vertex 67.49900000178813 6.909999996423721 12.81
    endloop
  endfacet
  facet normal 0 0 1
    outer loop
      vertex 67.49900000178813 6.909999996423721 12.81
      vertex 80.079 7 12.81
      vertex 67.68899999940395 6.96000000089407 12.81
    endloop
  endfacet
  facet normal 0 0 1
    outer loop
      vertex 67.68899999940395 6.96000000089407 12.81
      vertex 80.079 7 12.81
      vertex 68.079 7 12.81
    endloop
  endfacet
  facet normal 0 0 -1
    outer loop
      vertex 68.079 -7 11.31
      vertex 80.46900000059604 -6.96000000089407 11.31
      vertex 80.079 -7 11.31
    endloop
  endfacet
  facet normal 0 0 -1
    outer loop
      vertex 68.079 -7 11.31
      vertex 80.65899999821185 -6.909999996423721 11.31
      vertex 80.46900000059604 -6.96000000089407 11.31
    endloop
  endfacet
  facet normal 0 0 -1
    outer loop
      vertex 67.87899999701976 -6.990000002086163 11.31
      vertex 80.84900000327825 -6.850000001490116 11.31
      vertex 80.65899999821185 -6.909999996423721 11.31
    endloop
  endfacet
  facet normal 0 0 -1
    outer loop
      vertex 67.68899999940395 -6.96000000089407 11.31
      vertex 81.01899999761581 -6.759999997913837 11.31
      vertex 80.84900000327825 -6.850000001490116 11.31
    endloop
  endfacet
  facet normal 0 0 -1
    outer loop
      vertex 67.49900000178813 -6.909999996423721 11.31
      vertex 81.18899999940395 -6.659999996423721 11.31
      vertex 81.01899999761581 -6.759999997913837 11.31
    endloop
  endfacet
  facet normal 0 0 -1
    outer loop
      vertex 67.30899999672174 -6.850000001490116 11.31
      vertex 81.34900000327825 -6.549999997019768 11.31
      vertex 81.18899999940395 -6.659999996423721 11.31
    endloop
  endfacet
  facet normal 0 0 -1
    outer loop
      vertex 67.13900000238418 -6.759999997913837 11.31
      vertex 81.62899999701976 -6.2700000032782555 11.31
      vertex 81.34900000327825 -6.549999997019768 11.31
    endloop
  endfacet
  facet normal 0 0 -1
    outer loop
      vertex 66.96900000059604 -6.659999996423721 11.31
      vertex 81.73899999642371 -6.1099999994039536 11.31
      vertex 81.62899999701976 -6.2700000032782555 11.31
    endloop
  endfacet
  facet normal 0 0 -1
    outer loop
      vertex 66.80899999672174 -6.549999997019768 11.31
      vertex 81.83899999791383 -5.939999997615814 11.31
      vertex 81.73899999642371 -6.1099999994039536 11.31
    endloop
  endfacet
  facet normal 0 0 -1
    outer loop
      vertex 66.52900000298023 -6.2700000032782555 11.31
      vertex 81.92900000149011 -5.7700000032782555 11.31
      vertex 81.83899999791383 -5.939999997615814 11.31
    endloop
  endfacet
  facet normal 0 0 -1
    outer loop
      vertex 66.41900000357627 -6.1099999994039536 11.31
      vertex 81.98899999642371 -5.579999998211861 11.31
      vertex 81.92900000149011 -5.7700000032782555 11.31
    endloop
  endfacet
  facet normal 0 0 -1
    outer loop
      vertex 66.31900000208616 -5.939999997615814 11.31
      vertex 82.03900000089406 -5.3900000005960464 11.31
      vertex 81.98899999642371 -5.579999998211861 11.31
    endloop
  endfacet
  facet normal 0 0 -1
    outer loop
      vertex 66.22899999850988 -5.7700000032782555 11.31
      vertex 82.06900000208616 -5.200000002980232 11.31
      vertex 82.03900000089406 -5.3900000005960464 11.31
    endloop
  endfacet
  facet normal 0 0 -1
    outer loop
      vertex 66.16900000357627 -5.579999998211861 11.31
      vertex 82.079 -5 11.31
      vertex 82.06900000208616 -5.200000002980232 11.31
    endloop
  endfacet
  facet normal 0 0 -1
    outer loop
      vertex 80.079 -7 11.31
      vertex 80.46900000059604 -6.96000000089407 11.31
      vertex 80.27900000298023 -6.990000002086163 11.31
    endloop
  endfacet
  facet normal 0.049937605809800424 -0.9987523394345491 0
    outer loop
      vertex 80.079 -7 11.31
      vertex 80.27900000298023 -6.990000002086163 11.31
      vertex 80.079 -7 12.81
    endloop
  endfacet
  facet normal 0.15596258142912728 -0.98776296407284 0
    outer loop
      vertex 80.27900000298023 -6.990000002086163 11.31
      vertex 80.46900000059604 -6.96000000089407 11.31
      vertex 80.27900000298023 -6.990000002086163 12.81
    endloop
  endfacet
  facet normal 0.2544933235460864 -0.9670745308767401 0
    outer loop
      vertex 80.46900000059604 -6.96000000089407 11.31
      vertex 80.65899999821185 -6.909999996423721 11.31
      vertex 80.46900000059604 -6.96000000089407 12.81
    endloop
  endfacet
  facet normal 0.30113133751375853 -0.9535826747415113 0
    outer loop
      vertex 80.65899999821185 -6.909999996423721 11.31
      vertex 80.84900000327825 -6.850000001490116 11.31
      vertex 80.65899999821185 -6.909999996423721 12.81
    endloop
  endfacet
  facet normal 0.4678877471138969 -0.8837879022144862 0
    outer loop
      vertex 80.84900000327825 -6.850000001490116 11.31
      vertex 81.01899999761581 -6.759999997913837 11.31
      vertex 80.84900000327825 -6.850000001490116 12.81
    endloop
  endfacet
  facet normal 0.5070201282142704 -0.8619342141866656 0
    outer loop
      vertex 81.01899999761581 -6.759999997913837 11.31
      vertex 81.18899999940395 -6.659999996423721 11.31
      vertex 81.01899999761581 -6.759999997913837 12.81
    endloop
  endfacet
  facet normal 0.5665288114872946 -0.8240419320367097 0
    outer loop
      vertex 81.18899999940395 -6.659999996423721 11.31
      vertex 81.34900000327825 -6.549999997019768 11.31
      vertex 81.18899999940395 -6.659999996423721 12.81
    endloop
  endfacet
  facet normal 0.7071067811865476 -0.7071067811865476 0
    outer loop
      vertex 81.34900000327825 -6.549999997019768 11.31
      vertex 81.62899999701976 -6.2700000032782555 11.31
      vertex 81.34900000327825 -6.549999997019768 12.81
    endloop
  endfacet
  facet normal 0.8240419320367097 -0.5665288114872946 0
    outer loop
      vertex 81.62899999701976 -6.2700000032782555 11.31
      vertex 81.73899999642371 -6.1099999994039536 11.31
      vertex 81.62899999701976 -6.2700000032782555 12.81
    endloop
  endfacet
  facet normal 0.8619342141866656 -0.5070201282142704 0
    outer loop
      vertex 81.73899999642371 -6.1099999994039536 11.31
      vertex 81.83899999791383 -5.939999997615814 11.31
      vertex 81.73899999642371 -6.1099999994039536 12.81
    endloop
  endfacet
  facet normal 0.8837879022144862 -0.4678877471138969 0
    outer loop
      vertex 81.83899999791383 -5.939999997615814 11.31
      vertex 81.92900000149011 -5.7700000032782555 11.31
      vertex 81.83899999791383 -5.939999997615814 12.81
    endloop
  endfacet
  facet normal 0.9535826747415113 -0.30113133751375853 0
    outer loop
      vertex 81.92900000149011 -5.7700000032782555 11.31
      vertex 81.98899999642371 -5.579999998211861 11.31
      vertex 81.92900000149011 -5.7700000032782555 12.81
    endloop
  endfacet
  facet normal 0.9670745308767401 -0.2544933235460864 0
    outer loop
      vertex 81.98899999642371 -5.579999998211861 11.31
      vertex 82.03900000089406 -5.3900000005960464 11.31
      vertex 81.98899999642371 -5.579999998211861 12.81
    endloop
  endfacet
  facet normal 0.98776296407284 -0.15596258142912728 0
    outer loop
      vertex 82.03900000089406 -5.3900000005960464 11.31
      vertex 82.06900000208616 -5.200000002980232 11.31
      vertex 82.03900000089406 -5.3900000005960464 12.81
    endloop
  endfacet
  facet normal 0.9987523394345491 -0.049937605809800424 0
    outer loop
      vertex 82.06900000208616 -5.200000002980232 11.31
      vertex 82.079 -5 11.31
      vertex 82.06900000208616 -5.200000002980232 12.81
    endloop
  endfacet
  facet normal 0 -1 0
    outer loop
      vertex 68.079 -7 12.81
      vertex 80.079 -7 11.31
      vertex 80.079 -7 12.81
    endloop
  endfacet
  facet normal 0 0 1
    outer loop
      vertex 68.079 -7 12.81
      vertex 80.079 -7 12.81
      vertex 80.46900000059604 -6.96000000089407 12.81
    endloop
  endfacet
  facet normal 0 0 1
    outer loop
      vertex 68.079 -7 12.81
      vertex 80.46900000059604 -6.96000000089407 12.81
      vertex 80.65899999821185 -6.909999996423721 12.81
    endloop
  endfacet
  facet normal 0 0 1
    outer loop
      vertex 67.87899999701976 -6.990000002086163 12.81
      vertex 80.65899999821185 -6.909999996423721 12.81
      vertex 80.84900000327825 -6.850000001490116 12.81
    endloop
  endfacet
  facet normal 0 0 1
    outer loop
      vertex 67.68899999940395 -6.96000000089407 12.81
      vertex 80.84900000327825 -6.850000001490116 12.81
      vertex 81.01899999761581 -6.759999997913837 12.81
    endloop
  endfacet
  facet normal 0 0 1
    outer loop
      vertex 67.49900000178813 -6.909999996423721 12.81
      vertex 81.01899999761581 -6.759999997913837 12.81
      vertex 81.18899999940395 -6.659999996423721 12.81
    endloop
  endfacet
  facet normal 0 0 1
    outer loop
      vertex 67.30899999672174 -6.850000001490116 12.81
      vertex 81.18899999940395 -6.659999996423721 12.81
      vertex 81.34900000327825 -6.549999997019768 12.81
    endloop
  endfacet
  facet normal 0 0 1
    outer loop
      vertex 67.13900000238418 -6.759999997913837 12.81
      vertex 81.34900000327825 -6.549999997019768 12.81
      vertex 81.62899999701976 -6.2700000032782555 12.81
    endloop
  endfacet
  facet normal 0 0 1
    outer loop
      vertex 66.96900000059604 -6.659999996423721 12.81
      vertex 81.62899999701976 -6.2700000032782555 12.81
      vertex 81.73899999642371 -6.1099999994039536 12.81
    endloop
  endfacet
  facet normal 0 0 1
    outer loop
      vertex 66.80899999672174 -6.549999997019768 12.81
      vertex 81.73899999642371 -6.1099999994039536 12.81
      vertex 81.83899999791383 -5.939999997615814 12.81
    endloop
  endfacet
  facet normal 0 0 1
    outer loop
      vertex 66.52900000298023 -6.2700000032782555 12.81
      vertex 81.83899999791383 -5.939999997615814 12.81
      vertex 81.92900000149011 -5.7700000032782555 12.81
    endloop
  endfacet
  facet normal 0 0 1
    outer loop
      vertex 66.41900000357627 -6.1099999994039536 12.81
      vertex 81.92900000149011 -5.7700000032782555 12.81
      vertex 81.98899999642371 -5.579999998211861 12.81
    endloop
  endfacet
  facet normal 0 0 1
    outer loop
      vertex 66.31900000208616 -5.939999997615814 12.81
      vertex 81.98899999642371 -5.579999998211861 12.81
      vertex 82.03900000089406 -5.3900000005960464 12.81
    endloop
  endfacet
  facet normal 0 0 1
    outer loop
      vertex 66.22899999850988 -5.7700000032782555 12.81
      vertex 82.03900000089406 -5.3900000005960464 12.81
      vertex 82.06900000208616 -5.200000002980232 12.81
    endloop
  endfacet
  facet normal 0 0 1
    outer loop
      vertex 66.16900000357627 -5.579999998211861 12.81
      vertex 82.06900000208616 -5.200000002980232 12.81
      vertex 82.079 -5 12.81
    endloop
  endfacet
  facet normal 0.049937605809800424 -0.9987523394345491 0
    outer loop
      vertex 80.27900000298023 -6.990000002086163 11.31
      vertex 80.27900000298023 -6.990000002086163 12.81
      vertex 80.079 -7 12.81
    endloop
  endfacet
  facet normal 0.15596258142912728 -0.98776296407284 0
    outer loop
      vertex 80.46900000059604 -6.96000000089407 11.31
      vertex 80.46900000059604 -6.96000000089407 12.81
      vertex 80.27900000298023 -6.990000002086163 12.81
    endloop
  endfacet
  facet normal 0.2544933235460864 -0.9670745308767401 0
    outer loop
      vertex 80.65899999821185 -6.909999996423721 11.31
      vertex 80.65899999821185 -6.909999996423721 12.81
      vertex 80.46900000059604 -6.96000000089407 12.81
    endloop
  endfacet
  facet normal 0.30113133751375853 -0.9535826747415113 0
    outer loop
      vertex 80.84900000327825 -6.850000001490116 11.31
      vertex 80.84900000327825 -6.850000001490116 12.81
      vertex 80.65899999821185 -6.909999996423721 12.81
    endloop
  endfacet
  facet normal 0.4678877471138969 -0.8837879022144862 0
    outer loop
      vertex 81.01899999761581 -6.759999997913837 11.31
      vertex 81.01899999761581 -6.759999997913837 12.81
      vertex 80.84900000327825 -6.850000001490116 12.81
    endloop
  endfacet
  facet normal 0.5070201282142704 -0.8619342141866656 0
    outer loop
      vertex 81.01899999761581 -6.759999997913837 12.81
      vertex 81.18899999940395 -6.659999996423721 11.31
      vertex 81.18899999940395 -6.659999996423721 12.81
    endloop
  endfacet
  facet normal 0.5665288114872946 -0.8240419320367097 0
    outer loop
      vertex 81.34900000327825 -6.549999997019768 11.31
      vertex 81.34900000327825 -6.549999997019768 12.81
      vertex 81.18899999940395 -6.659999996423721 12.81
    endloop
  endfacet
  facet normal 0.7071067811865476 -0.7071067811865476 0
    outer loop
      vertex 81.62899999701976 -6.2700000032782555 11.31
      vertex 81.62899999701976 -6.2700000032782555 12.81
      vertex 81.34900000327825 -6.549999997019768 12.81
    endloop
  endfacet
  facet normal 0 0 1
    outer loop
      vertex 80.079 -7 12.81
      vertex 80.27900000298023 -6.990000002086163 12.81
      vertex 80.46900000059604 -6.96000000089407 12.81
    endloop
  endfacet
  facet normal 0.8240419320367097 -0.5665288114872946 0
    outer loop
      vertex 81.62899999701976 -6.2700000032782555 12.81
      vertex 81.73899999642371 -6.1099999994039536 11.31
      vertex 81.73899999642371 -6.1099999994039536 12.81
    endloop
  endfacet
  facet normal 0.8619342141866656 -0.5070201282142704 0
    outer loop
      vertex 81.83899999791383 -5.939999997615814 11.31
      vertex 81.83899999791383 -5.939999997615814 12.81
      vertex 81.73899999642371 -6.1099999994039536 12.81
    endloop
  endfacet
  facet normal 0.8837879022144862 -0.4678877471138969 0
    outer loop
      vertex 81.92900000149011 -5.7700000032782555 11.31
      vertex 81.92900000149011 -5.7700000032782555 12.81
      vertex 81.83899999791383 -5.939999997615814 12.81
    endloop
  endfacet
  facet normal 0.9535826747415113 -0.30113133751375853 0
    outer loop
      vertex 81.98899999642371 -5.579999998211861 11.31
      vertex 81.98899999642371 -5.579999998211861 12.81
      vertex 81.92900000149011 -5.7700000032782555 12.81
    endloop
  endfacet
  facet normal 0.9670745308767401 -0.2544933235460864 0
    outer loop
      vertex 82.03900000089406 -5.3900000005960464 11.31
      vertex 82.03900000089406 -5.3900000005960464 12.81
      vertex 81.98899999642371 -5.579999998211861 12.81
    endloop
  endfacet
  facet normal 0.98776296407284 -0.15596258142912728 0
    outer loop
      vertex 82.03900000089406 -5.3900000005960464 12.81
      vertex 82.06900000208616 -5.200000002980232 11.31
      vertex 82.06900000208616 -5.200000002980232 12.81
    endloop
  endfacet
  facet normal 0.9987523394345491 -0.049937605809800424 0
    outer loop
      vertex 82.079 -5 11.31
      vertex 82.079 -5 12.81
      vertex 82.06900000208616 -5.200000002980232 12.81
    endloop
  endfacet
  facet normal 0 0 -1
    outer loop
      vertex 66.11899999910592 -5.3900000005960464 11.31
      vertex 82.079 5 11.31
      vertex 82.079 -5 11.31
    endloop
  endfacet
  facet normal 1 0 0
    outer loop
      vertex 82.079 -5 11.31
      vertex 82.079 5 11.31
      vertex 82.079 -5 12.81
    endloop
  endfacet
  facet normal 0 0 1
    outer loop
      vertex 66.11899999910592 -5.3900000005960464 12.81
      vertex 82.079 -5 12.81
      vertex 82.079 5 12.81
    endloop
  endfacet
  facet normal 0 0 -1
    outer loop
      vertex 66.08899999791383 -5.200000002980232 11.31
      vertex 82.06900000208616 5.200000002980232 11.31
      vertex 82.079 5 11.31
    endloop
  endfacet
  facet normal 0 0 -1
    outer loop
      vertex 66.079 -5 11.31
      vertex 82.03900000089406 5.3900000005960464 11.31
      vertex 82.06900000208616 5.200000002980232 11.31
    endloop
  endfacet
  facet normal 0 0 1
    outer loop
      vertex 66.08899999791383 -5.200000002980232 12.81
      vertex 82.079 5 12.81
      vertex 82.06900000208616 5.200000002980232 12.81
    endloop
  endfacet
  facet normal 0 0 1
    outer loop
      vertex 66.079 -5 12.81
      vertex 82.06900000208616 5.200000002980232 12.81
      vertex 82.03900000089406 5.3900000005960464 12.81
    endloop
  endfacet
  facet normal 1 0 0
    outer loop
      vertex 82.079 -5 12.81
      vertex 82.079 5 11.31
      vertex 82.079 5 12.81
    endloop
  endfacet
  facet normal 0 0 -1
    outer loop
      vertex 66.08899999791383 5.200000002980232 11.31
      vertex 81.92900000149011 5.7700000032782555 11.31
      vertex 81.98899999642371 5.579999998211861 11.31
    endloop
  endfacet
  facet normal 0 0 -1
    outer loop
      vertex 66.079 5 11.31
      vertex 81.98899999642371 5.579999998211861 11.31
      vertex 82.03900000089406 5.3900000005960464 11.31
    endloop
  endfacet
  facet normal 0.9987523394345491 0.049937605809800424 0
    outer loop
      vertex 82.079 5 11.31
      vertex 82.06900000208616 5.200000002980232 11.31
      vertex 82.079 5 12.81
    endloop
  endfacet
  facet normal 0.98776296407284 0.15596258142912728 0
    outer loop
      vertex 82.06900000208616 5.200000002980232 11.31
      vertex 82.03900000089406 5.3900000005960464 11.31
      vertex 82.06900000208616 5.200000002980232 12.81
    endloop
  endfacet
  facet normal 0.9670745308767401 0.2544933235460864 0
    outer loop
      vertex 82.03900000089406 5.3900000005960464 11.31
      vertex 81.98899999642371 5.579999998211861 11.31
      vertex 82.03900000089406 5.3900000005960464 12.81
    endloop
  endfacet
  facet normal 0.9535826747415113 0.30113133751375853 0
    outer loop
      vertex 81.98899999642371 5.579999998211861 11.31
      vertex 81.92900000149011 5.7700000032782555 11.31
      vertex 81.98899999642371 5.579999998211861 12.81
    endloop
  endfacet
  facet normal 0 0 1
    outer loop
      vertex 66.08899999791383 5.200000002980232 12.81
      vertex 81.98899999642371 5.579999998211861 12.81
      vertex 81.92900000149011 5.7700000032782555 12.81
    endloop
  endfacet
  facet normal 0 0 1
    outer loop
      vertex 66.079 5 12.81
      vertex 82.03900000089406 5.3900000005960464 12.81
      vertex 81.98899999642371 5.579999998211861 12.81
    endloop
  endfacet
  facet normal 0.9987523394345491 0.049937605809800424 0
    outer loop
      vertex 82.06900000208616 5.200000002980232 11.31
      vertex 82.06900000208616 5.200000002980232 12.81
      vertex 82.079 5 12.81
    endloop
  endfacet
  facet normal 0.98776296407284 0.15596258142912728 0
    outer loop
      vertex 82.06900000208616 5.200000002980232 12.81
      vertex 82.03900000089406 5.3900000005960464 11.31
      vertex 82.03900000089406 5.3900000005960464 12.81
    endloop
  endfacet
  facet normal 0.9670745308767401 0.2544933235460864 0
    outer loop
      vertex 81.98899999642371 5.579999998211861 11.31
      vertex 81.98899999642371 5.579999998211861 12.81
      vertex 82.03900000089406 5.3900000005960464 12.81
    endloop
  endfacet
  facet normal 0 0 -1
    outer loop
      vertex 67.13900000238418 6.759999997913837 11.31
      vertex 80.46900000059604 6.96000000089407 11.31
      vertex 80.65899999821185 6.909999996423721 11.31
    endloop
  endfacet
  facet normal 0 0 -1
    outer loop
      vertex 67.30899999672174 6.850000001490116 11.31
      vertex 80.27900000298023 6.990000002086163 11.31
      vertex 80.46900000059604 6.96000000089407 11.31
    endloop
  endfacet
  facet normal 0 0 -1
    outer loop
      vertex 67.49900000178813 6.909999996423721 11.31
      vertex 80.079 7 11.31
      vertex 80.27900000298023 6.990000002086163 11.31
    endloop
  endfacet
  facet normal 0 0 -1
    outer loop
      vertex 66.11899999910592 5.3900000005960464 11.31
      vertex 81.83899999791383 5.939999997615814 11.31
      vertex 81.92900000149011 5.7700000032782555 11.31
    endloop
  endfacet
  facet normal 0 0 -1
    outer loop
      vertex 66.16900000357627 5.579999998211861 11.31
      vertex 81.73899999642371 6.1099999994039536 11.31
      vertex 81.83899999791383 5.939999997615814 11.31
    endloop
  endfacet
  facet normal 0 0 -1
    outer loop
      vertex 66.22899999850988 5.7700000032782555 11.31
      vertex 81.62899999701976 6.2700000032782555 11.31
      vertex 81.73899999642371 6.1099999994039536 11.31
    endloop
  endfacet
  facet normal 0 0 -1
    outer loop
      vertex 66.31900000208616 5.939999997615814 11.31
      vertex 81.34900000327825 6.549999997019768 11.31
      vertex 81.62899999701976 6.2700000032782555 11.31
    endloop
  endfacet
  facet normal 0 0 -1
    outer loop
      vertex 66.41900000357627 6.1099999994039536 11.31
      vertex 81.18899999940395 6.659999996423721 11.31
      vertex 81.34900000327825 6.549999997019768 11.31
    endloop
  endfacet
  facet normal 0 0 -1
    outer loop
      vertex 66.52900000298023 6.2700000032782555 11.31
      vertex 81.01899999761581 6.759999997913837 11.31
      vertex 81.18899999940395 6.659999996423721 11.31
    endloop
  endfacet
  facet normal 0 0 -1
    outer loop
      vertex 66.80899999672174 6.549999997019768 11.31
      vertex 80.84900000327825 6.850000001490116 11.31
      vertex 81.01899999761581 6.759999997913837 11.31
    endloop
  endfacet
  facet normal 0 0 -1
    outer loop
      vertex 66.96900000059604 6.659999996423721 11.31
      vertex 80.65899999821185 6.909999996423721 11.31
      vertex 80.84900000327825 6.850000001490116 11.31
    endloop
  endfacet
  facet normal 0 1 0
    outer loop
      vertex 68.079 7 11.31
      vertex 80.079 7 12.81
      vertex 80.079 7 11.31
    endloop
  endfacet
  facet normal 0.2544933235460864 0.9670745308767401 0
    outer loop
      vertex 80.46900000059604 6.96000000089407 11.31
      vertex 80.65899999821185 6.909999996423721 12.81
      vertex 80.65899999821185 6.909999996423721 11.31
    endloop
  endfacet
  facet normal 0.049937605809800424 0.9987523394345491 0
    outer loop
      vertex 80.079 7 11.31
      vertex 80.27900000298023 6.990000002086163 12.81
      vertex 80.27900000298023 6.990000002086163 11.31
    endloop
  endfacet
  facet normal 0.15596258142912728 0.98776296407284 0
    outer loop
      vertex 80.27900000298023 6.990000002086163 11.31
      vertex 80.46900000059604 6.96000000089407 12.81
      vertex 80.46900000059604 6.96000000089407 11.31
    endloop
  endfacet
  facet normal 0.8619342141866656 0.5070201282142704 0
    outer loop
      vertex 81.73899999642371 6.1099999994039536 11.31
      vertex 81.83899999791383 5.939999997615814 12.81
      vertex 81.83899999791383 5.939999997615814 11.31
    endloop
  endfacet
  facet normal 0.8240419320367097 0.5665288114872946 0
    outer loop
      vertex 81.73899999642371 6.1099999994039536 11.31
      vertex 81.62899999701976 6.2700000032782555 11.31
      vertex 81.73899999642371 6.1099999994039536 12.81
    endloop
  endfacet
  facet normal 0.7071067811865476 0.7071067811865476 0
    outer loop
      vertex 81.34900000327825 6.549999997019768 11.31
      vertex 81.62899999701976 6.2700000032782555 12.81
      vertex 81.62899999701976 6.2700000032782555 11.31
    endloop
  endfacet
  facet normal 0.8837879022144862 0.4678877471138969 0
    outer loop
      vertex 81.92900000149011 5.7700000032782555 11.31
      vertex 81.83899999791383 5.939999997615814 11.31
      vertex 81.92900000149011 5.7700000032782555 12.81
    endloop
  endfacet
  facet normal 0.5665288114872946 0.8240419320367097 0
    outer loop
      vertex 81.34900000327825 6.549999997019768 11.31
      vertex 81.18899999940395 6.659999996423721 11.31
      vertex 81.34900000327825 6.549999997019768 12.81
    endloop
  endfacet
  facet normal 0.5070201282142704 0.8619342141866656 0
    outer loop
      vertex 81.01899999761581 6.759999997913837 11.31
      vertex 81.18899999940395 6.659999996423721 12.81
      vertex 81.18899999940395 6.659999996423721 11.31
    endloop
  endfacet
  facet normal 0.4678877471138969 0.8837879022144862 0
    outer loop
      vertex 81.01899999761581 6.759999997913837 11.31
      vertex 80.84900000327825 6.850000001490116 11.31
      vertex 81.01899999761581 6.759999997913837 12.81
    endloop
  endfacet
  facet normal 0.30113133751375853 0.9535826747415113 0
    outer loop
      vertex 80.65899999821185 6.909999996423721 11.31
      vertex 80.84900000327825 6.850000001490116 12.81
      vertex 80.84900000327825 6.850000001490116 11.31
    endloop
  endfacet
  facet normal 0 0 1
    outer loop
      vertex 67.13900000238418 6.759999997913837 12.81
      vertex 80.65899999821185 6.909999996423721 12.81
      vertex 80.46900000059604 6.96000000089407 12.81
    endloop
  endfacet
  facet normal 0 0 1
    outer loop
      vertex 67.30899999672174 6.850000001490116 12.81
      vertex 80.46900000059604 6.96000000089407 12.81
      vertex 80.27900000298023 6.990000002086163 12.81
    endloop
  endfacet
  facet normal 0 0 1
    outer loop
      vertex 67.49900000178813 6.909999996423721 12.81
      vertex 80.27900000298023 6.990000002086163 12.81
      vertex 80.079 7 12.81
    endloop
  endfacet
  facet normal 0 0 1
    outer loop
      vertex 66.11899999910592 5.3900000005960464 12.81
      vertex 81.92900000149011 5.7700000032782555 12.81
      vertex 81.83899999791383 5.939999997615814 12.81
    endloop
  endfacet
  facet normal 0 0 1
    outer loop
      vertex 66.16900000357627 5.579999998211861 12.81
      vertex 81.83899999791383 5.939999997615814 12.81
      vertex 81.73899999642371 6.1099999994039536 12.81
    endloop
  endfacet
  facet normal 0 0 1
    outer loop
      vertex 66.22899999850988 5.7700000032782555 12.81
      vertex 81.73899999642371 6.1099999994039536 12.81
      vertex 81.62899999701976 6.2700000032782555 12.81
    endloop
  endfacet
  facet normal 0 0 1
    outer loop
      vertex 66.31900000208616 5.939999997615814 12.81
      vertex 81.62899999701976 6.2700000032782555 12.81
      vertex 81.34900000327825 6.549999997019768 12.81
    endloop
  endfacet
  facet normal 0 0 1
    outer loop
      vertex 66.41900000357627 6.1099999994039536 12.81
      vertex 81.34900000327825 6.549999997019768 12.81
      vertex 81.18899999940395 6.659999996423721 12.81
    endloop
  endfacet
  facet normal 0 0 1
    outer loop
      vertex 66.52900000298023 6.2700000032782555 12.81
      vertex 81.18899999940395 6.659999996423721 12.81
      vertex 81.01899999761581 6.759999997913837 12.81
    endloop
  endfacet
  facet normal 0 0 1
    outer loop
      vertex 66.80899999672174 6.549999997019768 12.81
      vertex 81.01899999761581 6.759999997913837 12.81
      vertex 80.84900000327825 6.850000001490116 12.81
    endloop
  endfacet
  facet normal 0 0 1
    outer loop
      vertex 66.96900000059604 6.659999996423721 12.81
      vertex 80.84900000327825 6.850000001490116 12.81
      vertex 80.65899999821185 6.909999996423721 12.81
    endloop
  endfacet
  facet normal 0.2544933235460864 0.9670745308767401 0
    outer loop
      vertex 80.46900000059604 6.96000000089407 11.31
      vertex 80.46900000059604 6.96000000089407 12.81
      vertex 80.65899999821185 6.909999996423721 12.81
    endloop
  endfacet
  facet normal 0.30113133751375853 0.9535826747415113 0
    outer loop
      vertex 80.65899999821185 6.909999996423721 11.31
      vertex 80.65899999821185 6.909999996423721 12.81
      vertex 80.84900000327825 6.850000001490116 12.81
    endloop
  endfacet
  facet normal 0.049937605809800424 0.9987523394345491 0
    outer loop
      vertex 80.079 7 11.31
      vertex 80.079 7 12.81
      vertex 80.27900000298023 6.990000002086163 12.81
    endloop
  endfacet
  facet normal 0.15596258142912728 0.98776296407284 0
    outer loop
      vertex 80.27900000298023 6.990000002086163 11.31
      vertex 80.27900000298023 6.990000002086163 12.81
      vertex 80.46900000059604 6.96000000089407 12.81
    endloop
  endfacet
  facet normal 0.8837879022144862 0.4678877471138969 0
    outer loop
      vertex 81.83899999791383 5.939999997615814 11.31
      vertex 81.83899999791383 5.939999997615814 12.81
      vertex 81.92900000149011 5.7700000032782555 12.81
    endloop
  endfacet
  facet normal 0.8619342141866656 0.5070201282142704 0
    outer loop
      vertex 81.73899999642371 6.1099999994039536 11.31
      vertex 81.73899999642371 6.1099999994039536 12.81
      vertex 81.83899999791383 5.939999997615814 12.81
    endloop
  endfacet
  facet normal 0.8240419320367097 0.5665288114872946 0
    outer loop
      vertex 81.73899999642371 6.1099999994039536 12.81
      vertex 81.62899999701976 6.2700000032782555 11.31
      vertex 81.62899999701976 6.2700000032782555 12.81
    endloop
  endfacet
  facet normal 0.7071067811865476 0.7071067811865476 0
    outer loop
      vertex 81.34900000327825 6.549999997019768 11.31
      vertex 81.34900000327825 6.549999997019768 12.81
      vertex 81.62899999701976 6.2700000032782555 12.81
    endloop
  endfacet
  facet normal 0.9535826747415113 0.30113133751375853 0
    outer loop
      vertex 81.92900000149011 5.7700000032782555 11.31
      vertex 81.92900000149011 5.7700000032782555 12.81
      vertex 81.98899999642371 5.579999998211861 12.81
    endloop
  endfacet
  facet normal 0.5665288114872946 0.8240419320367097 0
    outer loop
      vertex 81.18899999940395 6.659999996423721 11.31
      vertex 81.18899999940395 6.659999996423721 12.81
      vertex 81.34900000327825 6.549999997019768 12.81
    endloop
  endfacet
  facet normal 0.5070201282142704 0.8619342141866656 0
    outer loop
      vertex 81.01899999761581 6.759999997913837 11.31
      vertex 81.01899999761581 6.759999997913837 12.81
      vertex 81.18899999940395 6.659999996423721 12.81
    endloop
  endfacet
  facet normal 0.4678877471138969 0.8837879022144862 0
    outer loop
      vertex 80.84900000327825 6.850000001490116 11.31
      vertex 80.84900000327825 6.850000001490116 12.81
      vertex 81.01899999761581 6.759999997913837 12.81
    endloop
  endfacet
  facet normal 0 0 -1
    outer loop
      vertex 92.00699999701976 -3.7000000029802322 1.21
      vertex 95.12362483589413 -2.369688395062254 1.21
      vertex 95.61635221775948 -2.633056667657167 1.21
    endloop
  endfacet
  facet normal 0 0 -1
    outer loop
      vertex 92.00699999701976 -3.7000000029802322 1.21
      vertex 96.15099258225403 -2.795238049149207 1.21
      vertex 96.707 -2.85 1.21
    endloop
  endfacet
  facet normal 0 0 -1
    outer loop
      vertex 92.00699999701976 -3.7000000029802322 1.21
      vertex 95.61635221775948 -2.633056667657167 1.21
      vertex 96.15099258225403 -2.795238049149207 1.21
    endloop
  endfacet
  facet normal 0 0 -1
    outer loop
      vertex 92.00699999701976 -3.7000000029802322 1.21
      vertex 96.707 -2.85 1.21
      vertex 97.26300741774595 -2.795238049149207 1.21
    endloop
  endfacet
  facet normal 0 0 -1
    outer loop
      vertex 92.00699999701976 -3.7000000029802322 1.21
      vertex 94.69174567361833 -2.0152543263816605 1.21
      vertex 95.12362483589413 -2.369688395062254 1.21
    endloop
  endfacet
  facet normal 0 0 -1
    outer loop
      vertex 92.00699999701976 -3.7000000029802322 1.21
      vertex 94.33731160493774 -1.5833751641058662 1.21
      vertex 94.69174567361833 -2.0152543263816605 1.21
    endloop
  endfacet
  facet normal 0 0 -1
    outer loop
      vertex 92.00699999701976 -3.7000000029802322 1.21
      vertex 94.07394333234282 -1.0906477822405058 1.21
      vertex 94.33731160493774 -1.5833751641058662 1.21
    endloop
  endfacet
  facet normal 0 0 -1
    outer loop
      vertex 92.00699999701976 -3.7000000029802322 1.21
      vertex 93.91176195085079 -0.5560074177459655 1.21
      vertex 94.07394333234282 -1.0906477822405058 1.21
    endloop
  endfacet
  facet normal 0 0 -1
    outer loop
      vertex 92.00699999701976 -3.7000000029802322 1.21
      vertex 93.857 0 1.21
      vertex 93.91176195085079 -0.5560074177459655 1.21
    endloop
  endfacet
  facet normal 0 0 -1
    outer loop
      vertex 95.67919506891373 -1.5382187827597087 1.21
      vertex 96.34608290427016 -1.8144527687459764 1.21
      vertex 95.99903565012458 -1.7091771351458807 1.21
    endloop
  endfacet
  facet normal 0 0 -1
    outer loop
      vertex 96.707 -1.85 1.21
      vertex 96.34608290427016 -1.8144527687459764 1.21
      vertex 95.67919506891373 -1.5382187827597087 1.21
    endloop
  endfacet
  facet normal 0 0 -1
    outer loop
      vertex 96.707 -1.85 1.21
      vertex 95.39885245480488 -1.308147545195113 1.21
      vertex 97.06791709572983 -1.8144527687459764 1.21
    endloop
  endfacet
  facet normal 0 0 -1
    outer loop
      vertex 96.707 -1.85 1.21
      vertex 95.67919506891373 -1.5382187827597087 1.21
      vertex 95.39885245480488 -1.308147545195113 1.21
    endloop
  endfacet
  facet normal 0 0 -1
    outer loop
      vertex 95.16878121724028 -1.027804931086264 1.21
      vertex 97.06791709572983 -1.8144527687459764 1.21
      vertex 95.39885245480488 -1.308147545195113 1.21
    endloop
  endfacet
  facet normal 0 0 -1
    outer loop
      vertex 95.16878121724028 -1.027804931086264 1.21
      vertex 97.4149643498754 -1.7091771351458807 1.21
      vertex 97.06791709572983 -1.8144527687459764 1.21
    endloop
  endfacet
  facet normal 0 0 -1
    outer loop
      vertex 94.99782286485411 -0.7079643498754161 1.21
      vertex 97.73480493108626 -1.5382187827597087 1.21
      vertex 97.4149643498754 -1.7091771351458807 1.21
    endloop
  endfacet
  facet normal 0 0 -1
    outer loop
      vertex 92.00699999701976 -3.7000000029802322 1.21
      vertex 97.26300741774595 -2.795238049149207 1.21
      vertex 101.40700000298023 -3.7000000029802322 1.21
    endloop
  endfacet
  facet normal 0 0 -1
    outer loop
      vertex 101.40700000298023 -3.7000000029802322 1.21
      vertex 97.26300741774595 -2.795238049149207 1.21
      vertex 97.7976477822405 -2.633056667657167 1.21
    endloop
  endfacet
  facet normal 0 0 -1
    outer loop
      vertex 101.40700000298023 -3.7000000029802322 1.21
      vertex 97.7976477822405 -2.633056667657167 1.21
      vertex 98.29037516410585 -2.369688395062254 1.21
    endloop
  endfacet
  facet normal 0 0 -1
    outer loop
      vertex 101.40700000298023 -3.7000000029802322 1.21
      vertex 98.29037516410585 -2.369688395062254 1.21
      vertex 98.72225432638166 -2.0152543263816605 1.21
    endloop
  endfacet
  facet normal 0 0 -1
    outer loop
      vertex 101.40700000298023 -3.7000000029802322 1.21
      vertex 98.72225432638166 -2.0152543263816605 1.21
      vertex 99.07668839506225 -1.5833751641058662 1.21
    endloop
  endfacet
  facet normal 0 0 -1
    outer loop
      vertex 101.40700000298023 -3.7000000029802322 1.21
      vertex 99.07668839506225 -1.5833751641058662 1.21
      vertex 99.34005666765717 -1.0906477822405058 1.21
    endloop
  endfacet
  facet normal 0 0 -1
    outer loop
      vertex 101.40700000298023 -3.7000000029802322 1.21
      vertex 99.34005666765717 -1.0906477822405058 1.21
      vertex 99.5022380491492 -0.5560074177459655 1.21
    endloop
  endfacet
  facet normal 0 0 -1
    outer loop
      vertex 92.00699999701976 -3.7000000029802322 1.21
      vertex 93.91176195085079 0.5560074177459655 1.21
      vertex 93.857 0 1.21
    endloop
  endfacet
  facet normal 0 0 -1
    outer loop
      vertex 92.00699999701976 -3.7000000029802322 1.21
      vertex 92.00699999701976 3.7000000029802322 1.21
      vertex 93.91176195085079 0.5560074177459655 1.21
    endloop
  endfacet
  facet normal 0 0 -1
    outer loop
      vertex 95.16878121724028 -1.027804931086264 1.21
      vertex 94.99782286485411 -0.7079643498754161 1.21
      vertex 97.4149643498754 -1.7091771351458807 1.21
    endloop
  endfacet
  facet normal 0 0 -1
    outer loop
      vertex 94.89254723125401 -0.36091709572983727 1.21
      vertex 97.73480493108626 -1.5382187827597087 1.21
      vertex 94.99782286485411 -0.7079643498754161 1.21
    endloop
  endfacet
  facet normal 0 0 -1
    outer loop
      vertex 94.89254723125401 -0.36091709572983727 1.21
      vertex 94.857 0 1.21
      vertex 97.73480493108626 -1.5382187827597087 1.21
    endloop
  endfacet
  facet normal 0 0 -1
    outer loop
      vertex 94.857 0 1.21
      vertex 94.89254723125401 0.36091709572983727 1.21
      vertex 97.73480493108626 -1.5382187827597087 1.21
    endloop
  endfacet
  facet normal 0 0 -1
    outer loop
      vertex 94.89254723125401 0.36091709572983727 1.21
      vertex 94.99782286485411 0.7079643498754161 1.21
      vertex 97.73480493108626 -1.5382187827597087 1.21
    endloop
  endfacet
  facet normal 0 0 -1
    outer loop
      vertex 94.99782286485411 0.7079643498754161 1.21
      vertex 95.16878121724028 1.027804931086264 1.21
      vertex 97.73480493108626 -1.5382187827597087 1.21
    endloop
  endfacet
  facet normal 0 0 -1
    outer loop
      vertex 95.39885245480488 1.308147545195113 1.21
      vertex 98.24521878275971 -1.027804931086264 1.21
      vertex 95.16878121724028 1.027804931086264 1.21
    endloop
  endfacet
  facet normal 0 0 -1
    outer loop
      vertex 92.00699999701976 3.7000000029802322 1.21
      vertex 94.07394333234282 1.0906477822405058 1.21
      vertex 93.91176195085079 0.5560074177459655 1.21
    endloop
  endfacet
  facet normal 0 0 -1
    outer loop
      vertex 92.00699999701976 3.7000000029802322 1.21
      vertex 94.33731160493774 1.5833751641058662 1.21
      vertex 94.07394333234282 1.0906477822405058 1.21
    endloop
  endfacet
  facet normal 0 0 -1
    outer loop
      vertex 95.39885245480488 1.308147545195113 1.21
      vertex 95.67919506891373 1.5382187827597087 1.21
      vertex 98.24521878275971 -1.027804931086264 1.21
    endloop
  endfacet
  facet normal 0 0 -1
    outer loop
      vertex 95.67919506891373 1.5382187827597087 1.21
      vertex 95.99903565012458 1.7091771351458807 1.21
      vertex 98.41617713514587 0.7079643498754161 1.21
    endloop
  endfacet
  facet normal 0 0 -1
    outer loop
      vertex 95.99903565012458 1.7091771351458807 1.21
      vertex 96.34608290427016 1.8144527687459764 1.21
      vertex 98.24521878275971 1.027804931086264 1.21
    endloop
  endfacet
  facet normal 0 0 -1
    outer loop
      vertex 95.16878121724028 1.027804931086264 1.21
      vertex 98.0151475451951 -1.308147545195113 1.21
      vertex 97.73480493108626 -1.5382187827597087 1.21
    endloop
  endfacet
  facet normal 0 0 -1
    outer loop
      vertex 95.16878121724028 1.027804931086264 1.21
      vertex 98.24521878275971 -1.027804931086264 1.21
      vertex 98.0151475451951 -1.308147545195113 1.21
    endloop
  endfacet
  facet normal 0 0 -1
    outer loop
      vertex 95.67919506891373 1.5382187827597087 1.21
      vertex 98.41617713514587 -0.7079643498754161 1.21
      vertex 98.24521878275971 -1.027804931086264 1.21
    endloop
  endfacet
  facet normal 0 0 -1
    outer loop
      vertex 95.67919506891373 1.5382187827597087 1.21
      vertex 98.52145276874597 -0.36091709572983727 1.21
      vertex 98.41617713514587 -0.7079643498754161 1.21
    endloop
  endfacet
  facet normal 0 0 -1
    outer loop
      vertex 95.67919506891373 1.5382187827597087 1.21
      vertex 98.55699999999999 0 1.21
      vertex 98.52145276874597 -0.36091709572983727 1.21
    endloop
  endfacet
  facet normal 0 0 -1
    outer loop
      vertex 101.40700000298023 -3.7000000029802322 1.21
      vertex 99.5022380491492 -0.5560074177459655 1.21
      vertex 101.40700000298023 3.7000000029802322 1.21
    endloop
  endfacet
  facet normal 0 0 -1
    outer loop
      vertex 95.67919506891373 1.5382187827597087 1.21
      vertex 98.52145276874597 0.36091709572983727 1.21
      vertex 98.55699999999999 0 1.21
    endloop
  endfacet
  facet normal 0 0 -1
    outer loop
      vertex 95.67919506891373 1.5382187827597087 1.21
      vertex 98.41617713514587 0.7079643498754161 1.21
      vertex 98.52145276874597 0.36091709572983727 1.21
    endloop
  endfacet
  facet normal 0 0 -1
    outer loop
      vertex 95.99903565012458 1.7091771351458807 1.21
      vertex 98.24521878275971 1.027804931086264 1.21
      vertex 98.41617713514587 0.7079643498754161 1.21
    endloop
  endfacet
  facet normal 0 0 -1
    outer loop
      vertex 96.34608290427016 1.8144527687459764 1.21
      vertex 98.0151475451951 1.308147545195113 1.21
      vertex 98.24521878275971 1.027804931086264 1.21
    endloop
  endfacet
  facet normal 0 0 -1
    outer loop
      vertex 96.34608290427016 1.8144527687459764 1.21
      vertex 96.707 1.85 1.21
      vertex 98.0151475451951 1.308147545195113 1.21
    endloop
  endfacet
  facet normal 0 0 -1
    outer loop
      vertex 97.4149643498754 1.7091771351458807 1.21
      vertex 97.73480493108626 1.5382187827597087 1.21
      vertex 97.06791709572983 1.8144527687459764 1.21
    endloop
  endfacet
  facet normal 0 0 -1
    outer loop
      vertex 97.73480493108626 1.5382187827597087 1.21
      vertex 96.707 1.85 1.21
      vertex 97.06791709572983 1.8144527687459764 1.21
    endloop
  endfacet
  facet normal 0 0 -1
    outer loop
      vertex 97.73480493108626 1.5382187827597087 1.21
      vertex 98.0151475451951 1.308147545195113 1.21
      vertex 96.707 1.85 1.21
    endloop
  endfacet
  facet normal 0 0 -1
    outer loop
      vertex 101.40700000298023 3.7000000029802322 1.21
      vertex 99.5022380491492 -0.5560074177459655 1.21
      vertex 99.55699999999999 0 1.21
    endloop
  endfacet
  facet normal 0 0 -1
    outer loop
      vertex 101.40700000298023 3.7000000029802322 1.21
      vertex 99.55699999999999 0 1.21
      vertex 99.5022380491492 0.5560074177459655 1.21
    endloop
  endfacet
  facet normal 0 0 -1
    outer loop
      vertex 101.40700000298023 3.7000000029802322 1.21
      vertex 99.5022380491492 0.5560074177459655 1.21
      vertex 99.34005666765717 1.0906477822405058 1.21
    endloop
  endfacet
  facet normal 0 0 -1
    outer loop
      vertex 101.40700000298023 3.7000000029802322 1.21
      vertex 99.34005666765717 1.0906477822405058 1.21
      vertex 99.07668839506225 1.5833751641058662 1.21
    endloop
  endfacet
  facet normal 0 0 -1
    outer loop
      vertex 92.00699999701976 3.7000000029802322 1.21
      vertex 94.69174567361833 2.0152543263816605 1.21
      vertex 94.33731160493774 1.5833751641058662 1.21
    endloop
  endfacet
  facet normal 0 0 -1
    outer loop
      vertex 92.00699999701976 3.7000000029802322 1.21
      vertex 95.12362483589413 2.369688395062254 1.21
      vertex 94.69174567361833 2.0152543263816605 1.21
    endloop
  endfacet
  facet normal 0 0 -1
    outer loop
      vertex 92.00699999701976 3.7000000029802322 1.21
      vertex 95.61635221775948 2.633056667657167 1.21
      vertex 95.12362483589413 2.369688395062254 1.21
    endloop
  endfacet
  facet normal 0 0 -1
    outer loop
      vertex 92.00699999701976 3.7000000029802322 1.21
      vertex 96.15099258225403 2.795238049149207 1.21
      vertex 95.61635221775948 2.633056667657167 1.21
    endloop
  endfacet
  facet normal 0 0 -1
    outer loop
      vertex 92.00699999701976 3.7000000029802322 1.21
      vertex 101.40700000298023 3.7000000029802322 1.21
      vertex 96.15099258225403 2.795238049149207 1.21
    endloop
  endfacet
  facet normal 0 0 -1
    outer loop
      vertex 101.40700000298023 3.7000000029802322 1.21
      vertex 97.7976477822405 2.633056667657167 1.21
      vertex 97.26300741774595 2.795238049149207 1.21
    endloop
  endfacet
  facet normal 0 0 -1
    outer loop
      vertex 101.40700000298023 3.7000000029802322 1.21
      vertex 98.29037516410585 2.369688395062254 1.21
      vertex 97.7976477822405 2.633056667657167 1.21
    endloop
  endfacet
  facet normal 0 0 -1
    outer loop
      vertex 101.40700000298023 3.7000000029802322 1.21
      vertex 96.707 2.85 1.21
      vertex 96.15099258225403 2.795238049149207 1.21
    endloop
  endfacet
  facet normal 0 0 -1
    outer loop
      vertex 101.40700000298023 3.7000000029802322 1.21
      vertex 97.26300741774595 2.795238049149207 1.21
      vertex 96.707 2.85 1.21
    endloop
  endfacet
  facet normal 0 0 -1
    outer loop
      vertex 101.40700000298023 3.7000000029802322 1.21
      vertex 99.07668839506225 1.5833751641058662 1.21
      vertex 98.72225432638166 2.0152543263816605 1.21
    endloop
  endfacet
  facet normal 0 0 -1
    outer loop
      vertex 101.40700000298023 3.7000000029802322 1.21
      vertex 98.72225432638166 2.0152543263816605 1.21
      vertex 98.29037516410585 2.369688395062254 1.21
    endloop
  endfacet
  facet normal -1 0 0
    outer loop
      vertex 92.00699999701976 -3.7000000029802322 1.21
      vertex 92.00699999701976 3.7000000029802322 11.309999999999999
      vertex 92.00699999701976 3.7000000029802322 1.21
    endloop
  endfacet
  facet normal 0 -1 0
    outer loop
      vertex 92.00699999701976 -3.7000000029802322 1.21
      vertex 101.40700000298023 -3.7000000029802322 1.21
      vertex 92.00699999701976 -3.7000000029802322 11.309999999999999
    endloop
  endfacet
  facet normal 1 0 0
    outer loop
      vertex 101.40700000298023 -3.7000000029802322 1.21
      vertex 101.40700000298023 3.7000000029802322 1.21
      vertex 101.40700000298023 -3.7000000029802322 11.309999999999999
    endloop
  endfacet
  facet normal 0 1 0
    outer loop
      vertex 92.00699999701976 3.7000000029802322 1.21
      vertex 101.40700000298023 3.7000000029802322 11.309999999999999
      vertex 101.40700000298023 3.7000000029802322 1.21
    endloop
  endfacet
  facet normal -1 0 0
    outer loop
      vertex 92.00699999701976 -3.7000000029802322 1.21
      vertex 92.00699999701976 -3.7000000029802322 11.309999999999999
      vertex 92.00699999701976 3.7000000029802322 11.309999999999999
    endloop
  endfacet
  facet normal 0 -1 0
    outer loop
      vertex 92.00699999701976 -3.7000000029802322 11.309999999999999
      vertex 101.40700000298023 -3.7000000029802322 1.21
      vertex 101.40700000298023 -3.7000000029802322 11.309999999999999
    endloop
  endfacet
  facet normal 1 0 0
    outer loop
      vertex 101.40700000298023 -3.7000000029802322 11.309999999999999
      vertex 101.40700000298023 3.7000000029802322 1.21
      vertex 101.40700000298023 3.7000000029802322 11.309999999999999
    endloop
  endfacet
  facet normal 0 1 0
    outer loop
      vertex 92.00699999701976 3.7000000029802322 1.21
      vertex 92.00699999701976 3.7000000029802322 11.309999999999999
      vertex 101.40700000298023 3.7000000029802322 11.309999999999999
    endloop
  endfacet
  facet normal 0 0 1
    outer loop
      vertex 92.00699999701976 -3.7000000029802322 11.309999999999999
      vertex 101.40700000298023 -3.7000000029802322 11.309999999999999
      vertex 92.00699999701976 3.7000000029802322 11.309999999999999
    endloop
  endfacet
  facet normal 0 0 1
    outer loop
      vertex 92.00699999701976 3.7000000029802322 11.309999999999999
      vertex 101.40700000298023 -3.7000000029802322 11.309999999999999
      vertex 101.40700000298023 3.7000000029802322 11.309999999999999
    endloop
  endfacet
  facet normal -0.4678877471138969 -0.8837879022144862 0
    outer loop
      vertex 89.93699999672174 -6.850000001490116 11.31
      vertex 89.76700000238418 -6.759999997913837 12.81
      vertex 89.76700000238418 -6.759999997913837 11.31
    endloop
  endfacet
  facet normal -0.7071067811865476 -0.7071067811865476 0
    outer loop
      vertex 89.15700000298023 -6.2700000032782555 11.31
      vertex 89.43699999672174 -6.549999997019768 11.31
      vertex 89.15700000298023 -6.2700000032782555 12.81
    endloop
  endfacet
  facet normal -0.5070201282142704 -0.8619342141866656 0
    outer loop
      vertex 89.59700000059604 -6.659999996423721 11.31
      vertex 89.76700000238418 -6.759999997913837 11.31
      vertex 89.59700000059604 -6.659999996423721 12.81
    endloop
  endfacet
  facet normal -0.5665288114872946 -0.8240419320367097 0
    outer loop
      vertex 89.59700000059604 -6.659999996423721 11.31
      vertex 89.43699999672174 -6.549999997019768 12.81
      vertex 89.43699999672174 -6.549999997019768 11.31
    endloop
  endfacet
  facet normal -0.15596258142912728 -0.98776296407284 0
    outer loop
      vertex 90.31699999940395 -6.96000000089407 11.31
      vertex 90.50699999701976 -6.990000002086163 11.31
      vertex 90.31699999940395 -6.96000000089407 12.81
    endloop
  endfacet
  facet normal -0.30113133751375853 -0.9535826747415113 0
    outer loop
      vertex 89.93699999672174 -6.850000001490116 11.31
      vertex 90.12700000178813 -6.909999996423721 11.31
      vertex 89.93699999672174 -6.850000001490116 12.81
    endloop
  endfacet
  facet normal -0.2544933235460864 -0.9670745308767401 0
    outer loop
      vertex 90.12700000178813 -6.909999996423721 11.31
      vertex 90.31699999940395 -6.96000000089407 11.31
      vertex 90.12700000178813 -6.909999996423721 12.81
    endloop
  endfacet
  facet normal -0.049937605809800424 -0.9987523394345491 0
    outer loop
      vertex 90.50699999701976 -6.990000002086163 11.31
      vertex 90.707 -7 11.31
      vertex 90.50699999701976 -6.990000002086163 12.81
    endloop
  endfacet
  facet normal -0.9670745308767401 -0.2544933235460864 0
    outer loop
      vertex 88.79700000357627 -5.579999998211861 11.31
      vertex 88.74699999910592 -5.3900000005960464 12.81
      vertex 88.74699999910592 -5.3900000005960464 11.31
    endloop
  endfacet
  facet normal -0.8240419320367097 -0.5665288114872946 0
    outer loop
      vertex 89.15700000298023 -6.2700000032782555 11.31
      vertex 89.04700000357627 -6.1099999994039536 12.81
      vertex 89.04700000357627 -6.1099999994039536 11.31
    endloop
  endfacet
  facet normal -0.8619342141866656 -0.5070201282142704 0
    outer loop
      vertex 88.94700000208616 -5.939999997615814 11.31
      vertex 89.04700000357627 -6.1099999994039536 11.31
      vertex 88.94700000208616 -5.939999997615814 12.81
    endloop
  endfacet
  facet normal -0.8837879022144862 -0.4678877471138969 0
    outer loop
      vertex 88.94700000208616 -5.939999997615814 11.31
      vertex 88.85699999850988 -5.7700000032782555 12.81
      vertex 88.85699999850988 -5.7700000032782555 11.31
    endloop
  endfacet
  facet normal -0.9535826747415113 -0.30113133751375853 0
    outer loop
      vertex 88.85699999850988 -5.7700000032782555 11.31
      vertex 88.79700000357627 -5.579999998211861 12.81
      vertex 88.79700000357627 -5.579999998211861 11.31
    endloop
  endfacet
  facet normal -0.98776296407284 -0.15596258142912728 0
    outer loop
      vertex 88.74699999910592 -5.3900000005960464 11.31
      vertex 88.71699999791383 -5.200000002980232 12.81
      vertex 88.71699999791383 -5.200000002980232 11.31
    endloop
  endfacet
  facet normal -0.9987523394345491 -0.049937605809800424 0
    outer loop
      vertex 88.71699999791383 -5.200000002980232 11.31
      vertex 88.707 -5 12.81
      vertex 88.707 -5 11.31
    endloop
  endfacet
  facet normal -0.5070201282142704 -0.8619342141866656 0
    outer loop
      vertex 89.59700000059604 -6.659999996423721 12.81
      vertex 89.76700000238418 -6.759999997913837 11.31
      vertex 89.76700000238418 -6.759999997913837 12.81
    endloop
  endfacet
  facet normal -0.4678877471138969 -0.8837879022144862 0
    outer loop
      vertex 89.93699999672174 -6.850000001490116 11.31
      vertex 89.93699999672174 -6.850000001490116 12.81
      vertex 89.76700000238418 -6.759999997913837 12.81
    endloop
  endfacet
  facet normal -0.7071067811865476 -0.7071067811865476 0
    outer loop
      vertex 89.43699999672174 -6.549999997019768 11.31
      vertex 89.43699999672174 -6.549999997019768 12.81
      vertex 89.15700000298023 -6.2700000032782555 12.81
    endloop
  endfacet
  facet normal -0.5665288114872946 -0.8240419320367097 0
    outer loop
      vertex 89.59700000059604 -6.659999996423721 11.31
      vertex 89.59700000059604 -6.659999996423721 12.81
      vertex 89.43699999672174 -6.549999997019768 12.81
    endloop
  endfacet
  facet normal -0.2544933235460864 -0.9670745308767401 0
    outer loop
      vertex 90.31699999940395 -6.96000000089407 11.31
      vertex 90.31699999940395 -6.96000000089407 12.81
      vertex 90.12700000178813 -6.909999996423721 12.81
    endloop
  endfacet
  facet normal -0.15596258142912728 -0.98776296407284 0
    outer loop
      vertex 90.50699999701976 -6.990000002086163 11.31
      vertex 90.50699999701976 -6.990000002086163 12.81
      vertex 90.31699999940395 -6.96000000089407 12.81
    endloop
  endfacet
  facet normal -0.30113133751375853 -0.9535826747415113 0
    outer loop
      vertex 90.12700000178813 -6.909999996423721 11.31
      vertex 90.12700000178813 -6.909999996423721 12.81
      vertex 89.93699999672174 -6.850000001490116 12.81
    endloop
  endfacet
  facet normal -0.049937605809800424 -0.9987523394345491 0
    outer loop
      vertex 90.50699999701976 -6.990000002086163 12.81
      vertex 90.707 -7 11.31
      vertex 90.707 -7 12.81
    endloop
  endfacet
  facet normal -0.9670745308767401 -0.2544933235460864 0
    outer loop
      vertex 88.79700000357627 -5.579999998211861 11.31
      vertex 88.79700000357627 -5.579999998211861 12.81
      vertex 88.74699999910592 -5.3900000005960464 12.81
    endloop
  endfacet
  facet normal -0.8240419320367097 -0.5665288114872946 0
    outer loop
      vertex 89.15700000298023 -6.2700000032782555 11.31
      vertex 89.15700000298023 -6.2700000032782555 12.81
      vertex 89.04700000357627 -6.1099999994039536 12.81
    endloop
  endfacet
  facet normal -0.8619342141866656 -0.5070201282142704 0
    outer loop
      vertex 89.04700000357627 -6.1099999994039536 11.31
      vertex 89.04700000357627 -6.1099999994039536 12.81
      vertex 88.94700000208616 -5.939999997615814 12.81
    endloop
  endfacet
  facet normal -0.8837879022144862 -0.4678877471138969 0
    outer loop
      vertex 88.94700000208616 -5.939999997615814 11.31
      vertex 88.94700000208616 -5.939999997615814 12.81
      vertex 88.85699999850988 -5.7700000032782555 12.81
    endloop
  endfacet
  facet normal -0.9535826747415113 -0.30113133751375853 0
    outer loop
      vertex 88.85699999850988 -5.7700000032782555 11.31
      vertex 88.85699999850988 -5.7700000032782555 12.81
      vertex 88.79700000357627 -5.579999998211861 12.81
    endloop
  endfacet
  facet normal -0.98776296407284 -0.15596258142912728 0
    outer loop
      vertex 88.74699999910592 -5.3900000005960464 11.31
      vertex 88.74699999910592 -5.3900000005960464 12.81
      vertex 88.71699999791383 -5.200000002980232 12.81
    endloop
  endfacet
  facet normal -0.9987523394345491 -0.049937605809800424 0
    outer loop
      vertex 88.71699999791383 -5.200000002980232 11.31
      vertex 88.71699999791383 -5.200000002980232 12.81
      vertex 88.707 -5 12.81
    endloop
  endfacet
  facet normal -1 0 0
    outer loop
      vertex 88.707 -5 11.31
      vertex 88.707 -5 12.81
      vertex 88.707 5 12.81
    endloop
  endfacet
  facet normal -1 0 0
    outer loop
      vertex 88.707 -5 11.31
      vertex 88.707 5 12.81
      vertex 88.707 5 11.31
    endloop
  endfacet
  facet normal -0.9987523394345491 0.049937605809800424 0
    outer loop
      vertex 88.707 5 11.31
      vertex 88.71699999791383 5.200000002980232 12.81
      vertex 88.71699999791383 5.200000002980232 11.31
    endloop
  endfacet
  facet normal -0.98776296407284 0.15596258142912728 0
    outer loop
      vertex 88.71699999791383 5.200000002980232 11.31
      vertex 88.74699999910592 5.3900000005960464 12.81
      vertex 88.74699999910592 5.3900000005960464 11.31
    endloop
  endfacet
  facet normal -0.9670745308767401 0.2544933235460864 0
    outer loop
      vertex 88.74699999910592 5.3900000005960464 11.31
      vertex 88.79700000357627 5.579999998211861 12.81
      vertex 88.79700000357627 5.579999998211861 11.31
    endloop
  endfacet
  facet normal -0.9987523394345491 0.049937605809800424 0
    outer loop
      vertex 88.707 5 11.31
      vertex 88.707 5 12.81
      vertex 88.71699999791383 5.200000002980232 12.81
    endloop
  endfacet
  facet normal -0.98776296407284 0.15596258142912728 0
    outer loop
      vertex 88.71699999791383 5.200000002980232 11.31
      vertex 88.71699999791383 5.200000002980232 12.81
      vertex 88.74699999910592 5.3900000005960464 12.81
    endloop
  endfacet
  facet normal -0.9670745308767401 0.2544933235460864 0
    outer loop
      vertex 88.74699999910592 5.3900000005960464 11.31
      vertex 88.74699999910592 5.3900000005960464 12.81
      vertex 88.79700000357627 5.579999998211861 12.81
    endloop
  endfacet
  facet normal -0.9535826747415113 0.30113133751375853 0
    outer loop
      vertex 88.79700000357627 5.579999998211861 11.31
      vertex 88.79700000357627 5.579999998211861 12.81
      vertex 88.85699999850988 5.7700000032782555 12.81
    endloop
  endfacet
  facet normal 0 0 -1
    outer loop
      vertex 89.93699999672174 -6.850000001490116 11.31
      vertex 89.76700000238418 -6.759999997913837 11.31
      vertex 103.97700000327825 -6.549999997019768 11.31
    endloop
  endfacet
  facet normal 0 0 -1
    outer loop
      vertex 89.59700000059604 -6.659999996423721 11.31
      vertex 104.25699999701976 -6.2700000032782555 11.31
      vertex 89.76700000238418 -6.759999997913837 11.31
    endloop
  endfacet
  facet normal 0 0 -1
    outer loop
      vertex 89.59700000059604 -6.659999996423721 11.31
      vertex 89.43699999672174 -6.549999997019768 11.31
      vertex 104.36699999642371 -6.1099999994039536 11.31
    endloop
  endfacet
  facet normal 0 0 -1
    outer loop
      vertex 90.31699999940395 -6.96000000089407 11.31
      vertex 103.47700000327825 -6.850000001490116 11.31
      vertex 90.50699999701976 -6.990000002086163 11.31
    endloop
  endfacet
  facet normal 0 0 -1
    outer loop
      vertex 90.50699999701976 -6.990000002086163 11.31
      vertex 103.28699999821185 -6.909999996423721 11.31
      vertex 90.707 -7 11.31
    endloop
  endfacet
  facet normal 0 0 -1
    outer loop
      vertex 90.12700000178813 -6.909999996423721 11.31
      vertex 103.64699999761581 -6.759999997913837 11.31
      vertex 90.31699999940395 -6.96000000089407 11.31
    endloop
  endfacet
  facet normal 0 0 -1
    outer loop
      vertex 89.93699999672174 -6.850000001490116 11.31
      vertex 103.81699999940395 -6.659999996423721 11.31
      vertex 90.12700000178813 -6.909999996423721 11.31
    endloop
  endfacet
  facet normal 0 -1 0
    outer loop
      vertex 90.707 -7 11.31
      vertex 102.707 -7 11.31
      vertex 90.707 -7 12.81
    endloop
  endfacet
  facet normal 0 0 -1
    outer loop
      vertex 89.15700000298023 -6.2700000032782555 11.31
      vertex 104.46699999791383 -5.939999997615814 11.31
      vertex 89.43699999672174 -6.549999997019768 11.31
    endloop
  endfacet
  facet normal 0 0 -1
    outer loop
      vertex 89.15700000298023 -6.2700000032782555 11.31
      vertex 89.04700000357627 -6.1099999994039536 11.31
      vertex 104.55700000149011 -5.7700000032782555 11.31
    endloop
  endfacet
  facet normal 0 0 -1
    outer loop
      vertex 88.94700000208616 -5.939999997615814 11.31
      vertex 104.61699999642371 -5.579999998211861 11.31
      vertex 89.04700000357627 -6.1099999994039536 11.31
    endloop
  endfacet
  facet normal 0 0 -1
    outer loop
      vertex 88.94700000208616 -5.939999997615814 11.31
      vertex 88.85699999850988 -5.7700000032782555 11.31
      vertex 104.66700000089406 -5.3900000005960464 11.31
    endloop
  endfacet
  facet normal 0 0 -1
    outer loop
      vertex 88.85699999850988 -5.7700000032782555 11.31
      vertex 88.79700000357627 -5.579999998211861 11.31
      vertex 104.69700000208616 -5.200000002980232 11.31
    endloop
  endfacet
  facet normal 0 0 -1
    outer loop
      vertex 88.79700000357627 -5.579999998211861 11.31
      vertex 88.74699999910592 -5.3900000005960464 11.31
      vertex 104.707 -5 11.31
    endloop
  endfacet
  facet normal 0 0 -1
    outer loop
      vertex 90.707 -7 11.31
      vertex 103.09700000059604 -6.96000000089407 11.31
      vertex 102.707 -7 11.31
    endloop
  endfacet
  facet normal 0 0 -1
    outer loop
      vertex 90.707 -7 11.31
      vertex 103.28699999821185 -6.909999996423721 11.31
      vertex 103.09700000059604 -6.96000000089407 11.31
    endloop
  endfacet
  facet normal 0 0 -1
    outer loop
      vertex 90.50699999701976 -6.990000002086163 11.31
      vertex 103.47700000327825 -6.850000001490116 11.31
      vertex 103.28699999821185 -6.909999996423721 11.31
    endloop
  endfacet
  facet normal 0 0 -1
    outer loop
      vertex 90.31699999940395 -6.96000000089407 11.31
      vertex 103.64699999761581 -6.759999997913837 11.31
      vertex 103.47700000327825 -6.850000001490116 11.31
    endloop
  endfacet
  facet normal 0 0 -1
    outer loop
      vertex 90.12700000178813 -6.909999996423721 11.31
      vertex 103.81699999940395 -6.659999996423721 11.31
      vertex 103.64699999761581 -6.759999997913837 11.31
    endloop
  endfacet
  facet normal 0 0 -1
    outer loop
      vertex 89.93699999672174 -6.850000001490116 11.31
      vertex 103.97700000327825 -6.549999997019768 11.31
      vertex 103.81699999940395 -6.659999996423721 11.31
    endloop
  endfacet
  facet normal 0 0 -1
    outer loop
      vertex 89.76700000238418 -6.759999997913837 11.31
      vertex 104.25699999701976 -6.2700000032782555 11.31
      vertex 103.97700000327825 -6.549999997019768 11.31
    endloop
  endfacet
  facet normal 0 0 -1
    outer loop
      vertex 89.59700000059604 -6.659999996423721 11.31
      vertex 104.36699999642371 -6.1099999994039536 11.31
      vertex 104.25699999701976 -6.2700000032782555 11.31
    endloop
  endfacet
  facet normal 0 0 -1
    outer loop
      vertex 89.43699999672174 -6.549999997019768 11.31
      vertex 104.46699999791383 -5.939999997615814 11.31
      vertex 104.36699999642371 -6.1099999994039536 11.31
    endloop
  endfacet
  facet normal 0 0 -1
    outer loop
      vertex 89.15700000298023 -6.2700000032782555 11.31
      vertex 104.55700000149011 -5.7700000032782555 11.31
      vertex 104.46699999791383 -5.939999997615814 11.31
    endloop
  endfacet
  facet normal 0 0 -1
    outer loop
      vertex 89.04700000357627 -6.1099999994039536 11.31
      vertex 104.61699999642371 -5.579999998211861 11.31
      vertex 104.55700000149011 -5.7700000032782555 11.31
    endloop
  endfacet
  facet normal 0 0 -1
    outer loop
      vertex 88.94700000208616 -5.939999997615814 11.31
      vertex 104.66700000089406 -5.3900000005960464 11.31
      vertex 104.61699999642371 -5.579999998211861 11.31
    endloop
  endfacet
  facet normal 0 0 -1
    outer loop
      vertex 88.85699999850988 -5.7700000032782555 11.31
      vertex 104.69700000208616 -5.200000002980232 11.31
      vertex 104.66700000089406 -5.3900000005960464 11.31
    endloop
  endfacet
  facet normal 0 0 -1
    outer loop
      vertex 88.79700000357627 -5.579999998211861 11.31
      vertex 104.707 -5 11.31
      vertex 104.69700000208616 -5.200000002980232 11.31
    endloop
  endfacet
  facet normal 0 0 1
    outer loop
      vertex 89.93699999672174 -6.850000001490116 12.81
      vertex 103.97700000327825 -6.549999997019768 12.81
      vertex 89.76700000238418 -6.759999997913837 12.81
    endloop
  endfacet
  facet normal 0 0 1
    outer loop
      vertex 89.59700000059604 -6.659999996423721 12.81
      vertex 89.76700000238418 -6.759999997913837 12.81
      vertex 104.25699999701976 -6.2700000032782555 12.81
    endloop
  endfacet
  facet normal 0 0 1
    outer loop
      vertex 89.59700000059604 -6.659999996423721 12.81
      vertex 104.36699999642371 -6.1099999994039536 12.81
      vertex 89.43699999672174 -6.549999997019768 12.81
    endloop
  endfacet
  facet normal 0 0 1
    outer loop
      vertex 90.31699999940395 -6.96000000089407 12.81
      vertex 90.50699999701976 -6.990000002086163 12.81
      vertex 103.47700000327825 -6.850000001490116 12.81
    endloop
  endfacet
  facet normal 0 0 1
    outer loop
      vertex 90.50699999701976 -6.990000002086163 12.81
      vertex 90.707 -7 12.81
      vertex 103.28699999821185 -6.909999996423721 12.81
    endloop
  endfacet
  facet normal 0 0 1
    outer loop
      vertex 90.12700000178813 -6.909999996423721 12.81
      vertex 90.31699999940395 -6.96000000089407 12.81
      vertex 103.64699999761581 -6.759999997913837 12.81
    endloop
  endfacet
  facet normal 0 0 1
    outer loop
      vertex 89.93699999672174 -6.850000001490116 12.81
      vertex 90.12700000178813 -6.909999996423721 12.81
      vertex 103.81699999940395 -6.659999996423721 12.81
    endloop
  endfacet
  facet normal 0 0 1
    outer loop
      vertex 89.15700000298023 -6.2700000032782555 12.81
      vertex 89.43699999672174 -6.549999997019768 12.81
      vertex 104.46699999791383 -5.939999997615814 12.81
    endloop
  endfacet
  facet normal 0 0 1
    outer loop
      vertex 89.15700000298023 -6.2700000032782555 12.81
      vertex 104.55700000149011 -5.7700000032782555 12.81
      vertex 89.04700000357627 -6.1099999994039536 12.81
    endloop
  endfacet
  facet normal 0 0 1
    outer loop
      vertex 88.94700000208616 -5.939999997615814 12.81
      vertex 89.04700000357627 -6.1099999994039536 12.81
      vertex 104.61699999642371 -5.579999998211861 12.81
    endloop
  endfacet
  facet normal 0 0 1
    outer loop
      vertex 88.94700000208616 -5.939999997615814 12.81
      vertex 104.66700000089406 -5.3900000005960464 12.81
      vertex 88.85699999850988 -5.7700000032782555 12.81
    endloop
  endfacet
  facet normal 0 0 1
    outer loop
      vertex 88.85699999850988 -5.7700000032782555 12.81
      vertex 104.69700000208616 -5.200000002980232 12.81
      vertex 88.79700000357627 -5.579999998211861 12.81
    endloop
  endfacet
  facet normal 0 0 1
    outer loop
      vertex 88.79700000357627 -5.579999998211861 12.81
      vertex 104.707 -5 12.81
      vertex 88.74699999910592 -5.3900000005960464 12.81
    endloop
  endfacet
  facet normal 0 -1 0
    outer loop
      vertex 90.707 -7 12.81
      vertex 102.707 -7 11.31
      vertex 102.707 -7 12.81
    endloop
  endfacet
  facet normal 0 0 1
    outer loop
      vertex 90.707 -7 12.81
      vertex 102.707 -7 12.81
      vertex 103.09700000059604 -6.96000000089407 12.81
    endloop
  endfacet
  facet normal 0 0 1
    outer loop
      vertex 90.707 -7 12.81
      vertex 103.09700000059604 -6.96000000089407 12.81
      vertex 103.28699999821185 -6.909999996423721 12.81
    endloop
  endfacet
  facet normal 0 0 1
    outer loop
      vertex 90.50699999701976 -6.990000002086163 12.81
      vertex 103.28699999821185 -6.909999996423721 12.81
      vertex 103.47700000327825 -6.850000001490116 12.81
    endloop
  endfacet
  facet normal 0 0 1
    outer loop
      vertex 90.31699999940395 -6.96000000089407 12.81
      vertex 103.47700000327825 -6.850000001490116 12.81
      vertex 103.64699999761581 -6.759999997913837 12.81
    endloop
  endfacet
  facet normal 0 0 1
    outer loop
      vertex 90.12700000178813 -6.909999996423721 12.81
      vertex 103.64699999761581 -6.759999997913837 12.81
      vertex 103.81699999940395 -6.659999996423721 12.81
    endloop
  endfacet
  facet normal 0 0 1
    outer loop
      vertex 89.93699999672174 -6.850000001490116 12.81
      vertex 103.81699999940395 -6.659999996423721 12.81
      vertex 103.97700000327825 -6.549999997019768 12.81
    endloop
  endfacet
  facet normal 0 0 1
    outer loop
      vertex 89.76700000238418 -6.759999997913837 12.81
      vertex 103.97700000327825 -6.549999997019768 12.81
      vertex 104.25699999701976 -6.2700000032782555 12.81
    endloop
  endfacet
  facet normal 0 0 1
    outer loop
      vertex 89.59700000059604 -6.659999996423721 12.81
      vertex 104.25699999701976 -6.2700000032782555 12.81
      vertex 104.36699999642371 -6.1099999994039536 12.81
    endloop
  endfacet
  facet normal 0 0 1
    outer loop
      vertex 89.43699999672174 -6.549999997019768 12.81
      vertex 104.36699999642371 -6.1099999994039536 12.81
      vertex 104.46699999791383 -5.939999997615814 12.81
    endloop
  endfacet
  facet normal 0 0 1
    outer loop
      vertex 89.15700000298023 -6.2700000032782555 12.81
      vertex 104.46699999791383 -5.939999997615814 12.81
      vertex 104.55700000149011 -5.7700000032782555 12.81
    endloop
  endfacet
  facet normal 0 0 1
    outer loop
      vertex 89.04700000357627 -6.1099999994039536 12.81
      vertex 104.55700000149011 -5.7700000032782555 12.81
      vertex 104.61699999642371 -5.579999998211861 12.81
    endloop
  endfacet
  facet normal 0 0 1
    outer loop
      vertex 88.94700000208616 -5.939999997615814 12.81
      vertex 104.61699999642371 -5.579999998211861 12.81
      vertex 104.66700000089406 -5.3900000005960464 12.81
    endloop
  endfacet
  facet normal 0 0 1
    outer loop
      vertex 88.85699999850988 -5.7700000032782555 12.81
      vertex 104.66700000089406 -5.3900000005960464 12.81
      vertex 104.69700000208616 -5.200000002980232 12.81
    endloop
  endfacet
  facet normal 0 0 1
    outer loop
      vertex 88.79700000357627 -5.579999998211861 12.81
      vertex 104.69700000208616 -5.200000002980232 12.81
      vertex 104.707 -5 12.81
    endloop
  endfacet
  facet normal 0 0 -1
    outer loop
      vertex 88.74699999910592 -5.3900000005960464 11.31
      vertex 88.71699999791383 -5.200000002980232 11.31
      vertex 104.707 5 11.31
    endloop
  endfacet
  facet normal 0 0 -1
    outer loop
      vertex 88.71699999791383 -5.200000002980232 11.31
      vertex 88.707 -5 11.31
      vertex 104.69700000208616 5.200000002980232 11.31
    endloop
  endfacet
  facet normal 0 0 -1
    outer loop
      vertex 88.74699999910592 -5.3900000005960464 11.31
      vertex 104.707 5 11.31
      vertex 104.707 -5 11.31
    endloop
  endfacet
  facet normal 0 0 1
    outer loop
      vertex 88.74699999910592 -5.3900000005960464 12.81
      vertex 104.707 5 12.81
      vertex 88.71699999791383 -5.200000002980232 12.81
    endloop
  endfacet
  facet normal 0 0 1
    outer loop
      vertex 88.71699999791383 -5.200000002980232 12.81
      vertex 104.69700000208616 5.200000002980232 12.81
      vertex 88.707 -5 12.81
    endloop
  endfacet
  facet normal 0 0 1
    outer loop
      vertex 88.74699999910592 -5.3900000005960464 12.81
      vertex 104.707 -5 12.81
      vertex 104.707 5 12.81
    endloop
  endfacet
  facet normal 0 0 -1
    outer loop
      vertex 102.707 -7 11.31
      vertex 103.09700000059604 -6.96000000089407 11.31
      vertex 102.90700000298023 -6.990000002086163 11.31
    endloop
  endfacet
  facet normal 0.049937605809800424 -0.9987523394345491 0
    outer loop
      vertex 102.707 -7 11.31
      vertex 102.90700000298023 -6.990000002086163 11.31
      vertex 102.707 -7 12.81
    endloop
  endfacet
  facet normal 0.15596258142912728 -0.98776296407284 0
    outer loop
      vertex 102.90700000298023 -6.990000002086163 11.31
      vertex 103.09700000059604 -6.96000000089407 11.31
      vertex 102.90700000298023 -6.990000002086163 12.81
    endloop
  endfacet
  facet normal 0.2544933235460864 -0.9670745308767401 0
    outer loop
      vertex 103.09700000059604 -6.96000000089407 11.31
      vertex 103.28699999821185 -6.909999996423721 11.31
      vertex 103.09700000059604 -6.96000000089407 12.81
    endloop
  endfacet
  facet normal 0.30113133751375853 -0.9535826747415113 0
    outer loop
      vertex 103.28699999821185 -6.909999996423721 11.31
      vertex 103.47700000327825 -6.850000001490116 11.31
      vertex 103.28699999821185 -6.909999996423721 12.81
    endloop
  endfacet
  facet normal 0.4678877471138969 -0.8837879022144862 0
    outer loop
      vertex 103.47700000327825 -6.850000001490116 11.31
      vertex 103.64699999761581 -6.759999997913837 11.31
      vertex 103.47700000327825 -6.850000001490116 12.81
    endloop
  endfacet
  facet normal 0.5070201282142704 -0.8619342141866656 0
    outer loop
      vertex 103.64699999761581 -6.759999997913837 11.31
      vertex 103.81699999940395 -6.659999996423721 11.31
      vertex 103.64699999761581 -6.759999997913837 12.81
    endloop
  endfacet
  facet normal 0.5665288114872946 -0.8240419320367097 0
    outer loop
      vertex 103.81699999940395 -6.659999996423721 11.31
      vertex 103.97700000327825 -6.549999997019768 11.31
      vertex 103.81699999940395 -6.659999996423721 12.81
    endloop
  endfacet
  facet normal 0.7071067811865476 -0.7071067811865476 0
    outer loop
      vertex 103.97700000327825 -6.549999997019768 11.31
      vertex 104.25699999701976 -6.2700000032782555 11.31
      vertex 103.97700000327825 -6.549999997019768 12.81
    endloop
  endfacet
  facet normal 0.8240419320367097 -0.5665288114872946 0
    outer loop
      vertex 104.25699999701976 -6.2700000032782555 11.31
      vertex 104.36699999642371 -6.1099999994039536 11.31
      vertex 104.25699999701976 -6.2700000032782555 12.81
    endloop
  endfacet
  facet normal 0.8619342141866656 -0.5070201282142704 0
    outer loop
      vertex 104.36699999642371 -6.1099999994039536 11.31
      vertex 104.46699999791383 -5.939999997615814 11.31
      vertex 104.36699999642371 -6.1099999994039536 12.81
    endloop
  endfacet
  facet normal 0.8837879022144862 -0.4678877471138969 0
    outer loop
      vertex 104.46699999791383 -5.939999997615814 11.31
      vertex 104.55700000149011 -5.7700000032782555 11.31
      vertex 104.46699999791383 -5.939999997615814 12.81
    endloop
  endfacet
  facet normal 0.9535826747415113 -0.30113133751375853 0
    outer loop
      vertex 104.55700000149011 -5.7700000032782555 11.31
      vertex 104.61699999642371 -5.579999998211861 11.31
      vertex 104.55700000149011 -5.7700000032782555 12.81
    endloop
  endfacet
  facet normal 0.9670745308767401 -0.2544933235460864 0
    outer loop
      vertex 104.61699999642371 -5.579999998211861 11.31
      vertex 104.66700000089406 -5.3900000005960464 11.31
      vertex 104.61699999642371 -5.579999998211861 12.81
    endloop
  endfacet
  facet normal 0.98776296407284 -0.15596258142912728 0
    outer loop
      vertex 104.66700000089406 -5.3900000005960464 11.31
      vertex 104.69700000208616 -5.200000002980232 11.31
      vertex 104.66700000089406 -5.3900000005960464 12.81
    endloop
  endfacet
  facet normal 0.9987523394345491 -0.049937605809800424 0
    outer loop
      vertex 104.69700000208616 -5.200000002980232 11.31
      vertex 104.707 -5 11.31
      vertex 104.69700000208616 -5.200000002980232 12.81
    endloop
  endfacet
  facet normal 0.049937605809800424 -0.9987523394345491 0
    outer loop
      vertex 102.90700000298023 -6.990000002086163 11.31
      vertex 102.90700000298023 -6.990000002086163 12.81
      vertex 102.707 -7 12.81
    endloop
  endfacet
  facet normal 0.15596258142912728 -0.98776296407284 0
    outer loop
      vertex 103.09700000059604 -6.96000000089407 11.31
      vertex 103.09700000059604 -6.96000000089407 12.81
      vertex 102.90700000298023 -6.990000002086163 12.81
    endloop
  endfacet
  facet normal 0.2544933235460864 -0.9670745308767401 0
    outer loop
      vertex 103.28699999821185 -6.909999996423721 11.31
      vertex 103.28699999821185 -6.909999996423721 12.81
      vertex 103.09700000059604 -6.96000000089407 12.81
    endloop
  endfacet
  facet normal 0.30113133751375853 -0.9535826747415113 0
    outer loop
      vertex 103.47700000327825 -6.850000001490116 11.31
      vertex 103.47700000327825 -6.850000001490116 12.81
      vertex 103.28699999821185 -6.909999996423721 12.81
    endloop
  endfacet
  facet normal 0.4678877471138969 -0.8837879022144862 0
    outer loop
      vertex 103.64699999761581 -6.759999997913837 11.31
      vertex 103.64699999761581 -6.759999997913837 12.81
      vertex 103.47700000327825 -6.850000001490116 12.81
    endloop
  endfacet
  facet normal 0.5070201282142704 -0.8619342141866656 0
    outer loop
      vertex 103.64699999761581 -6.759999997913837 12.81
      vertex 103.81699999940395 -6.659999996423721 11.31
      vertex 103.81699999940395 -6.659999996423721 12.81
    endloop
  endfacet
  facet normal 0.5665288114872946 -0.8240419320367097 0
    outer loop
      vertex 103.97700000327825 -6.549999997019768 11.31
      vertex 103.97700000327825 -6.549999997019768 12.81
      vertex 103.81699999940395 -6.659999996423721 12.81
    endloop
  endfacet
  facet normal 0.7071067811865476 -0.7071067811865476 0
    outer loop
      vertex 104.25699999701976 -6.2700000032782555 11.31
      vertex 104.25699999701976 -6.2700000032782555 12.81
      vertex 103.97700000327825 -6.549999997019768 12.81
    endloop
  endfacet
  facet normal 0 0 1
    outer loop
      vertex 102.707 -7 12.81
      vertex 102.90700000298023 -6.990000002086163 12.81
      vertex 103.09700000059604 -6.96000000089407 12.81
    endloop
  endfacet
  facet normal 0.8240419320367097 -0.5665288114872946 0
    outer loop
      vertex 104.25699999701976 -6.2700000032782555 12.81
      vertex 104.36699999642371 -6.1099999994039536 11.31
      vertex 104.36699999642371 -6.1099999994039536 12.81
    endloop
  endfacet
  facet normal 0.8619342141866656 -0.5070201282142704 0
    outer loop
      vertex 104.46699999791383 -5.939999997615814 11.31
      vertex 104.46699999791383 -5.939999997615814 12.81
      vertex 104.36699999642371 -6.1099999994039536 12.81
    endloop
  endfacet
  facet normal 0.8837879022144862 -0.4678877471138969 0
    outer loop
      vertex 104.55700000149011 -5.7700000032782555 11.31
      vertex 104.55700000149011 -5.7700000032782555 12.81
      vertex 104.46699999791383 -5.939999997615814 12.81
    endloop
  endfacet
  facet normal 0.9535826747415113 -0.30113133751375853 0
    outer loop
      vertex 104.61699999642371 -5.579999998211861 11.31
      vertex 104.61699999642371 -5.579999998211861 12.81
      vertex 104.55700000149011 -5.7700000032782555 12.81
    endloop
  endfacet
  facet normal 0.9670745308767401 -0.2544933235460864 0
    outer loop
      vertex 104.66700000089406 -5.3900000005960464 11.31
      vertex 104.66700000089406 -5.3900000005960464 12.81
      vertex 104.61699999642371 -5.579999998211861 12.81
    endloop
  endfacet
  facet normal 0.98776296407284 -0.15596258142912728 0
    outer loop
      vertex 104.66700000089406 -5.3900000005960464 12.81
      vertex 104.69700000208616 -5.200000002980232 11.31
      vertex 104.69700000208616 -5.200000002980232 12.81
    endloop
  endfacet
  facet normal 0.9987523394345491 -0.049937605809800424 0
    outer loop
      vertex 104.707 -5 11.31
      vertex 104.707 -5 12.81
      vertex 104.69700000208616 -5.200000002980232 12.81
    endloop
  endfacet
  facet normal 1 0 0
    outer loop
      vertex 104.707 -5 11.31
      vertex 104.707 5 11.31
      vertex 104.707 -5 12.81
    endloop
  endfacet
  facet normal 0 0 -1
    outer loop
      vertex 88.707 -5 11.31
      vertex 88.707 5 11.31
      vertex 104.66700000089406 5.3900000005960464 11.31
    endloop
  endfacet
  facet normal 0 0 -1
    outer loop
      vertex 88.71699999791383 -5.200000002980232 11.31
      vertex 104.69700000208616 5.200000002980232 11.31
      vertex 104.707 5 11.31
    endloop
  endfacet
  facet normal 0 0 -1
    outer loop
      vertex 88.707 -5 11.31
      vertex 104.66700000089406 5.3900000005960464 11.31
      vertex 104.69700000208616 5.200000002980232 11.31
    endloop
  endfacet
  facet normal 0 0 1
    outer loop
      vertex 88.707 -5 12.81
      vertex 104.66700000089406 5.3900000005960464 12.81
      vertex 88.707 5 12.81
    endloop
  endfacet
  facet normal 0 0 1
    outer loop
      vertex 88.71699999791383 -5.200000002980232 12.81
      vertex 104.707 5 12.81
      vertex 104.69700000208616 5.200000002980232 12.81
    endloop
  endfacet
  facet normal 0 0 1
    outer loop
      vertex 88.707 -5 12.81
      vertex 104.69700000208616 5.200000002980232 12.81
      vertex 104.66700000089406 5.3900000005960464 12.81
    endloop
  endfacet
  facet normal 0 0 -1
    outer loop
      vertex 88.707 5 11.31
      vertex 88.71699999791383 5.200000002980232 11.31
      vertex 104.61699999642371 5.579999998211861 11.31
    endloop
  endfacet
  facet normal 0 0 -1
    outer loop
      vertex 88.71699999791383 5.200000002980232 11.31
      vertex 88.74699999910592 5.3900000005960464 11.31
      vertex 104.55700000149011 5.7700000032782555 11.31
    endloop
  endfacet
  facet normal 0 0 -1
    outer loop
      vertex 88.74699999910592 5.3900000005960464 11.31
      vertex 88.79700000357627 5.579999998211861 11.31
      vertex 104.46699999791383 5.939999997615814 11.31
    endloop
  endfacet
  facet normal 0 0 -1
    outer loop
      vertex 88.707 5 11.31
      vertex 104.61699999642371 5.579999998211861 11.31
      vertex 104.66700000089406 5.3900000005960464 11.31
    endloop
  endfacet
  facet normal 0 0 -1
    outer loop
      vertex 88.71699999791383 5.200000002980232 11.31
      vertex 104.55700000149011 5.7700000032782555 11.31
      vertex 104.61699999642371 5.579999998211861 11.31
    endloop
  endfacet
  facet normal 0 0 1
    outer loop
      vertex 88.707 5 12.81
      vertex 104.61699999642371 5.579999998211861 12.81
      vertex 88.71699999791383 5.200000002980232 12.81
    endloop
  endfacet
  facet normal 0 0 1
    outer loop
      vertex 88.71699999791383 5.200000002980232 12.81
      vertex 104.55700000149011 5.7700000032782555 12.81
      vertex 88.74699999910592 5.3900000005960464 12.81
    endloop
  endfacet
  facet normal 0 0 1
    outer loop
      vertex 88.74699999910592 5.3900000005960464 12.81
      vertex 104.46699999791383 5.939999997615814 12.81
      vertex 88.79700000357627 5.579999998211861 12.81
    endloop
  endfacet
  facet normal 0 0 1
    outer loop
      vertex 88.707 5 12.81
      vertex 104.66700000089406 5.3900000005960464 12.81
      vertex 104.61699999642371 5.579999998211861 12.81
    endloop
  endfacet
  facet normal 0 0 1
    outer loop
      vertex 88.71699999791383 5.200000002980232 12.81
      vertex 104.61699999642371 5.579999998211861 12.81
      vertex 104.55700000149011 5.7700000032782555 12.81
    endloop
  endfacet
  facet normal 1 0 0
    outer loop
      vertex 104.707 -5 12.81
      vertex 104.707 5 11.31
      vertex 104.707 5 12.81
    endloop
  endfacet
  facet normal 0.9987523394345491 0.049937605809800424 0
    outer loop
      vertex 104.707 5 11.31
      vertex 104.69700000208616 5.200000002980232 11.31
      vertex 104.707 5 12.81
    endloop
  endfacet
  facet normal 0.9670745308767401 0.2544933235460864 0
    outer loop
      vertex 104.66700000089406 5.3900000005960464 11.31
      vertex 104.61699999642371 5.579999998211861 11.31
      vertex 104.66700000089406 5.3900000005960464 12.81
    endloop
  endfacet
  facet normal 0.98776296407284 0.15596258142912728 0
    outer loop
      vertex 104.69700000208616 5.200000002980232 11.31
      vertex 104.66700000089406 5.3900000005960464 11.31
      vertex 104.69700000208616 5.200000002980232 12.81
    endloop
  endfacet
  facet normal 0.9535826747415113 0.30113133751375853 0
    outer loop
      vertex 104.61699999642371 5.579999998211861 11.31
      vertex 104.55700000149011 5.7700000032782555 11.31
      vertex 104.61699999642371 5.579999998211861 12.81
    endloop
  endfacet
  facet normal 0.9987523394345491 0.049937605809800424 0
    outer loop
      vertex 104.69700000208616 5.200000002980232 11.31
      vertex 104.69700000208616 5.200000002980232 12.81
      vertex 104.707 5 12.81
    endloop
  endfacet
  facet normal 0.98776296407284 0.15596258142912728 0
    outer loop
      vertex 104.69700000208616 5.200000002980232 12.81
      vertex 104.66700000089406 5.3900000005960464 11.31
      vertex 104.66700000089406 5.3900000005960464 12.81
    endloop
  endfacet
  facet normal 0.9670745308767401 0.2544933235460864 0
    outer loop
      vertex 104.61699999642371 5.579999998211861 11.31
      vertex 104.61699999642371 5.579999998211861 12.81
      vertex 104.66700000089406 5.3900000005960464 12.81
    endloop
  endfacet
  facet normal 0 0 -1
    outer loop
      vertex 90.31699999940395 6.96000000089407 11.31
      vertex 90.50699999701976 6.990000002086163 11.31
      vertex 90.707 7 11.31
    endloop
  endfacet
  facet normal -0.9535826747415113 0.30113133751375853 0
    outer loop
      vertex 88.79700000357627 5.579999998211861 11.31
      vertex 88.85699999850988 5.7700000032782555 12.81
      vertex 88.85699999850988 5.7700000032782555 11.31
    endloop
  endfacet
  facet normal -0.8837879022144862 0.4678877471138969 0
    outer loop
      vertex 88.85699999850988 5.7700000032782555 11.31
      vertex 88.94700000208616 5.939999997615814 12.81
      vertex 88.94700000208616 5.939999997615814 11.31
    endloop
  endfacet
  facet normal -0.8619342141866656 0.5070201282142704 0
    outer loop
      vertex 88.94700000208616 5.939999997615814 11.31
      vertex 89.04700000357627 6.1099999994039536 12.81
      vertex 89.04700000357627 6.1099999994039536 11.31
    endloop
  endfacet
  facet normal -0.8240419320367097 0.5665288114872946 0
    outer loop
      vertex 89.04700000357627 6.1099999994039536 11.31
      vertex 89.15700000298023 6.2700000032782555 12.81
      vertex 89.15700000298023 6.2700000032782555 11.31
    endloop
  endfacet
  facet normal -0.7071067811865476 0.7071067811865476 0
    outer loop
      vertex 89.15700000298023 6.2700000032782555 11.31
      vertex 89.43699999672174 6.549999997019768 12.81
      vertex 89.43699999672174 6.549999997019768 11.31
    endloop
  endfacet
  facet normal -0.5665288114872946 0.8240419320367097 0
    outer loop
      vertex 89.43699999672174 6.549999997019768 11.31
      vertex 89.59700000059604 6.659999996423721 12.81
      vertex 89.59700000059604 6.659999996423721 11.31
    endloop
  endfacet
  facet normal -0.5070201282142704 0.8619342141866656 0
    outer loop
      vertex 89.59700000059604 6.659999996423721 11.31
      vertex 89.76700000238418 6.759999997913837 12.81
      vertex 89.76700000238418 6.759999997913837 11.31
    endloop
  endfacet
  facet normal -0.4678877471138969 0.8837879022144862 0
    outer loop
      vertex 89.76700000238418 6.759999997913837 11.31
      vertex 89.93699999672174 6.850000001490116 12.81
      vertex 89.93699999672174 6.850000001490116 11.31
    endloop
  endfacet
  facet normal -0.30113133751375853 0.9535826747415113 0
    outer loop
      vertex 89.93699999672174 6.850000001490116 11.31
      vertex 90.12700000178813 6.909999996423721 12.81
      vertex 90.12700000178813 6.909999996423721 11.31
    endloop
  endfacet
  facet normal -0.2544933235460864 0.9670745308767401 0
    outer loop
      vertex 90.12700000178813 6.909999996423721 11.31
      vertex 90.31699999940395 6.96000000089407 12.81
      vertex 90.31699999940395 6.96000000089407 11.31
    endloop
  endfacet
  facet normal -0.15596258142912728 0.98776296407284 0
    outer loop
      vertex 90.31699999940395 6.96000000089407 11.31
      vertex 90.50699999701976 6.990000002086163 12.81
      vertex 90.50699999701976 6.990000002086163 11.31
    endloop
  endfacet
  facet normal -0.049937605809800424 0.9987523394345491 0
    outer loop
      vertex 90.50699999701976 6.990000002086163 11.31
      vertex 90.707 7 12.81
      vertex 90.707 7 11.31
    endloop
  endfacet
  facet normal -0.8837879022144862 0.4678877471138969 0
    outer loop
      vertex 88.85699999850988 5.7700000032782555 11.31
      vertex 88.85699999850988 5.7700000032782555 12.81
      vertex 88.94700000208616 5.939999997615814 12.81
    endloop
  endfacet
  facet normal -0.8619342141866656 0.5070201282142704 0
    outer loop
      vertex 88.94700000208616 5.939999997615814 11.31
      vertex 88.94700000208616 5.939999997615814 12.81
      vertex 89.04700000357627 6.1099999994039536 12.81
    endloop
  endfacet
  facet normal -0.8240419320367097 0.5665288114872946 0
    outer loop
      vertex 89.04700000357627 6.1099999994039536 11.31
      vertex 89.04700000357627 6.1099999994039536 12.81
      vertex 89.15700000298023 6.2700000032782555 12.81
    endloop
  endfacet
  facet normal -0.7071067811865476 0.7071067811865476 0
    outer loop
      vertex 89.15700000298023 6.2700000032782555 11.31
      vertex 89.15700000298023 6.2700000032782555 12.81
      vertex 89.43699999672174 6.549999997019768 12.81
    endloop
  endfacet
  facet normal -0.5665288114872946 0.8240419320367097 0
    outer loop
      vertex 89.43699999672174 6.549999997019768 11.31
      vertex 89.43699999672174 6.549999997019768 12.81
      vertex 89.59700000059604 6.659999996423721 12.81
    endloop
  endfacet
  facet normal -0.5070201282142704 0.8619342141866656 0
    outer loop
      vertex 89.59700000059604 6.659999996423721 11.31
      vertex 89.59700000059604 6.659999996423721 12.81
      vertex 89.76700000238418 6.759999997913837 12.81
    endloop
  endfacet
  facet normal -0.4678877471138969 0.8837879022144862 0
    outer loop
      vertex 89.76700000238418 6.759999997913837 11.31
      vertex 89.76700000238418 6.759999997913837 12.81
      vertex 89.93699999672174 6.850000001490116 12.81
    endloop
  endfacet
  facet normal -0.30113133751375853 0.9535826747415113 0
    outer loop
      vertex 89.93699999672174 6.850000001490116 11.31
      vertex 89.93699999672174 6.850000001490116 12.81
      vertex 90.12700000178813 6.909999996423721 12.81
    endloop
  endfacet
  facet normal -0.2544933235460864 0.9670745308767401 0
    outer loop
      vertex 90.12700000178813 6.909999996423721 11.31
      vertex 90.12700000178813 6.909999996423721 12.81
      vertex 90.31699999940395 6.96000000089407 12.81
    endloop
  endfacet
  facet normal -0.15596258142912728 0.98776296407284 0
    outer loop
      vertex 90.31699999940395 6.96000000089407 11.31
      vertex 90.31699999940395 6.96000000089407 12.81
      vertex 90.50699999701976 6.990000002086163 12.81
    endloop
  endfacet
  facet normal -0.049937605809800424 0.9987523394345491 0
    outer loop
      vertex 90.50699999701976 6.990000002086163 11.31
      vertex 90.50699999701976 6.990000002086163 12.81
      vertex 90.707 7 12.81
    endloop
  endfacet
  facet normal 0 0 1
    outer loop
      vertex 90.31699999940395 6.96000000089407 12.81
      vertex 90.707 7 12.81
      vertex 90.50699999701976 6.990000002086163 12.81
    endloop
  endfacet
  facet normal 0 0 -1
    outer loop
      vertex 88.79700000357627 5.579999998211861 11.31
      vertex 88.85699999850988 5.7700000032782555 11.31
      vertex 104.36699999642371 6.1099999994039536 11.31
    endloop
  endfacet
  facet normal 0 0 -1
    outer loop
      vertex 88.85699999850988 5.7700000032782555 11.31
      vertex 88.94700000208616 5.939999997615814 11.31
      vertex 104.25699999701976 6.2700000032782555 11.31
    endloop
  endfacet
  facet normal 0 0 -1
    outer loop
      vertex 88.94700000208616 5.939999997615814 11.31
      vertex 89.04700000357627 6.1099999994039536 11.31
      vertex 103.97700000327825 6.549999997019768 11.31
    endloop
  endfacet
  facet normal 0 0 -1
    outer loop
      vertex 89.04700000357627 6.1099999994039536 11.31
      vertex 89.15700000298023 6.2700000032782555 11.31
      vertex 103.81699999940395 6.659999996423721 11.31
    endloop
  endfacet
  facet normal 0 0 -1
    outer loop
      vertex 89.15700000298023 6.2700000032782555 11.31
      vertex 89.43699999672174 6.549999997019768 11.31
      vertex 103.64699999761581 6.759999997913837 11.31
    endloop
  endfacet
  facet normal 0 0 -1
    outer loop
      vertex 89.43699999672174 6.549999997019768 11.31
      vertex 89.59700000059604 6.659999996423721 11.31
      vertex 103.47700000327825 6.850000001490116 11.31
    endloop
  endfacet
  facet normal 0 0 -1
    outer loop
      vertex 89.59700000059604 6.659999996423721 11.31
      vertex 89.76700000238418 6.759999997913837 11.31
      vertex 103.28699999821185 6.909999996423721 11.31
    endloop
  endfacet
  facet normal 0 0 -1
    outer loop
      vertex 89.76700000238418 6.759999997913837 11.31
      vertex 89.93699999672174 6.850000001490116 11.31
      vertex 103.09700000059604 6.96000000089407 11.31
    endloop
  endfacet
  facet normal 0 0 -1
    outer loop
      vertex 89.93699999672174 6.850000001490116 11.31
      vertex 90.12700000178813 6.909999996423721 11.31
      vertex 102.90700000298023 6.990000002086163 11.31
    endloop
  endfacet
  facet normal 0 0 -1
    outer loop
      vertex 90.12700000178813 6.909999996423721 11.31
      vertex 90.31699999940395 6.96000000089407 11.31
      vertex 102.707 7 11.31
    endloop
  endfacet
  facet normal 0 0 -1
    outer loop
      vertex 90.31699999940395 6.96000000089407 11.31
      vertex 90.707 7 11.31
      vertex 102.707 7 11.31
    endloop
  endfacet
  facet normal 0 0 -1
    outer loop
      vertex 88.85699999850988 5.7700000032782555 11.31
      vertex 104.25699999701976 6.2700000032782555 11.31
      vertex 104.36699999642371 6.1099999994039536 11.31
    endloop
  endfacet
  facet normal 0 0 -1
    outer loop
      vertex 88.94700000208616 5.939999997615814 11.31
      vertex 103.97700000327825 6.549999997019768 11.31
      vertex 104.25699999701976 6.2700000032782555 11.31
    endloop
  endfacet
  facet normal 0 0 -1
    outer loop
      vertex 89.04700000357627 6.1099999994039536 11.31
      vertex 103.81699999940395 6.659999996423721 11.31
      vertex 103.97700000327825 6.549999997019768 11.31
    endloop
  endfacet
  facet normal 0 0 -1
    outer loop
      vertex 89.15700000298023 6.2700000032782555 11.31
      vertex 103.64699999761581 6.759999997913837 11.31
      vertex 103.81699999940395 6.659999996423721 11.31
    endloop
  endfacet
  facet normal 0 0 -1
    outer loop
      vertex 89.43699999672174 6.549999997019768 11.31
      vertex 103.47700000327825 6.850000001490116 11.31
      vertex 103.64699999761581 6.759999997913837 11.31
    endloop
  endfacet
  facet normal 0 0 -1
    outer loop
      vertex 89.59700000059604 6.659999996423721 11.31
      vertex 103.28699999821185 6.909999996423721 11.31
      vertex 103.47700000327825 6.850000001490116 11.31
    endloop
  endfacet
  facet normal 0 0 -1
    outer loop
      vertex 89.76700000238418 6.759999997913837 11.31
      vertex 103.09700000059604 6.96000000089407 11.31
      vertex 103.28699999821185 6.909999996423721 11.31
    endloop
  endfacet
  facet normal 0 0 -1
    outer loop
      vertex 89.93699999672174 6.850000001490116 11.31
      vertex 102.90700000298023 6.990000002086163 11.31
      vertex 103.09700000059604 6.96000000089407 11.31
    endloop
  endfacet
  facet normal 0 0 -1
    outer loop
      vertex 90.12700000178813 6.909999996423721 11.31
      vertex 102.707 7 11.31
      vertex 102.90700000298023 6.990000002086163 11.31
    endloop
  endfacet
  facet normal 0 0 -1
    outer loop
      vertex 88.74699999910592 5.3900000005960464 11.31
      vertex 104.46699999791383 5.939999997615814 11.31
      vertex 104.55700000149011 5.7700000032782555 11.31
    endloop
  endfacet
  facet normal 0 0 -1
    outer loop
      vertex 88.79700000357627 5.579999998211861 11.31
      vertex 104.36699999642371 6.1099999994039536 11.31
      vertex 104.46699999791383 5.939999997615814 11.31
    endloop
  endfacet
  facet normal 0 1 0
    outer loop
      vertex 90.707 7 11.31
      vertex 102.707 7 12.81
      vertex 102.707 7 11.31
    endloop
  endfacet
  facet normal 0 1 0
    outer loop
      vertex 90.707 7 11.31
      vertex 90.707 7 12.81
      vertex 102.707 7 12.81
    endloop
  endfacet
  facet normal 0 0 1
    outer loop
      vertex 88.79700000357627 5.579999998211861 12.81
      vertex 104.36699999642371 6.1099999994039536 12.81
      vertex 88.85699999850988 5.7700000032782555 12.81
    endloop
  endfacet
  facet normal 0 0 1
    outer loop
      vertex 88.85699999850988 5.7700000032782555 12.81
      vertex 104.25699999701976 6.2700000032782555 12.81
      vertex 88.94700000208616 5.939999997615814 12.81
    endloop
  endfacet
  facet normal 0 0 1
    outer loop
      vertex 88.94700000208616 5.939999997615814 12.81
      vertex 103.97700000327825 6.549999997019768 12.81
      vertex 89.04700000357627 6.1099999994039536 12.81
    endloop
  endfacet
  facet normal 0 0 1
    outer loop
      vertex 89.04700000357627 6.1099999994039536 12.81
      vertex 103.81699999940395 6.659999996423721 12.81
      vertex 89.15700000298023 6.2700000032782555 12.81
    endloop
  endfacet
  facet normal 0 0 1
    outer loop
      vertex 89.15700000298023 6.2700000032782555 12.81
      vertex 103.64699999761581 6.759999997913837 12.81
      vertex 89.43699999672174 6.549999997019768 12.81
    endloop
  endfacet
  facet normal 0 0 1
    outer loop
      vertex 89.43699999672174 6.549999997019768 12.81
      vertex 103.47700000327825 6.850000001490116 12.81
      vertex 89.59700000059604 6.659999996423721 12.81
    endloop
  endfacet
  facet normal 0 0 1
    outer loop
      vertex 89.59700000059604 6.659999996423721 12.81
      vertex 103.28699999821185 6.909999996423721 12.81
      vertex 89.76700000238418 6.759999997913837 12.81
    endloop
  endfacet
  facet normal 0 0 1
    outer loop
      vertex 89.76700000238418 6.759999997913837 12.81
      vertex 103.09700000059604 6.96000000089407 12.81
      vertex 89.93699999672174 6.850000001490116 12.81
    endloop
  endfacet
  facet normal 0 0 1
    outer loop
      vertex 89.93699999672174 6.850000001490116 12.81
      vertex 102.90700000298023 6.990000002086163 12.81
      vertex 90.12700000178813 6.909999996423721 12.81
    endloop
  endfacet
  facet normal 0 0 1
    outer loop
      vertex 90.12700000178813 6.909999996423721 12.81
      vertex 102.707 7 12.81
      vertex 90.31699999940395 6.96000000089407 12.81
    endloop
  endfacet
  facet normal 0 0 1
    outer loop
      vertex 90.31699999940395 6.96000000089407 12.81
      vertex 102.707 7 12.81
      vertex 90.707 7 12.81
    endloop
  endfacet
  facet normal 0 0 1
    outer loop
      vertex 88.85699999850988 5.7700000032782555 12.81
      vertex 104.36699999642371 6.1099999994039536 12.81
      vertex 104.25699999701976 6.2700000032782555 12.81
    endloop
  endfacet
  facet normal 0 0 1
    outer loop
      vertex 88.94700000208616 5.939999997615814 12.81
      vertex 104.25699999701976 6.2700000032782555 12.81
      vertex 103.97700000327825 6.549999997019768 12.81
    endloop
  endfacet
  facet normal 0 0 1
    outer loop
      vertex 89.04700000357627 6.1099999994039536 12.81
      vertex 103.97700000327825 6.549999997019768 12.81
      vertex 103.81699999940395 6.659999996423721 12.81
    endloop
  endfacet
  facet normal 0 0 1
    outer loop
      vertex 89.15700000298023 6.2700000032782555 12.81
      vertex 103.81699999940395 6.659999996423721 12.81
      vertex 103.64699999761581 6.759999997913837 12.81
    endloop
  endfacet
  facet normal 0 0 1
    outer loop
      vertex 89.43699999672174 6.549999997019768 12.81
      vertex 103.64699999761581 6.759999997913837 12.81
      vertex 103.47700000327825 6.850000001490116 12.81
    endloop
  endfacet
  facet normal 0 0 1
    outer loop
      vertex 89.59700000059604 6.659999996423721 12.81
      vertex 103.47700000327825 6.850000001490116 12.81
      vertex 103.28699999821185 6.909999996423721 12.81
    endloop
  endfacet
  facet normal 0 0 1
    outer loop
      vertex 89.76700000238418 6.759999997913837 12.81
      vertex 103.28699999821185 6.909999996423721 12.81
      vertex 103.09700000059604 6.96000000089407 12.81
    endloop
  endfacet
  facet normal 0 0 1
    outer loop
      vertex 89.93699999672174 6.850000001490116 12.81
      vertex 103.09700000059604 6.96000000089407 12.81
      vertex 102.90700000298023 6.990000002086163 12.81
    endloop
  endfacet
  facet normal 0 0 1
    outer loop
      vertex 90.12700000178813 6.909999996423721 12.81
      vertex 102.90700000298023 6.990000002086163 12.81
      vertex 102.707 7 12.81
    endloop
  endfacet
  facet normal 0 0 1
    outer loop
      vertex 88.74699999910592 5.3900000005960464 12.81
      vertex 104.55700000149011 5.7700000032782555 12.81
      vertex 104.46699999791383 5.939999997615814 12.81
    endloop
  endfacet
  facet normal 0 0 1
    outer loop
      vertex 88.79700000357627 5.579999998211861 12.81
      vertex 104.46699999791383 5.939999997615814 12.81
      vertex 104.36699999642371 6.1099999994039536 12.81
    endloop
  endfacet
  facet normal 0.5070201282142704 0.8619342141866656 0
    outer loop
      vertex 103.64699999761581 6.759999997913837 11.31
      vertex 103.81699999940395 6.659999996423721 12.81
      vertex 103.81699999940395 6.659999996423721 11.31
    endloop
  endfacet
  facet normal 0.2544933235460864 0.9670745308767401 0
    outer loop
      vertex 103.09700000059604 6.96000000089407 11.31
      vertex 103.28699999821185 6.909999996423721 12.81
      vertex 103.28699999821185 6.909999996423721 11.31
    endloop
  endfacet
  facet normal 0.30113133751375853 0.9535826747415113 0
    outer loop
      vertex 103.28699999821185 6.909999996423721 11.31
      vertex 103.47700000327825 6.850000001490116 12.81
      vertex 103.47700000327825 6.850000001490116 11.31
    endloop
  endfacet
  facet normal 0.4678877471138969 0.8837879022144862 0
    outer loop
      vertex 103.64699999761581 6.759999997913837 11.31
      vertex 103.47700000327825 6.850000001490116 11.31
      vertex 103.64699999761581 6.759999997913837 12.81
    endloop
  endfacet
  facet normal 0.049937605809800424 0.9987523394345491 0
    outer loop
      vertex 102.707 7 11.31
      vertex 102.90700000298023 6.990000002086163 12.81
      vertex 102.90700000298023 6.990000002086163 11.31
    endloop
  endfacet
  facet normal 0.15596258142912728 0.98776296407284 0
    outer loop
      vertex 102.90700000298023 6.990000002086163 11.31
      vertex 103.09700000059604 6.96000000089407 12.81
      vertex 103.09700000059604 6.96000000089407 11.31
    endloop
  endfacet
  facet normal 0.8837879022144862 0.4678877471138969 0
    outer loop
      vertex 104.55700000149011 5.7700000032782555 11.31
      vertex 104.46699999791383 5.939999997615814 11.31
      vertex 104.55700000149011 5.7700000032782555 12.81
    endloop
  endfacet
  facet normal 0.8619342141866656 0.5070201282142704 0
    outer loop
      vertex 104.36699999642371 6.1099999994039536 11.31
      vertex 104.46699999791383 5.939999997615814 12.81
      vertex 104.46699999791383 5.939999997615814 11.31
    endloop
  endfacet
  facet normal 0.8240419320367097 0.5665288114872946 0
    outer loop
      vertex 104.36699999642371 6.1099999994039536 11.31
      vertex 104.25699999701976 6.2700000032782555 11.31
      vertex 104.36699999642371 6.1099999994039536 12.81
    endloop
  endfacet
  facet normal 0.7071067811865476 0.7071067811865476 0
    outer loop
      vertex 103.97700000327825 6.549999997019768 11.31
      vertex 104.25699999701976 6.2700000032782555 12.81
      vertex 104.25699999701976 6.2700000032782555 11.31
    endloop
  endfacet
  facet normal 0.5665288114872946 0.8240419320367097 0
    outer loop
      vertex 103.97700000327825 6.549999997019768 11.31
      vertex 103.81699999940395 6.659999996423721 11.31
      vertex 103.97700000327825 6.549999997019768 12.81
    endloop
  endfacet
  facet normal 0.2544933235460864 0.9670745308767401 0
    outer loop
      vertex 103.09700000059604 6.96000000089407 11.31
      vertex 103.09700000059604 6.96000000089407 12.81
      vertex 103.28699999821185 6.909999996423721 12.81
    endloop
  endfacet
  facet normal 0.5070201282142704 0.8619342141866656 0
    outer loop
      vertex 103.64699999761581 6.759999997913837 11.31
      vertex 103.64699999761581 6.759999997913837 12.81
      vertex 103.81699999940395 6.659999996423721 12.81
    endloop
  endfacet
  facet normal 0.30113133751375853 0.9535826747415113 0
    outer loop
      vertex 103.28699999821185 6.909999996423721 11.31
      vertex 103.28699999821185 6.909999996423721 12.81
      vertex 103.47700000327825 6.850000001490116 12.81
    endloop
  endfacet
  facet normal 0.4678877471138969 0.8837879022144862 0
    outer loop
      vertex 103.47700000327825 6.850000001490116 11.31
      vertex 103.47700000327825 6.850000001490116 12.81
      vertex 103.64699999761581 6.759999997913837 12.81
    endloop
  endfacet
  facet normal 0.049937605809800424 0.9987523394345491 0
    outer loop
      vertex 102.707 7 11.31
      vertex 102.707 7 12.81
      vertex 102.90700000298023 6.990000002086163 12.81
    endloop
  endfacet
  facet normal 0.15596258142912728 0.98776296407284 0
    outer loop
      vertex 102.90700000298023 6.990000002086163 11.31
      vertex 102.90700000298023 6.990000002086163 12.81
      vertex 103.09700000059604 6.96000000089407 12.81
    endloop
  endfacet
  facet normal 0.9535826747415113 0.30113133751375853 0
    outer loop
      vertex 104.55700000149011 5.7700000032782555 11.31
      vertex 104.55700000149011 5.7700000032782555 12.81
      vertex 104.61699999642371 5.579999998211861 12.81
    endloop
  endfacet
  facet normal 0.8837879022144862 0.4678877471138969 0
    outer loop
      vertex 104.46699999791383 5.939999997615814 11.31
      vertex 104.46699999791383 5.939999997615814 12.81
      vertex 104.55700000149011 5.7700000032782555 12.81
    endloop
  endfacet
  facet normal 0.8619342141866656 0.5070201282142704 0
    outer loop
      vertex 104.36699999642371 6.1099999994039536 11.31
      vertex 104.36699999642371 6.1099999994039536 12.81
      vertex 104.46699999791383 5.939999997615814 12.81
    endloop
  endfacet
  facet normal 0.8240419320367097 0.5665288114872946 0
    outer loop
      vertex 104.36699999642371 6.1099999994039536 12.81
      vertex 104.25699999701976 6.2700000032782555 11.31
      vertex 104.25699999701976 6.2700000032782555 12.81
    endloop
  endfacet
  facet normal 0.7071067811865476 0.7071067811865476 0
    outer loop
      vertex 103.97700000327825 6.549999997019768 11.31
      vertex 103.97700000327825 6.549999997019768 12.81
      vertex 104.25699999701976 6.2700000032782555 12.81
    endloop
  endfacet
  facet normal 0.5665288114872946 0.8240419320367097 0
    outer loop
      vertex 103.81699999940395 6.659999996423721 11.31
      vertex 103.81699999940395 6.659999996423721 12.81
      vertex 103.97700000327825 6.549999997019768 12.81
    endloop
  endfacet
  facet normal 0 -1 0
    outer loop
      vertex 122.221 0 0
      vertex 132.421 0 0
      vertex 132.421 0 1.5
    endloop
  endfacet
  facet normal 0 0 -1
    outer loop
      vertex 122.221 0 0
      vertex 132.421 3 0
      vertex 132.421 0 0
    endloop
  endfacet
  facet normal 0 -1 0
    outer loop
      vertex 122.221 0 0
      vertex 123.721 0 1.5
      vertex 122.221 0 1.5
    endloop
  endfacet
  facet normal 0 -1 0
    outer loop
      vertex 122.221 0 0
      vertex 132.221 0 1.5
      vertex 123.721 0 1.5
    endloop
  endfacet
  facet normal 0 -1 0
    outer loop
      vertex 132.421 0 1.5
      vertex 132.221 0 1.5
      vertex 122.221 0 0
    endloop
  endfacet
  facet normal 0 0 1
    outer loop
      vertex 132.421 0 1.5
      vertex 132.221 5.5 1.5
      vertex 132.221 0 1.5
    endloop
  endfacet
  facet normal 0 -1 0
    outer loop
      vertex 137.421 0 0
      vertex 137.621 0 1.5
      vertex 137.421 0 1.5
    endloop
  endfacet
  facet normal 0 0 1
    outer loop
      vertex 137.421 0 1.5
      vertex 137.621 0 1.5
      vertex 137.421 3 1.5
    endloop
  endfacet
  facet normal 0 0 1
    outer loop
      vertex 132.421 0 1.5
      vertex 132.421 3 1.5
      vertex 132.221 5.5 1.5
    endloop
  endfacet
  facet normal 0 0 1
    outer loop
      vertex 132.421 3 1.5
      vertex 132.921 3 1.5
      vertex 132.221 5.5 1.5
    endloop
  endfacet
  facet normal 0 0 1
    outer loop
      vertex 132.921 3 1.5
      vertex 132.921 4 1.5
      vertex 132.221 5.5 1.5
    endloop
  endfacet
  facet normal 0 0 1
    outer loop
      vertex 137.421 3 1.5
      vertex 137.621 0 1.5
      vertex 137.621 5.5 1.5
    endloop
  endfacet
  facet normal 0 0 1
    outer loop
      vertex 137.421 3 1.5
      vertex 136.921 4 1.5
      vertex 136.921 3 1.5
    endloop
  endfacet
  facet normal 0 0 1
    outer loop
      vertex 132.921 4 1.5
      vertex 136.921 4 1.5
      vertex 137.621 5.5 1.5
    endloop
  endfacet
  facet normal 0 0 1
    outer loop
      vertex 132.921 4 1.5
      vertex 137.621 5.5 1.5
      vertex 132.221 5.5 1.5
    endloop
  endfacet
  facet normal 0 0 1
    outer loop
      vertex 137.421 3 1.5
      vertex 137.621 5.5 1.5
      vertex 136.921 4 1.5
    endloop
  endfacet
  facet normal 0 0 -1
    outer loop
      vertex 137.421 0 0
      vertex 137.421 3 0
      vertex 147.621 0 0
    endloop
  endfacet
  facet normal 0 -1 0
    outer loop
      vertex 137.421 0 0
      vertex 147.621 0 0
      vertex 147.621 0 1.5
    endloop
  endfacet
  facet normal 0 -1 0
    outer loop
      vertex 137.421 0 0
      vertex 146.121 0 1.5
      vertex 137.621 0 1.5
    endloop
  endfacet
  facet normal 0 -1 0
    outer loop
      vertex 137.421 0 0
      vertex 147.621 0 1.5
      vertex 146.121 0 1.5
    endloop
  endfacet
  facet normal -1 0 0
    outer loop
      vertex 122.221 0 0
      vertex 122.221 0 1.5
      vertex 122.221 45.9 1.5
    endloop
  endfacet
  facet normal 0 0 1
    outer loop
      vertex 122.221 0 1.5
      vertex 123.721 0 1.5
      vertex 122.221 45.9 1.5
    endloop
  endfacet
  facet normal 0 0 -1
    outer loop
      vertex 122.221 0 0
      vertex 147.621 45.9 0
      vertex 132.421 3 0
    endloop
  endfacet
  facet normal 1 0 0
    outer loop
      vertex 147.621 0 0
      vertex 147.621 45.9 0
      vertex 147.621 0 1.5
    endloop
  endfacet
  facet normal 0 0 1
    outer loop
      vertex 147.621 0 1.5
      vertex 146.121 45.9 1.5
      vertex 146.121 0 1.5
    endloop
  endfacet
  facet normal 0 0 -1
    outer loop
      vertex 132.421 3 0
      vertex 147.621 45.9 0
      vertex 137.421 3 0
    endloop
  endfacet
  facet normal 0 0 -1
    outer loop
      vertex 137.421 3 0
      vertex 147.621 45.9 0
      vertex 147.621 0 0
    endloop
  endfacet
  facet normal -1 0 0
    outer loop
      vertex 122.221 0 0
      vertex 122.221 45.9 1.5
      vertex 122.221 45.9 0
    endloop
  endfacet
  facet normal 0 0 1
    outer loop
      vertex 122.221 45.9 1.5
      vertex 123.721 0 1.5
      vertex 123.721 45.9 1.5
    endloop
  endfacet
  facet normal 0 0 -1
    outer loop
      vertex 122.221 0 0
      vertex 122.221 45.9 0
      vertex 147.621 45.9 0
    endloop
  endfacet
  facet normal 1 0 0
    outer loop
      vertex 147.621 0 1.5
      vertex 147.621 45.9 0
      vertex 147.621 45.9 1.5
    endloop
  endfacet
  facet normal 0 0 1
    outer loop
      vertex 147.621 0 1.5
      vertex 147.621 45.9 1.5
      vertex 146.121 45.9 1.5
    endloop
  endfacet
  facet normal 0 1 0
    outer loop
      vertex 122.221 45.9 0
      vertex 122.221 45.9 1.5
      vertex 147.621 45.9 0
    endloop
  endfacet
  facet normal 0 1 0
    outer loop
      vertex 122.221 45.9 1.5
      vertex 123.721 45.9 1.5
      vertex 147.621 45.9 0
    endloop
  endfacet
  facet normal 0 1 0
    outer loop
      vertex 123.721 45.9 1.5
      vertex 132.921 45.9 1.5
      vertex 147.621 45.9 0
    endloop
  endfacet
  facet normal 0 1 0
    outer loop
      vertex 147.621 45.9 0
      vertex 132.921 45.9 1.5
      vertex 136.921 45.9 1.5
    endloop
  endfacet
  facet normal 0 1 0
    outer loop
      vertex 147.621 45.9 0
      vertex 136.921 45.9 1.5
      vertex 146.121 45.9 1.5
    endloop
  endfacet
  facet normal 0 1 0
    outer loop
      vertex 147.621 45.9 0
      vertex 146.121 45.9 1.5
      vertex 147.621 45.9 1.5
    endloop
  endfacet
  facet normal 1 0 0
    outer loop
      vertex 132.421 0 0
      vertex 132.421 3 0
      vertex 132.421 3 1.5
    endloop
  endfacet
  facet normal -1 0 0
    outer loop
      vertex 137.421 0 0
      vertex 137.421 0 1.5
      vertex 137.421 3 0
    endloop
  endfacet
  facet normal 1 0 0
    outer loop
      vertex 132.421 0 0
      vertex 132.421 3 1.5
      vertex 132.421 0 1.5
    endloop
  endfacet
  facet normal -1 0 0
    outer loop
      vertex 137.421 3 0
      vertex 137.421 0 1.5
      vertex 137.421 3 1.5
    endloop
  endfacet
  facet normal 0 -1 0
    outer loop
      vertex 132.421 3 0
      vertex 137.421 3 0
      vertex 137.421 3 1.5
    endloop
  endfacet
  facet normal 0 -1 0
    outer loop
      vertex 132.421 3 0
      vertex 132.921 3 1.5
      vertex 132.421 3 1.5
    endloop
  endfacet
  facet normal 0 -1 0
    outer loop
      vertex 132.421 3 0
      vertex 136.921 3 1.5
      vertex 132.921 3 1.5
    endloop
  endfacet
  facet normal 0 -1 0
    outer loop
      vertex 132.421 3 0
      vertex 137.421 3 1.5
      vertex 136.921 3 1.5
    endloop
  endfacet
  facet normal 0 0 -1
    outer loop
      vertex 132.921 0 0
      vertex 136.921 1 0
      vertex 136.921 0 0
    endloop
  endfacet
  facet normal 0 -1 0
    outer loop
      vertex 132.921 0 0
      vertex 136.921 0 0
      vertex 132.921 0 1.5
    endloop
  endfacet
  facet normal 1 0 0
    outer loop
      vertex 136.921 0 0
      vertex 136.921 1 0
      vertex 136.921 0 1.5
    endloop
  endfacet
  facet normal 0 0 -1
    outer loop
      vertex 132.921 0 0
      vertex 132.921 1 0
      vertex 136.921 1 0
    endloop
  endfacet
  facet normal -1 0 0
    outer loop
      vertex 132.921 0 0
      vertex 132.921 0 1.5
      vertex 132.921 1 3
    endloop
  endfacet
  facet normal -1 0 0
    outer loop
      vertex 132.921 0 0
      vertex 132.921 1 3
      vertex 132.921 1 0
    endloop
  endfacet
  facet normal 0 -1 0
    outer loop
      vertex 132.921 0 1.5
      vertex 136.921 0 0
      vertex 136.921 0 1.5
    endloop
  endfacet
  facet normal 1 0 0
    outer loop
      vertex 136.921 1 0
      vertex 136.921 0 3
      vertex 136.921 0 1.5
    endloop
  endfacet
  facet normal 0 1 0
    outer loop
      vertex 132.921 1 0
      vertex 132.921 1 3
      vertex 136.921 1 0
    endloop
  endfacet
  facet normal 0 1 0
    outer loop
      vertex 132.921 1 3
      vertex 136.921 1 3
      vertex 136.921 1 0
    endloop
  endfacet
  facet normal 1 0 0
    outer loop
      vertex 136.921 1 0
      vertex 136.921 1 3
      vertex 136.921 0 3
    endloop
  endfacet
  facet normal -1 0 0
    outer loop
      vertex 132.921 0 1.5
      vertex 132.921 0 3
      vertex 132.921 1 3
    endloop
  endfacet
  facet normal 0 0 -1
    outer loop
      vertex 132.921 -0.8 1.5
      vertex 132.921 0 1.5
      vertex 136.921 -0.8 1.5
    endloop
  endfacet
  facet normal 0 0 -1
    outer loop
      vertex 132.921 0 1.5
      vertex 136.921 0 1.5
      vertex 136.921 -0.8 1.5
    endloop
  endfacet
  facet normal -1 0 0
    outer loop
      vertex 132.921 -0.8 1.5
      vertex 132.921 0 3
      vertex 132.921 0 1.5
    endloop
  endfacet
  facet normal 0 -1 0
    outer loop
      vertex 132.921 -0.8 1.5
      vertex 136.921 -0.8 1.5
      vertex 136.921 -0.8 3
    endloop
  endfacet
  facet normal 1 0 0
    outer loop
      vertex 136.921 -0.8 1.5
      vertex 136.921 0 1.5
      vertex 136.921 -0.8 3
    endloop
  endfacet
  facet normal -1 0 0
    outer loop
      vertex 132.921 -0.8 1.5
      vertex 132.921 -0.8 3
      vertex 132.921 0 3
    endloop
  endfacet
  facet normal 0 -1 0
    outer loop
      vertex 132.921 -0.8 1.5
      vertex 136.921 -0.8 3
      vertex 132.921 -0.8 3
    endloop
  endfacet
  facet normal 1 0 0
    outer loop
      vertex 136.921 0 1.5
      vertex 136.921 0 3
      vertex 136.921 -0.8 3
    endloop
  endfacet
  facet normal 0 0 1
    outer loop
      vertex 132.921 -0.8 3
      vertex 136.921 -0.8 3
      vertex 136.921 0 3
    endloop
  endfacet
  facet normal 0 0 1
    outer loop
      vertex 132.921 -0.8 3
      vertex 136.921 0 3
      vertex 132.921 0 3
    endloop
  endfacet
  facet normal -1 0 0
    outer loop
      vertex 132.921 0 3
      vertex 132.921 0.03842943919353914 3.3901806440322564
      vertex 132.921 1.0192147195967696 3.1950903220161284
    endloop
  endfacet
  facet normal -1 0 0
    outer loop
      vertex 132.921 0 3
      vertex 132.921 1.0192147195967696 3.1950903220161284
      vertex 132.921 1 3
    endloop
  endfacet
  facet normal 0 -0.9951847266721969 0.09801714032956074
    outer loop
      vertex 132.921 0 3
      vertex 136.921 0 3
      vertex 132.921 0.03842943919353914 3.3901806440322564
    endloop
  endfacet
  facet normal 1 0 0
    outer loop
      vertex 136.921 0 3
      vertex 136.921 1 3
      vertex 136.921 0.03842943919353914 3.3901806440322564
    endloop
  endfacet
  facet normal 0 0.9951847266721969 -0.09801714032956063
    outer loop
      vertex 132.921 1 3
      vertex 132.921 1.0192147195967696 3.1950903220161284
      vertex 136.921 1.0192147195967696 3.1950903220161284
    endloop
  endfacet
  facet normal 0 0.9951847266721969 -0.09801714032956063
    outer loop
      vertex 132.921 1 3
      vertex 136.921 1.0192147195967696 3.1950903220161284
      vertex 136.921 1 3
    endloop
  endfacet
  facet normal 1 0 0
    outer loop
      vertex 136.921 1 3
      vertex 136.921 1.0192147195967696 3.1950903220161284
      vertex 136.921 0.03842943919353914 3.3901806440322564
    endloop
  endfacet
  facet normal -1 0 0
    outer loop
      vertex 132.921 3 3
      vertex 132.921 2.9807852804032304 3.1950903220161284
      vertex 132.921 3.961570560806461 3.3901806440322564
    endloop
  endfacet
  facet normal -1 0 0
    outer loop
      vertex 132.921 3 3
      vertex 132.921 3.961570560806461 3.3901806440322564
      vertex 132.921 4 3
    endloop
  endfacet
  facet normal 0 -0.9951847266721969 -0.09801714032956063
    outer loop
      vertex 132.921 3 3
      vertex 136.921 3 3
      vertex 132.921 2.9807852804032304 3.1950903220161284
    endloop
  endfacet
  facet normal 0 -0.9951847266721969 -0.09801714032956063
    outer loop
      vertex 132.921 2.9807852804032304 3.1950903220161284
      vertex 136.921 3 3
      vertex 136.921 2.9807852804032304 3.1950903220161284
    endloop
  endfacet
  facet normal 1 0 0
    outer loop
      vertex 136.921 3 3
      vertex 136.921 4 3
      vertex 136.921 2.9807852804032304 3.1950903220161284
    endloop
  endfacet
  facet normal 1 0 0
    outer loop
      vertex 136.921 4 3
      vertex 136.921 3.961570560806461 3.3901806440322564
      vertex 136.921 2.9807852804032304 3.1950903220161284
    endloop
  endfacet
  facet normal 0 0.9951847266721969 0.09801714032956074
    outer loop
      vertex 132.921 4 3
      vertex 136.921 3.961570560806461 3.3901806440322564
      vertex 136.921 4 3
    endloop
  endfacet
  facet normal -1 0 0
    outer loop
      vertex 132.921 0.03842943919353914 3.3901806440322564
      vertex 132.921 0.15224093497742652 3.7653668647301797
      vertex 132.921 1.0761204674887133 3.3826834323650896
    endloop
  endfacet
  facet normal -1 0 0
    outer loop
      vertex 132.921 1.1685303876974547 3.555570233019602
      vertex 132.921 0.15224093497742652 3.7653668647301797
      vertex 132.921 0.23311729384624402 3.916675889798393
    endloop
  endfacet
  facet normal -1 0 0
    outer loop
      vertex 132.921 0.03842943919353914 3.3901806440322564
      vertex 132.921 1.0761204674887133 3.3826834323650896
      vertex 132.921 1.0192147195967696 3.1950903220161284
    endloop
  endfacet
  facet normal -1 0 0
    outer loop
      vertex 132.921 1.0761204674887133 3.3826834323650896
      vertex 132.921 0.15224093497742652 3.7653668647301797
      vertex 132.921 1.1685303876974547 3.555570233019602
    endloop
  endfacet
  facet normal -1 0 0
    outer loop
      vertex 132.921 1.1685303876974547 3.555570233019602
      vertex 132.921 0.23311729384624402 3.916675889798393
      vertex 132.921 1.2928932188134525 3.7071067811865475
    endloop
  endfacet
  facet normal -1 0 0
    outer loop
      vertex 132.921 0.23311729384624402 3.916675889798393
      vertex 132.921 1.4444297669803978 3.8314696123025453
      vertex 132.921 1.2928932188134525 3.7071067811865475
    endloop
  endfacet
  facet normal -1 0 0
    outer loop
      vertex 132.921 0.23311729384624402 3.916675889798393
      vertex 132.921 1.60383950003354 3.916675889798393
      vertex 132.921 1.4444297669803978 3.8314696123025453
    endloop
  endfacet
  facet normal 0 -0.9951847266721969 0.09801714032956074
    outer loop
      vertex 132.921 0.03842943919353914 3.3901806440322564
      vertex 136.921 0 3
      vertex 136.921 0.03842943919353914 3.3901806440322564
    endloop
  endfacet
  facet normal 0 -0.9569403357322089 0.29028467725446216
    outer loop
      vertex 132.921 0.03842943919353914 3.3901806440322564
      vertex 136.921 0.03842943919353914 3.3901806440322564
      vertex 132.921 0.15224093497742652 3.7653668647301797
    endloop
  endfacet
  facet normal 1 0 0
    outer loop
      vertex 136.921 0.03842943919353914 3.3901806440322564
      vertex 136.921 1.0192147195967696 3.1950903220161284
      vertex 136.921 0.15224093497742652 3.7653668647301797
    endloop
  endfacet
  facet normal 0 -0.9569403357322089 0.29028467725446216
    outer loop
      vertex 132.921 0.15224093497742652 3.7653668647301797
      vertex 136.921 0.03842943919353914 3.3901806440322564
      vertex 136.921 0.15224093497742652 3.7653668647301797
    endloop
  endfacet
  facet normal 0 -0.8819212643483549 0.4713967368259979
    outer loop
      vertex 132.921 0.15224093497742652 3.7653668647301797
      vertex 136.921 0.15224093497742652 3.7653668647301797
      vertex 132.921 0.23311729384624402 3.916675889798393
    endloop
  endfacet
  facet normal -6.758172832870339e-18 -0.8819212643483549 0.47139673682599775
    outer loop
      vertex 132.921 0.23311729384624402 3.916675889798393
      vertex 136.921 0.15224093497742652 3.7653668647301797
      vertex 136.921 0.23311729384624447 3.9166758897983938
    endloop
  endfacet
  facet normal -6.7581728328703725e-18 -0.8819212643483549 0.47139673682599786
    outer loop
      vertex 132.921 0.23311729384624402 3.916675889798393
      vertex 136.921 0.23311729384624447 3.9166758897983938
      vertex 136.7614070467117 0.33706077539490953 4.111140466039204
    endloop
  endfacet
  facet normal 1 0 0
    outer loop
      vertex 136.921 1.0761204674887133 3.3826834323650896
      vertex 136.921 0.23311729384624447 3.9166758897983938
      vertex 136.921 0.15224093497742652 3.7653668647301797
    endloop
  endfacet
  facet normal 0 0.9569403357322088 -0.29028467725446283
    outer loop
      vertex 132.921 1.0192147195967696 3.1950903220161284
      vertex 132.921 1.0761204674887133 3.3826834323650896
      vertex 136.921 1.0761204674887133 3.3826834323650896
    endloop
  endfacet
  facet normal 0 0.9569403357322088 -0.29028467725446283
    outer loop
      vertex 132.921 1.0192147195967696 3.1950903220161284
      vertex 136.921 1.0761204674887133 3.3826834323650896
      vertex 136.921 1.0192147195967696 3.1950903220161284
    endloop
  endfacet
  facet normal 0 0.8819212643483555 -0.4713967368259969
    outer loop
      vertex 132.921 1.0761204674887133 3.3826834323650896
      vertex 132.921 1.1685303876974547 3.555570233019602
      vertex 136.921 1.1685303876974547 3.555570233019602
    endloop
  endfacet
  facet normal 0 0.8819212643483555 -0.4713967368259969
    outer loop
      vertex 132.921 1.0761204674887133 3.3826834323650896
      vertex 136.921 1.1685303876974547 3.555570233019602
      vertex 136.921 1.0761204674887133 3.3826834323650896
    endloop
  endfacet
  facet normal 1 0 0
    outer loop
      vertex 136.921 1.0192147195967696 3.1950903220161284
      vertex 136.921 1.0761204674887133 3.3826834323650896
      vertex 136.921 0.15224093497742652 3.7653668647301797
    endloop
  endfacet
  facet normal 0 0.7730104533627365 -0.634393284163646
    outer loop
      vertex 132.921 1.1685303876974547 3.555570233019602
      vertex 132.921 1.2928932188134525 3.7071067811865475
      vertex 136.921 1.2928932188134525 3.7071067811865475
    endloop
  endfacet
  facet normal 0 0.634393284163646 -0.7730104533627365
    outer loop
      vertex 132.921 1.2928932188134525 3.7071067811865475
      vertex 132.921 1.4444297669803978 3.8314696123025453
      vertex 136.921 1.4444297669803978 3.8314696123025453
    endloop
  endfacet
  facet normal 0 0.7730104533627365 -0.634393284163646
    outer loop
      vertex 132.921 1.1685303876974547 3.555570233019602
      vertex 136.921 1.2928932188134525 3.7071067811865475
      vertex 136.921 1.1685303876974547 3.555570233019602
    endloop
  endfacet
  facet normal 0 0.634393284163646 -0.7730104533627365
    outer loop
      vertex 132.921 1.2928932188134525 3.7071067811865475
      vertex 136.921 1.4444297669803978 3.8314696123025453
      vertex 136.921 1.2928932188134525 3.7071067811865475
    endloop
  endfacet
  facet normal 1.4417130952088042e-17 0.47139673682599803 -0.8819212643483548
    outer loop
      vertex 132.921 1.4444297669803978 3.8314696123025453
      vertex 132.921 1.60383950003354 3.916675889798393
      vertex 136.91508812320882 1.6173165676349102 3.923879532511287
    endloop
  endfacet
  facet normal 0 0.47139673682600114 -0.8819212643483532
    outer loop
      vertex 132.921 1.60383950003354 3.916675889798393
      vertex 132.9269118767912 1.6173165676349102 3.923879532511287
      vertex 136.91508812320882 1.6173165676349102 3.923879532511287
    endloop
  endfacet
  facet normal 0 0.29028467725446117 -0.9569403357322094
    outer loop
      vertex 132.9269118767912 1.6173165676349102 3.923879532511287
      vertex 132.97361321716235 1.8049096779838718 3.9807852804032304
      vertex 136.91508812320882 1.6173165676349102 3.923879532511287
    endloop
  endfacet
  facet normal 0 0.09801714032956073 -0.9951847266721968
    outer loop
      vertex 132.97361321716235 1.8049096779838718 3.9807852804032304
      vertex 132.98938233000712 2 4
      vertex 136.86838678283766 1.8049096779838718 3.9807852804032304
    endloop
  endfacet
  facet normal 0 -0.09801714032956062 -0.9951847266721968
    outer loop
      vertex 132.98938233000712 2 4
      vertex 132.97361321716235 2.1950903220161284 3.9807852804032304
      vertex 136.85261766999287 2 4
    endloop
  endfacet
  facet normal 0 0.4713967368259983 -0.8819212643483547
    outer loop
      vertex 132.921 1.4444297669803978 3.8314696123025453
      vertex 136.921 1.6038395000335415 3.9166758897983938
      vertex 136.921 1.4444297669803978 3.8314696123025453
    endloop
  endfacet
  facet normal 0 0.47139673682599853 -0.8819212643483546
    outer loop
      vertex 132.921 1.4444297669803978 3.8314696123025453
      vertex 136.91508812320882 1.6173165676349102 3.923879532511287
      vertex 136.921 1.6038395000335415 3.9166758897983938
    endloop
  endfacet
  facet normal 0 0.29028467725446117 -0.9569403357322093
    outer loop
      vertex 132.97361321716235 1.8049096779838718 3.9807852804032304
      vertex 136.86838678283766 1.8049096779838718 3.9807852804032304
      vertex 136.91508812320882 1.6173165676349102 3.923879532511287
    endloop
  endfacet
  facet normal 0 0.09801714032956071 -0.9951847266721968
    outer loop
      vertex 132.98938233000712 2 4
      vertex 136.85261766999287 2 4
      vertex 136.86838678283766 1.8049096779838718 3.9807852804032304
    endloop
  endfacet
  facet normal 0 -0.09801714032956063 -0.9951847266721968
    outer loop
      vertex 132.97361321716235 2.1950903220161284 3.9807852804032304
      vertex 136.86838678283766 2.1950903220161284 3.9807852804032304
      vertex 136.85261766999287 2 4
    endloop
  endfacet
  facet normal 1 0 0
    outer loop
      vertex 136.921 1.0761204674887133 3.3826834323650896
      vertex 136.921 1.1685303876974547 3.555570233019602
      vertex 136.921 0.23311729384624447 3.9166758897983938
    endloop
  endfacet
  facet normal 1 0 0
    outer loop
      vertex 136.921 1.1685303876974547 3.555570233019602
      vertex 136.921 1.2928932188134525 3.7071067811865475
      vertex 136.921 0.23311729384624447 3.9166758897983938
    endloop
  endfacet
  facet normal 1 0 0
    outer loop
      vertex 136.921 0.23311729384624447 3.9166758897983938
      vertex 136.921 1.2928932188134525 3.7071067811865475
      vertex 136.921 1.4444297669803978 3.8314696123025453
    endloop
  endfacet
  facet normal 1 0 0
    outer loop
      vertex 136.921 0.23311729384624447 3.9166758897983938
      vertex 136.921 1.4444297669803978 3.8314696123025453
      vertex 136.921 1.6038395000335415 3.9166758897983938
    endloop
  endfacet
  facet normal 0 -0.8819212643483549 0.47139673682599775
    outer loop
      vertex 132.921 0.23311729384624402 3.916675889798393
      vertex 136.7614070467117 0.33706077539490953 4.111140466039204
      vertex 133.08059295328832 0.33706077539490953 4.111140466039204
    endloop
  endfacet
  facet normal 0 -0.7730104533627372 0.6343932841636449
    outer loop
      vertex 133.08059295328832 0.33706077539490953 4.111140466039204
      vertex 136.7614070467117 0.33706077539490953 4.111140466039204
      vertex 133.24464198397322 0.5011098060798288 4.311034788298069
    endloop
  endfacet
  facet normal 5.119515016448237e-17 -0.7730104533627369 0.6343932841636456
    outer loop
      vertex 133.24464198397322 0.5011098060798288 4.311034788298069
      vertex 136.7614070467117 0.33706077539490953 4.111140466039204
      vertex 136.59735801602676 0.501109806079829 4.311034788298069
    endloop
  endfacet
  facet normal 5.11951501644824e-17 -0.7730104533627373 0.6343932841636452
    outer loop
      vertex 133.24464198397322 0.5011098060798288 4.311034788298069
      vertex 136.59735801602676 0.501109806079829 4.311034788298069
      vertex 136.54220781228992 0.5857864376269049 4.414213562373095
    endloop
  endfacet
  facet normal 0 -0.7730104533627365 0.634393284163646
    outer loop
      vertex 133.24464198397322 0.5011098060798288 4.311034788298069
      vertex 136.54220781228992 0.5857864376269049 4.414213562373095
      vertex 133.2997921877101 0.5857864376269049 4.414213562373095
    endloop
  endfacet
  facet normal 0 -0.6343932841636459 0.7730104533627368
    outer loop
      vertex 133.2997921877101 0.5857864376269049 4.414213562373095
      vertex 136.40926117603018 0.8888595339607956 4.662939224605091
      vertex 133.43273882396983 0.8888595339607956 4.662939224605091
    endloop
  endfacet
  facet normal 0 -0.6343932841636457 0.7730104533627368
    outer loop
      vertex 133.2997921877101 0.5857864376269049 4.414213562373095
      vertex 136.54220781228992 0.5857864376269049 4.414213562373095
      vertex 136.40926117603018 0.8888595339607956 4.662939224605091
    endloop
  endfacet
  facet normal 0 -0.47139673682599825 0.8819212643483547
    outer loop
      vertex 133.43273882396983 0.8888595339607956 4.662939224605091
      vertex 136.3104729131824 1.2346331352698203 4.847759065022574
      vertex 133.53152708681762 1.2346331352698203 4.847759065022574
    endloop
  endfacet
  facet normal 0 -0.47139673682599825 0.8819212643483547
    outer loop
      vertex 133.43273882396983 0.8888595339607956 4.662939224605091
      vertex 136.40926117603018 0.8888595339607956 4.662939224605091
      vertex 136.3104729131824 1.2346331352698203 4.847759065022574
    endloop
  endfacet
  facet normal -1 0 0
    outer loop
      vertex 132.921 2.9807852804032304 3.1950903220161284
      vertex 132.921 2.923879532511287 3.3826834323650896
      vertex 132.921 3.8477590650225735 3.7653668647301797
    endloop
  endfacet
  facet normal -1 0 0
    outer loop
      vertex 132.921 2.9807852804032304 3.1950903220161284
      vertex 132.921 3.8477590650225735 3.7653668647301797
      vertex 132.921 3.961570560806461 3.3901806440322564
    endloop
  endfacet
  facet normal -1 0 0
    outer loop
      vertex 132.921 2.8314696123025453 3.555570233019602
      vertex 132.921 2.7071067811865475 3.7071067811865475
      vertex 132.921 3.766882706153756 3.916675889798393
    endloop
  endfacet
  facet normal -1 0 0
    outer loop
      vertex 132.921 2.7071067811865475 3.7071067811865475
      vertex 132.921 2.555570233019602 3.8314696123025453
      vertex 132.921 3.766882706153756 3.916675889798393
    endloop
  endfacet
  facet normal -1 0 0
    outer loop
      vertex 132.921 2.39616049996646 3.916675889798393
      vertex 132.921 3.766882706153756 3.916675889798393
      vertex 132.921 2.555570233019602 3.8314696123025453
    endloop
  endfacet
  facet normal -1 0 0
    outer loop
      vertex 132.921 2.8314696123025453 3.555570233019602
      vertex 132.921 3.766882706153756 3.916675889798393
      vertex 132.921 2.923879532511287 3.3826834323650896
    endloop
  endfacet
  facet normal -1 0 0
    outer loop
      vertex 132.921 2.923879532511287 3.3826834323650896
      vertex 132.921 3.766882706153756 3.916675889798393
      vertex 132.921 3.8477590650225735 3.7653668647301797
    endloop
  endfacet
  facet normal 0 -0.956940335732209 -0.2902846772544618
    outer loop
      vertex 132.921 2.9807852804032304 3.1950903220161284
      vertex 136.921 2.9807852804032304 3.1950903220161284
      vertex 132.921 2.923879532511287 3.3826834323650896
    endloop
  endfacet
  facet normal 0 -0.956940335732209 -0.2902846772544618
    outer loop
      vertex 132.921 2.923879532511287 3.3826834323650896
      vertex 136.921 2.9807852804032304 3.1950903220161284
      vertex 136.921 2.923879532511287 3.3826834323650896
    endloop
  endfacet
  facet normal 0 -0.8819212643483549 -0.4713967368259978
    outer loop
      vertex 132.921 2.8314696123025453 3.555570233019602
      vertex 132.921 2.923879532511287 3.3826834323650896
      vertex 136.921 2.923879532511287 3.3826834323650896
    endloop
  endfacet
  facet normal 0 -0.8819212643483549 -0.4713967368259978
    outer loop
      vertex 132.921 2.8314696123025453 3.555570233019602
      vertex 136.921 2.923879532511287 3.3826834323650896
      vertex 136.921 2.8314696123025453 3.555570233019602
    endloop
  endfacet
  facet normal 0 0.9569403357322089 0.29028467725446216
    outer loop
      vertex 132.921 3.961570560806461 3.3901806440322564
      vertex 136.921 3.8477590650225735 3.7653668647301797
      vertex 136.921 3.961570560806461 3.3901806440322564
    endloop
  endfacet
  facet normal 1 0 0
    outer loop
      vertex 136.921 2.9807852804032304 3.1950903220161284
      vertex 136.921 3.961570560806461 3.3901806440322564
      vertex 136.921 2.923879532511287 3.3826834323650896
    endloop
  endfacet
  facet normal 1 0 0
    outer loop
      vertex 136.921 2.8314696123025453 3.555570233019602
      vertex 136.921 2.923879532511287 3.3826834323650896
      vertex 136.921 3.8477590650225735 3.7653668647301797
    endloop
  endfacet
  facet normal 1 0 0
    outer loop
      vertex 136.921 2.923879532511287 3.3826834323650896
      vertex 136.921 3.961570560806461 3.3901806440322564
      vertex 136.921 3.8477590650225735 3.7653668647301797
    endloop
  endfacet
  facet normal 0 -0.634393284163646 -0.7730104533627365
    outer loop
      vertex 132.921 2.7071067811865475 3.7071067811865475
      vertex 136.921 2.7071067811865475 3.7071067811865475
      vertex 132.921 2.555570233019602 3.8314696123025453
    endloop
  endfacet
  facet normal 0 -0.7730104533627365 -0.634393284163646
    outer loop
      vertex 132.921 2.8314696123025453 3.555570233019602
      vertex 136.921 2.8314696123025453 3.555570233019602
      vertex 132.921 2.7071067811865475 3.7071067811865475
    endloop
  endfacet
  facet normal 0 -0.634393284163646 -0.7730104533627365
    outer loop
      vertex 132.921 2.555570233019602 3.8314696123025453
      vertex 136.921 2.7071067811865475 3.7071067811865475
      vertex 136.921 2.555570233019602 3.8314696123025453
    endloop
  endfacet
  facet normal 0 -0.7730104533627365 -0.634393284163646
    outer loop
      vertex 132.921 2.7071067811865475 3.7071067811865475
      vertex 136.921 2.8314696123025453 3.555570233019602
      vertex 136.921 2.7071067811865475 3.7071067811865475
    endloop
  endfacet
  facet normal 1.8478381441494463e-16 -0.47139673682600114 -0.8819212643483532
    outer loop
      vertex 132.921 2.39616049996646 3.916675889798393
      vertex 136.921 2.555570233019602 3.8314696123025453
      vertex 132.9269118767912 2.3826834323650896 3.923879532511287
    endloop
  endfacet
  facet normal 0 -0.4713967368259975 -0.881921264348355
    outer loop
      vertex 132.921 2.39616049996646 3.916675889798393
      vertex 132.921 2.555570233019602 3.8314696123025453
      vertex 136.921 2.555570233019602 3.8314696123025453
    endloop
  endfacet
  facet normal 0 -0.2902846772544618 -0.956940335732209
    outer loop
      vertex 132.9269118767912 2.3826834323650896 3.923879532511287
      vertex 136.86838678283766 2.1950903220161284 3.9807852804032304
      vertex 132.97361321716235 2.1950903220161284 3.9807852804032304
    endloop
  endfacet
  facet normal 2.6131049850659504e-17 -0.4713967368259983 -0.8819212643483547
    outer loop
      vertex 132.9269118767912 2.3826834323650896 3.923879532511287
      vertex 136.921 2.555570233019602 3.8314696123025453
      vertex 136.921 2.3961604999664585 3.9166758897983938
    endloop
  endfacet
  facet normal 0 -0.2902846772544618 -0.9569403357322092
    outer loop
      vertex 132.9269118767912 2.3826834323650896 3.923879532511287
      vertex 136.91508812320882 2.3826834323650896 3.923879532511287
      vertex 136.86838678283766 2.1950903220161284 3.9807852804032304
    endloop
  endfacet
  facet normal 0 -0.4713967368259922 -0.8819212643483579
    outer loop
      vertex 132.9269118767912 2.3826834323650896 3.923879532511287
      vertex 136.921 2.3961604999664585 3.9166758897983938
      vertex 136.91508812320882 2.3826834323650896 3.923879532511287
    endloop
  endfacet
  facet normal 0 0.9569403357322089 0.29028467725446216
    outer loop
      vertex 132.921 3.961570560806461 3.3901806440322564
      vertex 132.921 3.8477590650225735 3.7653668647301797
      vertex 136.921 3.8477590650225735 3.7653668647301797
    endloop
  endfacet
  facet normal -7.583269672142166e-18 0.8819212643483555 0.4713967368259969
    outer loop
      vertex 132.921 3.8477590650225735 3.7653668647301797
      vertex 132.921 3.766882706153756 3.916675889798393
      vertex 136.921 3.7668827061537558 3.9166758897983938
    endloop
  endfacet
  facet normal -6.758172832870344e-18 0.8819212643483549 0.47139673682599775
    outer loop
      vertex 132.921 3.766882706153756 3.916675889798393
      vertex 133.08059295328832 3.6629392246050907 4.111140466039204
      vertex 136.921 3.7668827061537558 3.9166758897983938
    endloop
  endfacet
  facet normal 0 0.8819212643483555 0.47139673682599675
    outer loop
      vertex 132.921 3.8477590650225735 3.7653668647301797
      vertex 136.921 3.7668827061537558 3.9166758897983938
      vertex 136.921 3.8477590650225735 3.7653668647301797
    endloop
  endfacet
  facet normal 1 0 0
    outer loop
      vertex 136.921 2.8314696123025453 3.555570233019602
      vertex 136.921 3.7668827061537558 3.9166758897983938
      vertex 136.921 2.7071067811865475 3.7071067811865475
    endloop
  endfacet
  facet normal 1 0 0
    outer loop
      vertex 136.921 2.7071067811865475 3.7071067811865475
      vertex 136.921 3.7668827061537558 3.9166758897983938
      vertex 136.921 2.555570233019602 3.8314696123025453
    endloop
  endfacet
  facet normal 1 0 0
    outer loop
      vertex 136.921 2.3961604999664585 3.9166758897983938
      vertex 136.921 2.555570233019602 3.8314696123025453
      vertex 136.921 3.7668827061537558 3.9166758897983938
    endloop
  endfacet
  facet normal 1 0 0
    outer loop
      vertex 136.921 2.8314696123025453 3.555570233019602
      vertex 136.921 3.8477590650225735 3.7653668647301797
      vertex 136.921 3.7668827061537558 3.9166758897983938
    endloop
  endfacet
  facet normal 0 0.9951847266721969 0.09801714032956074
    outer loop
      vertex 132.921 4 3
      vertex 132.921 3.961570560806461 3.3901806440322564
      vertex 136.921 3.961570560806461 3.3901806440322564
    endloop
  endfacet
  facet normal 0 0.8819212643483548 0.4713967368259978
    outer loop
      vertex 133.08059295328832 3.6629392246050907 4.111140466039204
      vertex 136.7614070467117 3.6629392246050907 4.111140466039204
      vertex 136.921 3.7668827061537558 3.9166758897983938
    endloop
  endfacet
  facet normal 0 0.7730104533627371 0.6343932841636453
    outer loop
      vertex 133.08059295328832 3.6629392246050907 4.111140466039204
      vertex 136.59735801602676 3.4988901939201713 4.311034788298069
      vertex 136.7614070467117 3.6629392246050907 4.111140466039204
    endloop
  endfacet
  facet normal -1.0239030032896473e-16 0.7730104533627369 0.6343932841636456
    outer loop
      vertex 133.24464198397322 3.498890193920171 4.311034788298069
      vertex 133.2997921877101 3.414213562373095 4.414213562373095
      vertex 136.59735801602676 3.4988901939201713 4.311034788298069
    endloop
  endfacet
  facet normal -1.0239030032896465e-16 0.7730104533627362 0.6343932841636464
    outer loop
      vertex 133.24464198397322 3.498890193920171 4.311034788298069
      vertex 136.59735801602676 3.4988901939201713 4.311034788298069
      vertex 133.08059295328832 3.6629392246050907 4.111140466039204
    endloop
  endfacet
  facet normal 0 0.7730104533627352 0.6343932841636476
    outer loop
      vertex 133.2997921877101 3.414213562373095 4.414213562373095
      vertex 136.54220781228992 3.414213562373095 4.414213562373095
      vertex 136.59735801602676 3.4988901939201713 4.311034788298069
    endloop
  endfacet
  facet normal 0 0.47139673682599825 0.8819212643483547
    outer loop
      vertex 133.43273882396983 3.1111404660392044 4.662939224605091
      vertex 133.53152708681762 2.7653668647301797 4.847759065022574
      vertex 136.40926117603018 3.1111404660392044 4.662939224605091
    endloop
  endfacet
  facet normal 0 0.47139673682599825 0.8819212643483547
    outer loop
      vertex 133.53152708681762 2.7653668647301797 4.847759065022574
      vertex 136.3104729131824 2.7653668647301797 4.847759065022574
      vertex 136.40926117603018 3.1111404660392044 4.662939224605091
    endloop
  endfacet
  facet normal 0 0.634393284163646 0.7730104533627365
    outer loop
      vertex 133.2997921877101 3.414213562373095 4.414213562373095
      vertex 133.43273882396983 3.1111404660392044 4.662939224605091
      vertex 136.54220781228992 3.414213562373095 4.414213562373095
    endloop
  endfacet
  facet normal 0 0.634393284163646 0.7730104533627364
    outer loop
      vertex 133.43273882396983 3.1111404660392044 4.662939224605091
      vertex 136.40926117603018 3.1111404660392044 4.662939224605091
      vertex 136.54220781228992 3.414213562373095 4.414213562373095
    endloop
  endfacet
  facet normal 0 -0.2902846772544611 0.9569403357322093
    outer loop
      vertex 133.53152708681762 1.2346331352698203 4.847759065022574
      vertex 136.3104729131824 1.2346331352698203 4.847759065022574
      vertex 136.2496394012867 1.6098193559677436 4.961570560806461
    endloop
  endfacet
  facet normal 0 -0.29028467725446117 0.9569403357322093
    outer loop
      vertex 133.53152708681762 1.2346331352698203 4.847759065022574
      vertex 136.2496394012867 1.6098193559677436 4.961570560806461
      vertex 133.59236059871333 1.6098193559677436 4.961570560806461
    endloop
  endfacet
  facet normal 0 -0.09801714032956076 0.995184726672197
    outer loop
      vertex 133.59236059871333 1.6098193559677436 4.961570560806461
      vertex 136.22909843808938 2 5
      vertex 133.6129015619106 2 5
    endloop
  endfacet
  facet normal 0 -0.09801714032956074 0.9951847266721968
    outer loop
      vertex 133.59236059871333 1.6098193559677436 4.961570560806461
      vertex 136.2496394012867 1.6098193559677436 4.961570560806461
      vertex 136.22909843808938 2 5
    endloop
  endfacet
  facet normal 0 0.09801714032956074 0.995184726672197
    outer loop
      vertex 133.6129015619106 2 5
      vertex 136.22909843808938 2 5
      vertex 136.2496394012867 2.3901806440322564 4.961570560806461
    endloop
  endfacet
  facet normal 0 0.2902846772544611 0.9569403357322093
    outer loop
      vertex 133.53152708681762 2.7653668647301797 4.847759065022574
      vertex 133.59236059871333 2.3901806440322564 4.961570560806461
      vertex 136.3104729131824 2.7653668647301797 4.847759065022574
    endloop
  endfacet
  facet normal 0 0.09801714032956073 0.9951847266721968
    outer loop
      vertex 133.6129015619106 2 5
      vertex 136.2496394012867 2.3901806440322564 4.961570560806461
      vertex 133.59236059871333 2.3901806440322564 4.961570560806461
    endloop
  endfacet
  facet normal 0 0.2902846772544611 0.9569403357322092
    outer loop
      vertex 133.59236059871333 2.3901806440322564 4.961570560806461
      vertex 136.2496394012867 2.3901806440322564 4.961570560806461
      vertex 136.3104729131824 2.7653668647301797 4.847759065022574
    endloop
  endfacet
  facet normal -1 0 0
    outer loop
      vertex 132.921 4 3
      vertex 132.921 4 1.5
      vertex 132.921 3 1.5
    endloop
  endfacet
  facet normal 0 -1 0
    outer loop
      vertex 132.921 3 3
      vertex 132.921 3 1.5
      vertex 136.921 3 1.5
    endloop
  endfacet
  facet normal 1 0 0
    outer loop
      vertex 136.921 3 3
      vertex 136.921 3 1.5
      vertex 136.921 4 1.5
    endloop
  endfacet
  facet normal 0 1 0
    outer loop
      vertex 136.921 4 3
      vertex 136.921 4 1.5
      vertex 132.921 4 1.5
    endloop
  endfacet
  facet normal -1 0 0
    outer loop
      vertex 132.921 3 3
      vertex 132.921 4 3
      vertex 132.921 3 1.5
    endloop
  endfacet
  facet normal 0 -1 0
    outer loop
      vertex 132.921 3 3
      vertex 136.921 3 1.5
      vertex 136.921 3 3
    endloop
  endfacet
  facet normal 1 0 0
    outer loop
      vertex 136.921 3 3
      vertex 136.921 4 1.5
      vertex 136.921 4 3
    endloop
  endfacet
  facet normal 0 1 0
    outer loop
      vertex 132.921 4 3
      vertex 136.921 4 3
      vertex 132.921 4 1.5
    endloop
  endfacet
  facet normal -0.7730104533615308 0 0.6343932841651152
    outer loop
      vertex 132.921 0.23311729384624402 3.916675889798393
      vertex 132.9269118767912 1.6173165676349102 3.923879532511287
      vertex 132.921 1.60383950003354 3.916675889798393
    endloop
  endfacet
  facet normal -0.773010453362651 -2.7002385690056185e-13 0.6343932841637504
    outer loop
      vertex 132.921 0.23311729384624402 3.916675889798393
      vertex 133.08059295328832 0.33706077539490953 4.111140466039204
      vertex 133.24464198397322 0.5011098060798288 4.311034788298069
    endloop
  endfacet
  facet normal -0.7730104533627454 1.2890266067910363e-14 0.634393284163635
    outer loop
      vertex 132.921 0.23311729384624402 3.916675889798393
      vertex 133.24464198397322 0.5011098060798288 4.311034788298069
      vertex 132.9269118767912 1.6173165676349102 3.923879532511287
    endloop
  endfacet
  facet normal -0.7730104533627611 1.871386854573558e-15 0.6343932841636161
    outer loop
      vertex 132.9269118767912 1.6173165676349102 3.923879532511287
      vertex 133.24464198397322 0.5011098060798288 4.311034788298069
      vertex 132.97361321716235 1.8049096779838718 3.9807852804032304
    endloop
  endfacet
  facet normal -0.7730104533628862 -6.270154709803823e-14 0.6343932841634639
    outer loop
      vertex 132.97361321716235 1.8049096779838718 3.9807852804032304
      vertex 133.24464198397322 0.5011098060798288 4.311034788298069
      vertex 132.98938233000712 2 4
    endloop
  endfacet
  facet normal -0.7730104533623221 1.7599524883305976e-13 0.6343932841641512
    outer loop
      vertex 132.98938233000712 2 4
      vertex 133.24464198397322 0.5011098060798288 4.311034788298069
      vertex 132.97361321716235 2.1950903220161284 3.9807852804032304
    endloop
  endfacet
  facet normal -0.7730104533628029 -1.521012491992126e-14 0.634393284163565
    outer loop
      vertex 133.24464198397322 0.5011098060798288 4.311034788298069
      vertex 132.921 3.766882706153756 3.916675889798393
      vertex 132.97361321716235 2.1950903220161284 3.9807852804032304
    endloop
  endfacet
  facet normal -0.8819212643482846 0 0.47139673682612926
    outer loop
      vertex 133.24464198397322 0.5011098060798288 4.311034788298069
      vertex 133.2997921877101 0.5857864376269049 4.414213562373095
      vertex 133.24464198397322 3.498890193920171 4.311034788298069
    endloop
  endfacet
  facet normal -0.8819212643483629 0 0.47139673682598277
    outer loop
      vertex 133.2997921877101 0.5857864376269049 4.414213562373095
      vertex 133.43273882396983 0.8888595339607956 4.662939224605091
      vertex 133.43273882396983 3.1111404660392044 4.662939224605091
    endloop
  endfacet
  facet normal -0.8819212643483599 0 0.47139673682598854
    outer loop
      vertex 133.43273882396983 0.8888595339607956 4.662939224605091
      vertex 133.53152708681762 1.2346331352698203 4.847759065022574
      vertex 133.53152708681762 2.7653668647301797 4.847759065022574
    endloop
  endfacet
  facet normal -0.8819212643483599 0 0.4713967368259885
    outer loop
      vertex 133.43273882396983 0.8888595339607956 4.662939224605091
      vertex 133.53152708681762 2.7653668647301797 4.847759065022574
      vertex 133.43273882396983 3.1111404660392044 4.662939224605091
    endloop
  endfacet
  facet normal -0.7730104533627794 -1.3251747868926597e-14 0.6343932841635936
    outer loop
      vertex 132.9269118767912 2.3826834323650896 3.923879532511287
      vertex 132.97361321716235 2.1950903220161284 3.9807852804032304
      vertex 132.921 3.766882706153756 3.916675889798393
    endloop
  endfacet
  facet normal -0.7730104533615308 0 0.6343932841651152
    outer loop
      vertex 132.921 2.39616049996646 3.916675889798393
      vertex 132.9269118767912 2.3826834323650896 3.923879532511287
      vertex 132.921 3.766882706153756 3.916675889798393
    endloop
  endfacet
  facet normal -0.7730104533627412 0 0.6343932841636404
    outer loop
      vertex 133.24464198397322 0.5011098060798288 4.311034788298069
      vertex 133.24464198397322 3.498890193920171 4.311034788298069
      vertex 132.921 3.766882706153756 3.916675889798393
    endloop
  endfacet
  facet normal -0.8819212643482848 0 0.4713967368261293
    outer loop
      vertex 133.2997921877101 0.5857864376269049 4.414213562373095
      vertex 133.2997921877101 3.414213562373095 4.414213562373095
      vertex 133.24464198397322 3.498890193920171 4.311034788298069
    endloop
  endfacet
  facet normal -0.7730104533626512 2.700238569005592e-13 0.6343932841637501
    outer loop
      vertex 132.921 3.766882706153756 3.916675889798393
      vertex 133.24464198397322 3.498890193920171 4.311034788298069
      vertex 133.08059295328832 3.6629392246050907 4.111140466039204
    endloop
  endfacet
  facet normal -0.881921264348363 0 0.47139673682598277
    outer loop
      vertex 133.2997921877101 0.5857864376269049 4.414213562373095
      vertex 133.43273882396983 3.1111404660392044 4.662939224605091
      vertex 133.2997921877101 3.414213562373095 4.414213562373095
    endloop
  endfacet
  facet normal -0.8819212643483406 0 0.4713967368260246
    outer loop
      vertex 133.53152708681762 1.2346331352698203 4.847759065022574
      vertex 133.59236059871333 1.6098193559677436 4.961570560806461
      vertex 133.59236059871333 2.3901806440322564 4.961570560806461
    endloop
  endfacet
  facet normal -0.8819212643483406 0 0.47139673682602473
    outer loop
      vertex 133.53152708681762 1.2346331352698203 4.847759065022574
      vertex 133.59236059871333 2.3901806440322564 4.961570560806461
      vertex 133.53152708681762 2.7653668647301797 4.847759065022574
    endloop
  endfacet
  facet normal -0.8819212643484833 0 0.47139673682575806
    outer loop
      vertex 133.59236059871333 1.6098193559677436 4.961570560806461
      vertex 133.6129015619106 2 5
      vertex 133.59236059871333 2.3901806440322564 4.961570560806461
    endloop
  endfacet
  facet normal -0.6343932841636326 0 0.7730104533627475
    outer loop
      vertex 131.80996521170192 0 2.8763580160267646
      vertex 132.221 0 3.2136855490757372
      vertex 132.221 5.5 3.2136855490757372
    endloop
  endfacet
  facet normal 0.29028467725446033 0 0.9569403357322095
    outer loop
      vertex 127.90653032551614 0 2.0999165419032018
      vertex 127.90653032551614 45.9 2.0999165419032018
      vertex 126.93104615170154 0 2.395826430941309
    endloop
  endfacet
  facet normal 0.09801714032956249 0 0.9951847266721967
    outer loop
      vertex 127.90653032551614 0 2.0999165419032018
      vertex 128.921 0 2
      vertex 128.921 45.9 2
    endloop
  endfacet
  facet normal 0.47139673682599936 0 0.881921264348354
    outer loop
      vertex 126.03203478829808 0 2.8763580160267646
      vertex 126.93104615170154 0 2.395826430941309
      vertex 126.93104615170154 45.9 2.395826430941309
    endloop
  endfacet
  facet normal 0.6343932841636412 0 0.7730104533627404
    outer loop
      vertex 126.03203478829808 0 2.8763580160267646
      vertex 126.03203478829808 45.9 2.8763580160267646
      vertex 125.24404473782995 0 3.5230447378299528
    endloop
  endfacet
  facet normal -0.09801714032955976 0 0.9951847266721968
    outer loop
      vertex 128.921 0 2
      vertex 129.93546967448387 0 2.0999165419032018
      vertex 129.93546967448387 45.9 2.0999165419032018
    endloop
  endfacet
  facet normal -0.29028467725446033 0 0.9569403357322095
    outer loop
      vertex 129.93546967448387 0 2.0999165419032018
      vertex 130.91095384829848 0 2.395826430941309
      vertex 130.91095384829848 45.9 2.395826430941309
    endloop
  endfacet
  facet normal -0.4713967368260052 0 0.8819212643483509
    outer loop
      vertex 130.91095384829848 0 2.395826430941309
      vertex 131.80996521170192 0 2.8763580160267646
      vertex 131.80996521170192 45.9 2.8763580160267646
    endloop
  endfacet
  facet normal 0.773010453362742 0 0.6343932841636393
    outer loop
      vertex 125.24404473782995 0 3.5230447378299528
      vertex 125.24404473782995 45.9 3.5230447378299528
      vertex 124.59735801602677 0 4.311034788298069
    endloop
  endfacet
  facet normal 0.881921264348354 0 0.4713967368259997
    outer loop
      vertex 124.59735801602677 0 4.311034788298069
      vertex 124.59735801602677 45.9 4.311034788298069
      vertex 124.11682643094132 0 5.210046151701533
    endloop
  endfacet
  facet normal 0.9569403357322069 0 0.29028467725446866
    outer loop
      vertex 124.11682643094132 0 5.210046151701533
      vertex 124.11682643094132 45.9 5.210046151701533
      vertex 123.8209165419032 0 6.185530325516133
    endloop
  endfacet
  facet normal -0.6343932841636301 -3.24800295259377e-16 0.7730104533627498
    outer loop
      vertex 131.80996521170192 0 2.8763580160267646
      vertex 132.221 5.5 3.2136855490757372
      vertex 132.59795526217005 45.9 3.5230447378299528
    endloop
  endfacet
  facet normal -0.6343932841636508 0 0.7730104533627328
    outer loop
      vertex 132.221 5.5 3.2136855490757372
      vertex 132.59795526217005 5.5 3.5230447378299528
      vertex 132.59795526217005 45.9 3.5230447378299528
    endloop
  endfacet
  facet normal -0.7730104533627421 0 0.6343932841636394
    outer loop
      vertex 132.59795526217005 5.5 3.5230447378299528
      vertex 133.24464198397322 5.5 4.311034788298069
      vertex 133.24464198397322 45.9 4.311034788298069
    endloop
  endfacet
  facet normal -0.881921264348354 0 0.47139673682599964
    outer loop
      vertex 133.24464198397322 5.5 4.311034788298069
      vertex 133.72517356905868 5.5 5.210046151701533
      vertex 133.72517356905868 45.9 5.210046151701533
    endloop
  endfacet
  facet normal -0.9569403357322069 0 0.29028467725446866
    outer loop
      vertex 133.72517356905868 5.5 5.210046151701533
      vertex 134.0210834580968 5.5 6.185530325516133
      vertex 134.0210834580968 45.9 6.185530325516133
    endloop
  endfacet
  facet normal 0.9951847266721972 0 0.09801714032955723
    outer loop
      vertex 123.8209165419032 0 6.185530325516133
      vertex 123.8209165419032 45.9 6.185530325516133
      vertex 123.721 0 7.2
    endloop
  endfacet
  facet normal -0.9951847266721959 0 0.09801714032957105
    outer loop
      vertex 134.0210834580968 5.5 6.185530325516133
      vertex 134.121 5.5 7.2
      vertex 134.121 45.9 7.2
    endloop
  endfacet
  facet normal 0.09801714032956249 0 0.9951847266721967
    outer loop
      vertex 127.90653032551614 0 2.0999165419032018
      vertex 128.921 45.9 2
      vertex 127.90653032551614 45.9 2.0999165419032018
    endloop
  endfacet
  facet normal 0.29028467725446033 0 0.9569403357322095
    outer loop
      vertex 126.93104615170154 0 2.395826430941309
      vertex 127.90653032551614 45.9 2.0999165419032018
      vertex 126.93104615170154 45.9 2.395826430941309
    endloop
  endfacet
  facet normal 0.47139673682599936 0 0.881921264348354
    outer loop
      vertex 126.03203478829808 0 2.8763580160267646
      vertex 126.93104615170154 45.9 2.395826430941309
      vertex 126.03203478829808 45.9 2.8763580160267646
    endloop
  endfacet
  facet normal -0.09801714032955976 0 0.9951847266721968
    outer loop
      vertex 128.921 0 2
      vertex 129.93546967448387 45.9 2.0999165419032018
      vertex 128.921 45.9 2
    endloop
  endfacet
  facet normal -0.29028467725446033 0 0.9569403357322095
    outer loop
      vertex 129.93546967448387 0 2.0999165419032018
      vertex 130.91095384829848 45.9 2.395826430941309
      vertex 129.93546967448387 45.9 2.0999165419032018
    endloop
  endfacet
  facet normal -0.4713967368260052 0 0.8819212643483509
    outer loop
      vertex 130.91095384829848 0 2.395826430941309
      vertex 131.80996521170192 45.9 2.8763580160267646
      vertex 130.91095384829848 45.9 2.395826430941309
    endloop
  endfacet
  facet normal -0.6343932841636412 0 0.7730104533627404
    outer loop
      vertex 131.80996521170192 0 2.8763580160267646
      vertex 132.59795526217005 45.9 3.5230447378299528
      vertex 131.80996521170192 45.9 2.8763580160267646
    endloop
  endfacet
  facet normal 0.6343932841636412 0 0.7730104533627404
    outer loop
      vertex 125.24404473782995 0 3.5230447378299528
      vertex 126.03203478829808 45.9 2.8763580160267646
      vertex 125.24404473782995 45.9 3.5230447378299528
    endloop
  endfacet
  facet normal 0.773010453362742 0 0.6343932841636393
    outer loop
      vertex 124.59735801602677 0 4.311034788298069
      vertex 125.24404473782995 45.9 3.5230447378299528
      vertex 124.59735801602677 45.9 4.311034788298069
    endloop
  endfacet
  facet normal 0.881921264348354 0 0.4713967368259997
    outer loop
      vertex 124.11682643094132 0 5.210046151701533
      vertex 124.59735801602677 45.9 4.311034788298069
      vertex 124.11682643094132 45.9 5.210046151701533
    endloop
  endfacet
  facet normal 0.9569403357322069 0 0.29028467725446866
    outer loop
      vertex 123.8209165419032 0 6.185530325516133
      vertex 124.11682643094132 45.9 5.210046151701533
      vertex 123.8209165419032 45.9 6.185530325516133
    endloop
  endfacet
  facet normal -0.7730104533627421 0 0.6343932841636394
    outer loop
      vertex 132.59795526217005 5.5 3.5230447378299528
      vertex 133.24464198397322 45.9 4.311034788298069
      vertex 132.59795526217005 45.9 3.5230447378299528
    endloop
  endfacet
  facet normal -0.881921264348354 0 0.47139673682599964
    outer loop
      vertex 133.24464198397322 5.5 4.311034788298069
      vertex 133.72517356905868 45.9 5.210046151701533
      vertex 133.24464198397322 45.9 4.311034788298069
    endloop
  endfacet
  facet normal -0.9569403357322069 0 0.29028467725446866
    outer loop
      vertex 133.72517356905868 5.5 5.210046151701533
      vertex 134.0210834580968 45.9 6.185530325516133
      vertex 133.72517356905868 45.9 5.210046151701533
    endloop
  endfacet
  facet normal 0.9951847266721972 0 0.09801714032955723
    outer loop
      vertex 123.721 0 7.2
      vertex 123.8209165419032 45.9 6.185530325516133
      vertex 123.721 45.9 7.2
    endloop
  endfacet
  facet normal -0.9951847266721959 0 0.09801714032957105
    outer loop
      vertex 134.0210834580968 5.5 6.185530325516133
      vertex 134.121 45.9 7.2
      vertex 134.0210834580968 45.9 6.185530325516133
    endloop
  endfacet
  facet normal 0.773010453362988 0 0.6343932841633395
    outer loop
      vertex 136.921 0.23311729384624447 3.9166758897983938
      vertex 136.921 1.6038395000335415 3.9166758897983938
      vertex 136.91508812320882 1.6173165676349102 3.923879532511287
    endloop
  endfacet
  facet normal 0.7730104533629069 4.985797643487028e-13 0.6343932841634385
    outer loop
      vertex 136.921 0.23311729384624447 3.9166758897983938
      vertex 136.59735801602676 0.501109806079829 4.311034788298069
      vertex 136.7614070467117 0.33706077539490953 4.111140466039204
    endloop
  endfacet
  facet normal 0.7730104533627395 -2.636603310471921e-15 0.6343932841636423
    outer loop
      vertex 136.921 0.23311729384624447 3.9166758897983938
      vertex 136.91508812320882 1.6173165676349102 3.923879532511287
      vertex 136.59735801602676 0.501109806079829 4.311034788298069
    endloop
  endfacet
  facet normal 0.7730104533627462 -7.30825813733449e-15 0.634393284163634
    outer loop
      vertex 136.91508812320882 1.6173165676349102 3.923879532511287
      vertex 136.86838678283766 1.8049096779838718 3.9807852804032304
      vertex 136.59735801602676 0.501109806079829 4.311034788298069
    endloop
  endfacet
  facet normal 0.7730104533627319 0 0.6343932841636515
    outer loop
      vertex 136.86838678283766 1.8049096779838718 3.9807852804032304
      vertex 136.59735801602676 3.4988901939201713 4.311034788298069
      vertex 136.59735801602676 0.501109806079829 4.311034788298069
    endloop
  endfacet
  facet normal 0.8819212643483857 0 0.4713967368259403
    outer loop
      vertex 136.59735801602676 0.501109806079829 4.311034788298069
      vertex 136.59735801602676 3.4988901939201713 4.311034788298069
      vertex 136.54220781228992 0.5857864376269049 4.414213562373095
    endloop
  endfacet
  facet normal 0.881921264348363 0 0.47139673682598277
    outer loop
      vertex 136.54220781228992 0.5857864376269049 4.414213562373095
      vertex 136.54220781228992 3.414213562373095 4.414213562373095
      vertex 136.40926117603018 0.8888595339607956 4.662939224605091
    endloop
  endfacet
  facet normal 0.88192126434836 0 0.4713967368259885
    outer loop
      vertex 136.3104729131824 1.2346331352698203 4.847759065022574
      vertex 136.40926117603018 0.8888595339607956 4.662939224605091
      vertex 136.40926117603018 3.1111404660392044 4.662939224605091
    endloop
  endfacet
  facet normal 0.7730104533628285 3.8383285028745844e-14 0.634393284163534
    outer loop
      vertex 136.86838678283766 1.8049096779838718 3.9807852804032304
      vertex 136.85261766999287 2 4
      vertex 136.59735801602676 3.4988901939201713 4.311034788298069
    endloop
  endfacet
  facet normal 0.7730104533627056 -1.366725883207396e-14 0.6343932841636837
    outer loop
      vertex 136.85261766999287 2 4
      vertex 136.86838678283766 2.1950903220161284 3.9807852804032304
      vertex 136.59735801602676 3.4988901939201713 4.311034788298069
    endloop
  endfacet
  facet normal 0.7730104533628889 1.0816902804668464e-13 0.6343932841634605
    outer loop
      vertex 136.921 2.3961604999664585 3.9166758897983938
      vertex 136.59735801602676 3.4988901939201713 4.311034788298069
      vertex 136.91508812320882 2.3826834323650896 3.923879532511287
    endloop
  endfacet
  facet normal 0.7730104533627462 7.308258137334498e-15 0.6343932841636342
    outer loop
      vertex 136.91508812320882 2.3826834323650896 3.923879532511287
      vertex 136.59735801602676 3.4988901939201713 4.311034788298069
      vertex 136.86838678283766 2.1950903220161284 3.9807852804032304
    endloop
  endfacet
  facet normal 0.8819212643483857 0 0.47139673682594035
    outer loop
      vertex 136.54220781228992 0.5857864376269049 4.414213562373095
      vertex 136.59735801602676 3.4988901939201713 4.311034788298069
      vertex 136.54220781228992 3.414213562373095 4.414213562373095
    endloop
  endfacet
  facet normal 0.7730104533627405 0 0.6343932841636413
    outer loop
      vertex 136.921 2.3961604999664585 3.9166758897983938
      vertex 136.921 3.7668827061537558 3.9166758897983938
      vertex 136.59735801602676 3.4988901939201713 4.311034788298069
    endloop
  endfacet
  facet normal 0.7730104533629067 -4.98579764348704e-13 0.6343932841634387
    outer loop
      vertex 136.921 3.7668827061537558 3.9166758897983938
      vertex 136.7614070467117 3.6629392246050907 4.111140466039204
      vertex 136.59735801602676 3.4988901939201713 4.311034788298069
    endloop
  endfacet
  facet normal 0.8819212643483629 0 0.4713967368259828
    outer loop
      vertex 136.54220781228992 3.414213562373095 4.414213562373095
      vertex 136.40926117603018 3.1111404660392044 4.662939224605091
      vertex 136.40926117603018 0.8888595339607956 4.662939224605091
    endloop
  endfacet
  facet normal 0.8819212643483599 0 0.47139673682598854
    outer loop
      vertex 136.3104729131824 1.2346331352698203 4.847759065022574
      vertex 136.40926117603018 3.1111404660392044 4.662939224605091
      vertex 136.3104729131824 2.7653668647301797 4.847759065022574
    endloop
  endfacet
  facet normal 0.8819212643483406 0 0.47139673682602473
    outer loop
      vertex 136.3104729131824 1.2346331352698203 4.847759065022574
      vertex 136.3104729131824 2.7653668647301797 4.847759065022574
      vertex 136.2496394012867 1.6098193559677436 4.961570560806461
    endloop
  endfacet
  facet normal 0.881921264348212 0 0.47139673682626526
    outer loop
      vertex 136.2496394012867 1.6098193559677436 4.961570560806461
      vertex 136.2496394012867 2.3901806440322564 4.961570560806461
      vertex 136.22909843808938 2 5
    endloop
  endfacet
  facet normal 0.8819212643483406 0 0.4713967368260246
    outer loop
      vertex 136.2496394012867 1.6098193559677436 4.961570560806461
      vertex 136.3104729131824 2.7653668647301797 4.847759065022574
      vertex 136.2496394012867 2.3901806440322564 4.961570560806461
    endloop
  endfacet
  facet normal 0.6343932841636588 0 0.773010453362726
    outer loop
      vertex 137.621 0 3.2136855490757372
      vertex 138.03203478829806 0 2.8763580160267646
      vertex 137.621 5.5 3.2136855490757372
    endloop
  endfacet
  facet normal 0.6343932841636588 0 0.773010453362726
    outer loop
      vertex 137.621 5.5 3.2136855490757372
      vertex 138.03203478829806 0 2.8763580160267646
      vertex 138.03203478829806 45.9 2.8763580160267646
    endloop
  endfacet
  facet normal 0.09801714032956249 0 0.9951847266721967
    outer loop
      vertex 139.90653032551614 0 2.0999165419032018
      vertex 140.921 0 2
      vertex 140.921 45.9 2
    endloop
  endfacet
  facet normal 0.29028467725446033 0 0.9569403357322095
    outer loop
      vertex 138.93104615170154 0 2.395826430941309
      vertex 139.90653032551614 0 2.0999165419032018
      vertex 139.90653032551614 45.9 2.0999165419032018
    endloop
  endfacet
  facet normal -0.09801714032955976 0 0.9951847266721968
    outer loop
      vertex 140.921 0 2
      vertex 141.93546967448387 0 2.0999165419032018
      vertex 141.93546967448387 45.9 2.0999165419032018
    endloop
  endfacet
  facet normal -0.29028467725446033 0 0.9569403357322095
    outer loop
      vertex 141.93546967448387 0 2.0999165419032018
      vertex 142.91095384829848 0 2.395826430941309
      vertex 142.91095384829848 45.9 2.395826430941309
    endloop
  endfacet
  facet normal 0.47139673682599365 0 0.8819212643483572
    outer loop
      vertex 138.93104615170154 0 2.395826430941309
      vertex 138.93104615170154 45.9 2.395826430941309
      vertex 138.03203478829806 0 2.8763580160267646
    endloop
  endfacet
  facet normal -0.4713967368260052 0 0.8819212643483509
    outer loop
      vertex 142.91095384829848 0 2.395826430941309
      vertex 143.80996521170192 0 2.8763580160267646
      vertex 143.80996521170192 45.9 2.8763580160267646
    endloop
  endfacet
  facet normal 0.6343932841636508 1.3806719624831046e-16 0.7730104533627328
    outer loop
      vertex 137.621 5.5 3.2136855490757372
      vertex 138.03203478829806 45.9 2.8763580160267646
      vertex 137.24404473782997 5.5 3.5230447378299528
    endloop
  endfacet
  facet normal 0.7730104533627283 0 0.6343932841636559
    outer loop
      vertex 137.24404473782997 5.5 3.5230447378299528
      vertex 137.24404473782997 45.9 3.5230447378299528
      vertex 136.59735801602676 5.5 4.311034788298069
    endloop
  endfacet
  facet normal 0.881921264348354 0 0.47139673682599964
    outer loop
      vertex 136.59735801602676 5.5 4.311034788298069
      vertex 136.59735801602676 45.9 4.311034788298069
      vertex 136.1168264309413 5.5 5.210046151701533
    endloop
  endfacet
  facet normal -0.6343932841636412 0 0.7730104533627404
    outer loop
      vertex 143.80996521170192 0 2.8763580160267646
      vertex 144.59795526217005 0 3.5230447378299528
      vertex 144.59795526217005 45.9 3.5230447378299528
    endloop
  endfacet
  facet normal -0.773010453362742 0 0.6343932841636393
    outer loop
      vertex 144.59795526217005 0 3.5230447378299528
      vertex 145.24464198397322 0 4.311034788298069
      vertex 145.24464198397322 45.9 4.311034788298069
    endloop
  endfacet
  facet normal 0.9569403357322147 0 0.2902846772544431
    outer loop
      vertex 136.1168264309413 5.5 5.210046151701533
      vertex 136.1168264309413 45.9 5.210046151701533
      vertex 135.82091654190322 5.5 6.185530325516133
    endloop
  endfacet
  facet normal -0.881921264348354 0 0.4713967368259997
    outer loop
      vertex 145.24464198397322 0 4.311034788298069
      vertex 145.72517356905868 0 5.210046151701533
      vertex 145.72517356905868 45.9 5.210046151701533
    endloop
  endfacet
  facet normal -0.9569403357322069 0 0.29028467725446866
    outer loop
      vertex 145.72517356905868 0 5.210046151701533
      vertex 146.0210834580968 0 6.185530325516133
      vertex 146.0210834580968 45.9 6.185530325516133
    endloop
  endfacet
  facet normal 0.9951847266721959 0 0.09801714032957105
    outer loop
      vertex 135.82091654190322 5.5 6.185530325516133
      vertex 135.82091654190322 45.9 6.185530325516133
      vertex 135.721 5.5 7.2
    endloop
  endfacet
  facet normal -0.9951847266721959 0 0.09801714032957104
    outer loop
      vertex 146.0210834580968 0 6.185530325516133
      vertex 146.121 0 7.2
      vertex 146.121 45.9 7.2
    endloop
  endfacet
  facet normal 0.47139673682599365 0 0.8819212643483572
    outer loop
      vertex 138.03203478829806 0 2.8763580160267646
      vertex 138.93104615170154 45.9 2.395826430941309
      vertex 138.03203478829806 45.9 2.8763580160267646
    endloop
  endfacet
  facet normal 0.09801714032956249 0 0.9951847266721967
    outer loop
      vertex 139.90653032551614 0 2.0999165419032018
      vertex 140.921 45.9 2
      vertex 139.90653032551614 45.9 2.0999165419032018
    endloop
  endfacet
  facet normal 0.29028467725446033 0 0.9569403357322095
    outer loop
      vertex 138.93104615170154 0 2.395826430941309
      vertex 139.90653032551614 45.9 2.0999165419032018
      vertex 138.93104615170154 45.9 2.395826430941309
    endloop
  endfacet
  facet normal -0.09801714032955976 0 0.9951847266721968
    outer loop
      vertex 140.921 0 2
      vertex 141.93546967448387 45.9 2.0999165419032018
      vertex 140.921 45.9 2
    endloop
  endfacet
  facet normal -0.29028467725446033 0 0.9569403357322095
    outer loop
      vertex 141.93546967448387 0 2.0999165419032018
      vertex 142.91095384829848 45.9 2.395826430941309
      vertex 141.93546967448387 45.9 2.0999165419032018
    endloop
  endfacet
  facet normal -0.4713967368260052 0 0.8819212643483509
    outer loop
      vertex 142.91095384829848 0 2.395826430941309
      vertex 143.80996521170192 45.9 2.8763580160267646
      vertex 142.91095384829848 45.9 2.395826430941309
    endloop
  endfacet
  facet normal -0.6343932841636412 0 0.7730104533627404
    outer loop
      vertex 143.80996521170192 0 2.8763580160267646
      vertex 144.59795526217005 45.9 3.5230447378299528
      vertex 143.80996521170192 45.9 2.8763580160267646
    endloop
  endfacet
  facet normal 0.6343932841636549 0 0.7730104533627292
    outer loop
      vertex 137.24404473782997 5.5 3.5230447378299528
      vertex 138.03203478829806 45.9 2.8763580160267646
      vertex 137.24404473782997 45.9 3.5230447378299528
    endloop
  endfacet
  facet normal 0.7730104533627283 0 0.6343932841636559
    outer loop
      vertex 136.59735801602676 5.5 4.311034788298069
      vertex 137.24404473782997 45.9 3.5230447378299528
      vertex 136.59735801602676 45.9 4.311034788298069
    endloop
  endfacet
  facet normal -0.773010453362742 0 0.6343932841636393
    outer loop
      vertex 144.59795526217005 0 3.5230447378299528
      vertex 145.24464198397322 45.9 4.311034788298069
      vertex 144.59795526217005 45.9 3.5230447378299528
    endloop
  endfacet
  facet normal -0.881921264348354 0 0.4713967368259997
    outer loop
      vertex 145.24464198397322 0 4.311034788298069
      vertex 145.72517356905868 45.9 5.210046151701533
      vertex 145.24464198397322 45.9 4.311034788298069
    endloop
  endfacet
  facet normal 0.881921264348354 0 0.47139673682599964
    outer loop
      vertex 136.1168264309413 5.5 5.210046151701533
      vertex 136.59735801602676 45.9 4.311034788298069
      vertex 136.1168264309413 45.9 5.210046151701533
    endloop
  endfacet
  facet normal 0.9569403357322147 0 0.2902846772544431
    outer loop
      vertex 135.82091654190322 5.5 6.185530325516133
      vertex 136.1168264309413 45.9 5.210046151701533
      vertex 135.82091654190322 45.9 6.185530325516133
    endloop
  endfacet
  facet normal -0.9569403357322069 0 0.29028467725446866
    outer loop
      vertex 145.72517356905868 0 5.210046151701533
      vertex 146.0210834580968 45.9 6.185530325516133
      vertex 145.72517356905868 45.9 5.210046151701533
    endloop
  endfacet
  facet normal 0.9951847266721959 0 0.09801714032957105
    outer loop
      vertex 135.721 5.5 7.2
      vertex 135.82091654190322 45.9 6.185530325516133
      vertex 135.721 45.9 7.2
    endloop
  endfacet
  facet normal -0.9951847266721959 0 0.09801714032957104
    outer loop
      vertex 146.0210834580968 0 6.185530325516133
      vertex 146.121 45.9 7.2
      vertex 146.0210834580968 45.9 6.185530325516133
    endloop
  endfacet
  facet normal 0 -1 0
    outer loop
      vertex 127.90653032551614 0 2.0999165419032018
      vertex 123.721 0 1.5
      vertex 128.921 0 2
    endloop
  endfacet
  facet normal 0 -1 0
    outer loop
      vertex 127.90653032551614 0 2.0999165419032018
      vertex 126.93104615170154 0 2.395826430941309
      vertex 123.721 0 1.5
    endloop
  endfacet
  facet normal 0 -1 0
    outer loop
      vertex 128.921 0 2
      vertex 123.721 0 1.5
      vertex 132.221 0 1.5
    endloop
  endfacet
  facet normal 0 -1 0
    outer loop
      vertex 126.03203478829808 0 2.8763580160267646
      vertex 123.721 0 1.5
      vertex 126.93104615170154 0 2.395826430941309
    endloop
  endfacet
  facet normal 0 -1 0
    outer loop
      vertex 125.24404473782995 0 3.5230447378299528
      vertex 124.59735801602677 0 4.311034788298069
      vertex 123.721 0 1.5
    endloop
  endfacet
  facet normal 0 -1 0
    outer loop
      vertex 126.03203478829808 0 2.8763580160267646
      vertex 125.24404473782995 0 3.5230447378299528
      vertex 123.721 0 1.5
    endloop
  endfacet
  facet normal 0 -1 0
    outer loop
      vertex 128.921 0 2
      vertex 132.221 0 1.5
      vertex 129.93546967448387 0 2.0999165419032018
    endloop
  endfacet
  facet normal 0 -1 0
    outer loop
      vertex 129.93546967448387 0 2.0999165419032018
      vertex 132.221 0 1.5
      vertex 130.91095384829848 0 2.395826430941309
    endloop
  endfacet
  facet normal 0 -1 0
    outer loop
      vertex 130.91095384829848 0 2.395826430941309
      vertex 132.221 0 1.5
      vertex 131.80996521170192 0 2.8763580160267646
    endloop
  endfacet
  facet normal 0 -1 0
    outer loop
      vertex 138.93104615170154 0 2.395826430941309
      vertex 138.03203478829806 0 2.8763580160267646
      vertex 137.621 0 1.5
    endloop
  endfacet
  facet normal 0 -1 0
    outer loop
      vertex 131.80996521170192 0 2.8763580160267646
      vertex 132.221 0 1.5
      vertex 132.221 0 3.2136855490757372
    endloop
  endfacet
  facet normal 0 -1 0
    outer loop
      vertex 137.621 0 3.2136855490757372
      vertex 137.621 0 1.5
      vertex 138.03203478829806 0 2.8763580160267646
    endloop
  endfacet
  facet normal 0 -1 0
    outer loop
      vertex 139.90653032551614 0 2.0999165419032018
      vertex 137.621 0 1.5
      vertex 140.921 0 2
    endloop
  endfacet
  facet normal 0 -1 0
    outer loop
      vertex 138.93104615170154 0 2.395826430941309
      vertex 137.621 0 1.5
      vertex 139.90653032551614 0 2.0999165419032018
    endloop
  endfacet
  facet normal 0 -1 0
    outer loop
      vertex 140.921 0 2
      vertex 137.621 0 1.5
      vertex 146.121 0 1.5
    endloop
  endfacet
  facet normal 0 -1 0
    outer loop
      vertex 140.921 0 2
      vertex 146.121 0 1.5
      vertex 141.93546967448387 0 2.0999165419032018
    endloop
  endfacet
  facet normal 0 -1 0
    outer loop
      vertex 141.93546967448387 0 2.0999165419032018
      vertex 146.121 0 1.5
      vertex 142.91095384829848 0 2.395826430941309
    endloop
  endfacet
  facet normal 0 -1 0
    outer loop
      vertex 142.91095384829848 0 2.395826430941309
      vertex 146.121 0 1.5
      vertex 143.80996521170192 0 2.8763580160267646
    endloop
  endfacet
  facet normal 0 -1 0
    outer loop
      vertex 143.80996521170192 0 2.8763580160267646
      vertex 146.121 0 1.5
      vertex 144.59795526217005 0 3.5230447378299528
    endloop
  endfacet
  facet normal 0 -1 0
    outer loop
      vertex 144.59795526217005 0 3.5230447378299528
      vertex 146.121 0 1.5
      vertex 145.24464198397322 0 4.311034788298069
    endloop
  endfacet
  facet normal 0 -1 0
    outer loop
      vertex 124.59735801602677 0 4.311034788298069
      vertex 124.11682643094132 0 5.210046151701533
      vertex 123.721 0 1.5
    endloop
  endfacet
  facet normal 0 -1 0
    outer loop
      vertex 124.11682643094132 0 5.210046151701533
      vertex 123.8209165419032 0 6.185530325516133
      vertex 123.721 0 1.5
    endloop
  endfacet
  facet normal 0 -1 0
    outer loop
      vertex 123.8209165419032 0 6.185530325516133
      vertex 123.721 0 7.2
      vertex 123.721 0 1.5
    endloop
  endfacet
  facet normal 0 -1 0
    outer loop
      vertex 145.24464198397322 0 4.311034788298069
      vertex 146.121 0 1.5
      vertex 145.72517356905868 0 5.210046151701533
    endloop
  endfacet
  facet normal 0 -1 0
    outer loop
      vertex 145.72517356905868 0 5.210046151701533
      vertex 146.121 0 1.5
      vertex 146.0210834580968 0 6.185530325516133
    endloop
  endfacet
  facet normal 0 -1 0
    outer loop
      vertex 146.0210834580968 0 6.185530325516133
      vertex 146.121 0 1.5
      vertex 146.121 0 7.2
    endloop
  endfacet
  facet normal -1 0 0
    outer loop
      vertex 123.721 0 7.2
      vertex 123.721 45.9 7.2
      vertex 123.721 0 1.5
    endloop
  endfacet
  facet normal 1 0 0
    outer loop
      vertex 146.121 0 7.2
      vertex 146.121 0 1.5
      vertex 146.121 45.9 1.5
    endloop
  endfacet
  facet normal 0 0 1
    outer loop
      vertex 134.121 5.5 7.2
      vertex 135.721 5.5 7.2
      vertex 135.721 45.9 7.2
    endloop
  endfacet
  facet normal -1 0 0
    outer loop
      vertex 123.721 45.9 7.2
      vertex 123.721 45.9 1.5
      vertex 123.721 0 1.5
    endloop
  endfacet
  facet normal 1 0 0
    outer loop
      vertex 146.121 0 7.2
      vertex 146.121 45.9 1.5
      vertex 146.121 45.9 7.2
    endloop
  endfacet
  facet normal 0 1 0
    outer loop
      vertex 127.90653032551614 45.9 2.0999165419032018
      vertex 128.921 45.9 2
      vertex 123.721 45.9 1.5
    endloop
  endfacet
  facet normal 0 1 0
    outer loop
      vertex 127.90653032551614 45.9 2.0999165419032018
      vertex 123.721 45.9 1.5
      vertex 126.93104615170154 45.9 2.395826430941309
    endloop
  endfacet
  facet normal 0 1 0
    outer loop
      vertex 128.921 45.9 2
      vertex 132.921 45.9 1.5
      vertex 123.721 45.9 1.5
    endloop
  endfacet
  facet normal 0 1 0
    outer loop
      vertex 126.03203478829808 45.9 2.8763580160267646
      vertex 126.93104615170154 45.9 2.395826430941309
      vertex 123.721 45.9 1.5
    endloop
  endfacet
  facet normal 0 1 0
    outer loop
      vertex 125.24404473782995 45.9 3.5230447378299528
      vertex 123.721 45.9 1.5
      vertex 124.59735801602677 45.9 4.311034788298069
    endloop
  endfacet
  facet normal 0 1 0
    outer loop
      vertex 126.03203478829808 45.9 2.8763580160267646
      vertex 123.721 45.9 1.5
      vertex 125.24404473782995 45.9 3.5230447378299528
    endloop
  endfacet
  facet normal 0 1 0
    outer loop
      vertex 128.921 45.9 2
      vertex 129.93546967448387 45.9 2.0999165419032018
      vertex 132.921 45.9 1.5
    endloop
  endfacet
  facet normal 0 1 0
    outer loop
      vertex 129.93546967448387 45.9 2.0999165419032018
      vertex 132.921 45.9 3
      vertex 132.921 45.9 1.5
    endloop
  endfacet
  facet normal 0 1 0
    outer loop
      vertex 138.93104615170154 45.9 2.395826430941309
      vertex 136.921 45.9 1.5
      vertex 138.03203478829806 45.9 2.8763580160267646
    endloop
  endfacet
  facet normal 0 1 0
    outer loop
      vertex 129.93546967448387 45.9 2.0999165419032018
      vertex 130.91095384829848 45.9 2.395826430941309
      vertex 132.921 45.9 3
    endloop
  endfacet
  facet normal 0 1 0
    outer loop
      vertex 130.91095384829848 45.9 2.395826430941309
      vertex 131.80996521170192 45.9 2.8763580160267646
      vertex 132.921 45.9 3
    endloop
  endfacet
  facet normal 0 1 0
    outer loop
      vertex 131.80996521170192 45.9 2.8763580160267646
      vertex 132.59795526217005 45.9 3.5230447378299528
      vertex 132.921 45.9 3
    endloop
  endfacet
  facet normal 0 1 0
    outer loop
      vertex 136.921 45.9 3
      vertex 138.03203478829806 45.9 2.8763580160267646
      vertex 136.921 45.9 1.5
    endloop
  endfacet
  facet normal 0 1 0
    outer loop
      vertex 132.921 45.9 3
      vertex 132.59795526217005 45.9 3.5230447378299528
      vertex 136.921 45.9 3
    endloop
  endfacet
  facet normal 0 1 0
    outer loop
      vertex 132.59795526217005 45.9 3.5230447378299528
      vertex 138.03203478829806 45.9 2.8763580160267646
      vertex 136.921 45.9 3
    endloop
  endfacet
  facet normal 0 1 0
    outer loop
      vertex 139.90653032551614 45.9 2.0999165419032018
      vertex 140.921 45.9 2
      vertex 136.921 45.9 1.5
    endloop
  endfacet
  facet normal 0 1 0
    outer loop
      vertex 138.93104615170154 45.9 2.395826430941309
      vertex 139.90653032551614 45.9 2.0999165419032018
      vertex 136.921 45.9 1.5
    endloop
  endfacet
  facet normal 0 1 0
    outer loop
      vertex 140.921 45.9 2
      vertex 146.121 45.9 1.5
      vertex 136.921 45.9 1.5
    endloop
  endfacet
  facet normal 0 1 0
    outer loop
      vertex 140.921 45.9 2
      vertex 141.93546967448387 45.9 2.0999165419032018
      vertex 146.121 45.9 1.5
    endloop
  endfacet
  facet normal 0 1 0
    outer loop
      vertex 141.93546967448387 45.9 2.0999165419032018
      vertex 142.91095384829848 45.9 2.395826430941309
      vertex 146.121 45.9 1.5
    endloop
  endfacet
  facet normal 0 1 0
    outer loop
      vertex 142.91095384829848 45.9 2.395826430941309
      vertex 143.80996521170192 45.9 2.8763580160267646
      vertex 146.121 45.9 1.5
    endloop
  endfacet
  facet normal 0 1 0
    outer loop
      vertex 143.80996521170192 45.9 2.8763580160267646
      vertex 144.59795526217005 45.9 3.5230447378299528
      vertex 146.121 45.9 1.5
    endloop
  endfacet
  facet normal 0 1 0
    outer loop
      vertex 144.59795526217005 45.9 3.5230447378299528
      vertex 145.24464198397322 45.9 4.311034788298069
      vertex 146.121 45.9 1.5
    endloop
  endfacet
  facet normal 0 1 0
    outer loop
      vertex 124.59735801602677 45.9 4.311034788298069
      vertex 123.721 45.9 1.5
      vertex 124.11682643094132 45.9 5.210046151701533
    endloop
  endfacet
  facet normal 0 1 0
    outer loop
      vertex 124.11682643094132 45.9 5.210046151701533
      vertex 123.721 45.9 1.5
      vertex 123.8209165419032 45.9 6.185530325516133
    endloop
  endfacet
  facet normal 0 1 0
    outer loop
      vertex 123.8209165419032 45.9 6.185530325516133
      vertex 123.721 45.9 1.5
      vertex 123.721 45.9 7.2
    endloop
  endfacet
  facet normal 0 1 0
    outer loop
      vertex 132.59795526217005 45.9 3.5230447378299528
      vertex 137.24404473782997 45.9 3.5230447378299528
      vertex 138.03203478829806 45.9 2.8763580160267646
    endloop
  endfacet
  facet normal 0 1 0
    outer loop
      vertex 132.59795526217005 45.9 3.5230447378299528
      vertex 133.24464198397322 45.9 4.311034788298069
      vertex 137.24404473782997 45.9 3.5230447378299528
    endloop
  endfacet
  facet normal 0 1 0
    outer loop
      vertex 133.24464198397322 45.9 4.311034788298069
      vertex 133.72517356905868 45.9 5.210046151701533
      vertex 137.24404473782997 45.9 3.5230447378299528
    endloop
  endfacet
  facet normal 0 1 0
    outer loop
      vertex 133.72517356905868 45.9 5.210046151701533
      vertex 136.59735801602676 45.9 4.311034788298069
      vertex 137.24404473782997 45.9 3.5230447378299528
    endloop
  endfacet
  facet normal 0 1 0
    outer loop
      vertex 145.24464198397322 45.9 4.311034788298069
      vertex 145.72517356905868 45.9 5.210046151701533
      vertex 146.121 45.9 1.5
    endloop
  endfacet
  facet normal 0 1 0
    outer loop
      vertex 145.72517356905868 45.9 5.210046151701533
      vertex 146.0210834580968 45.9 6.185530325516133
      vertex 146.121 45.9 1.5
    endloop
  endfacet
  facet normal 0 1 0
    outer loop
      vertex 133.72517356905868 45.9 5.210046151701533
      vertex 136.1168264309413 45.9 5.210046151701533
      vertex 136.59735801602676 45.9 4.311034788298069
    endloop
  endfacet
  facet normal 0 1 0
    outer loop
      vertex 133.72517356905868 45.9 5.210046151701533
      vertex 134.0210834580968 45.9 6.185530325516133
      vertex 136.1168264309413 45.9 5.210046151701533
    endloop
  endfacet
  facet normal 0 1 0
    outer loop
      vertex 134.0210834580968 45.9 6.185530325516133
      vertex 135.82091654190322 45.9 6.185530325516133
      vertex 136.1168264309413 45.9 5.210046151701533
    endloop
  endfacet
  facet normal 0 1 0
    outer loop
      vertex 146.0210834580968 45.9 6.185530325516133
      vertex 146.121 45.9 7.2
      vertex 146.121 45.9 1.5
    endloop
  endfacet
  facet normal 0 0 1
    outer loop
      vertex 134.121 5.5 7.2
      vertex 135.721 45.9 7.2
      vertex 134.121 45.9 7.2
    endloop
  endfacet
  facet normal 0 1 0
    outer loop
      vertex 134.0210834580968 45.9 6.185530325516133
      vertex 134.121 45.9 7.2
      vertex 135.82091654190322 45.9 6.185530325516133
    endloop
  endfacet
  facet normal 0 1 0
    outer loop
      vertex 134.121 45.9 7.2
      vertex 135.721 45.9 7.2
      vertex 135.82091654190322 45.9 6.185530325516133
    endloop
  endfacet
  facet normal -1 0 0
    outer loop
      vertex 137.621 0 3.2136855490757372
      vertex 137.621 5.5 1.5
      vertex 137.621 0 1.5
    endloop
  endfacet
  facet normal 1 0 0
    outer loop
      vertex 132.221 0 3.2136855490757372
      vertex 132.221 0 1.5
      vertex 132.221 5.5 3.2136855490757372
    endloop
  endfacet
  facet normal 1 0 0
    outer loop
      vertex 132.221 5.5 3.2136855490757372
      vertex 132.221 0 1.5
      vertex 132.221 5.5 1.5
    endloop
  endfacet
  facet normal 0 -1 0
    outer loop
      vertex 132.221 5.5 3.2136855490757372
      vertex 132.221 5.5 1.5
      vertex 137.621 5.5 1.5
    endloop
  endfacet
  facet normal -1 0 0
    outer loop
      vertex 137.621 0 3.2136855490757372
      vertex 137.621 5.5 3.2136855490757372
      vertex 137.621 5.5 1.5
    endloop
  endfacet
  facet normal 0 -1 0
    outer loop
      vertex 132.221 5.5 3.2136855490757372
      vertex 137.621 5.5 1.5
      vertex 132.59795526217005 5.5 3.5230447378299528
    endloop
  endfacet
  facet normal 0 -1 0
    outer loop
      vertex 137.621 5.5 3.2136855490757372
      vertex 137.24404473782997 5.5 3.5230447378299528
      vertex 137.621 5.5 1.5
    endloop
  endfacet
  facet normal 0 -1 0
    outer loop
      vertex 132.59795526217005 5.5 3.5230447378299528
      vertex 137.621 5.5 1.5
      vertex 133.24464198397322 5.5 4.311034788298069
    endloop
  endfacet
  facet normal 0 -1 0
    outer loop
      vertex 137.24404473782997 5.5 3.5230447378299528
      vertex 136.59735801602676 5.5 4.311034788298069
      vertex 137.621 5.5 1.5
    endloop
  endfacet
  facet normal 0 -1 0
    outer loop
      vertex 133.24464198397322 5.5 4.311034788298069
      vertex 137.621 5.5 1.5
      vertex 133.72517356905868 5.5 5.210046151701533
    endloop
  endfacet
  facet normal 0 -1 0
    outer loop
      vertex 134.0210834580968 5.5 6.185530325516133
      vertex 137.621 5.5 1.5
      vertex 136.59735801602676 5.5 4.311034788298069
    endloop
  endfacet
  facet normal 0 -1 0
    outer loop
      vertex 133.72517356905868 5.5 5.210046151701533
      vertex 137.621 5.5 1.5
      vertex 134.0210834580968 5.5 6.185530325516133
    endloop
  endfacet
  facet normal 0 -1 0
    outer loop
      vertex 134.0210834580968 5.5 6.185530325516133
      vertex 136.59735801602676 5.5 4.311034788298069
      vertex 136.1168264309413 5.5 5.210046151701533
    endloop
  endfacet
  facet normal 0 -1 0
    outer loop
      vertex 134.0210834580968 5.5 6.185530325516133
      vertex 136.1168264309413 5.5 5.210046151701533
      vertex 135.82091654190322 5.5 6.185530325516133
    endloop
  endfacet
  facet normal 0 -1 0
    outer loop
      vertex 134.0210834580968 5.5 6.185530325516133
      vertex 135.82091654190322 5.5 6.185530325516133
      vertex 135.721 5.5 7.2
    endloop
  endfacet
  facet normal 0 -1 0
    outer loop
      vertex 134.0210834580968 5.5 6.185530325516133
      vertex 135.721 5.5 7.2
      vertex 134.121 5.5 7.2
    endloop
  endfacet
  facet normal 0 0 -1
    outer loop
      vertex 132.921 46.699999999999996 1.5
      vertex 136.921 46.699999999999996 1.5
      vertex 132.921 45.9 1.5
    endloop
  endfacet
  facet normal 0 0 -1
    outer loop
      vertex 136.921 46.699999999999996 1.5
      vertex 136.921 45.9 1.5
      vertex 132.921 45.9 1.5
    endloop
  endfacet
  facet normal -1 0 0
    outer loop
      vertex 132.921 46.699999999999996 1.5
      vertex 132.921 45.9 1.5
      vertex 132.921 46.699999999999996 3
    endloop
  endfacet
  facet normal 0 1 0
    outer loop
      vertex 132.921 46.699999999999996 1.5
      vertex 132.921 46.699999999999996 3
      vertex 136.921 46.699999999999996 1.5
    endloop
  endfacet
  facet normal 1 0 0
    outer loop
      vertex 136.921 46.699999999999996 1.5
      vertex 136.921 45.9 3
      vertex 136.921 45.9 1.5
    endloop
  endfacet
  facet normal -1 0 0
    outer loop
      vertex 132.921 45.9 3
      vertex 132.921 46.699999999999996 3
      vertex 132.921 45.9 1.5
    endloop
  endfacet
  facet normal 0 1 0
    outer loop
      vertex 132.921 46.699999999999996 3
      vertex 136.921 46.699999999999996 3
      vertex 136.921 46.699999999999996 1.5
    endloop
  endfacet
  facet normal 1 0 0
    outer loop
      vertex 136.921 46.699999999999996 1.5
      vertex 136.921 46.699999999999996 3
      vertex 136.921 45.9 3
    endloop
  endfacet
  facet normal 0 0 1
    outer loop
      vertex 132.921 45.9 3
      vertex 136.921 45.9 3
      vertex 132.921 46.699999999999996 3
    endloop
  endfacet
  facet normal 0 0 1
    outer loop
      vertex 132.921 46.699999999999996 3
      vertex 136.921 45.9 3
      vertex 136.921 46.699999999999996 3
    endloop
  endfacet
endsolid OpenSCAD_Model
